Id,ActivityHour,StepTotal,Calories
1503960366,2016-04-12 00:00:00,373,81
1503960366,2016-04-12 01:00:00,160,61
1503960366,2016-04-12 02:00:00,151,59
1503960366,2016-04-12 03:00:00,0,47
1503960366,2016-04-12 04:00:00,0,48
1503960366,2016-04-12 05:00:00,0,48
1503960366,2016-04-12 06:00:00,0,48
1503960366,2016-04-12 07:00:00,0,47
1503960366,2016-04-12 08:00:00,250,68
1503960366,2016-04-12 09:00:00,1864,141
1503960366,2016-04-12 10:00:00,676,99
1503960366,2016-04-12 11:00:00,360,76
1503960366,2016-04-12 12:00:00,253,73
1503960366,2016-04-12 13:00:00,221,66
1503960366,2016-04-12 14:00:00,1166,110
1503960366,2016-04-12 15:00:00,2063,151
1503960366,2016-04-12 16:00:00,344,76
1503960366,2016-04-12 17:00:00,489,83
1503960366,2016-04-12 18:00:00,1386,124
1503960366,2016-04-12 19:00:00,558,104
1503960366,2016-04-12 20:00:00,1733,132
1503960366,2016-04-12 21:00:00,684,100
1503960366,2016-04-12 22:00:00,89,65
1503960366,2016-04-12 23:00:00,338,81
1503960366,2016-04-13 00:00:00,144,69
1503960366,2016-04-13 01:00:00,0,48
1503960366,2016-04-13 02:00:00,0,47
1503960366,2016-04-13 03:00:00,36,53
1503960366,2016-04-13 04:00:00,0,47
1503960366,2016-04-13 05:00:00,0,47
1503960366,2016-04-13 06:00:00,0,48
1503960366,2016-04-13 07:00:00,126,59
1503960366,2016-04-13 08:00:00,275,69
1503960366,2016-04-13 09:00:00,1679,136
1503960366,2016-04-13 10:00:00,295,77
1503960366,2016-04-13 11:00:00,524,84
1503960366,2016-04-13 12:00:00,486,82
1503960366,2016-04-13 13:00:00,302,72
1503960366,2016-04-13 14:00:00,1577,128
1503960366,2016-04-13 15:00:00,493,79
1503960366,2016-04-13 16:00:00,299,71
1503960366,2016-04-13 17:00:00,695,87
1503960366,2016-04-13 18:00:00,1343,118
1503960366,2016-04-13 19:00:00,258,73
1503960366,2016-04-13 20:00:00,0,47
1503960366,2016-04-13 21:00:00,0,48
1503960366,2016-04-13 22:00:00,437,74
1503960366,2016-04-13 23:00:00,1766,135
1503960366,2016-04-14 00:00:00,81,56
1503960366,2016-04-14 01:00:00,58,54
1503960366,2016-04-14 02:00:00,0,47
1503960366,2016-04-14 03:00:00,0,47
1503960366,2016-04-14 04:00:00,0,47
1503960366,2016-04-14 05:00:00,0,47
1503960366,2016-04-14 06:00:00,0,47
1503960366,2016-04-14 07:00:00,0,47
1503960366,2016-04-14 08:00:00,0,47
1503960366,2016-04-14 09:00:00,902,93
1503960366,2016-04-14 10:00:00,1106,109
1503960366,2016-04-14 11:00:00,50,64
1503960366,2016-04-14 12:00:00,501,85
1503960366,2016-04-14 13:00:00,1779,137
1503960366,2016-04-14 14:00:00,1228,113
1503960366,2016-04-14 15:00:00,139,66
1503960366,2016-04-14 16:00:00,408,88
1503960366,2016-04-14 17:00:00,37,61
1503960366,2016-04-14 18:00:00,322,72
1503960366,2016-04-14 19:00:00,11,55
1503960366,2016-04-14 20:00:00,806,91
1503960366,2016-04-14 21:00:00,2670,174
1503960366,2016-04-14 22:00:00,362,79
1503960366,2016-04-14 23:00:00,0,50
1503960366,2016-04-15 00:00:00,83,60
1503960366,2016-04-15 01:00:00,75,58
1503960366,2016-04-15 02:00:00,124,59
1503960366,2016-04-15 03:00:00,0,47
1503960366,2016-04-15 04:00:00,0,47
1503960366,2016-04-15 05:00:00,26,49
1503960366,2016-04-15 06:00:00,0,47
1503960366,2016-04-15 07:00:00,7,49
1503960366,2016-04-15 08:00:00,55,54
1503960366,2016-04-15 09:00:00,21,50
1503960366,2016-04-15 10:00:00,154,63
1503960366,2016-04-15 11:00:00,425,84
1503960366,2016-04-15 12:00:00,270,74
1503960366,2016-04-15 13:00:00,373,67
1503960366,2016-04-15 14:00:00,0,47
1503960366,2016-04-15 15:00:00,0,47
1503960366,2016-04-15 16:00:00,0,47
1503960366,2016-04-15 17:00:00,1774,140
1503960366,2016-04-15 18:00:00,509,87
1503960366,2016-04-15 19:00:00,519,97
1503960366,2016-04-15 20:00:00,77,64
1503960366,2016-04-15 21:00:00,280,75
1503960366,2016-04-15 22:00:00,2145,151
1503960366,2016-04-15 23:00:00,2768,182
1503960366,2016-04-16 00:00:00,459,77
1503960366,2016-04-16 01:00:00,0,48
1503960366,2016-04-16 02:00:00,63,52
1503960366,2016-04-16 03:00:00,6,48
1503960366,2016-04-16 04:00:00,6,49
1503960366,2016-04-16 05:00:00,12,49
1503960366,2016-04-16 06:00:00,0,48
1503960366,2016-04-16 07:00:00,101,54
1503960366,2016-04-16 08:00:00,175,62
1503960366,2016-04-16 09:00:00,1181,124
1503960366,2016-04-16 10:00:00,1295,110
1503960366,2016-04-16 11:00:00,2043,147
1503960366,2016-04-16 12:00:00,1513,119
1503960366,2016-04-16 13:00:00,3616,214
1503960366,2016-04-16 14:00:00,580,82
1503960366,2016-04-16 15:00:00,0,51
1503960366,2016-04-16 16:00:00,15,54
1503960366,2016-04-16 17:00:00,380,79
1503960366,2016-04-16 18:00:00,96,65
1503960366,2016-04-16 19:00:00,146,67
1503960366,2016-04-16 20:00:00,385,81
1503960366,2016-04-16 21:00:00,463,75
1503960366,2016-04-16 22:00:00,42,55
1503960366,2016-04-16 23:00:00,92,56
1503960366,2016-04-17 00:00:00,0,47
1503960366,2016-04-17 01:00:00,0,48
1503960366,2016-04-17 02:00:00,0,47
1503960366,2016-04-17 03:00:00,8,49
1503960366,2016-04-17 04:00:00,0,48
1503960366,2016-04-17 05:00:00,0,48
1503960366,2016-04-17 06:00:00,0,48
1503960366,2016-04-17 07:00:00,0,48
1503960366,2016-04-17 08:00:00,0,48
1503960366,2016-04-17 09:00:00,0,48
1503960366,2016-04-17 10:00:00,0,47
1503960366,2016-04-17 11:00:00,84,63
1503960366,2016-04-17 12:00:00,260,76
1503960366,2016-04-17 13:00:00,402,83
1503960366,2016-04-17 14:00:00,252,69
1503960366,2016-04-17 15:00:00,191,73
1503960366,2016-04-17 16:00:00,13,57
1503960366,2016-04-17 17:00:00,2613,174
1503960366,2016-04-17 18:00:00,1616,136
1503960366,2016-04-17 19:00:00,754,95
1503960366,2016-04-17 20:00:00,2955,191
1503960366,2016-04-17 21:00:00,487,79
1503960366,2016-04-17 22:00:00,70,58
1503960366,2016-04-17 23:00:00,0,50
1503960366,2016-04-18 00:00:00,416,82
1503960366,2016-04-18 01:00:00,0,48
1503960366,2016-04-18 02:00:00,0,47
1503960366,2016-04-18 03:00:00,0,47
1503960366,2016-04-18 04:00:00,0,47
1503960366,2016-04-18 05:00:00,0,47
1503960366,2016-04-18 06:00:00,0,47
1503960366,2016-04-18 07:00:00,0,47
1503960366,2016-04-18 08:00:00,0,47
1503960366,2016-04-18 09:00:00,1688,133
1503960366,2016-04-18 10:00:00,380,81
1503960366,2016-04-18 11:00:00,328,73
1503960366,2016-04-18 12:00:00,1306,118
1503960366,2016-04-18 13:00:00,268,70
1503960366,2016-04-18 14:00:00,137,64
1503960366,2016-04-18 15:00:00,495,80
1503960366,2016-04-18 16:00:00,277,78
1503960366,2016-04-18 17:00:00,304,79
1503960366,2016-04-18 18:00:00,4074,234
1503960366,2016-04-18 19:00:00,2101,157
1503960366,2016-04-18 20:00:00,28,57
1503960366,2016-04-18 21:00:00,187,68
1503960366,2016-04-18 22:00:00,542,86
1503960366,2016-04-18 23:00:00,488,83
1503960366,2016-04-19 00:00:00,0,47
1503960366,2016-04-19 01:00:00,22,49
1503960366,2016-04-19 02:00:00,0,47
1503960366,2016-04-19 03:00:00,9,50
1503960366,2016-04-19 04:00:00,0,47
1503960366,2016-04-19 05:00:00,0,47
1503960366,2016-04-19 06:00:00,7,49
1503960366,2016-04-19 07:00:00,316,75
1503960366,2016-04-19 08:00:00,1656,130
1503960366,2016-04-19 09:00:00,367,79
1503960366,2016-04-19 10:00:00,203,75
1503960366,2016-04-19 11:00:00,194,72
1503960366,2016-04-19 12:00:00,1887,143
1503960366,2016-04-19 13:00:00,2697,171
1503960366,2016-04-19 14:00:00,409,76
1503960366,2016-04-19 15:00:00,299,72
1503960366,2016-04-19 16:00:00,297,71
1503960366,2016-04-19 17:00:00,732,90
1503960366,2016-04-19 18:00:00,1280,120
1503960366,2016-04-19 19:00:00,397,93
1503960366,2016-04-19 20:00:00,2487,159
1503960366,2016-04-19 21:00:00,826,94
1503960366,2016-04-19 22:00:00,52,58
1503960366,2016-04-19 23:00:00,1369,120
1503960366,2016-04-20 00:00:00,16,54
1503960366,2016-04-20 01:00:00,36,53
1503960366,2016-04-20 02:00:00,0,47
1503960366,2016-04-20 03:00:00,0,48
1503960366,2016-04-20 04:00:00,0,48
1503960366,2016-04-20 05:00:00,0,47
1503960366,2016-04-20 06:00:00,0,48
1503960366,2016-04-20 07:00:00,29,51
1503960366,2016-04-20 08:00:00,264,70
1503960366,2016-04-20 09:00:00,1993,144
1503960366,2016-04-20 10:00:00,459,79
1503960366,2016-04-20 11:00:00,65,58
1503960366,2016-04-20 12:00:00,185,64
1503960366,2016-04-20 13:00:00,64,61
1503960366,2016-04-20 14:00:00,1270,113
1503960366,2016-04-20 15:00:00,797,97
1503960366,2016-04-20 16:00:00,261,70
1503960366,2016-04-20 17:00:00,13,57
1503960366,2016-04-20 18:00:00,1308,114
1503960366,2016-04-20 19:00:00,1558,117
1503960366,2016-04-20 20:00:00,499,80
1503960366,2016-04-20 21:00:00,395,83
1503960366,2016-04-20 22:00:00,77,62
1503960366,2016-04-20 23:00:00,1255,120
1503960366,2016-04-21 00:00:00,17,54
1503960366,2016-04-21 01:00:00,129,61
1503960366,2016-04-21 02:00:00,81,55
1503960366,2016-04-21 03:00:00,0,48
1503960366,2016-04-21 04:00:00,0,47
1503960366,2016-04-21 05:00:00,0,47
1503960366,2016-04-21 06:00:00,0,48
1503960366,2016-04-21 07:00:00,38,52
1503960366,2016-04-21 08:00:00,245,71
1503960366,2016-04-21 09:00:00,1672,133
1503960366,2016-04-21 10:00:00,255,77
1503960366,2016-04-21 11:00:00,0,55
1503960366,2016-04-21 12:00:00,384,73
1503960366,2016-04-21 13:00:00,1140,113
1503960366,2016-04-21 14:00:00,12,58
1503960366,2016-04-21 15:00:00,213,68
1503960366,2016-04-21 16:00:00,26,60
1503960366,2016-04-21 17:00:00,96,60
1503960366,2016-04-21 18:00:00,213,69
1503960366,2016-04-21 19:00:00,100,64
1503960366,2016-04-21 20:00:00,3541,213
1503960366,2016-04-21 21:00:00,970,104
1503960366,2016-04-21 22:00:00,89,63
1503960366,2016-04-21 23:00:00,598,84
1503960366,2016-04-22 00:00:00,0,47
1503960366,2016-04-22 01:00:00,0,47
1503960366,2016-04-22 02:00:00,0,47
1503960366,2016-04-22 03:00:00,0,47
1503960366,2016-04-22 04:00:00,0,47
1503960366,2016-04-22 05:00:00,0,47
1503960366,2016-04-22 06:00:00,0,47
1503960366,2016-04-22 07:00:00,0,47
1503960366,2016-04-22 08:00:00,0,47
1503960366,2016-04-22 09:00:00,192,65
1503960366,2016-04-22 10:00:00,29,54
1503960366,2016-04-22 11:00:00,958,102
1503960366,2016-04-22 12:00:00,38,57
1503960366,2016-04-22 13:00:00,118,60
1503960366,2016-04-22 14:00:00,0,54
1503960366,2016-04-22 15:00:00,180,66
1503960366,2016-04-22 16:00:00,22,58
1503960366,2016-04-22 17:00:00,1041,104
1503960366,2016-04-22 18:00:00,514,87
1503960366,2016-04-22 19:00:00,629,82
1503960366,2016-04-22 20:00:00,329,71
1503960366,2016-04-22 21:00:00,5934,311
1503960366,2016-04-22 22:00:00,855,95
1503960366,2016-04-22 23:00:00,1925,136
1503960366,2016-04-23 00:00:00,182,63
1503960366,2016-04-23 01:00:00,0,47
1503960366,2016-04-23 02:00:00,11,49
1503960366,2016-04-23 03:00:00,0,47
1503960366,2016-04-23 04:00:00,0,47
1503960366,2016-04-23 05:00:00,0,48
1503960366,2016-04-23 06:00:00,12,50
1503960366,2016-04-23 07:00:00,0,48
1503960366,2016-04-23 08:00:00,127,59
1503960366,2016-04-23 09:00:00,285,75
1503960366,2016-04-23 10:00:00,49,56
1503960366,2016-04-23 11:00:00,703,84
1503960366,2016-04-23 12:00:00,1597,129
1503960366,2016-04-23 13:00:00,1453,129
1503960366,2016-04-23 14:00:00,202,78
1503960366,2016-04-23 15:00:00,158,73
1503960366,2016-04-23 16:00:00,2008,140
1503960366,2016-04-23 17:00:00,1472,121
1503960366,2016-04-23 18:00:00,2569,173
1503960366,2016-04-23 19:00:00,29,51
1503960366,2016-04-23 20:00:00,142,63
1503960366,2016-04-23 21:00:00,2432,162
1503960366,2016-04-23 22:00:00,709,96
1503960366,2016-04-23 23:00:00,231,60
1503960366,2016-04-24 00:00:00,141,66
1503960366,2016-04-24 01:00:00,42,54
1503960366,2016-04-24 02:00:00,0,48
1503960366,2016-04-24 03:00:00,0,48
1503960366,2016-04-24 04:00:00,8,49
1503960366,2016-04-24 05:00:00,0,48
1503960366,2016-04-24 06:00:00,7,49
1503960366,2016-04-24 07:00:00,0,47
1503960366,2016-04-24 08:00:00,8,49
1503960366,2016-04-24 09:00:00,76,59
1503960366,2016-04-24 10:00:00,492,90
1503960366,2016-04-24 11:00:00,149,67
1503960366,2016-04-24 12:00:00,548,82
1503960366,2016-04-24 13:00:00,394,74
1503960366,2016-04-24 14:00:00,26,52
1503960366,2016-04-24 15:00:00,27,52
1503960366,2016-04-24 16:00:00,885,102
1503960366,2016-04-24 17:00:00,411,86
1503960366,2016-04-24 18:00:00,911,115
1503960366,2016-04-24 19:00:00,4871,270
1503960366,2016-04-24 20:00:00,342,76
1503960366,2016-04-24 21:00:00,244,74
1503960366,2016-04-24 22:00:00,66,61
1503960366,2016-04-24 23:00:00,391,72
1503960366,2016-04-25 00:00:00,95,62
1503960366,2016-04-25 01:00:00,22,53
1503960366,2016-04-25 02:00:00,97,57
1503960366,2016-04-25 03:00:00,0,47
1503960366,2016-04-25 04:00:00,25,50
1503960366,2016-04-25 05:00:00,4,49
1503960366,2016-04-25 06:00:00,0,47
1503960366,2016-04-25 07:00:00,44,52
1503960366,2016-04-25 08:00:00,426,83
1503960366,2016-04-25 09:00:00,2041,146
1503960366,2016-04-25 10:00:00,258,73
1503960366,2016-04-25 11:00:00,1468,121
1503960366,2016-04-25 12:00:00,707,92
1503960366,2016-04-25 13:00:00,299,75
1503960366,2016-04-25 14:00:00,94,62
1503960366,2016-04-25 15:00:00,359,76
1503960366,2016-04-25 16:00:00,263,71
1503960366,2016-04-25 17:00:00,188,67
1503960366,2016-04-25 18:00:00,116,61
1503960366,2016-04-25 19:00:00,2815,182
1503960366,2016-04-25 20:00:00,895,95
1503960366,2016-04-25 21:00:00,4895,267
1503960366,2016-04-25 22:00:00,188,68
1503960366,2016-04-25 23:00:00,56,54
1503960366,2016-04-26 00:00:00,101,56
1503960366,2016-04-26 01:00:00,178,66
1503960366,2016-04-26 02:00:00,0,51
1503960366,2016-04-26 03:00:00,145,64
1503960366,2016-04-26 04:00:00,0,48
1503960366,2016-04-26 05:00:00,7,49
1503960366,2016-04-26 06:00:00,0,48
1503960366,2016-04-26 07:00:00,28,52
1503960366,2016-04-26 08:00:00,173,67
1503960366,2016-04-26 09:00:00,1826,139
1503960366,2016-04-26 10:00:00,666,92
1503960366,2016-04-26 11:00:00,266,78
1503960366,2016-04-26 12:00:00,415,74
1503960366,2016-04-26 13:00:00,1571,126
1503960366,2016-04-26 14:00:00,1998,142
1503960366,2016-04-26 15:00:00,323,74
1503960366,2016-04-26 16:00:00,697,93
1503960366,2016-04-26 17:00:00,143,60
1503960366,2016-04-26 18:00:00,2513,169
1503960366,2016-04-26 19:00:00,148,73
1503960366,2016-04-26 20:00:00,1649,127
1503960366,2016-04-26 21:00:00,450,79
1503960366,2016-04-26 22:00:00,148,66
1503960366,2016-04-26 23:00:00,310,80
1503960366,2016-04-27 00:00:00,277,68
1503960366,2016-04-27 01:00:00,60,59
1503960366,2016-04-27 02:00:00,17,53
1503960366,2016-04-27 03:00:00,0,47
1503960366,2016-04-27 04:00:00,0,47
1503960366,2016-04-27 05:00:00,0,47
1503960366,2016-04-27 06:00:00,0,47
1503960366,2016-04-27 07:00:00,0,47
1503960366,2016-04-27 08:00:00,0,47
1503960366,2016-04-27 09:00:00,1916,149
1503960366,2016-04-27 10:00:00,502,93
1503960366,2016-04-27 11:00:00,797,100
1503960366,2016-04-27 12:00:00,701,89
1503960366,2016-04-27 13:00:00,319,76
1503960366,2016-04-27 14:00:00,1932,150
1503960366,2016-04-27 15:00:00,59,63
1503960366,2016-04-27 16:00:00,98,64
1503960366,2016-04-27 17:00:00,261,73
1503960366,2016-04-27 18:00:00,2714,178
1503960366,2016-04-27 19:00:00,5786,318
1503960366,2016-04-27 20:00:00,2420,174
1503960366,2016-04-27 21:00:00,266,76
1503960366,2016-04-27 22:00:00,0,47
1503960366,2016-04-27 23:00:00,0,47
1503960366,2016-04-28 00:00:00,0,47
1503960366,2016-04-28 01:00:00,127,62
1503960366,2016-04-28 02:00:00,0,48
1503960366,2016-04-28 03:00:00,0,47
1503960366,2016-04-28 04:00:00,0,48
1503960366,2016-04-28 05:00:00,0,47
1503960366,2016-04-28 06:00:00,0,48
1503960366,2016-04-28 07:00:00,14,49
1503960366,2016-04-28 08:00:00,128,63
1503960366,2016-04-28 09:00:00,1192,116
1503960366,2016-04-28 10:00:00,987,105
1503960366,2016-04-28 11:00:00,288,73
1503960366,2016-04-28 12:00:00,317,78
1503960366,2016-04-28 13:00:00,1144,108
1503960366,2016-04-28 14:00:00,1512,124
1503960366,2016-04-28 15:00:00,115,61
1503960366,2016-04-28 16:00:00,554,81
1503960366,2016-04-28 17:00:00,235,72
1503960366,2016-04-28 18:00:00,1829,138
1503960366,2016-04-28 19:00:00,13,56
1503960366,2016-04-28 20:00:00,2122,151
1503960366,2016-04-28 21:00:00,986,103
1503960366,2016-04-28 22:00:00,16,55
1503960366,2016-04-28 23:00:00,1512,121
1503960366,2016-04-29 00:00:00,202,65
1503960366,2016-04-29 01:00:00,0,49
1503960366,2016-04-29 02:00:00,71,54
1503960366,2016-04-29 03:00:00,0,47
1503960366,2016-04-29 04:00:00,0,47
1503960366,2016-04-29 05:00:00,0,48
1503960366,2016-04-29 06:00:00,0,47
1503960366,2016-04-29 07:00:00,27,52
1503960366,2016-04-29 08:00:00,201,67
1503960366,2016-04-29 09:00:00,1820,142
1503960366,2016-04-29 10:00:00,44,60
1503960366,2016-04-29 11:00:00,104,60
1503960366,2016-04-29 12:00:00,214,65
1503960366,2016-04-29 13:00:00,41,62
1503960366,2016-04-29 14:00:00,1711,136
1503960366,2016-04-29 15:00:00,1076,110
1503960366,2016-04-29 16:00:00,285,73
1503960366,2016-04-29 17:00:00,380,75
1503960366,2016-04-29 18:00:00,118,60
1503960366,2016-04-29 19:00:00,267,71
1503960366,2016-04-29 20:00:00,386,80
1503960366,2016-04-29 21:00:00,1366,118
1503960366,2016-04-29 22:00:00,1111,111
1503960366,2016-04-29 23:00:00,1757,140
1503960366,2016-04-30 00:00:00,19,51
1503960366,2016-04-30 01:00:00,65,57
1503960366,2016-04-30 02:00:00,0,47
1503960366,2016-04-30 03:00:00,6,49
1503960366,2016-04-30 04:00:00,0,47
1503960366,2016-04-30 05:00:00,0,48
1503960366,2016-04-30 06:00:00,0,48
1503960366,2016-04-30 07:00:00,0,48
1503960366,2016-04-30 08:00:00,60,52
1503960366,2016-04-30 09:00:00,148,64
1503960366,2016-04-30 10:00:00,239,72
1503960366,2016-04-30 11:00:00,127,62
1503960366,2016-04-30 12:00:00,92,58
1503960366,2016-04-30 13:00:00,141,65
1503960366,2016-04-30 14:00:00,520,85
1503960366,2016-04-30 15:00:00,993,94
1503960366,2016-04-30 16:00:00,3388,203
1503960366,2016-04-30 17:00:00,2176,160
1503960366,2016-04-30 18:00:00,2319,159
1503960366,2016-04-30 19:00:00,92,60
1503960366,2016-04-30 20:00:00,117,62
1503960366,2016-04-30 21:00:00,840,96
1503960366,2016-04-30 22:00:00,2139,144
1503960366,2016-04-30 23:00:00,1192,116
1503960366,2016-05-01 00:00:00,247,64
1503960366,2016-05-01 01:00:00,59,60
1503960366,2016-05-01 02:00:00,36,50
1503960366,2016-05-01 03:00:00,4,48
1503960366,2016-05-01 04:00:00,0,47
1503960366,2016-05-01 05:00:00,0,48
1503960366,2016-05-01 06:00:00,0,47
1503960366,2016-05-01 07:00:00,41,52
1503960366,2016-05-01 08:00:00,94,56
1503960366,2016-05-01 09:00:00,198,67
1503960366,2016-05-01 10:00:00,146,61
1503960366,2016-05-01 11:00:00,103,65
1503960366,2016-05-01 12:00:00,130,66
1503960366,2016-05-01 13:00:00,85,57
1503960366,2016-05-01 14:00:00,540,91
1503960366,2016-05-01 15:00:00,294,81
1503960366,2016-05-01 16:00:00,823,97
1503960366,2016-05-01 17:00:00,1053,108
1503960366,2016-05-01 18:00:00,2007,159
1503960366,2016-05-01 19:00:00,177,71
1503960366,2016-05-01 20:00:00,93,59
1503960366,2016-05-01 21:00:00,363,86
1503960366,2016-05-01 22:00:00,1552,127
1503960366,2016-05-01 23:00:00,2557,161
1503960366,2016-05-02 00:00:00,0,50
1503960366,2016-05-02 01:00:00,119,59
1503960366,2016-05-02 02:00:00,0,47
1503960366,2016-05-02 03:00:00,21,49
1503960366,2016-05-02 04:00:00,0,47
1503960366,2016-05-02 05:00:00,0,47
1503960366,2016-05-02 06:00:00,0,47
1503960366,2016-05-02 07:00:00,28,51
1503960366,2016-05-02 08:00:00,245,68
1503960366,2016-05-02 09:00:00,1690,142
1503960366,2016-05-02 10:00:00,369,82
1503960366,2016-05-02 11:00:00,384,78
1503960366,2016-05-02 12:00:00,2116,153
1503960366,2016-05-02 13:00:00,1064,107
1503960366,2016-05-02 14:00:00,355,75
1503960366,2016-05-02 15:00:00,418,76
1503960366,2016-05-02 16:00:00,420,88
1503960366,2016-05-02 17:00:00,340,73
1503960366,2016-05-02 18:00:00,227,68
1503960366,2016-05-02 19:00:00,235,73
1503960366,2016-05-02 20:00:00,3903,231
1503960366,2016-05-02 21:00:00,1427,119
1503960366,2016-05-02 22:00:00,945,106
1503960366,2016-05-02 23:00:00,404,80
1503960366,2016-05-03 00:00:00,55,54
1503960366,2016-05-03 01:00:00,79,58
1503960366,2016-05-03 02:00:00,20,49
1503960366,2016-05-03 03:00:00,110,57
1503960366,2016-05-03 04:00:00,0,47
1503960366,2016-05-03 05:00:00,0,47
1503960366,2016-05-03 06:00:00,16,50
1503960366,2016-05-03 07:00:00,23,51
1503960366,2016-05-03 08:00:00,158,64
1503960366,2016-05-03 09:00:00,1391,114
1503960366,2016-05-03 10:00:00,955,99
1503960366,2016-05-03 11:00:00,297,74
1503960366,2016-05-03 12:00:00,396,81
1503960366,2016-05-03 13:00:00,309,83
1503960366,2016-05-03 14:00:00,384,88
1503960366,2016-05-03 15:00:00,1719,136
1503960366,2016-05-03 16:00:00,870,103
1503960366,2016-05-03 17:00:00,690,89
1503960366,2016-05-03 18:00:00,3119,191
1503960366,2016-05-03 19:00:00,140,58
1503960366,2016-05-03 20:00:00,6,50
1503960366,2016-05-03 21:00:00,1333,109
1503960366,2016-05-03 22:00:00,2549,163
1503960366,2016-05-03 23:00:00,484,77
1503960366,2016-05-04 00:00:00,400,79
1503960366,2016-05-04 01:00:00,18,53
1503960366,2016-05-04 02:00:00,0,47
1503960366,2016-05-04 03:00:00,0,47
1503960366,2016-05-04 04:00:00,0,47
1503960366,2016-05-04 05:00:00,0,47
1503960366,2016-05-04 06:00:00,0,47
1503960366,2016-05-04 07:00:00,0,47
1503960366,2016-05-04 08:00:00,68,53
1503960366,2016-05-04 09:00:00,1470,125
1503960366,2016-05-04 10:00:00,598,87
1503960366,2016-05-04 11:00:00,194,65
1503960366,2016-05-04 12:00:00,366,75
1503960366,2016-05-04 13:00:00,318,76
1503960366,2016-05-04 14:00:00,2284,152
1503960366,2016-05-04 15:00:00,138,65
1503960366,2016-05-04 16:00:00,144,64
1503960366,2016-05-04 17:00:00,341,71
1503960366,2016-05-04 18:00:00,2041,145
1503960366,2016-05-04 19:00:00,205,78
1503960366,2016-05-04 20:00:00,1316,124
1503960366,2016-05-04 21:00:00,1106,110
1503960366,2016-05-04 22:00:00,93,63
1503960366,2016-05-04 23:00:00,0,52
1503960366,2016-05-05 00:00:00,70,56
1503960366,2016-05-05 01:00:00,113,58
1503960366,2016-05-05 02:00:00,19,52
1503960366,2016-05-05 03:00:00,0,47
1503960366,2016-05-05 04:00:00,44,53
1503960366,2016-05-05 05:00:00,0,47
1503960366,2016-05-05 06:00:00,8,49
1503960366,2016-05-05 07:00:00,23,51
1503960366,2016-05-05 08:00:00,107,61
1503960366,2016-05-05 09:00:00,1615,131
1503960366,2016-05-05 10:00:00,360,78
1503960366,2016-05-05 11:00:00,28,59
1503960366,2016-05-05 12:00:00,318,75
1503960366,2016-05-05 13:00:00,1231,110
1503960366,2016-05-05 14:00:00,375,75
1503960366,2016-05-05 15:00:00,187,72
1503960366,2016-05-05 16:00:00,989,102
1503960366,2016-05-05 17:00:00,2217,154
1503960366,2016-05-05 18:00:00,715,95
1503960366,2016-05-05 19:00:00,348,82
1503960366,2016-05-05 20:00:00,283,79
1503960366,2016-05-05 21:00:00,3897,219
1503960366,2016-05-05 22:00:00,900,95
1503960366,2016-05-05 23:00:00,200,60
1503960366,2016-05-06 00:00:00,186,68
1503960366,2016-05-06 01:00:00,4,51
1503960366,2016-05-06 02:00:00,88,57
1503960366,2016-05-06 03:00:00,0,47
1503960366,2016-05-06 04:00:00,19,48
1503960366,2016-05-06 05:00:00,0,47
1503960366,2016-05-06 06:00:00,0,48
1503960366,2016-05-06 07:00:00,23,51
1503960366,2016-05-06 08:00:00,146,63
1503960366,2016-05-06 09:00:00,1683,134
1503960366,2016-05-06 10:00:00,504,85
1503960366,2016-05-06 11:00:00,234,65
1503960366,2016-05-06 12:00:00,261,72
1503960366,2016-05-06 13:00:00,175,66
1503960366,2016-05-06 14:00:00,535,83
1503960366,2016-05-06 15:00:00,900,104
1503960366,2016-05-06 16:00:00,335,78
1503960366,2016-05-06 17:00:00,279,73
1503960366,2016-05-06 18:00:00,1532,127
1503960366,2016-05-06 19:00:00,2500,172
1503960366,2016-05-06 20:00:00,255,73
1503960366,2016-05-06 21:00:00,514,83
1503960366,2016-05-06 22:00:00,375,78
1503960366,2016-05-06 23:00:00,1611,124
1503960366,2016-05-07 00:00:00,168,65
1503960366,2016-05-07 01:00:00,0,48
1503960366,2016-05-07 02:00:00,19,50
1503960366,2016-05-07 03:00:00,0,47
1503960366,2016-05-07 04:00:00,0,48
1503960366,2016-05-07 05:00:00,0,47
1503960366,2016-05-07 06:00:00,0,47
1503960366,2016-05-07 07:00:00,0,47
1503960366,2016-05-07 08:00:00,132,61
1503960366,2016-05-07 09:00:00,115,59
1503960366,2016-05-07 10:00:00,1291,133
1503960366,2016-05-07 11:00:00,2352,164
1503960366,2016-05-07 12:00:00,129,62
1503960366,2016-05-07 13:00:00,77,55
1503960366,2016-05-07 14:00:00,125,64
1503960366,2016-05-07 15:00:00,318,65
1503960366,2016-05-07 16:00:00,259,68
1503960366,2016-05-07 17:00:00,173,64
1503960366,2016-05-07 18:00:00,253,71
1503960366,2016-05-07 19:00:00,652,91
1503960366,2016-05-07 20:00:00,102,59
1503960366,2016-05-07 21:00:00,2073,140
1503960366,2016-05-07 22:00:00,3696,209
1503960366,2016-05-07 23:00:00,58,55
1503960366,2016-05-08 00:00:00,147,62
1503960366,2016-05-08 01:00:00,0,48
1503960366,2016-05-08 02:00:00,0,47
1503960366,2016-05-08 03:00:00,0,47
1503960366,2016-05-08 04:00:00,6,48
1503960366,2016-05-08 05:00:00,0,47
1503960366,2016-05-08 06:00:00,7,48
1503960366,2016-05-08 07:00:00,0,47
1503960366,2016-05-08 08:00:00,0,47
1503960366,2016-05-08 09:00:00,0,47
1503960366,2016-05-08 10:00:00,0,47
1503960366,2016-05-08 11:00:00,0,47
1503960366,2016-05-08 12:00:00,511,85
1503960366,2016-05-08 13:00:00,227,65
1503960366,2016-05-08 14:00:00,660,98
1503960366,2016-05-08 15:00:00,341,68
1503960366,2016-05-08 16:00:00,100,58
1503960366,2016-05-08 17:00:00,240,69
1503960366,2016-05-08 18:00:00,4472,261
1503960366,2016-05-08 19:00:00,1069,107
1503960366,2016-05-08 20:00:00,793,88
1503960366,2016-05-08 21:00:00,663,101
1503960366,2016-05-08 22:00:00,553,92
1503960366,2016-05-08 23:00:00,271,66
1503960366,2016-05-09 00:00:00,135,60
1503960366,2016-05-09 01:00:00,0,47
1503960366,2016-05-09 02:00:00,0,47
1503960366,2016-05-09 03:00:00,0,47
1503960366,2016-05-09 04:00:00,0,47
1503960366,2016-05-09 05:00:00,14,49
1503960366,2016-05-09 06:00:00,408,81
1503960366,2016-05-09 07:00:00,214,63
1503960366,2016-05-09 08:00:00,109,58
1503960366,2016-05-09 09:00:00,160,58
1503960366,2016-05-09 10:00:00,322,69
1503960366,2016-05-09 11:00:00,477,74
1503960366,2016-05-09 12:00:00,507,79
1503960366,2016-05-09 13:00:00,7,52
1503960366,2016-05-09 14:00:00,0,51
1503960366,2016-05-09 15:00:00,22,53
1503960366,2016-05-09 16:00:00,2692,176
1503960366,2016-05-09 17:00:00,1260,125
1503960366,2016-05-09 18:00:00,624,90
1503960366,2016-05-09 19:00:00,1062,115
1503960366,2016-05-09 20:00:00,1325,117
1503960366,2016-05-09 21:00:00,2684,168
1503960366,2016-05-09 22:00:00,0,47
1503960366,2016-05-09 23:00:00,0,47
1503960366,2016-05-10 00:00:00,0,47
1503960366,2016-05-10 01:00:00,92,58
1503960366,2016-05-10 02:00:00,0,47
1503960366,2016-05-10 03:00:00,0,47
1503960366,2016-05-10 04:00:00,0,47
1503960366,2016-05-10 05:00:00,0,47
1503960366,2016-05-10 06:00:00,0,47
1503960366,2016-05-10 07:00:00,47,53
1503960366,2016-05-10 08:00:00,227,67
1503960366,2016-05-10 09:00:00,1461,118
1503960366,2016-05-10 10:00:00,258,76
1503960366,2016-05-10 11:00:00,988,102
1503960366,2016-05-10 12:00:00,74,63
1503960366,2016-05-10 13:00:00,234,73
1503960366,2016-05-10 14:00:00,159,66
1503960366,2016-05-10 15:00:00,1038,101
1503960366,2016-05-10 16:00:00,312,83
1503960366,2016-05-10 17:00:00,645,88
1503960366,2016-05-10 18:00:00,2494,160
1503960366,2016-05-10 19:00:00,1418,127
1503960366,2016-05-10 20:00:00,2480,164
1503960366,2016-05-10 21:00:00,251,77
1503960366,2016-05-10 22:00:00,0,50
1503960366,2016-05-10 23:00:00,29,53
1503960366,2016-05-11 00:00:00,266,72
1503960366,2016-05-11 01:00:00,45,54
1503960366,2016-05-11 02:00:00,73,54
1503960366,2016-05-11 03:00:00,10,49
1503960366,2016-05-11 04:00:00,0,47
1503960366,2016-05-11 05:00:00,0,47
1503960366,2016-05-11 06:00:00,0,47
1503960366,2016-05-11 07:00:00,47,53
1503960366,2016-05-11 08:00:00,312,78
1503960366,2016-05-11 09:00:00,1914,144
1503960366,2016-05-11 10:00:00,644,89
1503960366,2016-05-11 11:00:00,259,75
1503960366,2016-05-11 12:00:00,116,63
1503960366,2016-05-11 13:00:00,811,101
1503960366,2016-05-11 14:00:00,1560,130
1503960366,2016-05-11 15:00:00,348,72
1503960366,2016-05-11 16:00:00,289,70
1503960366,2016-05-11 17:00:00,245,67
1503960366,2016-05-11 18:00:00,3449,208
1503960366,2016-05-11 19:00:00,293,90
1503960366,2016-05-11 20:00:00,1209,114
1624580081,2016-04-12 00:00:00,31,55
1624580081,2016-04-12 01:00:00,0,51
1624580081,2016-04-12 02:00:00,0,50
1624580081,2016-04-12 03:00:00,7,51
1624580081,2016-04-12 04:00:00,0,50
1624580081,2016-04-12 05:00:00,0,50
1624580081,2016-04-12 06:00:00,0,50
1624580081,2016-04-12 07:00:00,0,50
1624580081,2016-04-12 08:00:00,0,51
1624580081,2016-04-12 09:00:00,1085,74
1624580081,2016-04-12 10:00:00,5375,141
1624580081,2016-04-12 11:00:00,129,56
1624580081,2016-04-12 12:00:00,81,57
1624580081,2016-04-12 13:00:00,67,54
1624580081,2016-04-12 14:00:00,43,55
1624580081,2016-04-12 15:00:00,0,52
1624580081,2016-04-12 16:00:00,79,54
1624580081,2016-04-12 17:00:00,235,63
1624580081,2016-04-12 18:00:00,257,62
1624580081,2016-04-12 19:00:00,501,77
1624580081,2016-04-12 20:00:00,99,60
1624580081,2016-04-12 21:00:00,0,50
1624580081,2016-04-12 22:00:00,0,50
1624580081,2016-04-12 23:00:00,174,70
1624580081,2016-04-13 00:00:00,75,58
1624580081,2016-04-13 01:00:00,0,51
1624580081,2016-04-13 02:00:00,0,50
1624580081,2016-04-13 03:00:00,0,50
1624580081,2016-04-13 04:00:00,0,50
1624580081,2016-04-13 05:00:00,0,50
1624580081,2016-04-13 06:00:00,0,50
1624580081,2016-04-13 07:00:00,0,50
1624580081,2016-04-13 08:00:00,0,51
1624580081,2016-04-13 09:00:00,1663,90
1624580081,2016-04-13 10:00:00,3685,112
1624580081,2016-04-13 11:00:00,608,68
1624580081,2016-04-13 12:00:00,80,59
1624580081,2016-04-13 13:00:00,0,50
1624580081,2016-04-13 14:00:00,36,55
1624580081,2016-04-13 15:00:00,0,50
1624580081,2016-04-13 16:00:00,126,59
1624580081,2016-04-13 17:00:00,39,56
1624580081,2016-04-13 18:00:00,491,79
1624580081,2016-04-13 19:00:00,7,52
1624580081,2016-04-13 20:00:00,14,54
1624580081,2016-04-13 21:00:00,183,66
1624580081,2016-04-13 22:00:00,0,50
1624580081,2016-04-13 23:00:00,0,52
1624580081,2016-04-14 00:00:00,0,51
1624580081,2016-04-14 01:00:00,0,50
1624580081,2016-04-14 02:00:00,0,51
1624580081,2016-04-14 03:00:00,0,50
1624580081,2016-04-14 04:00:00,0,50
1624580081,2016-04-14 05:00:00,0,50
1624580081,2016-04-14 06:00:00,0,50
1624580081,2016-04-14 07:00:00,0,51
1624580081,2016-04-14 08:00:00,1958,95
1624580081,2016-04-14 09:00:00,4148,118
1624580081,2016-04-14 10:00:00,141,60
1624580081,2016-04-14 11:00:00,468,78
1624580081,2016-04-14 12:00:00,0,52
1624580081,2016-04-14 13:00:00,0,50
1624580081,2016-04-14 14:00:00,87,55
1624580081,2016-04-14 15:00:00,34,54
1624580081,2016-04-14 16:00:00,170,72
1624580081,2016-04-14 17:00:00,1197,127
1624580081,2016-04-14 18:00:00,182,78
1624580081,2016-04-14 19:00:00,445,86
1624580081,2016-04-14 20:00:00,0,58
1624580081,2016-04-14 21:00:00,227,74
1624580081,2016-04-14 22:00:00,0,50
1624580081,2016-04-14 23:00:00,50,65
1624580081,2016-04-15 00:00:00,178,70
1624580081,2016-04-15 01:00:00,6,53
1624580081,2016-04-15 02:00:00,0,50
1624580081,2016-04-15 03:00:00,0,50
1624580081,2016-04-15 04:00:00,0,50
1624580081,2016-04-15 05:00:00,0,50
1624580081,2016-04-15 06:00:00,0,51
1624580081,2016-04-15 07:00:00,0,51
1624580081,2016-04-15 08:00:00,0,50
1624580081,2016-04-15 09:00:00,0,50
1624580081,2016-04-15 10:00:00,0,50
1624580081,2016-04-15 11:00:00,415,86
1624580081,2016-04-15 12:00:00,0,50
1624580081,2016-04-15 13:00:00,0,50
1624580081,2016-04-15 14:00:00,0,50
1624580081,2016-04-15 15:00:00,0,50
1624580081,2016-04-15 16:00:00,0,50
1624580081,2016-04-15 17:00:00,0,51
1624580081,2016-04-15 18:00:00,6,54
1624580081,2016-04-15 19:00:00,386,89
1624580081,2016-04-15 20:00:00,0,50
1624580081,2016-04-15 21:00:00,27,54
1624580081,2016-04-15 22:00:00,287,74
1624580081,2016-04-15 23:00:00,185,63
1624580081,2016-04-16 00:00:00,465,78
1624580081,2016-04-16 01:00:00,0,50
1624580081,2016-04-16 02:00:00,81,56
1624580081,2016-04-16 03:00:00,0,50
1624580081,2016-04-16 04:00:00,0,50
1624580081,2016-04-16 05:00:00,0,50
1624580081,2016-04-16 06:00:00,0,50
1624580081,2016-04-16 07:00:00,0,50
1624580081,2016-04-16 08:00:00,0,50
1624580081,2016-04-16 09:00:00,0,50
1624580081,2016-04-16 10:00:00,259,67
1624580081,2016-04-16 11:00:00,231,61
1624580081,2016-04-16 12:00:00,126,59
1624580081,2016-04-16 13:00:00,0,50
1624580081,2016-04-16 14:00:00,291,68
1624580081,2016-04-16 15:00:00,82,56
1624580081,2016-04-16 16:00:00,0,50
1624580081,2016-04-16 17:00:00,39,56
1624580081,2016-04-16 18:00:00,0,53
1624580081,2016-04-16 19:00:00,472,90
1624580081,2016-04-16 20:00:00,28,55
1624580081,2016-04-16 21:00:00,1211,94
1624580081,2016-04-16 22:00:00,1962,115
1624580081,2016-04-16 23:00:00,123,58
1624580081,2016-04-17 00:00:00,115,57
1624580081,2016-04-17 01:00:00,0,51
1624580081,2016-04-17 02:00:00,67,52
1624580081,2016-04-17 03:00:00,0,50
1624580081,2016-04-17 04:00:00,0,50
1624580081,2016-04-17 05:00:00,0,51
1624580081,2016-04-17 06:00:00,0,50
1624580081,2016-04-17 07:00:00,0,50
1624580081,2016-04-17 08:00:00,0,50
1624580081,2016-04-17 09:00:00,0,52
1624580081,2016-04-17 10:00:00,49,56
1624580081,2016-04-17 11:00:00,0,52
1624580081,2016-04-17 12:00:00,193,78
1624580081,2016-04-17 13:00:00,1374,122
1624580081,2016-04-17 14:00:00,657,80
1624580081,2016-04-17 15:00:00,19,56
1624580081,2016-04-17 16:00:00,0,50
1624580081,2016-04-17 17:00:00,2047,129
1624580081,2016-04-17 18:00:00,401,73
1624580081,2016-04-17 19:00:00,782,91
1624580081,2016-04-17 20:00:00,156,79
1624580081,2016-04-17 21:00:00,173,63
1624580081,2016-04-17 22:00:00,28,58
1624580081,2016-04-17 23:00:00,89,55
1624580081,2016-04-18 00:00:00,59,54
1624580081,2016-04-18 01:00:00,29,55
1624580081,2016-04-18 02:00:00,0,51
1624580081,2016-04-18 03:00:00,0,50
1624580081,2016-04-18 04:00:00,0,50
1624580081,2016-04-18 05:00:00,0,50
1624580081,2016-04-18 06:00:00,0,50
1624580081,2016-04-18 07:00:00,354,63
1624580081,2016-04-18 08:00:00,4120,120
1624580081,2016-04-18 09:00:00,17,57
1624580081,2016-04-18 10:00:00,458,78
1624580081,2016-04-18 11:00:00,261,68
1624580081,2016-04-18 12:00:00,6,51
1624580081,2016-04-18 13:00:00,0,50
1624580081,2016-04-18 14:00:00,0,50
1624580081,2016-04-18 15:00:00,812,90
1624580081,2016-04-18 16:00:00,3242,166
1624580081,2016-04-18 17:00:00,186,61
1624580081,2016-04-18 18:00:00,314,72
1624580081,2016-04-18 19:00:00,131,62
1624580081,2016-04-18 20:00:00,180,66
1624580081,2016-04-18 21:00:00,120,65
1624580081,2016-04-18 22:00:00,124,62
1624580081,2016-04-18 23:00:00,123,63
1624580081,2016-04-19 00:00:00,0,52
1624580081,2016-04-19 01:00:00,0,50
1624580081,2016-04-19 02:00:00,0,50
1624580081,2016-04-19 03:00:00,0,50
1624580081,2016-04-19 04:00:00,0,50
1624580081,2016-04-19 05:00:00,106,60
1624580081,2016-04-19 06:00:00,333,77
1624580081,2016-04-19 07:00:00,13,54
1624580081,2016-04-19 08:00:00,227,66
1624580081,2016-04-19 09:00:00,0,51
1624580081,2016-04-19 10:00:00,0,50
1624580081,2016-04-19 11:00:00,120,64
1624580081,2016-04-19 12:00:00,826,109
1624580081,2016-04-19 13:00:00,235,70
1624580081,2016-04-19 14:00:00,495,71
1624580081,2016-04-19 15:00:00,0,50
1624580081,2016-04-19 16:00:00,0,53
1624580081,2016-04-19 17:00:00,0,52
1624580081,2016-04-19 18:00:00,351,80
1624580081,2016-04-19 19:00:00,137,59
1624580081,2016-04-19 20:00:00,12,55
1624580081,2016-04-19 21:00:00,22,55
1624580081,2016-04-19 22:00:00,39,59
1624580081,2016-04-19 23:00:00,0,51
1624580081,2016-04-20 00:00:00,123,60
1624580081,2016-04-20 01:00:00,0,50
1624580081,2016-04-20 02:00:00,0,50
1624580081,2016-04-20 03:00:00,0,50
1624580081,2016-04-20 04:00:00,0,50
1624580081,2016-04-20 05:00:00,0,50
1624580081,2016-04-20 06:00:00,0,50
1624580081,2016-04-20 07:00:00,0,50
1624580081,2016-04-20 08:00:00,0,51
1624580081,2016-04-20 09:00:00,2608,117
1624580081,2016-04-20 10:00:00,159,59
1624580081,2016-04-20 11:00:00,89,60
1624580081,2016-04-20 12:00:00,319,75
1624580081,2016-04-20 13:00:00,8,54
1624580081,2016-04-20 14:00:00,0,54
1624580081,2016-04-20 15:00:00,46,59
1624580081,2016-04-20 16:00:00,311,69
1624580081,2016-04-20 17:00:00,353,68
1624580081,2016-04-20 18:00:00,445,82
1624580081,2016-04-20 19:00:00,62,56
1624580081,2016-04-20 20:00:00,26,52
1624580081,2016-04-20 21:00:00,35,55
1624580081,2016-04-20 22:00:00,264,71
1624580081,2016-04-20 23:00:00,126,56
1624580081,2016-04-21 00:00:00,9,51
1624580081,2016-04-21 01:00:00,0,50
1624580081,2016-04-21 02:00:00,0,52
1624580081,2016-04-21 03:00:00,106,54
1624580081,2016-04-21 04:00:00,0,50
1624580081,2016-04-21 05:00:00,0,50
1624580081,2016-04-21 06:00:00,0,51
1624580081,2016-04-21 07:00:00,0,50
1624580081,2016-04-21 08:00:00,0,51
1624580081,2016-04-21 09:00:00,186,61
1624580081,2016-04-21 10:00:00,502,62
1624580081,2016-04-21 11:00:00,339,78
1624580081,2016-04-21 12:00:00,9,51
1624580081,2016-04-21 13:00:00,0,50
1624580081,2016-04-21 14:00:00,226,68
1624580081,2016-04-21 15:00:00,111,55
1624580081,2016-04-21 16:00:00,28,54
1624580081,2016-04-21 17:00:00,218,64
1624580081,2016-04-21 18:00:00,1287,97
1624580081,2016-04-21 19:00:00,2880,124
1624580081,2016-04-21 20:00:00,88,60
1624580081,2016-04-21 21:00:00,180,68
1624580081,2016-04-21 22:00:00,180,65
1624580081,2016-04-21 23:00:00,0,52
1624580081,2016-04-22 00:00:00,0,51
1624580081,2016-04-22 01:00:00,0,50
1624580081,2016-04-22 02:00:00,0,50
1624580081,2016-04-22 03:00:00,105,54
1624580081,2016-04-22 04:00:00,0,50
1624580081,2016-04-22 05:00:00,0,50
1624580081,2016-04-22 06:00:00,0,50
1624580081,2016-04-22 07:00:00,142,70
1624580081,2016-04-22 08:00:00,0,52
1624580081,2016-04-22 09:00:00,12,53
1624580081,2016-04-22 10:00:00,240,63
1624580081,2016-04-22 11:00:00,205,68
1624580081,2016-04-22 12:00:00,55,56
1624580081,2016-04-22 13:00:00,149,60
1624580081,2016-04-22 14:00:00,0,51
1624580081,2016-04-22 15:00:00,0,53
1624580081,2016-04-22 16:00:00,102,55
1624580081,2016-04-22 17:00:00,58,57
1624580081,2016-04-22 18:00:00,9,51
1624580081,2016-04-22 19:00:00,345,96
1624580081,2016-04-22 20:00:00,671,91
1624580081,2016-04-22 21:00:00,430,76
1624580081,2016-04-22 22:00:00,1013,88
1624580081,2016-04-22 23:00:00,466,76
1624580081,2016-04-23 00:00:00,218,68
1624580081,2016-04-23 01:00:00,16,55
1624580081,2016-04-23 02:00:00,0,50
1624580081,2016-04-23 03:00:00,0,50
1624580081,2016-04-23 04:00:00,0,50
1624580081,2016-04-23 05:00:00,0,50
1624580081,2016-04-23 06:00:00,0,50
1624580081,2016-04-23 07:00:00,0,50
1624580081,2016-04-23 08:00:00,0,51
1624580081,2016-04-23 09:00:00,150,63
1624580081,2016-04-23 10:00:00,722,80
1624580081,2016-04-23 11:00:00,0,50
1624580081,2016-04-23 12:00:00,97,58
1624580081,2016-04-23 13:00:00,39,52
1624580081,2016-04-23 14:00:00,221,64
1624580081,2016-04-23 15:00:00,0,52
1624580081,2016-04-23 16:00:00,350,77
1624580081,2016-04-23 17:00:00,8,53
1624580081,2016-04-23 18:00:00,74,60
1624580081,2016-04-23 19:00:00,446,95
1624580081,2016-04-23 20:00:00,2628,128
1624580081,2016-04-23 21:00:00,2666,121
1624580081,2016-04-23 22:00:00,854,81
1624580081,2016-04-23 23:00:00,49,53
1624580081,2016-04-24 00:00:00,174,64
1624580081,2016-04-24 01:00:00,34,59
1624580081,2016-04-24 02:00:00,0,50
1624580081,2016-04-24 03:00:00,0,50
1624580081,2016-04-24 04:00:00,0,50
1624580081,2016-04-24 05:00:00,0,51
1624580081,2016-04-24 06:00:00,0,52
1624580081,2016-04-24 07:00:00,0,50
1624580081,2016-04-24 08:00:00,0,54
1624580081,2016-04-24 09:00:00,121,60
1624580081,2016-04-24 10:00:00,313,89
1624580081,2016-04-24 11:00:00,103,70
1624580081,2016-04-24 12:00:00,1236,106
1624580081,2016-04-24 13:00:00,1604,114
1624580081,2016-04-24 14:00:00,217,70
1624580081,2016-04-24 15:00:00,0,50
1624580081,2016-04-24 16:00:00,12,54
1624580081,2016-04-24 17:00:00,53,61
1624580081,2016-04-24 18:00:00,1456,145
1624580081,2016-04-24 19:00:00,232,82
1624580081,2016-04-24 20:00:00,397,77
1624580081,2016-04-24 21:00:00,24,53
1624580081,2016-04-24 22:00:00,100,57
1624580081,2016-04-24 23:00:00,0,50
1624580081,2016-04-25 00:00:00,0,50
1624580081,2016-04-25 01:00:00,6,54
1624580081,2016-04-25 02:00:00,0,50
1624580081,2016-04-25 03:00:00,0,50
1624580081,2016-04-25 04:00:00,0,50
1624580081,2016-04-25 05:00:00,0,50
1624580081,2016-04-25 06:00:00,0,50
1624580081,2016-04-25 07:00:00,0,50
1624580081,2016-04-25 08:00:00,221,64
1624580081,2016-04-25 09:00:00,148,62
1624580081,2016-04-25 10:00:00,2401,99
1624580081,2016-04-25 11:00:00,967,102
1624580081,2016-04-25 12:00:00,508,77
1624580081,2016-04-25 13:00:00,64,61
1624580081,2016-04-25 14:00:00,45,54
1624580081,2016-04-25 15:00:00,14,54
1624580081,2016-04-25 16:00:00,154,60
1624580081,2016-04-25 17:00:00,951,86
1624580081,2016-04-25 18:00:00,355,72
1624580081,2016-04-25 19:00:00,383,71
1624580081,2016-04-25 20:00:00,0,51
1624580081,2016-04-25 21:00:00,41,53
1624580081,2016-04-25 22:00:00,66,61
1624580081,2016-04-25 23:00:00,163,62
1624580081,2016-04-26 00:00:00,38,55
1624580081,2016-04-26 01:00:00,0,51
1624580081,2016-04-26 02:00:00,0,50
1624580081,2016-04-26 03:00:00,0,50
1624580081,2016-04-26 04:00:00,0,50
1624580081,2016-04-26 05:00:00,0,50
1624580081,2016-04-26 06:00:00,0,51
1624580081,2016-04-26 07:00:00,0,50
1624580081,2016-04-26 08:00:00,0,51
1624580081,2016-04-26 09:00:00,470,79
1624580081,2016-04-26 10:00:00,388,70
1624580081,2016-04-26 11:00:00,43,60
1624580081,2016-04-26 12:00:00,160,62
1624580081,2016-04-26 13:00:00,269,65
1624580081,2016-04-26 14:00:00,239,74
1624580081,2016-04-26 15:00:00,0,52
1624580081,2016-04-26 16:00:00,81,57
1624580081,2016-04-26 17:00:00,449,69
1624580081,2016-04-26 18:00:00,258,67
1624580081,2016-04-26 19:00:00,383,74
1624580081,2016-04-26 20:00:00,7,55
1624580081,2016-04-26 21:00:00,41,57
1624580081,2016-04-26 22:00:00,0,53
1624580081,2016-04-26 23:00:00,0,50
1624580081,2016-04-27 00:00:00,133,54
1624580081,2016-04-27 01:00:00,0,50
1624580081,2016-04-27 02:00:00,0,50
1624580081,2016-04-27 03:00:00,0,50
1624580081,2016-04-27 04:00:00,0,50
1624580081,2016-04-27 05:00:00,0,50
1624580081,2016-04-27 06:00:00,0,51
1624580081,2016-04-27 07:00:00,0,50
1624580081,2016-04-27 08:00:00,0,50
1624580081,2016-04-27 09:00:00,247,60
1624580081,2016-04-27 10:00:00,32,53
1624580081,2016-04-27 11:00:00,433,88
1624580081,2016-04-27 12:00:00,212,71
1624580081,2016-04-27 13:00:00,1239,111
1624580081,2016-04-27 14:00:00,4016,222
1624580081,2016-04-27 15:00:00,413,67
1624580081,2016-04-27 16:00:00,561,80
1624580081,2016-04-27 17:00:00,510,72
1624580081,2016-04-27 18:00:00,157,62
1624580081,2016-04-27 19:00:00,26,66
1624580081,2016-04-27 20:00:00,0,55
1624580081,2016-04-27 21:00:00,79,71
1624580081,2016-04-27 22:00:00,104,68
1624580081,2016-04-27 23:00:00,205,71
1624580081,2016-04-28 00:00:00,36,56
1624580081,2016-04-28 01:00:00,0,50
1624580081,2016-04-28 02:00:00,0,50
1624580081,2016-04-28 03:00:00,0,50
1624580081,2016-04-28 04:00:00,0,50
1624580081,2016-04-28 05:00:00,0,50
1624580081,2016-04-28 06:00:00,0,50
1624580081,2016-04-28 07:00:00,0,50
1624580081,2016-04-28 08:00:00,139,62
1624580081,2016-04-28 09:00:00,137,56
1624580081,2016-04-28 10:00:00,167,67
1624580081,2016-04-28 11:00:00,182,63
1624580081,2016-04-28 12:00:00,0,50
1624580081,2016-04-28 13:00:00,0,50
1624580081,2016-04-28 14:00:00,188,62
1624580081,2016-04-28 15:00:00,0,50
1624580081,2016-04-28 16:00:00,635,92
1624580081,2016-04-28 17:00:00,572,96
1624580081,2016-04-28 18:00:00,0,50
1624580081,2016-04-28 19:00:00,0,50
1624580081,2016-04-28 20:00:00,409,76
1624580081,2016-04-28 21:00:00,69,58
1624580081,2016-04-28 22:00:00,225,65
1624580081,2016-04-28 23:00:00,0,51
1624580081,2016-04-29 00:00:00,69,55
1624580081,2016-04-29 01:00:00,0,51
1624580081,2016-04-29 02:00:00,0,50
1624580081,2016-04-29 03:00:00,0,50
1624580081,2016-04-29 04:00:00,0,50
1624580081,2016-04-29 05:00:00,0,50
1624580081,2016-04-29 06:00:00,0,50
1624580081,2016-04-29 07:00:00,36,57
1624580081,2016-04-29 08:00:00,0,51
1624580081,2016-04-29 09:00:00,0,50
1624580081,2016-04-29 10:00:00,0,51
1624580081,2016-04-29 11:00:00,0,50
1624580081,2016-04-29 12:00:00,304,74
1624580081,2016-04-29 13:00:00,84,60
1624580081,2016-04-29 14:00:00,129,57
1624580081,2016-04-29 15:00:00,0,52
1624580081,2016-04-29 16:00:00,790,82
1624580081,2016-04-29 17:00:00,205,81
1624580081,2016-04-29 18:00:00,259,78
1624580081,2016-04-29 19:00:00,205,82
1624580081,2016-04-29 20:00:00,148,64
1624580081,2016-04-29 21:00:00,33,53
1624580081,2016-04-29 22:00:00,128,58
1624580081,2016-04-29 23:00:00,0,50
1624580081,2016-04-30 00:00:00,324,75
1624580081,2016-04-30 01:00:00,0,50
1624580081,2016-04-30 02:00:00,11,51
1624580081,2016-04-30 03:00:00,0,50
1624580081,2016-04-30 04:00:00,0,50
1624580081,2016-04-30 05:00:00,0,50
1624580081,2016-04-30 06:00:00,0,53
1624580081,2016-04-30 07:00:00,0,50
1624580081,2016-04-30 08:00:00,0,52
1624580081,2016-04-30 09:00:00,0,51
1624580081,2016-04-30 10:00:00,179,63
1624580081,2016-04-30 11:00:00,272,82
1624580081,2016-04-30 12:00:00,135,63
1624580081,2016-04-30 13:00:00,3579,190
1624580081,2016-04-30 14:00:00,307,80
1624580081,2016-04-30 15:00:00,648,91
1624580081,2016-04-30 16:00:00,57,54
1624580081,2016-04-30 17:00:00,0,53
1624580081,2016-04-30 18:00:00,381,83
1624580081,2016-04-30 19:00:00,185,94
1624580081,2016-04-30 20:00:00,66,57
1624580081,2016-04-30 21:00:00,107,77
1624580081,2016-04-30 22:00:00,145,70
1624580081,2016-04-30 23:00:00,78,67
1624580081,2016-05-01 00:00:00,6,51
1624580081,2016-05-01 01:00:00,0,50
1624580081,2016-05-01 02:00:00,0,51
1624580081,2016-05-01 03:00:00,0,52
1624580081,2016-05-01 04:00:00,207,87
1624580081,2016-05-01 05:00:00,1748,132
1624580081,2016-05-01 06:00:00,2759,177
1624580081,2016-05-01 07:00:00,7609,336
1624580081,2016-05-01 08:00:00,8520,369
1624580081,2016-05-01 09:00:00,8976,374
1624580081,2016-05-01 10:00:00,4282,201
1624580081,2016-05-01 11:00:00,176,66
1624580081,2016-05-01 12:00:00,217,71
1624580081,2016-05-01 13:00:00,41,52
1624580081,2016-05-01 14:00:00,0,50
1624580081,2016-05-01 15:00:00,0,51
1624580081,2016-05-01 16:00:00,180,65
1624580081,2016-05-01 17:00:00,46,54
1624580081,2016-05-01 18:00:00,128,55
1624580081,2016-05-01 19:00:00,125,55
1624580081,2016-05-01 20:00:00,385,74
1624580081,2016-05-01 21:00:00,289,94
1624580081,2016-05-01 22:00:00,272,71
1624580081,2016-05-01 23:00:00,53,54
1624580081,2016-05-02 00:00:00,82,55
1624580081,2016-05-02 01:00:00,0,50
1624580081,2016-05-02 02:00:00,0,50
1624580081,2016-05-02 03:00:00,0,50
1624580081,2016-05-02 04:00:00,0,50
1624580081,2016-05-02 05:00:00,0,50
1624580081,2016-05-02 06:00:00,100,58
1624580081,2016-05-02 07:00:00,0,50
1624580081,2016-05-02 08:00:00,0,50
1624580081,2016-05-02 09:00:00,0,51
1624580081,2016-05-02 10:00:00,671,75
1624580081,2016-05-02 11:00:00,1649,111
1624580081,2016-05-02 12:00:00,111,61
1624580081,2016-05-02 13:00:00,103,60
1624580081,2016-05-02 14:00:00,0,53
1624580081,2016-05-02 15:00:00,180,62
1624580081,2016-05-02 16:00:00,19,51
1624580081,2016-05-02 17:00:00,81,56
1624580081,2016-05-02 18:00:00,569,78
1624580081,2016-05-02 19:00:00,3261,152
1624580081,2016-05-02 20:00:00,50,57
1624580081,2016-05-02 21:00:00,57,53
1624580081,2016-05-02 22:00:00,150,61
1624580081,2016-05-02 23:00:00,72,53
1624580081,2016-05-03 00:00:00,0,51
1624580081,2016-05-03 01:00:00,0,50
1624580081,2016-05-03 02:00:00,0,50
1624580081,2016-05-03 03:00:00,0,50
1624580081,2016-05-03 04:00:00,0,50
1624580081,2016-05-03 05:00:00,0,50
1624580081,2016-05-03 06:00:00,66,56
1624580081,2016-05-03 07:00:00,507,72
1624580081,2016-05-03 08:00:00,0,50
1624580081,2016-05-03 09:00:00,0,50
1624580081,2016-05-03 10:00:00,0,50
1624580081,2016-05-03 11:00:00,0,50
1624580081,2016-05-03 12:00:00,130,67
1624580081,2016-05-03 13:00:00,127,56
1624580081,2016-05-03 14:00:00,128,58
1624580081,2016-05-03 15:00:00,7,52
1624580081,2016-05-03 16:00:00,0,51
1624580081,2016-05-03 17:00:00,0,50
1624580081,2016-05-03 18:00:00,585,81
1624580081,2016-05-03 19:00:00,223,62
1624580081,2016-05-03 20:00:00,0,51
1624580081,2016-05-03 21:00:00,16,54
1624580081,2016-05-03 22:00:00,155,62
1624580081,2016-05-03 23:00:00,156,61
1624580081,2016-05-04 00:00:00,0,51
1624580081,2016-05-04 01:00:00,0,53
1624580081,2016-05-04 02:00:00,15,55
1624580081,2016-05-04 03:00:00,0,50
1624580081,2016-05-04 04:00:00,0,50
1624580081,2016-05-04 05:00:00,0,50
1624580081,2016-05-04 06:00:00,45,55
1624580081,2016-05-04 07:00:00,0,50
1624580081,2016-05-04 08:00:00,0,50
1624580081,2016-05-04 09:00:00,0,50
1624580081,2016-05-04 10:00:00,181,65
1624580081,2016-05-04 11:00:00,341,86
1624580081,2016-05-04 12:00:00,34,52
1624580081,2016-05-04 13:00:00,0,50
1624580081,2016-05-04 14:00:00,0,50
1624580081,2016-05-04 15:00:00,634,77
1624580081,2016-05-04 16:00:00,132,56
1624580081,2016-05-04 17:00:00,99,55
1624580081,2016-05-04 18:00:00,218,67
1624580081,2016-05-04 19:00:00,129,58
1624580081,2016-05-04 20:00:00,106,62
1624580081,2016-05-04 21:00:00,177,71
1624580081,2016-05-04 22:00:00,4,51
1624580081,2016-05-04 23:00:00,78,58
1624580081,2016-05-05 00:00:00,0,50
1624580081,2016-05-05 01:00:00,0,50
1624580081,2016-05-05 02:00:00,0,51
1624580081,2016-05-05 03:00:00,0,50
1624580081,2016-05-05 04:00:00,0,50
1624580081,2016-05-05 05:00:00,0,50
1624580081,2016-05-05 06:00:00,116,56
1624580081,2016-05-05 07:00:00,0,51
1624580081,2016-05-05 08:00:00,0,50
1624580081,2016-05-05 09:00:00,0,52
1624580081,2016-05-05 10:00:00,0,50
1624580081,2016-05-05 11:00:00,497,83
1624580081,2016-05-05 12:00:00,97,67
1624580081,2016-05-05 13:00:00,523,87
1624580081,2016-05-05 14:00:00,340,64
1624580081,2016-05-05 15:00:00,83,58
1624580081,2016-05-05 16:00:00,48,55
1624580081,2016-05-05 17:00:00,82,56
1624580081,2016-05-05 18:00:00,52,52
1624580081,2016-05-05 19:00:00,419,68
1624580081,2016-05-05 20:00:00,9,51
1624580081,2016-05-05 21:00:00,60,56
1624580081,2016-05-05 22:00:00,76,61
1624580081,2016-05-05 23:00:00,68,54
1624580081,2016-05-06 00:00:00,151,59
1624580081,2016-05-06 01:00:00,0,50
1624580081,2016-05-06 02:00:00,174,58
1624580081,2016-05-06 03:00:00,0,51
1624580081,2016-05-06 04:00:00,0,50
1624580081,2016-05-06 05:00:00,0,50
1624580081,2016-05-06 06:00:00,0,50
1624580081,2016-05-06 07:00:00,0,50
1624580081,2016-05-06 08:00:00,0,50
1624580081,2016-05-06 09:00:00,0,52
1624580081,2016-05-06 10:00:00,0,50
1624580081,2016-05-06 11:00:00,144,59
1624580081,2016-05-06 12:00:00,60,53
1624580081,2016-05-06 13:00:00,101,56
1624580081,2016-05-06 14:00:00,4,54
1624580081,2016-05-06 15:00:00,0,50
1624580081,2016-05-06 16:00:00,0,50
1624580081,2016-05-06 17:00:00,5,51
1624580081,2016-05-06 18:00:00,152,65
1624580081,2016-05-06 19:00:00,230,75
1624580081,2016-05-06 20:00:00,223,63
1624580081,2016-05-06 21:00:00,136,62
1624580081,2016-05-06 22:00:00,136,64
1624580081,2016-05-06 23:00:00,211,69
1624580081,2016-05-07 00:00:00,121,61
1624580081,2016-05-07 01:00:00,277,88
1624580081,2016-05-07 02:00:00,171,76
1624580081,2016-05-07 03:00:00,0,50
1624580081,2016-05-07 04:00:00,0,55
1624580081,2016-05-07 05:00:00,0,50
1624580081,2016-05-07 06:00:00,0,50
1624580081,2016-05-07 07:00:00,0,51
1624580081,2016-05-07 08:00:00,0,50
1624580081,2016-05-07 09:00:00,0,50
1624580081,2016-05-07 10:00:00,0,50
1624580081,2016-05-07 11:00:00,0,50
1624580081,2016-05-07 12:00:00,199,85
1624580081,2016-05-07 13:00:00,210,91
1624580081,2016-05-07 14:00:00,262,76
1624580081,2016-05-07 15:00:00,0,50
1624580081,2016-05-07 16:00:00,0,50
1624580081,2016-05-07 17:00:00,162,68
1624580081,2016-05-07 18:00:00,417,90
1624580081,2016-05-07 19:00:00,173,70
1624580081,2016-05-07 20:00:00,50,58
1624580081,2016-05-07 21:00:00,7,51
1624580081,2016-05-07 22:00:00,19,51
1624580081,2016-05-07 23:00:00,36,53
1624580081,2016-05-08 00:00:00,0,51
1624580081,2016-05-08 01:00:00,0,50
1624580081,2016-05-08 02:00:00,473,80
1624580081,2016-05-08 03:00:00,52,56
1624580081,2016-05-08 04:00:00,0,50
1624580081,2016-05-08 05:00:00,0,51
1624580081,2016-05-08 06:00:00,0,50
1624580081,2016-05-08 07:00:00,0,52
1624580081,2016-05-08 08:00:00,0,51
1624580081,2016-05-08 09:00:00,8,56
1624580081,2016-05-08 10:00:00,144,63
1624580081,2016-05-08 11:00:00,310,66
1624580081,2016-05-08 12:00:00,22,56
1624580081,2016-05-08 13:00:00,82,55
1624580081,2016-05-08 14:00:00,333,65
1624580081,2016-05-08 15:00:00,588,76
1624580081,2016-05-08 16:00:00,74,56
1624580081,2016-05-08 17:00:00,470,75
1624580081,2016-05-08 18:00:00,110,64
1624580081,2016-05-08 19:00:00,149,63
1624580081,2016-05-08 20:00:00,230,68
1624580081,2016-05-08 21:00:00,158,60
1624580081,2016-05-08 22:00:00,0,50
1624580081,2016-05-08 23:00:00,224,62
1624580081,2016-05-09 00:00:00,0,50
1624580081,2016-05-09 01:00:00,0,50
1624580081,2016-05-09 02:00:00,36,56
1624580081,2016-05-09 03:00:00,0,50
1624580081,2016-05-09 04:00:00,0,50
1624580081,2016-05-09 05:00:00,0,50
1624580081,2016-05-09 06:00:00,0,51
1624580081,2016-05-09 07:00:00,0,51
1624580081,2016-05-09 08:00:00,0,50
1624580081,2016-05-09 09:00:00,0,50
1624580081,2016-05-09 10:00:00,0,51
1624580081,2016-05-09 11:00:00,0,50
1624580081,2016-05-09 12:00:00,307,77
1624580081,2016-05-09 13:00:00,243,64
1624580081,2016-05-09 14:00:00,309,71
1624580081,2016-05-09 15:00:00,73,55
1624580081,2016-05-09 16:00:00,243,64
1624580081,2016-05-09 17:00:00,10,54
1624580081,2016-05-09 18:00:00,100,59
1624580081,2016-05-09 19:00:00,274,66
1624580081,2016-05-09 20:00:00,0,50
1624580081,2016-05-09 21:00:00,83,53
1624580081,2016-05-09 22:00:00,43,54
1624580081,2016-05-09 23:00:00,11,53
1624580081,2016-05-10 00:00:00,111,59
1624580081,2016-05-10 01:00:00,0,51
1624580081,2016-05-10 02:00:00,0,51
1624580081,2016-05-10 03:00:00,0,50
1624580081,2016-05-10 04:00:00,0,50
1624580081,2016-05-10 05:00:00,0,50
1624580081,2016-05-10 06:00:00,0,50
1624580081,2016-05-10 07:00:00,0,50
1624580081,2016-05-10 08:00:00,0,50
1624580081,2016-05-10 09:00:00,0,52
1624580081,2016-05-10 10:00:00,0,50
1624580081,2016-05-10 11:00:00,0,51
1624580081,2016-05-10 12:00:00,19,59
1624580081,2016-05-10 13:00:00,1376,94
1624580081,2016-05-10 14:00:00,338,64
1624580081,2016-05-10 15:00:00,6,53
1624580081,2016-05-10 16:00:00,13,58
1624580081,2016-05-10 17:00:00,118,78
1624580081,2016-05-10 18:00:00,644,93
1624580081,2016-05-10 19:00:00,47,55
1624580081,2016-05-10 20:00:00,172,60
1624580081,2016-05-10 21:00:00,30,52
1624580081,2016-05-10 22:00:00,84,54
1624580081,2016-05-10 23:00:00,11,59
1624580081,2016-05-11 00:00:00,0,54
1624580081,2016-05-11 01:00:00,0,51
1624580081,2016-05-11 02:00:00,18,58
1624580081,2016-05-11 03:00:00,0,51
1624580081,2016-05-11 04:00:00,0,50
1624580081,2016-05-11 05:00:00,0,50
1624580081,2016-05-11 06:00:00,0,50
1624580081,2016-05-11 07:00:00,0,50
1624580081,2016-05-11 08:00:00,0,50
1624580081,2016-05-11 09:00:00,0,50
1624580081,2016-05-11 10:00:00,0,51
1624580081,2016-05-11 11:00:00,0,50
1624580081,2016-05-11 12:00:00,0,50
1624580081,2016-05-11 13:00:00,154,64
1624580081,2016-05-11 14:00:00,199,65
1624580081,2016-05-11 15:00:00,664,69
1624580081,2016-05-11 16:00:00,302,64
1624580081,2016-05-11 17:00:00,477,68
1624580081,2016-05-11 18:00:00,861,81
1624580081,2016-05-11 19:00:00,53,53
1624580081,2016-05-11 20:00:00,77,59
1624580081,2016-05-11 21:00:00,0,51
1624580081,2016-05-11 22:00:00,251,65
1624580081,2016-05-11 23:00:00,78,59
1624580081,2016-05-12 00:00:00,24,54
1624580081,2016-05-12 01:00:00,60,56
1624580081,2016-05-12 02:00:00,121,57
1624580081,2016-05-12 03:00:00,0,52
1624580081,2016-05-12 04:00:00,6,54
1624580081,2016-05-12 05:00:00,0,50
1624580081,2016-05-12 06:00:00,0,50
1624580081,2016-05-12 07:00:00,0,50
1624580081,2016-05-12 08:00:00,0,50
1624580081,2016-05-12 09:00:00,0,50
1624580081,2016-05-12 10:00:00,97,59
1624580081,2016-05-12 11:00:00,0,50
1624580081,2016-05-12 12:00:00,215,65
1624580081,2016-05-12 13:00:00,300,83
1624580081,2016-05-12 14:00:00,1795,116
1624580081,2016-05-12 15:00:00,121,63
1644430081,2016-04-12 00:00:00,45,89
1644430081,2016-04-12 01:00:00,8,87
1644430081,2016-04-12 02:00:00,0,84
1644430081,2016-04-12 03:00:00,0,84
1644430081,2016-04-12 04:00:00,0,84
1644430081,2016-04-12 05:00:00,0,84
1644430081,2016-04-12 06:00:00,0,84
1644430081,2016-04-12 07:00:00,0,84
1644430081,2016-04-12 08:00:00,451,130
1644430081,2016-04-12 09:00:00,318,131
1644430081,2016-04-12 10:00:00,288,129
1644430081,2016-04-12 11:00:00,107,121
1644430081,2016-04-12 12:00:00,68,102
1644430081,2016-04-12 13:00:00,5,96
1644430081,2016-04-12 14:00:00,539,154
1644430081,2016-04-12 15:00:00,79,110
1644430081,2016-04-12 16:00:00,156,115
1644430081,2016-04-12 17:00:00,205,114
1644430081,2016-04-12 18:00:00,1676,237
1644430081,2016-04-12 19:00:00,1669,250
1644430081,2016-04-12 20:00:00,1467,231
1644430081,2016-04-12 21:00:00,2076,279
1644430081,2016-04-12 22:00:00,1527,234
1644430081,2016-04-12 23:00:00,10,87
1644430081,2016-04-13 00:00:00,0,84
1644430081,2016-04-13 01:00:00,0,84
1644430081,2016-04-13 02:00:00,0,84
1644430081,2016-04-13 03:00:00,0,84
1644430081,2016-04-13 04:00:00,0,84
1644430081,2016-04-13 05:00:00,0,84
1644430081,2016-04-13 06:00:00,0,84
1644430081,2016-04-13 07:00:00,0,84
1644430081,2016-04-13 08:00:00,488,141
1644430081,2016-04-13 09:00:00,255,123
1644430081,2016-04-13 10:00:00,11,100
1644430081,2016-04-13 11:00:00,217,121
1644430081,2016-04-13 12:00:00,501,148
1644430081,2016-04-13 13:00:00,88,116
1644430081,2016-04-13 14:00:00,72,114
1644430081,2016-04-13 15:00:00,20,101
1644430081,2016-04-13 16:00:00,170,116
1644430081,2016-04-13 17:00:00,418,141
1644430081,2016-04-13 18:00:00,602,149
1644430081,2016-04-13 19:00:00,4660,456
1644430081,2016-04-13 20:00:00,499,149
1644430081,2016-04-13 21:00:00,0,84
1644430081,2016-04-13 22:00:00,0,84
1644430081,2016-04-13 23:00:00,0,84
1644430081,2016-04-14 00:00:00,0,84
1644430081,2016-04-14 01:00:00,0,84
1644430081,2016-04-14 02:00:00,0,84
1644430081,2016-04-14 03:00:00,0,84
1644430081,2016-04-14 04:00:00,0,84
1644430081,2016-04-14 05:00:00,0,84
1644430081,2016-04-14 06:00:00,0,84
1644430081,2016-04-14 07:00:00,0,84
1644430081,2016-04-14 08:00:00,466,134
1644430081,2016-04-14 09:00:00,18,103
1644430081,2016-04-14 10:00:00,25,100
1644430081,2016-04-14 11:00:00,525,143
1644430081,2016-04-14 12:00:00,101,105
1644430081,2016-04-14 13:00:00,465,147
1644430081,2016-04-14 14:00:00,73,106
1644430081,2016-04-14 15:00:00,173,121
1644430081,2016-04-14 16:00:00,174,125
1644430081,2016-04-14 17:00:00,392,134
1644430081,2016-04-14 18:00:00,1108,205
1644430081,2016-04-14 19:00:00,2162,275
1644430081,2016-04-14 20:00:00,1723,258
1644430081,2016-04-14 21:00:00,1686,248
1644430081,2016-04-14 22:00:00,1937,261
1644430081,2016-04-14 23:00:00,9,87
1644430081,2016-04-15 00:00:00,0,84
1644430081,2016-04-15 01:00:00,0,84
1644430081,2016-04-15 02:00:00,0,84
1644430081,2016-04-15 03:00:00,0,84
1644430081,2016-04-15 04:00:00,0,84
1644430081,2016-04-15 05:00:00,0,84
1644430081,2016-04-15 06:00:00,0,84
1644430081,2016-04-15 07:00:00,586,148
1644430081,2016-04-15 08:00:00,89,117
1644430081,2016-04-15 09:00:00,9,98
1644430081,2016-04-15 10:00:00,5,97
1644430081,2016-04-15 11:00:00,352,135
1644430081,2016-04-15 12:00:00,210,113
1644430081,2016-04-15 13:00:00,94,115
1644430081,2016-04-15 14:00:00,458,158
1644430081,2016-04-15 15:00:00,32,99
1644430081,2016-04-15 16:00:00,512,151
1644430081,2016-04-15 17:00:00,129,114
1644430081,2016-04-15 18:00:00,655,157
1644430081,2016-04-15 19:00:00,449,133
1644430081,2016-04-15 20:00:00,1337,209
1644430081,2016-04-15 21:00:00,11,96
1644430081,2016-04-15 22:00:00,31,101
1644430081,2016-04-15 23:00:00,304,119
1644430081,2016-04-16 00:00:00,0,84
1644430081,2016-04-16 01:00:00,0,84
1644430081,2016-04-16 02:00:00,0,84
1644430081,2016-04-16 03:00:00,0,84
1644430081,2016-04-16 04:00:00,0,84
1644430081,2016-04-16 05:00:00,0,84
1644430081,2016-04-16 06:00:00,0,84
1644430081,2016-04-16 07:00:00,0,84
1644430081,2016-04-16 08:00:00,0,84
1644430081,2016-04-16 09:00:00,0,84
1644430081,2016-04-16 10:00:00,0,84
1644430081,2016-04-16 11:00:00,783,169
1644430081,2016-04-16 12:00:00,1959,273
1644430081,2016-04-16 13:00:00,1814,244
1644430081,2016-04-16 14:00:00,879,179
1644430081,2016-04-16 15:00:00,1229,200
1644430081,2016-04-16 16:00:00,3434,364
1644430081,2016-04-16 17:00:00,1163,196
1644430081,2016-04-16 18:00:00,562,150
1644430081,2016-04-16 19:00:00,62,114
1644430081,2016-04-16 20:00:00,679,160
1644430081,2016-04-16 21:00:00,1100,187
1644430081,2016-04-16 22:00:00,1400,215
1644430081,2016-04-16 23:00:00,159,114
1644430081,2016-04-17 00:00:00,836,173
1644430081,2016-04-17 01:00:00,561,145
1644430081,2016-04-17 02:00:00,0,84
1644430081,2016-04-17 03:00:00,0,84
1644430081,2016-04-17 04:00:00,0,84
1644430081,2016-04-17 05:00:00,0,84
1644430081,2016-04-17 06:00:00,0,84
1644430081,2016-04-17 07:00:00,0,84
1644430081,2016-04-17 08:00:00,0,84
1644430081,2016-04-17 09:00:00,0,84
1644430081,2016-04-17 10:00:00,0,84
1644430081,2016-04-17 11:00:00,0,84
1644430081,2016-04-17 12:00:00,608,147
1644430081,2016-04-17 13:00:00,979,178
1644430081,2016-04-17 14:00:00,3195,345
1644430081,2016-04-17 15:00:00,278,128
1644430081,2016-04-17 16:00:00,44,101
1644430081,2016-04-17 17:00:00,149,110
1644430081,2016-04-17 18:00:00,189,122
1644430081,2016-04-17 19:00:00,327,133
1644430081,2016-04-17 20:00:00,629,165
1644430081,2016-04-17 21:00:00,394,157
1644430081,2016-04-17 22:00:00,319,137
1644430081,2016-04-17 23:00:00,249,126
1644430081,2016-04-18 00:00:00,152,111
1644430081,2016-04-18 01:00:00,0,84
1644430081,2016-04-18 02:00:00,0,84
1644430081,2016-04-18 03:00:00,0,84
1644430081,2016-04-18 04:00:00,0,84
1644430081,2016-04-18 05:00:00,0,84
1644430081,2016-04-18 06:00:00,0,84
1644430081,2016-04-18 07:00:00,16,89
1644430081,2016-04-18 08:00:00,596,149
1644430081,2016-04-18 09:00:00,160,115
1644430081,2016-04-18 10:00:00,18,101
1644430081,2016-04-18 11:00:00,11,96
1644430081,2016-04-18 12:00:00,219,124
1644430081,2016-04-18 13:00:00,679,158
1644430081,2016-04-18 14:00:00,105,108
1644430081,2016-04-18 15:00:00,153,105
1644430081,2016-04-18 16:00:00,31,104
1644430081,2016-04-18 17:00:00,470,137
1644430081,2016-04-18 18:00:00,498,151
1644430081,2016-04-18 19:00:00,3815,383
1644430081,2016-04-18 20:00:00,209,116
1644430081,2016-04-18 21:00:00,0,85
1644430081,2016-04-18 22:00:00,0,84
1644430081,2016-04-18 23:00:00,0,84
1644430081,2016-04-19 00:00:00,0,84
1644430081,2016-04-19 01:00:00,0,84
1644430081,2016-04-19 02:00:00,0,84
1644430081,2016-04-19 03:00:00,0,84
1644430081,2016-04-19 04:00:00,0,84
1644430081,2016-04-19 05:00:00,0,84
1644430081,2016-04-19 06:00:00,0,84
1644430081,2016-04-19 07:00:00,0,84
1644430081,2016-04-19 08:00:00,524,144
1644430081,2016-04-19 09:00:00,127,116
1644430081,2016-04-19 10:00:00,228,121
1644430081,2016-04-19 11:00:00,85,109
1644430081,2016-04-19 12:00:00,323,130
1644430081,2016-04-19 13:00:00,97,109
1644430081,2016-04-19 14:00:00,610,166
1644430081,2016-04-19 15:00:00,96,114
1644430081,2016-04-19 16:00:00,66,109
1644430081,2016-04-19 17:00:00,274,128
1644430081,2016-04-19 18:00:00,1470,219
1644430081,2016-04-19 19:00:00,2402,292
1644430081,2016-04-19 20:00:00,1296,224
1644430081,2016-04-19 21:00:00,1949,271
1644430081,2016-04-19 22:00:00,1521,228
1644430081,2016-04-19 23:00:00,163,101
1644430081,2016-04-20 00:00:00,5,94
1644430081,2016-04-20 01:00:00,4,91
1644430081,2016-04-20 02:00:00,3,90
1644430081,2016-04-20 03:00:00,2,88
1644430081,2016-04-20 04:00:00,3,90
1644430081,2016-04-20 05:00:00,3,90
1644430081,2016-04-20 06:00:00,2,88
1644430081,2016-04-20 07:00:00,3,90
1644430081,2016-04-20 08:00:00,350,123
1644430081,2016-04-20 09:00:00,94,107
1644430081,2016-04-20 10:00:00,200,117
1644430081,2016-04-20 11:00:00,51,105
1644430081,2016-04-20 12:00:00,6,98
1644430081,2016-04-20 13:00:00,369,122
1644430081,2016-04-20 14:00:00,361,131
1644430081,2016-04-20 15:00:00,247,119
1644430081,2016-04-20 16:00:00,5,93
1644430081,2016-04-20 17:00:00,36,102
1644430081,2016-04-20 18:00:00,11,99
1644430081,2016-04-20 19:00:00,39,98
1644430081,2016-04-20 20:00:00,16,86
1644430081,2016-04-20 21:00:00,483,128
1644430081,2016-04-20 22:00:00,134,96
1644430081,2016-04-20 23:00:00,9,85
1644430081,2016-04-21 00:00:00,0,84
1644430081,2016-04-21 01:00:00,0,84
1644430081,2016-04-21 02:00:00,0,84
1644430081,2016-04-21 03:00:00,0,84
1644430081,2016-04-21 04:00:00,0,84
1644430081,2016-04-21 05:00:00,0,84
1644430081,2016-04-21 06:00:00,0,84
1644430081,2016-04-21 07:00:00,0,84
1644430081,2016-04-21 08:00:00,0,84
1644430081,2016-04-21 09:00:00,0,84
1644430081,2016-04-21 10:00:00,16,86
1644430081,2016-04-21 11:00:00,44,91
1644430081,2016-04-21 12:00:00,0,84
1644430081,2016-04-21 13:00:00,0,84
1644430081,2016-04-21 14:00:00,35,87
1644430081,2016-04-21 15:00:00,0,84
1644430081,2016-04-21 16:00:00,506,135
1644430081,2016-04-21 17:00:00,0,84
1644430081,2016-04-21 18:00:00,0,84
1644430081,2016-04-21 19:00:00,120,95
1644430081,2016-04-21 20:00:00,320,110
1644430081,2016-04-21 21:00:00,161,101
1644430081,2016-04-21 22:00:00,0,84
1644430081,2016-04-21 23:00:00,21,86
1644430081,2016-04-22 00:00:00,0,84
1644430081,2016-04-22 01:00:00,0,84
1644430081,2016-04-22 02:00:00,329,111
1644430081,2016-04-22 03:00:00,0,84
1644430081,2016-04-22 04:00:00,59,90
1644430081,2016-04-22 05:00:00,0,84
1644430081,2016-04-22 06:00:00,0,84
1644430081,2016-04-22 07:00:00,0,84
1644430081,2016-04-22 08:00:00,0,84
1644430081,2016-04-22 09:00:00,0,84
1644430081,2016-04-22 10:00:00,0,84
1644430081,2016-04-22 11:00:00,0,84
1644430081,2016-04-22 12:00:00,556,129
1644430081,2016-04-22 13:00:00,720,150
1644430081,2016-04-22 14:00:00,756,151
1644430081,2016-04-22 15:00:00,11,85
1644430081,2016-04-22 16:00:00,263,109
1644430081,2016-04-22 17:00:00,0,85
1644430081,2016-04-22 18:00:00,0,84
1644430081,2016-04-22 19:00:00,23,88
1644430081,2016-04-22 20:00:00,819,156
1644430081,2016-04-22 21:00:00,137,95
1644430081,2016-04-22 22:00:00,0,84
1644430081,2016-04-22 23:00:00,0,84
1644430081,2016-04-23 00:00:00,0,84
1644430081,2016-04-23 01:00:00,24,87
1644430081,2016-04-23 02:00:00,23,87
1644430081,2016-04-23 03:00:00,0,84
1644430081,2016-04-23 04:00:00,0,84
1644430081,2016-04-23 05:00:00,0,84
1644430081,2016-04-23 06:00:00,0,84
1644430081,2016-04-23 07:00:00,0,84
1644430081,2016-04-23 08:00:00,8,89
1644430081,2016-04-23 09:00:00,0,84
1644430081,2016-04-23 10:00:00,0,84
1644430081,2016-04-23 11:00:00,0,84
1644430081,2016-04-23 12:00:00,0,84
1644430081,2016-04-23 13:00:00,0,84
1644430081,2016-04-23 14:00:00,0,84
1644430081,2016-04-23 15:00:00,0,84
1644430081,2016-04-23 16:00:00,170,98
1644430081,2016-04-23 17:00:00,727,160
1644430081,2016-04-23 18:00:00,1451,236
1644430081,2016-04-23 19:00:00,1984,277
1644430081,2016-04-23 20:00:00,2098,275
1644430081,2016-04-23 21:00:00,144,102
1644430081,2016-04-23 22:00:00,0,84
1644430081,2016-04-23 23:00:00,8,85
1644430081,2016-04-24 00:00:00,16,85
1644430081,2016-04-24 01:00:00,16,86
1644430081,2016-04-24 02:00:00,12,85
1644430081,2016-04-24 03:00:00,0,84
1644430081,2016-04-24 04:00:00,0,84
1644430081,2016-04-24 05:00:00,0,84
1644430081,2016-04-24 06:00:00,0,84
1644430081,2016-04-24 07:00:00,0,84
1644430081,2016-04-24 08:00:00,0,84
1644430081,2016-04-24 09:00:00,0,84
1644430081,2016-04-24 10:00:00,0,84
1644430081,2016-04-24 11:00:00,0,84
1644430081,2016-04-24 12:00:00,176,112
1644430081,2016-04-24 13:00:00,844,166
1644430081,2016-04-24 14:00:00,871,168
1644430081,2016-04-24 15:00:00,368,129
1644430081,2016-04-24 16:00:00,6,89
1644430081,2016-04-24 17:00:00,288,116
1644430081,2016-04-24 18:00:00,45,99
1644430081,2016-04-24 19:00:00,336,134
1644430081,2016-04-24 20:00:00,313,129
1644430081,2016-04-24 21:00:00,0,84
1644430081,2016-04-24 22:00:00,22,86
1644430081,2016-04-24 23:00:00,8,86
1644430081,2016-04-25 00:00:00,0,84
1644430081,2016-04-25 01:00:00,0,84
1644430081,2016-04-25 02:00:00,0,84
1644430081,2016-04-25 03:00:00,0,84
1644430081,2016-04-25 04:00:00,0,84
1644430081,2016-04-25 05:00:00,0,84
1644430081,2016-04-25 06:00:00,0,84
1644430081,2016-04-25 07:00:00,0,84
1644430081,2016-04-25 08:00:00,541,142
1644430081,2016-04-25 09:00:00,7,99
1644430081,2016-04-25 10:00:00,981,180
1644430081,2016-04-25 11:00:00,247,117
1644430081,2016-04-25 12:00:00,24,100
1644430081,2016-04-25 13:00:00,343,134
1644430081,2016-04-25 14:00:00,0,92
1644430081,2016-04-25 15:00:00,14,99
1644430081,2016-04-25 16:00:00,39,106
1644430081,2016-04-25 17:00:00,421,136
1644430081,2016-04-25 18:00:00,283,126
1644430081,2016-04-25 19:00:00,583,143
1644430081,2016-04-25 20:00:00,0,84
1644430081,2016-04-25 21:00:00,0,84
1644430081,2016-04-25 22:00:00,0,84
1644430081,2016-04-25 23:00:00,97,95
1644430081,2016-04-26 00:00:00,8,85
1644430081,2016-04-26 01:00:00,0,84
1644430081,2016-04-26 02:00:00,0,84
1644430081,2016-04-26 03:00:00,0,84
1644430081,2016-04-26 04:00:00,0,84
1644430081,2016-04-26 05:00:00,0,84
1644430081,2016-04-26 06:00:00,0,84
1644430081,2016-04-26 07:00:00,0,84
1644430081,2016-04-26 08:00:00,478,131
1644430081,2016-04-26 09:00:00,368,131
1644430081,2016-04-26 10:00:00,18,100
1644430081,2016-04-26 11:00:00,73,106
1644430081,2016-04-26 12:00:00,32,101
1644430081,2016-04-26 13:00:00,389,135
1644430081,2016-04-26 14:00:00,204,115
1644430081,2016-04-26 15:00:00,239,125
1644430081,2016-04-26 16:00:00,160,115
1644430081,2016-04-26 17:00:00,181,113
1644430081,2016-04-26 18:00:00,1565,229
1644430081,2016-04-26 19:00:00,1123,215
1644430081,2016-04-26 20:00:00,802,183
1644430081,2016-04-26 21:00:00,2810,329
1644430081,2016-04-26 22:00:00,1431,221
1644430081,2016-04-26 23:00:00,38,96
1644430081,2016-04-27 00:00:00,0,84
1644430081,2016-04-27 01:00:00,0,84
1644430081,2016-04-27 02:00:00,0,84
1644430081,2016-04-27 03:00:00,0,84
1644430081,2016-04-27 04:00:00,0,84
1644430081,2016-04-27 05:00:00,0,84
1644430081,2016-04-27 06:00:00,0,84
1644430081,2016-04-27 07:00:00,0,84
1644430081,2016-04-27 08:00:00,472,131
1644430081,2016-04-27 09:00:00,48,112
1644430081,2016-04-27 10:00:00,73,117
1644430081,2016-04-27 11:00:00,148,118
1644430081,2016-04-27 12:00:00,78,101
1644430081,2016-04-27 13:00:00,448,141
1644430081,2016-04-27 14:00:00,138,107
1644430081,2016-04-27 15:00:00,298,144
1644430081,2016-04-27 16:00:00,60,107
1644430081,2016-04-27 17:00:00,553,142
1644430081,2016-04-27 18:00:00,357,135
1644430081,2016-04-27 19:00:00,314,114
1644430081,2016-04-27 20:00:00,45,95
1644430081,2016-04-27 21:00:00,0,84
1644430081,2016-04-27 22:00:00,0,84
1644430081,2016-04-27 23:00:00,0,84
1644430081,2016-04-28 00:00:00,0,84
1644430081,2016-04-28 01:00:00,0,84
1644430081,2016-04-28 02:00:00,0,84
1644430081,2016-04-28 03:00:00,0,84
1644430081,2016-04-28 04:00:00,0,84
1644430081,2016-04-28 05:00:00,0,84
1644430081,2016-04-28 06:00:00,0,84
1644430081,2016-04-28 07:00:00,0,84
1644430081,2016-04-28 08:00:00,378,123
1644430081,2016-04-28 09:00:00,111,112
1644430081,2016-04-28 10:00:00,194,126
1644430081,2016-04-28 11:00:00,53,108
1644430081,2016-04-28 12:00:00,27,102
1644430081,2016-04-28 13:00:00,164,120
1644430081,2016-04-28 14:00:00,30,107
1644430081,2016-04-28 15:00:00,243,130
1644430081,2016-04-28 16:00:00,117,120
1644430081,2016-04-28 17:00:00,513,139
1644430081,2016-04-28 18:00:00,1356,213
1644430081,2016-04-28 19:00:00,2035,272
1644430081,2016-04-28 20:00:00,1236,218
1644430081,2016-04-28 21:00:00,1833,259
1644430081,2016-04-28 22:00:00,1115,201
1644430081,2016-04-28 23:00:00,0,84
1644430081,2016-04-29 00:00:00,0,84
1644430081,2016-04-29 01:00:00,0,84
1644430081,2016-04-29 02:00:00,0,84
1644430081,2016-04-29 03:00:00,0,84
1644430081,2016-04-29 04:00:00,0,84
1644430081,2016-04-29 05:00:00,0,84
1644430081,2016-04-29 06:00:00,0,84
1644430081,2016-04-29 07:00:00,366,122
1644430081,2016-04-29 08:00:00,36,102
1644430081,2016-04-29 09:00:00,24,101
1644430081,2016-04-29 10:00:00,336,127
1644430081,2016-04-29 11:00:00,338,134
1644430081,2016-04-29 12:00:00,11,96
1644430081,2016-04-29 13:00:00,363,133
1644430081,2016-04-29 14:00:00,469,141
1644430081,2016-04-29 15:00:00,290,135
1644430081,2016-04-29 16:00:00,76,116
1644430081,2016-04-29 17:00:00,755,168
1644430081,2016-04-29 18:00:00,59,97
1644430081,2016-04-29 19:00:00,0,85
1644430081,2016-04-29 20:00:00,0,85
1644430081,2016-04-29 21:00:00,53,97
1644430081,2016-04-29 22:00:00,0,84
1644430081,2016-04-29 23:00:00,0,84
1644430081,2016-04-30 00:00:00,0,84
1644430081,2016-04-30 01:00:00,0,84
1644430081,2016-04-30 02:00:00,0,84
1644430081,2016-04-30 03:00:00,0,84
1644430081,2016-04-30 04:00:00,0,84
1644430081,2016-04-30 05:00:00,0,84
1644430081,2016-04-30 06:00:00,0,84
1644430081,2016-04-30 07:00:00,1306,204
1644430081,2016-04-30 08:00:00,1116,194
1644430081,2016-04-30 09:00:00,687,176
1644430081,2016-04-30 10:00:00,506,168
1644430081,2016-04-30 11:00:00,1522,236
1644430081,2016-04-30 12:00:00,954,189
1644430081,2016-04-30 13:00:00,783,175
1644430081,2016-04-30 14:00:00,469,139
1644430081,2016-04-30 15:00:00,51,93
1644430081,2016-04-30 16:00:00,0,85
1644430081,2016-04-30 17:00:00,694,159
1644430081,2016-04-30 18:00:00,2743,323
1644430081,2016-04-30 19:00:00,2275,287
1644430081,2016-04-30 20:00:00,1363,224
1644430081,2016-04-30 21:00:00,2543,307
1644430081,2016-04-30 22:00:00,1201,212
1644430081,2016-04-30 23:00:00,0,84
1644430081,2016-05-01 00:00:00,0,84
1644430081,2016-05-01 01:00:00,0,84
1644430081,2016-05-01 02:00:00,0,84
1644430081,2016-05-01 03:00:00,0,84
1644430081,2016-05-01 04:00:00,0,84
1644430081,2016-05-01 05:00:00,0,84
1644430081,2016-05-01 06:00:00,0,84
1644430081,2016-05-01 07:00:00,0,84
1644430081,2016-05-01 08:00:00,0,84
1644430081,2016-05-01 09:00:00,0,84
1644430081,2016-05-01 10:00:00,0,84
1644430081,2016-05-01 11:00:00,0,84
1644430081,2016-05-01 12:00:00,375,129
1644430081,2016-05-01 13:00:00,315,125
1644430081,2016-05-01 14:00:00,1234,197
1644430081,2016-05-01 15:00:00,162,109
1644430081,2016-05-01 16:00:00,1090,202
1644430081,2016-05-01 17:00:00,655,161
1644430081,2016-05-01 18:00:00,1013,189
1644430081,2016-05-01 19:00:00,920,179
1644430081,2016-05-01 20:00:00,368,139
1644430081,2016-05-01 21:00:00,0,84
1644430081,2016-05-01 22:00:00,0,84
1644430081,2016-05-01 23:00:00,0,84
1644430081,2016-05-02 00:00:00,0,84
1644430081,2016-05-02 01:00:00,0,84
1644430081,2016-05-02 02:00:00,0,84
1644430081,2016-05-02 03:00:00,0,84
1644430081,2016-05-02 04:00:00,0,84
1644430081,2016-05-02 05:00:00,0,84
1644430081,2016-05-02 06:00:00,0,84
1644430081,2016-05-02 07:00:00,0,84
1644430081,2016-05-02 08:00:00,0,84
1644430081,2016-05-02 09:00:00,0,84
1644430081,2016-05-02 10:00:00,0,84
1644430081,2016-05-02 11:00:00,404,132
1644430081,2016-05-02 12:00:00,173,113
1644430081,2016-05-02 13:00:00,21,98
1644430081,2016-05-02 14:00:00,239,135
1644430081,2016-05-02 15:00:00,95,112
1644430081,2016-05-02 16:00:00,206,132
1644430081,2016-05-02 17:00:00,794,170
1644430081,2016-05-02 18:00:00,685,171
1644430081,2016-05-02 19:00:00,803,171
1644430081,2016-05-02 20:00:00,308,122
1644430081,2016-05-02 21:00:00,0,84
1644430081,2016-05-02 22:00:00,0,84
1644430081,2016-05-02 23:00:00,0,85
1644430081,2016-05-03 00:00:00,7,87
1644430081,2016-05-03 01:00:00,0,84
1644430081,2016-05-03 02:00:00,0,84
1644430081,2016-05-03 03:00:00,0,84
1644430081,2016-05-03 04:00:00,0,84
1644430081,2016-05-03 05:00:00,0,84
1644430081,2016-05-03 06:00:00,0,84
1644430081,2016-05-03 07:00:00,0,84
1644430081,2016-05-03 08:00:00,373,119
1644430081,2016-05-03 09:00:00,189,110
1644430081,2016-05-03 10:00:00,466,149
1644430081,2016-05-03 11:00:00,73,113
1644430081,2016-05-03 12:00:00,20,101
1644430081,2016-05-03 13:00:00,431,146
1644430081,2016-05-03 14:00:00,40,101
1644430081,2016-05-03 15:00:00,35,101
1644430081,2016-05-03 16:00:00,69,113
1644430081,2016-05-03 17:00:00,376,134
1644430081,2016-05-03 18:00:00,1298,205
1644430081,2016-05-03 19:00:00,2095,278
1644430081,2016-05-03 20:00:00,2674,319
1644430081,2016-05-03 21:00:00,2700,313
1644430081,2016-05-03 22:00:00,1925,256
1644430081,2016-05-03 23:00:00,18,87
1644430081,2016-05-04 00:00:00,20,86
1644430081,2016-05-04 01:00:00,0,84
1644430081,2016-05-04 02:00:00,0,84
1644430081,2016-05-04 03:00:00,0,84
1644430081,2016-05-04 04:00:00,0,84
1644430081,2016-05-04 05:00:00,0,84
1644430081,2016-05-04 06:00:00,0,84
1644430081,2016-05-04 07:00:00,0,84
1644430081,2016-05-04 08:00:00,518,129
1644430081,2016-05-04 09:00:00,0,84
1644430081,2016-05-04 10:00:00,0,84
1644430081,2016-05-04 11:00:00,0,84
1644430081,2016-05-04 12:00:00,127,96
1644430081,2016-05-04 13:00:00,206,104
1644430081,2016-05-04 14:00:00,0,84
1644430081,2016-05-04 15:00:00,652,144
1644430081,2016-05-04 16:00:00,0,84
1644430081,2016-05-04 17:00:00,0,84
1644430081,2016-05-04 18:00:00,708,141
1644430081,2016-05-04 19:00:00,0,84
1644430081,2016-05-04 20:00:00,52,88
1644430081,2016-05-04 21:00:00,17,86
1644430081,2016-05-04 22:00:00,9,85
1644430081,2016-05-04 23:00:00,0,84
1644430081,2016-05-05 00:00:00,0,84
1644430081,2016-05-05 01:00:00,0,84
1644430081,2016-05-05 02:00:00,0,84
1644430081,2016-05-05 03:00:00,0,84
1644430081,2016-05-05 04:00:00,0,84
1644430081,2016-05-05 05:00:00,0,84
1644430081,2016-05-05 06:00:00,0,84
1644430081,2016-05-05 07:00:00,0,84
1644430081,2016-05-05 08:00:00,475,122
1644430081,2016-05-05 09:00:00,0,84
1644430081,2016-05-05 10:00:00,0,84
1644430081,2016-05-05 11:00:00,0,84
1644430081,2016-05-05 12:00:00,308,110
1644430081,2016-05-05 13:00:00,15,86
1644430081,2016-05-05 14:00:00,0,84
1644430081,2016-05-05 15:00:00,0,84
1644430081,2016-05-05 16:00:00,0,84
1644430081,2016-05-05 17:00:00,631,135
1644430081,2016-05-05 18:00:00,325,115
1644430081,2016-05-05 19:00:00,832,165
1644430081,2016-05-05 20:00:00,190,108
1644430081,2016-05-05 21:00:00,162,123
1644430081,2016-05-05 22:00:00,50,108
1644430081,2016-05-05 23:00:00,1375,211
1644430081,2016-05-06 00:00:00,974,205
1644430081,2016-05-06 01:00:00,226,136
1644430081,2016-05-06 02:00:00,116,152
1644430081,2016-05-06 03:00:00,227,155
1644430081,2016-05-06 04:00:00,4,92
1644430081,2016-05-06 05:00:00,4,92
1644430081,2016-05-06 06:00:00,4,92
1644430081,2016-05-06 07:00:00,4,92
1644430081,2016-05-06 08:00:00,342,131
1644430081,2016-05-06 09:00:00,926,198
1644430081,2016-05-06 10:00:00,126,116
1644430081,2016-05-06 11:00:00,26,106
1644430081,2016-05-06 12:00:00,1588,235
1644430081,2016-05-06 13:00:00,1187,202
1644430081,2016-05-06 14:00:00,408,141
1644430081,2016-05-06 15:00:00,1780,255
1644430081,2016-05-06 16:00:00,136,114
1644430081,2016-05-06 17:00:00,176,128
1644430081,2016-05-06 18:00:00,123,121
1644430081,2016-05-06 19:00:00,253,129
1644430081,2016-05-06 20:00:00,187,123
1644430081,2016-05-06 21:00:00,785,164
1644430081,2016-05-06 22:00:00,63,105
1644430081,2016-05-06 23:00:00,93,98
1644430081,2016-05-07 00:00:00,148,103
1644430081,2016-05-07 01:00:00,0,84
1644430081,2016-05-07 02:00:00,0,84
1644430081,2016-05-07 03:00:00,0,84
1644430081,2016-05-07 04:00:00,0,84
1644430081,2016-05-07 05:00:00,0,84
1644430081,2016-05-07 06:00:00,0,84
1644430081,2016-05-07 07:00:00,0,84
1644430081,2016-05-07 08:00:00,512,140
1644430081,2016-05-07 09:00:00,97,108
1644430081,2016-05-07 10:00:00,85,113
1644430081,2016-05-07 11:00:00,1922,257
1644430081,2016-05-07 12:00:00,1695,240
1644430081,2016-05-07 13:00:00,1936,265
1644430081,2016-05-07 14:00:00,1599,225
1644430081,2016-05-07 15:00:00,773,171
1644430081,2016-05-07 16:00:00,1481,223
1644430081,2016-05-07 17:00:00,1626,227
1644430081,2016-05-07 18:00:00,14,99
1644430081,2016-05-07 19:00:00,303,124
1644430081,2016-05-07 20:00:00,331,141
1644430081,2016-05-07 21:00:00,429,133
1644430081,2016-05-07 22:00:00,202,127
1644430081,2016-05-07 23:00:00,219,118
1644430081,2016-05-08 00:00:00,137,112
1644430081,2016-05-08 01:00:00,298,132
1644430081,2016-05-08 02:00:00,798,167
1644430081,2016-05-08 03:00:00,7,96
1644430081,2016-05-08 04:00:00,7,98
1644430081,2016-05-08 05:00:00,7,98
1644430081,2016-05-08 06:00:00,7,98
1644430081,2016-05-08 07:00:00,7,98
1644430081,2016-05-08 08:00:00,7,98
1644430081,2016-05-08 09:00:00,587,153
1644430081,2016-05-08 10:00:00,867,178
1644430081,2016-05-08 11:00:00,609,155
1644430081,2016-05-08 12:00:00,256,125
1644430081,2016-05-08 13:00:00,380,133
1644430081,2016-05-08 14:00:00,354,132
1644430081,2016-05-08 15:00:00,302,128
1644430081,2016-05-08 16:00:00,493,147
1644430081,2016-05-08 17:00:00,769,173
1644430081,2016-05-08 18:00:00,37,91
1644430081,2016-05-08 19:00:00,8,90
1644430081,2016-05-08 20:00:00,15,92
1644430081,2016-05-08 21:00:00,460,143
1644430081,2016-05-08 22:00:00,270,141
1644430081,2016-05-08 23:00:00,42,109
1644430081,2016-05-09 00:00:00,2,88
1644430081,2016-05-09 01:00:00,1,86
1644430081,2016-05-09 02:00:00,1,86
1644430081,2016-05-09 03:00:00,1,86
1644430081,2016-05-09 04:00:00,1,86
1644430081,2016-05-09 05:00:00,1,86
1644430081,2016-05-09 06:00:00,1,86
1644430081,2016-05-09 07:00:00,1,86
1644430081,2016-05-09 08:00:00,611,168
1644430081,2016-05-09 09:00:00,15,113
1644430081,2016-05-09 10:00:00,14,110
1644430081,2016-05-09 11:00:00,97,119
1644430081,2016-05-09 12:00:00,163,200
1644430081,2016-05-09 13:00:00,218,177
1644430081,2016-05-09 14:00:00,19,115
1644430081,2016-05-09 15:00:00,18,119
1644430081,2016-05-09 16:00:00,19,117
1644430081,2016-05-09 17:00:00,19,117
1644430081,2016-05-09 18:00:00,710,147
1644430081,2016-05-09 19:00:00,4084,413
1644430081,2016-05-09 20:00:00,549,137
1644430081,2016-05-09 21:00:00,48,90
1644430081,2016-05-09 22:00:00,0,84
1644430081,2016-05-09 23:00:00,50,88
1644430081,2016-05-10 00:00:00,27,87
1644430081,2016-05-10 01:00:00,0,84
1644430081,2016-05-10 02:00:00,0,84
1644430081,2016-05-10 03:00:00,0,84
1644430081,2016-05-10 04:00:00,0,84
1644430081,2016-05-10 05:00:00,0,84
1644430081,2016-05-10 06:00:00,0,84
1644430081,2016-05-10 07:00:00,0,84
1644430081,2016-05-10 08:00:00,158,97
1644430081,2016-05-10 09:00:00,574,131
1644430081,2016-05-10 10:00:00,194,101
1644430081,2016-05-10 11:00:00,0,84
1644430081,2016-05-10 12:00:00,0,84
1644430081,2016-05-10 13:00:00,369,115
1644430081,2016-05-10 14:00:00,0,84
1644430081,2016-05-10 15:00:00,0,84
1644430081,2016-05-10 16:00:00,0,84
1644430081,2016-05-10 17:00:00,0,84
1644430081,2016-05-10 18:00:00,1803,235
1644430081,2016-05-10 19:00:00,1115,191
1644430081,2016-05-10 20:00:00,1474,205
1644430081,2016-05-10 21:00:00,2213,268
1644430081,2016-05-10 22:00:00,1227,186
1644430081,2016-05-10 23:00:00,13,87
1644430081,2016-05-11 00:00:00,8,85
1644430081,2016-05-11 01:00:00,0,84
1644430081,2016-05-11 02:00:00,0,84
1644430081,2016-05-11 03:00:00,0,84
1644430081,2016-05-11 04:00:00,0,84
1644430081,2016-05-11 05:00:00,0,84
1644430081,2016-05-11 06:00:00,0,84
1644430081,2016-05-11 07:00:00,166,113
1644430081,2016-05-11 08:00:00,463,130
1644430081,2016-05-11 09:00:00,179,122
1644430081,2016-05-11 10:00:00,70,114
1644430081,2016-05-11 11:00:00,103,111
1844505072,2016-04-12 00:00:00,0,56
1844505072,2016-04-12 01:00:00,0,56
1844505072,2016-04-12 02:00:00,0,56
1844505072,2016-04-12 03:00:00,0,56
1844505072,2016-04-12 04:00:00,0,56
1844505072,2016-04-12 05:00:00,0,56
1844505072,2016-04-12 06:00:00,0,56
1844505072,2016-04-12 07:00:00,0,56
1844505072,2016-04-12 08:00:00,114,66
1844505072,2016-04-12 09:00:00,682,124
1844505072,2016-04-12 10:00:00,582,108
1844505072,2016-04-12 11:00:00,429,105
1844505072,2016-04-12 12:00:00,814,127
1844505072,2016-04-12 13:00:00,377,97
1844505072,2016-04-12 14:00:00,301,97
1844505072,2016-04-12 15:00:00,643,108
1844505072,2016-04-12 16:00:00,456,105
1844505072,2016-04-12 17:00:00,410,100
1844505072,2016-04-12 18:00:00,533,104
1844505072,2016-04-12 19:00:00,228,93
1844505072,2016-04-12 20:00:00,489,106
1844505072,2016-04-12 21:00:00,166,82
1844505072,2016-04-12 22:00:00,436,96
1844505072,2016-04-12 23:00:00,37,65
1844505072,2016-04-13 00:00:00,0,56
1844505072,2016-04-13 01:00:00,0,56
1844505072,2016-04-13 02:00:00,0,56
1844505072,2016-04-13 03:00:00,0,56
1844505072,2016-04-13 04:00:00,0,56
1844505072,2016-04-13 05:00:00,0,56
1844505072,2016-04-13 06:00:00,0,56
1844505072,2016-04-13 07:00:00,0,56
1844505072,2016-04-13 08:00:00,0,56
1844505072,2016-04-13 09:00:00,0,57
1844505072,2016-04-13 10:00:00,744,116
1844505072,2016-04-13 11:00:00,281,91
1844505072,2016-04-13 12:00:00,347,95
1844505072,2016-04-13 13:00:00,43,65
1844505072,2016-04-13 14:00:00,175,73
1844505072,2016-04-13 15:00:00,139,81
1844505072,2016-04-13 16:00:00,452,98
1844505072,2016-04-13 17:00:00,234,85
1844505072,2016-04-13 18:00:00,608,112
1844505072,2016-04-13 19:00:00,401,97
1844505072,2016-04-13 20:00:00,323,95
1844505072,2016-04-13 21:00:00,561,109
1844505072,2016-04-13 22:00:00,168,81
1844505072,2016-04-13 23:00:00,453,101
1844505072,2016-04-14 00:00:00,189,82
1844505072,2016-04-14 01:00:00,87,65
1844505072,2016-04-14 02:00:00,0,56
1844505072,2016-04-14 03:00:00,0,56
1844505072,2016-04-14 04:00:00,0,56
1844505072,2016-04-14 05:00:00,0,56
1844505072,2016-04-14 06:00:00,0,56
1844505072,2016-04-14 07:00:00,48,62
1844505072,2016-04-14 08:00:00,638,115
1844505072,2016-04-14 09:00:00,613,113
1844505072,2016-04-14 10:00:00,836,130
1844505072,2016-04-14 11:00:00,555,114
1844505072,2016-04-14 12:00:00,288,85
1844505072,2016-04-14 13:00:00,505,112
1844505072,2016-04-14 14:00:00,284,80
1844505072,2016-04-14 15:00:00,188,89
1844505072,2016-04-14 16:00:00,222,84
1844505072,2016-04-14 17:00:00,688,117
1844505072,2016-04-14 18:00:00,315,88
1844505072,2016-04-14 19:00:00,1290,152
1844505072,2016-04-14 20:00:00,560,107
1844505072,2016-04-14 21:00:00,288,95
1844505072,2016-04-14 22:00:00,167,80
1844505072,2016-04-14 23:00:00,144,78
1844505072,2016-04-15 00:00:00,100,63
1844505072,2016-04-15 01:00:00,0,56
1844505072,2016-04-15 02:00:00,0,56
1844505072,2016-04-15 03:00:00,0,56
1844505072,2016-04-15 04:00:00,0,56
1844505072,2016-04-15 05:00:00,0,56
1844505072,2016-04-15 06:00:00,0,56
1844505072,2016-04-15 07:00:00,0,56
1844505072,2016-04-15 08:00:00,0,56
1844505072,2016-04-15 09:00:00,0,56
1844505072,2016-04-15 10:00:00,176,76
1844505072,2016-04-15 11:00:00,170,86
1844505072,2016-04-15 12:00:00,354,93
1844505072,2016-04-15 13:00:00,413,97
1844505072,2016-04-15 14:00:00,443,100
1844505072,2016-04-15 15:00:00,441,99
1844505072,2016-04-15 16:00:00,280,92
1844505072,2016-04-15 17:00:00,213,71
1844505072,2016-04-15 18:00:00,0,56
1844505072,2016-04-15 19:00:00,0,56
1844505072,2016-04-15 20:00:00,0,56
1844505072,2016-04-15 21:00:00,457,91
1844505072,2016-04-15 22:00:00,494,94
1844505072,2016-04-15 23:00:00,303,89
1844505072,2016-04-16 00:00:00,0,56
1844505072,2016-04-16 01:00:00,0,56
1844505072,2016-04-16 02:00:00,0,56
1844505072,2016-04-16 03:00:00,0,56
1844505072,2016-04-16 04:00:00,0,56
1844505072,2016-04-16 05:00:00,0,56
1844505072,2016-04-16 06:00:00,0,56
1844505072,2016-04-16 07:00:00,0,56
1844505072,2016-04-16 08:00:00,0,56
1844505072,2016-04-16 09:00:00,63,66
1844505072,2016-04-16 10:00:00,308,95
1844505072,2016-04-16 11:00:00,481,111
1844505072,2016-04-16 12:00:00,480,101
1844505072,2016-04-16 13:00:00,1150,144
1844505072,2016-04-16 14:00:00,787,118
1844505072,2016-04-16 15:00:00,134,67
1844505072,2016-04-16 16:00:00,11,58
1844505072,2016-04-16 17:00:00,0,56
1844505072,2016-04-16 18:00:00,0,56
1844505072,2016-04-16 19:00:00,0,56
1844505072,2016-04-16 20:00:00,0,56
1844505072,2016-04-16 21:00:00,0,56
1844505072,2016-04-16 22:00:00,0,56
1844505072,2016-04-16 23:00:00,0,56
1844505072,2016-04-17 00:00:00,0,56
1844505072,2016-04-17 01:00:00,0,57
1844505072,2016-04-17 02:00:00,0,56
1844505072,2016-04-17 03:00:00,0,56
1844505072,2016-04-17 04:00:00,0,56
1844505072,2016-04-17 05:00:00,0,56
1844505072,2016-04-17 06:00:00,0,56
1844505072,2016-04-17 07:00:00,0,56
1844505072,2016-04-17 08:00:00,0,56
1844505072,2016-04-17 09:00:00,0,56
1844505072,2016-04-17 10:00:00,0,56
1844505072,2016-04-17 11:00:00,0,56
1844505072,2016-04-17 12:00:00,0,56
1844505072,2016-04-17 13:00:00,0,56
1844505072,2016-04-17 14:00:00,391,102
1844505072,2016-04-17 15:00:00,815,121
1844505072,2016-04-17 16:00:00,1450,153
1844505072,2016-04-17 17:00:00,337,97
1844505072,2016-04-17 18:00:00,190,82
1844505072,2016-04-17 19:00:00,332,97
1844505072,2016-04-17 20:00:00,420,101
1844505072,2016-04-17 21:00:00,253,91
1844505072,2016-04-17 22:00:00,181,84
1844505072,2016-04-17 23:00:00,156,79
1844505072,2016-04-18 00:00:00,371,96
1844505072,2016-04-18 01:00:00,0,56
1844505072,2016-04-18 02:00:00,0,56
1844505072,2016-04-18 03:00:00,0,56
1844505072,2016-04-18 04:00:00,0,56
1844505072,2016-04-18 05:00:00,0,56
1844505072,2016-04-18 06:00:00,113,72
1844505072,2016-04-18 07:00:00,74,67
1844505072,2016-04-18 08:00:00,396,95
1844505072,2016-04-18 09:00:00,200,82
1844505072,2016-04-18 10:00:00,362,88
1844505072,2016-04-18 11:00:00,0,56
1844505072,2016-04-18 12:00:00,0,56
1844505072,2016-04-18 13:00:00,0,56
1844505072,2016-04-18 14:00:00,0,56
1844505072,2016-04-18 15:00:00,14,63
1844505072,2016-04-18 16:00:00,20,58
1844505072,2016-04-18 17:00:00,259,82
1844505072,2016-04-18 18:00:00,365,103
1844505072,2016-04-18 19:00:00,605,122
1844505072,2016-04-18 20:00:00,182,87
1844505072,2016-04-18 21:00:00,437,91
1844505072,2016-04-18 22:00:00,1104,130
1844505072,2016-04-18 23:00:00,95,74
1844505072,2016-04-19 00:00:00,138,70
1844505072,2016-04-19 01:00:00,0,56
1844505072,2016-04-19 02:00:00,0,56
1844505072,2016-04-19 03:00:00,0,56
1844505072,2016-04-19 04:00:00,0,56
1844505072,2016-04-19 05:00:00,0,56
1844505072,2016-04-19 06:00:00,0,56
1844505072,2016-04-19 07:00:00,0,56
1844505072,2016-04-19 08:00:00,0,56
1844505072,2016-04-19 09:00:00,0,56
1844505072,2016-04-19 10:00:00,59,62
1844505072,2016-04-19 11:00:00,0,56
1844505072,2016-04-19 12:00:00,0,56
1844505072,2016-04-19 13:00:00,0,56
1844505072,2016-04-19 14:00:00,0,56
1844505072,2016-04-19 15:00:00,0,56
1844505072,2016-04-19 16:00:00,0,56
1844505072,2016-04-19 17:00:00,0,56
1844505072,2016-04-19 18:00:00,0,56
1844505072,2016-04-19 19:00:00,0,56
1844505072,2016-04-19 20:00:00,0,56
1844505072,2016-04-19 21:00:00,0,56
1844505072,2016-04-19 22:00:00,0,56
1844505072,2016-04-19 23:00:00,0,56
1844505072,2016-04-20 00:00:00,0,56
1844505072,2016-04-20 01:00:00,0,56
1844505072,2016-04-20 02:00:00,0,56
1844505072,2016-04-20 03:00:00,0,56
1844505072,2016-04-20 04:00:00,0,56
1844505072,2016-04-20 05:00:00,0,56
1844505072,2016-04-20 06:00:00,0,56
1844505072,2016-04-20 07:00:00,0,56
1844505072,2016-04-20 08:00:00,0,56
1844505072,2016-04-20 09:00:00,0,56
1844505072,2016-04-20 10:00:00,0,56
1844505072,2016-04-20 11:00:00,0,56
1844505072,2016-04-20 12:00:00,0,56
1844505072,2016-04-20 13:00:00,0,56
1844505072,2016-04-20 14:00:00,0,56
1844505072,2016-04-20 15:00:00,0,56
1844505072,2016-04-20 16:00:00,0,56
1844505072,2016-04-20 17:00:00,0,56
1844505072,2016-04-20 18:00:00,0,56
1844505072,2016-04-20 19:00:00,0,56
1844505072,2016-04-20 20:00:00,0,56
1844505072,2016-04-20 21:00:00,0,56
1844505072,2016-04-20 22:00:00,8,58
1844505072,2016-04-20 23:00:00,0,56
1844505072,2016-04-21 00:00:00,0,56
1844505072,2016-04-21 01:00:00,0,56
1844505072,2016-04-21 02:00:00,0,56
1844505072,2016-04-21 03:00:00,0,56
1844505072,2016-04-21 04:00:00,0,56
1844505072,2016-04-21 05:00:00,0,56
1844505072,2016-04-21 06:00:00,0,56
1844505072,2016-04-21 07:00:00,0,56
1844505072,2016-04-21 08:00:00,325,83
1844505072,2016-04-21 09:00:00,817,126
1844505072,2016-04-21 10:00:00,622,116
1844505072,2016-04-21 11:00:00,482,99
1844505072,2016-04-21 12:00:00,252,80
1844505072,2016-04-21 13:00:00,298,95
1844505072,2016-04-21 14:00:00,452,96
1844505072,2016-04-21 15:00:00,263,89
1844505072,2016-04-21 16:00:00,396,101
1844505072,2016-04-21 17:00:00,850,129
1844505072,2016-04-21 18:00:00,192,89
1844505072,2016-04-21 19:00:00,547,101
1844505072,2016-04-21 20:00:00,2043,184
1844505072,2016-04-21 21:00:00,130,75
1844505072,2016-04-21 22:00:00,385,96
1844505072,2016-04-21 23:00:00,0,56
1844505072,2016-04-22 00:00:00,0,56
1844505072,2016-04-22 01:00:00,0,56
1844505072,2016-04-22 02:00:00,0,56
1844505072,2016-04-22 03:00:00,0,56
1844505072,2016-04-22 04:00:00,0,56
1844505072,2016-04-22 05:00:00,0,56
1844505072,2016-04-22 06:00:00,0,56
1844505072,2016-04-22 07:00:00,0,56
1844505072,2016-04-22 08:00:00,0,56
1844505072,2016-04-22 09:00:00,0,56
1844505072,2016-04-22 10:00:00,518,95
1844505072,2016-04-22 11:00:00,762,115
1844505072,2016-04-22 12:00:00,328,98
1844505072,2016-04-22 13:00:00,619,105
1844505072,2016-04-22 14:00:00,561,110
1844505072,2016-04-22 15:00:00,234,74
1844505072,2016-04-22 16:00:00,0,56
1844505072,2016-04-22 17:00:00,0,56
1844505072,2016-04-22 18:00:00,137,68
1844505072,2016-04-22 19:00:00,797,126
1844505072,2016-04-22 20:00:00,371,91
1844505072,2016-04-22 21:00:00,363,98
1844505072,2016-04-22 22:00:00,97,76
1844505072,2016-04-22 23:00:00,585,100
1844505072,2016-04-23 00:00:00,149,72
1844505072,2016-04-23 01:00:00,0,56
1844505072,2016-04-23 02:00:00,0,56
1844505072,2016-04-23 03:00:00,0,56
1844505072,2016-04-23 04:00:00,0,56
1844505072,2016-04-23 05:00:00,0,56
1844505072,2016-04-23 06:00:00,0,56
1844505072,2016-04-23 07:00:00,0,56
1844505072,2016-04-23 08:00:00,0,56
1844505072,2016-04-23 09:00:00,0,56
1844505072,2016-04-23 10:00:00,392,82
1844505072,2016-04-23 11:00:00,758,120
1844505072,2016-04-23 12:00:00,539,98
1844505072,2016-04-23 13:00:00,128,68
1844505072,2016-04-23 14:00:00,0,57
1844505072,2016-04-23 15:00:00,583,111
1844505072,2016-04-23 16:00:00,947,132
1844505072,2016-04-23 17:00:00,74,63
1844505072,2016-04-23 18:00:00,0,56
1844505072,2016-04-23 19:00:00,0,56
1844505072,2016-04-23 20:00:00,0,56
1844505072,2016-04-23 21:00:00,0,56
1844505072,2016-04-23 22:00:00,0,56
1844505072,2016-04-23 23:00:00,0,56
1844505072,2016-04-24 00:00:00,0,56
1844505072,2016-04-24 01:00:00,0,56
1844505072,2016-04-24 02:00:00,0,56
1844505072,2016-04-24 03:00:00,0,56
1844505072,2016-04-24 04:00:00,0,56
1844505072,2016-04-24 05:00:00,0,56
1844505072,2016-04-24 06:00:00,0,56
1844505072,2016-04-24 07:00:00,0,56
1844505072,2016-04-24 08:00:00,0,56
1844505072,2016-04-24 09:00:00,0,56
1844505072,2016-04-24 10:00:00,0,56
1844505072,2016-04-24 11:00:00,0,56
1844505072,2016-04-24 12:00:00,0,56
1844505072,2016-04-24 13:00:00,0,56
1844505072,2016-04-24 14:00:00,0,56
1844505072,2016-04-24 15:00:00,0,56
1844505072,2016-04-24 16:00:00,0,56
1844505072,2016-04-24 17:00:00,0,56
1844505072,2016-04-24 18:00:00,0,56
1844505072,2016-04-24 19:00:00,0,56
1844505072,2016-04-24 20:00:00,0,56
1844505072,2016-04-24 21:00:00,0,56
1844505072,2016-04-24 22:00:00,0,56
1844505072,2016-04-24 23:00:00,0,56
1844505072,2016-04-25 00:00:00,0,56
1844505072,2016-04-25 01:00:00,0,56
1844505072,2016-04-25 02:00:00,0,56
1844505072,2016-04-25 03:00:00,0,56
1844505072,2016-04-25 04:00:00,0,56
1844505072,2016-04-25 05:00:00,0,56
1844505072,2016-04-25 06:00:00,0,56
1844505072,2016-04-25 07:00:00,0,56
1844505072,2016-04-25 08:00:00,0,56
1844505072,2016-04-25 09:00:00,0,56
1844505072,2016-04-25 10:00:00,0,56
1844505072,2016-04-25 11:00:00,0,56
1844505072,2016-04-25 12:00:00,0,56
1844505072,2016-04-25 13:00:00,0,56
1844505072,2016-04-25 14:00:00,0,56
1844505072,2016-04-25 15:00:00,0,56
1844505072,2016-04-25 16:00:00,0,56
1844505072,2016-04-25 17:00:00,0,56
1844505072,2016-04-25 18:00:00,0,56
1844505072,2016-04-25 19:00:00,0,56
1844505072,2016-04-25 20:00:00,0,56
1844505072,2016-04-25 21:00:00,0,56
1844505072,2016-04-25 22:00:00,0,56
1844505072,2016-04-25 23:00:00,0,56
1844505072,2016-04-26 00:00:00,0,56
1844505072,2016-04-26 01:00:00,0,56
1844505072,2016-04-26 02:00:00,0,56
1844505072,2016-04-26 03:00:00,0,56
1844505072,2016-04-26 04:00:00,0,56
1844505072,2016-04-26 05:00:00,0,56
1844505072,2016-04-26 06:00:00,0,56
1844505072,2016-04-26 07:00:00,0,56
1844505072,2016-04-26 08:00:00,0,56
1844505072,2016-04-26 09:00:00,0,56
1844505072,2016-04-26 10:00:00,0,56
1844505072,2016-04-26 11:00:00,0,56
1844505072,2016-04-26 12:00:00,0,56
1844505072,2016-04-26 13:00:00,0,56
1844505072,2016-04-26 14:00:00,0,56
1844505072,2016-04-26 15:00:00,0,56
1844505072,2016-04-26 16:00:00,0,56
1844505072,2016-04-26 17:00:00,0,56
1844505072,2016-04-26 18:00:00,0,56
1844505072,2016-04-26 19:00:00,0,56
1844505072,2016-04-26 20:00:00,0,56
1844505072,2016-04-26 21:00:00,0,56
1844505072,2016-04-26 22:00:00,0,56
1844505072,2016-04-26 23:00:00,0,56
1844505072,2016-04-27 00:00:00,0,56
1844505072,2016-04-27 01:00:00,0,56
1844505072,2016-04-27 02:00:00,0,56
1844505072,2016-04-27 03:00:00,0,56
1844505072,2016-04-27 04:00:00,0,56
1844505072,2016-04-27 05:00:00,0,56
1844505072,2016-04-27 06:00:00,0,56
1844505072,2016-04-27 07:00:00,0,56
1844505072,2016-04-27 08:00:00,0,56
1844505072,2016-04-27 09:00:00,0,56
1844505072,2016-04-27 10:00:00,0,56
1844505072,2016-04-27 11:00:00,0,56
1844505072,2016-04-27 12:00:00,0,56
1844505072,2016-04-27 13:00:00,0,56
1844505072,2016-04-27 14:00:00,4,58
1844505072,2016-04-27 15:00:00,0,56
1844505072,2016-04-27 16:00:00,0,56
1844505072,2016-04-27 17:00:00,0,56
1844505072,2016-04-27 18:00:00,0,56
1844505072,2016-04-27 19:00:00,0,56
1844505072,2016-04-27 20:00:00,0,56
1844505072,2016-04-27 21:00:00,0,56
1844505072,2016-04-27 22:00:00,0,56
1844505072,2016-04-27 23:00:00,0,56
1844505072,2016-04-28 00:00:00,0,56
1844505072,2016-04-28 01:00:00,0,56
1844505072,2016-04-28 02:00:00,0,56
1844505072,2016-04-28 03:00:00,0,56
1844505072,2016-04-28 04:00:00,0,56
1844505072,2016-04-28 05:00:00,0,56
1844505072,2016-04-28 06:00:00,0,56
1844505072,2016-04-28 07:00:00,0,56
1844505072,2016-04-28 08:00:00,0,56
1844505072,2016-04-28 09:00:00,0,56
1844505072,2016-04-28 10:00:00,205,71
1844505072,2016-04-28 11:00:00,788,118
1844505072,2016-04-28 12:00:00,705,122
1844505072,2016-04-28 13:00:00,284,89
1844505072,2016-04-28 14:00:00,454,101
1844505072,2016-04-28 15:00:00,534,113
1844505072,2016-04-28 16:00:00,332,94
1844505072,2016-04-28 17:00:00,777,114
1844505072,2016-04-28 18:00:00,151,79
1844505072,2016-04-28 19:00:00,335,89
1844505072,2016-04-28 20:00:00,208,85
1844505072,2016-04-28 21:00:00,1001,148
1844505072,2016-04-28 22:00:00,861,122
1844505072,2016-04-28 23:00:00,264,88
1844505072,2016-04-29 00:00:00,68,72
1844505072,2016-04-29 01:00:00,184,78
1844505072,2016-04-29 02:00:00,0,56
1844505072,2016-04-29 03:00:00,0,56
1844505072,2016-04-29 04:00:00,0,56
1844505072,2016-04-29 05:00:00,0,56
1844505072,2016-04-29 06:00:00,0,56
1844505072,2016-04-29 07:00:00,0,56
1844505072,2016-04-29 08:00:00,0,56
1844505072,2016-04-29 09:00:00,232,77
1844505072,2016-04-29 10:00:00,431,105
1844505072,2016-04-29 11:00:00,845,130
1844505072,2016-04-29 12:00:00,53,60
1844505072,2016-04-29 13:00:00,0,56
1844505072,2016-04-29 14:00:00,542,95
1844505072,2016-04-29 15:00:00,57,61
1844505072,2016-04-29 16:00:00,114,70
1844505072,2016-04-29 17:00:00,196,82
1844505072,2016-04-29 18:00:00,405,104
1844505072,2016-04-29 19:00:00,322,93
1844505072,2016-04-29 20:00:00,665,115
1844505072,2016-04-29 21:00:00,133,78
1844505072,2016-04-29 22:00:00,538,112
1844505072,2016-04-29 23:00:00,135,75
1844505072,2016-04-30 00:00:00,0,57
1844505072,2016-04-30 01:00:00,0,56
1844505072,2016-04-30 02:00:00,0,56
1844505072,2016-04-30 03:00:00,0,56
1844505072,2016-04-30 04:00:00,0,56
1844505072,2016-04-30 05:00:00,0,56
1844505072,2016-04-30 06:00:00,0,56
1844505072,2016-04-30 07:00:00,0,56
1844505072,2016-04-30 08:00:00,0,56
1844505072,2016-04-30 09:00:00,0,56
1844505072,2016-04-30 10:00:00,612,103
1844505072,2016-04-30 11:00:00,517,107
1844505072,2016-04-30 12:00:00,551,109
1844505072,2016-04-30 13:00:00,0,57
1844505072,2016-04-30 14:00:00,166,69
1844505072,2016-04-30 15:00:00,314,91
1844505072,2016-04-30 16:00:00,191,72
1844505072,2016-04-30 17:00:00,217,83
1844505072,2016-04-30 18:00:00,276,85
1844505072,2016-04-30 19:00:00,107,76
1844505072,2016-04-30 20:00:00,154,81
1844505072,2016-04-30 21:00:00,203,86
1844505072,2016-04-30 22:00:00,258,91
1844505072,2016-04-30 23:00:00,448,92
1844505072,2016-05-01 00:00:00,1193,138
1844505072,2016-05-01 01:00:00,555,103
1844505072,2016-05-01 02:00:00,773,117
1844505072,2016-05-01 03:00:00,52,61
1844505072,2016-05-01 04:00:00,0,56
1844505072,2016-05-01 05:00:00,0,56
1844505072,2016-05-01 06:00:00,0,56
1844505072,2016-05-01 07:00:00,0,56
1844505072,2016-05-01 08:00:00,0,56
1844505072,2016-05-01 09:00:00,0,56
1844505072,2016-05-01 10:00:00,0,56
1844505072,2016-05-01 11:00:00,0,56
1844505072,2016-05-01 12:00:00,0,56
1844505072,2016-05-01 13:00:00,0,56
1844505072,2016-05-01 14:00:00,0,56
1844505072,2016-05-01 15:00:00,0,56
1844505072,2016-05-01 16:00:00,0,56
1844505072,2016-05-01 17:00:00,0,56
1844505072,2016-05-01 18:00:00,0,56
1844505072,2016-05-01 19:00:00,0,56
1844505072,2016-05-01 20:00:00,0,56
1844505072,2016-05-01 21:00:00,0,56
1844505072,2016-05-01 22:00:00,0,56
1844505072,2016-05-01 23:00:00,0,56
1844505072,2016-05-02 00:00:00,0,56
1844505072,2016-05-02 01:00:00,0,57
1844505072,2016-05-02 02:00:00,0,56
1844505072,2016-05-02 03:00:00,0,56
1844505072,2016-05-02 04:00:00,0,56
1844505072,2016-05-02 05:00:00,0,56
1844505072,2016-05-02 06:00:00,0,56
1844505072,2016-05-02 07:00:00,0,56
1844505072,2016-05-02 08:00:00,0,56
1844505072,2016-05-02 09:00:00,0,56
1844505072,2016-05-02 10:00:00,0,56
1844505072,2016-05-02 11:00:00,0,56
1844505072,2016-05-02 12:00:00,0,56
1844505072,2016-05-02 13:00:00,0,56
1844505072,2016-05-02 14:00:00,0,56
1844505072,2016-05-02 15:00:00,0,56
1844505072,2016-05-02 16:00:00,0,56
1844505072,2016-05-02 17:00:00,0,56
1844505072,2016-05-02 18:00:00,0,56
1844505072,2016-05-02 19:00:00,0,56
1844505072,2016-05-02 20:00:00,0,56
1844505072,2016-05-02 21:00:00,0,56
1844505072,2016-05-02 22:00:00,0,56
1844505072,2016-05-02 23:00:00,0,56
1844505072,2016-05-03 00:00:00,0,56
1844505072,2016-05-03 01:00:00,0,56
1844505072,2016-05-03 02:00:00,0,56
1844505072,2016-05-03 03:00:00,0,56
1844505072,2016-05-03 04:00:00,0,56
1844505072,2016-05-03 05:00:00,0,56
1844505072,2016-05-03 06:00:00,0,56
1844505072,2016-05-03 07:00:00,0,56
1844505072,2016-05-03 08:00:00,0,56
1844505072,2016-05-03 09:00:00,0,56
1844505072,2016-05-03 10:00:00,486,95
1844505072,2016-05-03 11:00:00,683,113
1844505072,2016-05-03 12:00:00,361,97
1844505072,2016-05-03 13:00:00,95,70
1844505072,2016-05-03 14:00:00,769,122
1844505072,2016-05-03 15:00:00,80,64
1844505072,2016-05-03 16:00:00,37,60
1844505072,2016-05-03 17:00:00,622,109
1844505072,2016-05-03 18:00:00,41,62
1844505072,2016-05-03 19:00:00,265,89
1844505072,2016-05-03 20:00:00,312,92
1844505072,2016-05-03 21:00:00,194,78
1844505072,2016-05-03 22:00:00,57,66
1844505072,2016-05-03 23:00:00,57,65
1844505072,2016-05-04 00:00:00,0,56
1844505072,2016-05-04 01:00:00,0,56
1844505072,2016-05-04 02:00:00,0,56
1844505072,2016-05-04 03:00:00,0,56
1844505072,2016-05-04 04:00:00,0,56
1844505072,2016-05-04 05:00:00,0,56
1844505072,2016-05-04 06:00:00,0,56
1844505072,2016-05-04 07:00:00,0,56
1844505072,2016-05-04 08:00:00,0,56
1844505072,2016-05-04 09:00:00,0,56
1844505072,2016-05-04 10:00:00,63,64
1844505072,2016-05-04 11:00:00,720,117
1844505072,2016-05-04 12:00:00,276,88
1844505072,2016-05-04 13:00:00,208,82
1844505072,2016-05-04 14:00:00,9,63
1844505072,2016-05-04 15:00:00,402,93
1844505072,2016-05-04 16:00:00,402,88
1844505072,2016-05-04 17:00:00,0,56
1844505072,2016-05-04 18:00:00,0,56
1844505072,2016-05-04 19:00:00,0,56
1844505072,2016-05-04 20:00:00,0,56
1844505072,2016-05-04 21:00:00,0,56
1844505072,2016-05-04 22:00:00,0,56
1844505072,2016-05-04 23:00:00,0,56
1844505072,2016-05-05 00:00:00,0,56
1844505072,2016-05-05 01:00:00,0,56
1844505072,2016-05-05 02:00:00,0,56
1844505072,2016-05-05 03:00:00,0,56
1844505072,2016-05-05 04:00:00,0,56
1844505072,2016-05-05 05:00:00,0,56
1844505072,2016-05-05 06:00:00,0,56
1844505072,2016-05-05 07:00:00,0,56
1844505072,2016-05-05 08:00:00,0,56
1844505072,2016-05-05 09:00:00,0,56
1844505072,2016-05-05 10:00:00,145,72
1844505072,2016-05-05 11:00:00,423,106
1844505072,2016-05-05 12:00:00,184,82
1844505072,2016-05-05 13:00:00,464,102
1844505072,2016-05-05 14:00:00,542,111
1844505072,2016-05-05 15:00:00,479,106
1844505072,2016-05-05 16:00:00,0,56
1844505072,2016-05-05 17:00:00,0,56
1844505072,2016-05-05 18:00:00,0,56
1844505072,2016-05-05 19:00:00,0,56
1844505072,2016-05-05 20:00:00,0,56
1844505072,2016-05-05 21:00:00,0,56
1844505072,2016-05-05 22:00:00,0,56
1844505072,2016-05-05 23:00:00,0,56
1844505072,2016-05-06 00:00:00,0,56
1844505072,2016-05-06 01:00:00,0,56
1844505072,2016-05-06 02:00:00,0,56
1844505072,2016-05-06 03:00:00,0,56
1844505072,2016-05-06 04:00:00,0,56
1844505072,2016-05-06 05:00:00,0,56
1844505072,2016-05-06 06:00:00,0,56
1844505072,2016-05-06 07:00:00,0,56
1844505072,2016-05-06 08:00:00,0,56
1844505072,2016-05-06 09:00:00,0,56
1844505072,2016-05-06 10:00:00,0,56
1844505072,2016-05-06 11:00:00,0,56
1844505072,2016-05-06 12:00:00,0,56
1844505072,2016-05-06 13:00:00,0,56
1844505072,2016-05-06 14:00:00,0,56
1844505072,2016-05-06 15:00:00,0,56
1844505072,2016-05-06 16:00:00,0,56
1844505072,2016-05-06 17:00:00,0,56
1844505072,2016-05-06 18:00:00,0,56
1844505072,2016-05-06 19:00:00,44,60
1844505072,2016-05-06 20:00:00,0,56
1844505072,2016-05-06 21:00:00,0,56
1844505072,2016-05-06 22:00:00,0,56
1844505072,2016-05-06 23:00:00,0,56
1844505072,2016-05-07 00:00:00,0,56
1844505072,2016-05-07 01:00:00,0,56
1844505072,2016-05-07 02:00:00,0,56
1844505072,2016-05-07 03:00:00,0,56
1844505072,2016-05-07 04:00:00,0,56
1844505072,2016-05-07 05:00:00,0,56
1844505072,2016-05-07 06:00:00,0,56
1844505072,2016-05-07 07:00:00,0,56
1844505072,2016-05-07 08:00:00,0,56
1844505072,2016-05-07 09:00:00,0,56
1844505072,2016-05-07 10:00:00,0,56
1844505072,2016-05-07 11:00:00,0,56
1844505072,2016-05-07 12:00:00,0,56
1844505072,2016-05-07 13:00:00,0,56
1844505072,2016-05-07 14:00:00,0,56
1844505072,2016-05-07 15:00:00,0,56
1844505072,2016-05-07 16:00:00,0,56
1844505072,2016-05-07 17:00:00,0,56
1844505072,2016-05-07 18:00:00,0,56
1844505072,2016-05-07 19:00:00,0,56
1844505072,2016-05-07 20:00:00,0,56
1844505072,2016-05-07 21:00:00,0,56
1844505072,2016-05-07 22:00:00,0,56
1844505072,2016-05-07 23:00:00,0,56
1844505072,2016-05-08 00:00:00,0,56
1844505072,2016-05-08 01:00:00,0,56
1844505072,2016-05-08 02:00:00,0,56
1844505072,2016-05-08 03:00:00,0,56
1844505072,2016-05-08 04:00:00,0,56
1844505072,2016-05-08 05:00:00,0,56
1844505072,2016-05-08 06:00:00,0,56
1844505072,2016-05-08 07:00:00,0,56
1844505072,2016-05-08 08:00:00,0,56
1844505072,2016-05-08 09:00:00,0,56
1844505072,2016-05-08 10:00:00,0,56
1844505072,2016-05-08 11:00:00,0,56
1844505072,2016-05-08 12:00:00,0,56
1844505072,2016-05-08 13:00:00,0,56
1844505072,2016-05-08 14:00:00,0,56
1844505072,2016-05-08 15:00:00,0,56
1844505072,2016-05-08 16:00:00,0,56
1844505072,2016-05-08 17:00:00,0,56
1844505072,2016-05-08 18:00:00,0,56
1844505072,2016-05-08 19:00:00,0,56
1844505072,2016-05-08 20:00:00,0,56
1844505072,2016-05-08 21:00:00,0,56
1844505072,2016-05-08 22:00:00,0,56
1844505072,2016-05-08 23:00:00,0,56
1844505072,2016-05-09 00:00:00,0,56
1844505072,2016-05-09 01:00:00,0,56
1844505072,2016-05-09 02:00:00,0,56
1844505072,2016-05-09 03:00:00,0,56
1844505072,2016-05-09 04:00:00,0,56
1844505072,2016-05-09 05:00:00,0,56
1844505072,2016-05-09 06:00:00,0,56
1844505072,2016-05-09 07:00:00,0,56
1844505072,2016-05-09 08:00:00,0,56
1844505072,2016-05-09 09:00:00,0,56
1844505072,2016-05-09 10:00:00,0,56
1844505072,2016-05-09 11:00:00,0,56
1844505072,2016-05-09 12:00:00,0,56
1844505072,2016-05-09 13:00:00,0,56
1844505072,2016-05-09 14:00:00,0,56
1844505072,2016-05-09 15:00:00,0,56
1844505072,2016-05-09 16:00:00,0,56
1844505072,2016-05-09 17:00:00,0,56
1844505072,2016-05-09 18:00:00,0,56
1844505072,2016-05-09 19:00:00,0,56
1844505072,2016-05-09 20:00:00,0,56
1844505072,2016-05-09 21:00:00,0,56
1844505072,2016-05-09 22:00:00,0,56
1844505072,2016-05-09 23:00:00,0,56
1844505072,2016-05-10 00:00:00,0,56
1844505072,2016-05-10 01:00:00,0,56
1844505072,2016-05-10 02:00:00,0,56
1844505072,2016-05-10 03:00:00,0,56
1844505072,2016-05-10 04:00:00,0,56
1844505072,2016-05-10 05:00:00,0,56
1844505072,2016-05-10 06:00:00,0,56
1844505072,2016-05-10 07:00:00,0,56
1844505072,2016-05-10 08:00:00,0,56
1844505072,2016-05-10 09:00:00,0,56
1844505072,2016-05-10 10:00:00,0,56
1844505072,2016-05-10 11:00:00,0,56
1844505072,2016-05-10 12:00:00,0,56
1844505072,2016-05-10 13:00:00,0,56
1844505072,2016-05-10 14:00:00,0,56
1844505072,2016-05-10 15:00:00,0,56
1844505072,2016-05-10 16:00:00,0,56
1844505072,2016-05-10 17:00:00,0,56
1844505072,2016-05-10 18:00:00,0,56
1844505072,2016-05-10 19:00:00,0,56
1844505072,2016-05-10 20:00:00,0,56
1844505072,2016-05-10 21:00:00,0,56
1844505072,2016-05-10 22:00:00,0,56
1844505072,2016-05-10 23:00:00,0,56
1844505072,2016-05-11 00:00:00,0,56
1844505072,2016-05-11 01:00:00,0,56
1844505072,2016-05-11 02:00:00,0,56
1844505072,2016-05-11 03:00:00,0,56
1844505072,2016-05-11 04:00:00,0,56
1844505072,2016-05-11 05:00:00,0,56
1844505072,2016-05-11 06:00:00,0,56
1844505072,2016-05-11 07:00:00,0,56
1844505072,2016-05-11 08:00:00,0,56
1844505072,2016-05-11 09:00:00,0,56
1844505072,2016-05-11 10:00:00,0,56
1844505072,2016-05-11 11:00:00,0,56
1844505072,2016-05-11 12:00:00,0,56
1844505072,2016-05-11 13:00:00,0,56
1844505072,2016-05-11 14:00:00,0,56
1844505072,2016-05-11 15:00:00,0,56
1844505072,2016-05-11 16:00:00,0,56
1844505072,2016-05-11 17:00:00,0,56
1844505072,2016-05-11 18:00:00,0,56
1844505072,2016-05-11 19:00:00,0,56
1844505072,2016-05-11 20:00:00,0,56
1844505072,2016-05-11 21:00:00,0,56
1844505072,2016-05-11 22:00:00,0,56
1844505072,2016-05-11 23:00:00,0,56
1844505072,2016-05-12 00:00:00,0,56
1844505072,2016-05-12 01:00:00,0,56
1844505072,2016-05-12 02:00:00,0,56
1844505072,2016-05-12 03:00:00,0,56
1844505072,2016-05-12 04:00:00,0,56
1844505072,2016-05-12 05:00:00,0,56
1844505072,2016-05-12 06:00:00,0,56
1844505072,2016-05-12 07:00:00,0,56
1844505072,2016-05-12 08:00:00,0,56
1844505072,2016-05-12 09:00:00,0,56
1844505072,2016-05-12 10:00:00,0,56
1927972279,2016-04-12 00:00:00,0,85
1927972279,2016-04-12 01:00:00,0,85
1927972279,2016-04-12 02:00:00,0,85
1927972279,2016-04-12 03:00:00,0,84
1927972279,2016-04-12 04:00:00,4,87
1927972279,2016-04-12 05:00:00,0,85
1927972279,2016-04-12 06:00:00,20,90
1927972279,2016-04-12 07:00:00,0,85
1927972279,2016-04-12 08:00:00,0,85
1927972279,2016-04-12 09:00:00,0,85
1927972279,2016-04-12 10:00:00,0,85
1927972279,2016-04-12 11:00:00,17,89
1927972279,2016-04-12 12:00:00,0,84
1927972279,2016-04-12 13:00:00,0,85
1927972279,2016-04-12 14:00:00,169,111
1927972279,2016-04-12 15:00:00,12,93
1927972279,2016-04-12 16:00:00,77,102
1927972279,2016-04-12 17:00:00,119,117
1927972279,2016-04-12 18:00:00,0,88
1927972279,2016-04-12 19:00:00,28,92
1927972279,2016-04-12 20:00:00,32,97
1927972279,2016-04-12 21:00:00,105,109
1927972279,2016-04-12 22:00:00,50,94
1927972279,2016-04-12 23:00:00,45,93
1927972279,2016-04-13 00:00:00,4,90
1927972279,2016-04-13 01:00:00,16,92
1927972279,2016-04-13 02:00:00,17,91
1927972279,2016-04-13 03:00:00,0,87
1927972279,2016-04-13 04:00:00,12,91
1927972279,2016-04-13 05:00:00,0,86
1927972279,2016-04-13 06:00:00,0,86
1927972279,2016-04-13 07:00:00,0,86
1927972279,2016-04-13 08:00:00,0,86
1927972279,2016-04-13 09:00:00,79,102
1927972279,2016-04-13 10:00:00,0,86
1927972279,2016-04-13 11:00:00,5,88
1927972279,2016-04-13 12:00:00,0,86
1927972279,2016-04-13 13:00:00,0,86
1927972279,2016-04-13 14:00:00,0,86
1927972279,2016-04-13 15:00:00,0,86
1927972279,2016-04-13 16:00:00,0,86
1927972279,2016-04-13 17:00:00,115,110
1927972279,2016-04-13 18:00:00,108,109
1927972279,2016-04-13 19:00:00,0,86
1927972279,2016-04-13 20:00:00,0,86
1927972279,2016-04-13 21:00:00,0,86
1927972279,2016-04-13 22:00:00,0,86
1927972279,2016-04-13 23:00:00,0,86
1927972279,2016-04-14 00:00:00,0,86
1927972279,2016-04-14 01:00:00,0,86
1927972279,2016-04-14 02:00:00,0,86
1927972279,2016-04-14 03:00:00,0,86
1927972279,2016-04-14 04:00:00,0,86
1927972279,2016-04-14 05:00:00,0,86
1927972279,2016-04-14 06:00:00,0,86
1927972279,2016-04-14 07:00:00,0,86
1927972279,2016-04-14 08:00:00,0,86
1927972279,2016-04-14 09:00:00,0,86
1927972279,2016-04-14 10:00:00,0,86
1927972279,2016-04-14 11:00:00,0,86
1927972279,2016-04-14 12:00:00,0,86
1927972279,2016-04-14 13:00:00,0,86
1927972279,2016-04-14 14:00:00,54,92
1927972279,2016-04-14 15:00:00,959,183
1927972279,2016-04-14 16:00:00,440,147
1927972279,2016-04-14 17:00:00,388,144
1927972279,2016-04-14 18:00:00,143,118
1927972279,2016-04-14 19:00:00,70,107
1927972279,2016-04-14 20:00:00,22,99
1927972279,2016-04-14 21:00:00,46,101
1927972279,2016-04-14 22:00:00,34,99
1927972279,2016-04-14 23:00:00,7,88
1927972279,2016-04-15 00:00:00,5,88
1927972279,2016-04-15 01:00:00,0,86
1927972279,2016-04-15 02:00:00,0,87
1927972279,2016-04-15 03:00:00,0,87
1927972279,2016-04-15 04:00:00,94,102
1927972279,2016-04-15 05:00:00,0,87
1927972279,2016-04-15 06:00:00,0,86
1927972279,2016-04-15 07:00:00,0,86
1927972279,2016-04-15 08:00:00,0,87
1927972279,2016-04-15 09:00:00,403,139
1927972279,2016-04-15 10:00:00,41,96
1927972279,2016-04-15 11:00:00,328,138
1927972279,2016-04-15 12:00:00,109,105
1927972279,2016-04-15 13:00:00,0,88
1927972279,2016-04-15 14:00:00,0,86
1927972279,2016-04-15 15:00:00,0,86
1927972279,2016-04-15 16:00:00,0,86
1927972279,2016-04-15 17:00:00,0,86
1927972279,2016-04-15 18:00:00,0,86
1927972279,2016-04-15 19:00:00,0,86
1927972279,2016-04-15 20:00:00,0,86
1927972279,2016-04-15 21:00:00,0,86
1927972279,2016-04-15 22:00:00,0,86
1927972279,2016-04-15 23:00:00,0,86
1927972279,2016-04-16 00:00:00,0,86
1927972279,2016-04-16 01:00:00,0,86
1927972279,2016-04-16 02:00:00,0,86
1927972279,2016-04-16 03:00:00,0,86
1927972279,2016-04-16 04:00:00,0,86
1927972279,2016-04-16 05:00:00,0,86
1927972279,2016-04-16 06:00:00,0,86
1927972279,2016-04-16 07:00:00,0,86
1927972279,2016-04-16 08:00:00,0,86
1927972279,2016-04-16 09:00:00,0,86
1927972279,2016-04-16 10:00:00,0,86
1927972279,2016-04-16 11:00:00,0,86
1927972279,2016-04-16 12:00:00,0,86
1927972279,2016-04-16 13:00:00,0,86
1927972279,2016-04-16 14:00:00,0,86
1927972279,2016-04-16 15:00:00,0,86
1927972279,2016-04-16 16:00:00,0,86
1927972279,2016-04-16 17:00:00,0,86
1927972279,2016-04-16 18:00:00,0,86
1927972279,2016-04-16 19:00:00,0,86
1927972279,2016-04-16 20:00:00,0,86
1927972279,2016-04-16 21:00:00,0,86
1927972279,2016-04-16 22:00:00,0,86
1927972279,2016-04-16 23:00:00,0,86
1927972279,2016-04-17 00:00:00,0,86
1927972279,2016-04-17 01:00:00,0,86
1927972279,2016-04-17 02:00:00,0,86
1927972279,2016-04-17 03:00:00,0,86
1927972279,2016-04-17 04:00:00,0,86
1927972279,2016-04-17 05:00:00,0,86
1927972279,2016-04-17 06:00:00,0,86
1927972279,2016-04-17 07:00:00,0,86
1927972279,2016-04-17 08:00:00,0,86
1927972279,2016-04-17 09:00:00,0,86
1927972279,2016-04-17 10:00:00,0,86
1927972279,2016-04-17 11:00:00,0,86
1927972279,2016-04-17 12:00:00,0,86
1927972279,2016-04-17 13:00:00,0,86
1927972279,2016-04-17 14:00:00,0,86
1927972279,2016-04-17 15:00:00,0,86
1927972279,2016-04-17 16:00:00,0,86
1927972279,2016-04-17 17:00:00,0,86
1927972279,2016-04-17 18:00:00,0,86
1927972279,2016-04-17 19:00:00,0,86
1927972279,2016-04-17 20:00:00,0,86
1927972279,2016-04-17 21:00:00,0,86
1927972279,2016-04-17 22:00:00,0,86
1927972279,2016-04-17 23:00:00,0,86
1927972279,2016-04-18 00:00:00,0,86
1927972279,2016-04-18 01:00:00,0,86
1927972279,2016-04-18 02:00:00,0,86
1927972279,2016-04-18 03:00:00,0,86
1927972279,2016-04-18 04:00:00,0,86
1927972279,2016-04-18 05:00:00,0,86
1927972279,2016-04-18 06:00:00,0,86
1927972279,2016-04-18 07:00:00,0,86
1927972279,2016-04-18 08:00:00,0,86
1927972279,2016-04-18 09:00:00,0,86
1927972279,2016-04-18 10:00:00,0,86
1927972279,2016-04-18 11:00:00,158,115
1927972279,2016-04-18 12:00:00,86,105
1927972279,2016-04-18 13:00:00,0,86
1927972279,2016-04-18 14:00:00,0,86
1927972279,2016-04-18 15:00:00,0,86
1927972279,2016-04-18 16:00:00,0,86
1927972279,2016-04-18 17:00:00,0,86
1927972279,2016-04-18 18:00:00,0,86
1927972279,2016-04-18 19:00:00,0,86
1927972279,2016-04-18 20:00:00,0,86
1927972279,2016-04-18 21:00:00,0,86
1927972279,2016-04-18 22:00:00,0,86
1927972279,2016-04-18 23:00:00,0,86
1927972279,2016-04-19 00:00:00,0,86
1927972279,2016-04-19 01:00:00,0,86
1927972279,2016-04-19 02:00:00,0,86
1927972279,2016-04-19 03:00:00,0,86
1927972279,2016-04-19 04:00:00,0,86
1927972279,2016-04-19 05:00:00,0,86
1927972279,2016-04-19 06:00:00,0,86
1927972279,2016-04-19 07:00:00,0,86
1927972279,2016-04-19 08:00:00,0,86
1927972279,2016-04-19 09:00:00,0,86
1927972279,2016-04-19 10:00:00,0,86
1927972279,2016-04-19 11:00:00,0,86
1927972279,2016-04-19 12:00:00,0,86
1927972279,2016-04-19 13:00:00,0,86
1927972279,2016-04-19 14:00:00,0,86
1927972279,2016-04-19 15:00:00,0,86
1927972279,2016-04-19 16:00:00,0,86
1927972279,2016-04-19 17:00:00,0,86
1927972279,2016-04-19 18:00:00,0,86
1927972279,2016-04-19 19:00:00,0,86
1927972279,2016-04-19 20:00:00,0,86
1927972279,2016-04-19 21:00:00,0,86
1927972279,2016-04-19 22:00:00,0,86
1927972279,2016-04-19 23:00:00,0,86
1927972279,2016-04-20 00:00:00,0,86
1927972279,2016-04-20 01:00:00,0,86
1927972279,2016-04-20 02:00:00,0,86
1927972279,2016-04-20 03:00:00,0,86
1927972279,2016-04-20 04:00:00,0,86
1927972279,2016-04-20 05:00:00,0,86
1927972279,2016-04-20 06:00:00,0,86
1927972279,2016-04-20 07:00:00,0,86
1927972279,2016-04-20 08:00:00,0,86
1927972279,2016-04-20 09:00:00,0,86
1927972279,2016-04-20 10:00:00,0,86
1927972279,2016-04-20 11:00:00,0,86
1927972279,2016-04-20 12:00:00,0,86
1927972279,2016-04-20 13:00:00,0,86
1927972279,2016-04-20 14:00:00,0,86
1927972279,2016-04-20 15:00:00,0,86
1927972279,2016-04-20 16:00:00,0,86
1927972279,2016-04-20 17:00:00,0,86
1927972279,2016-04-20 18:00:00,0,86
1927972279,2016-04-20 19:00:00,0,86
1927972279,2016-04-20 20:00:00,0,86
1927972279,2016-04-20 21:00:00,0,86
1927972279,2016-04-20 22:00:00,0,86
1927972279,2016-04-20 23:00:00,0,86
1927972279,2016-04-21 00:00:00,0,86
1927972279,2016-04-21 01:00:00,0,86
1927972279,2016-04-21 02:00:00,0,86
1927972279,2016-04-21 03:00:00,0,86
1927972279,2016-04-21 04:00:00,0,86
1927972279,2016-04-21 05:00:00,0,86
1927972279,2016-04-21 06:00:00,0,86
1927972279,2016-04-21 07:00:00,0,86
1927972279,2016-04-21 08:00:00,0,86
1927972279,2016-04-21 09:00:00,0,86
1927972279,2016-04-21 10:00:00,0,86
1927972279,2016-04-21 11:00:00,0,86
1927972279,2016-04-21 12:00:00,0,86
1927972279,2016-04-21 13:00:00,0,86
1927972279,2016-04-21 14:00:00,0,86
1927972279,2016-04-21 15:00:00,0,86
1927972279,2016-04-21 16:00:00,0,86
1927972279,2016-04-21 17:00:00,0,86
1927972279,2016-04-21 18:00:00,0,86
1927972279,2016-04-21 19:00:00,0,86
1927972279,2016-04-21 20:00:00,0,87
1927972279,2016-04-21 21:00:00,0,86
1927972279,2016-04-21 22:00:00,0,86
1927972279,2016-04-21 23:00:00,0,86
1927972279,2016-04-22 00:00:00,0,86
1927972279,2016-04-22 01:00:00,0,86
1927972279,2016-04-22 02:00:00,0,86
1927972279,2016-04-22 03:00:00,0,86
1927972279,2016-04-22 04:00:00,0,86
1927972279,2016-04-22 05:00:00,0,86
1927972279,2016-04-22 06:00:00,0,86
1927972279,2016-04-22 07:00:00,0,86
1927972279,2016-04-22 08:00:00,0,86
1927972279,2016-04-22 09:00:00,0,86
1927972279,2016-04-22 10:00:00,0,86
1927972279,2016-04-22 11:00:00,0,86
1927972279,2016-04-22 12:00:00,133,109
1927972279,2016-04-22 13:00:00,8,91
1927972279,2016-04-22 14:00:00,0,86
1927972279,2016-04-22 15:00:00,8,88
1927972279,2016-04-22 16:00:00,0,86
1927972279,2016-04-22 17:00:00,0,86
1927972279,2016-04-22 18:00:00,0,86
1927972279,2016-04-22 19:00:00,0,86
1927972279,2016-04-22 20:00:00,0,86
1927972279,2016-04-22 21:00:00,0,86
1927972279,2016-04-22 22:00:00,0,86
1927972279,2016-04-22 23:00:00,0,86
1927972279,2016-04-23 00:00:00,0,86
1927972279,2016-04-23 01:00:00,0,86
1927972279,2016-04-23 02:00:00,0,86
1927972279,2016-04-23 03:00:00,0,86
1927972279,2016-04-23 04:00:00,0,86
1927972279,2016-04-23 05:00:00,0,86
1927972279,2016-04-23 06:00:00,0,86
1927972279,2016-04-23 07:00:00,0,86
1927972279,2016-04-23 08:00:00,967,190
1927972279,2016-04-23 09:00:00,171,117
1927972279,2016-04-23 10:00:00,15,95
1927972279,2016-04-23 11:00:00,246,128
1927972279,2016-04-23 12:00:00,423,136
1927972279,2016-04-23 13:00:00,484,158
1927972279,2016-04-23 14:00:00,0,86
1927972279,2016-04-23 15:00:00,0,86
1927972279,2016-04-23 16:00:00,42,94
1927972279,2016-04-23 17:00:00,82,106
1927972279,2016-04-23 18:00:00,286,124
1927972279,2016-04-23 19:00:00,123,109
1927972279,2016-04-23 20:00:00,77,113
1927972279,2016-04-23 21:00:00,29,98
1927972279,2016-04-23 22:00:00,0,86
1927972279,2016-04-23 23:00:00,0,86
1927972279,2016-04-24 00:00:00,0,86
1927972279,2016-04-24 01:00:00,0,86
1927972279,2016-04-24 02:00:00,0,86
1927972279,2016-04-24 03:00:00,0,86
1927972279,2016-04-24 04:00:00,0,86
1927972279,2016-04-24 05:00:00,0,86
1927972279,2016-04-24 06:00:00,0,86
1927972279,2016-04-24 07:00:00,0,86
1927972279,2016-04-24 08:00:00,0,86
1927972279,2016-04-24 09:00:00,0,86
1927972279,2016-04-24 10:00:00,1038,184
1927972279,2016-04-24 11:00:00,422,155
1927972279,2016-04-24 12:00:00,259,131
1927972279,2016-04-24 13:00:00,371,136
1927972279,2016-04-24 14:00:00,0,86
1927972279,2016-04-24 15:00:00,0,86
1927972279,2016-04-24 16:00:00,0,86
1927972279,2016-04-24 17:00:00,0,86
1927972279,2016-04-24 18:00:00,0,86
1927972279,2016-04-24 19:00:00,0,86
1927972279,2016-04-24 20:00:00,0,86
1927972279,2016-04-24 21:00:00,0,86
1927972279,2016-04-24 22:00:00,0,86
1927972279,2016-04-24 23:00:00,0,86
1927972279,2016-04-25 00:00:00,0,86
1927972279,2016-04-25 01:00:00,0,86
1927972279,2016-04-25 02:00:00,0,86
1927972279,2016-04-25 03:00:00,0,86
1927972279,2016-04-25 04:00:00,0,86
1927972279,2016-04-25 05:00:00,0,86
1927972279,2016-04-25 06:00:00,0,86
1927972279,2016-04-25 07:00:00,0,86
1927972279,2016-04-25 08:00:00,0,86
1927972279,2016-04-25 09:00:00,0,86
1927972279,2016-04-25 10:00:00,0,86
1927972279,2016-04-25 11:00:00,0,86
1927972279,2016-04-25 12:00:00,0,86
1927972279,2016-04-25 13:00:00,0,86
1927972279,2016-04-25 14:00:00,0,86
1927972279,2016-04-25 15:00:00,0,86
1927972279,2016-04-25 16:00:00,0,86
1927972279,2016-04-25 17:00:00,0,86
1927972279,2016-04-25 18:00:00,0,86
1927972279,2016-04-25 19:00:00,0,86
1927972279,2016-04-25 20:00:00,29,93
1927972279,2016-04-25 21:00:00,123,113
1927972279,2016-04-25 22:00:00,0,87
1927972279,2016-04-25 23:00:00,0,87
1927972279,2016-04-26 00:00:00,11,89
1927972279,2016-04-26 01:00:00,7,89
1927972279,2016-04-26 02:00:00,0,87
1927972279,2016-04-26 03:00:00,22,92
1927972279,2016-04-26 04:00:00,0,86
1927972279,2016-04-26 05:00:00,0,86
1927972279,2016-04-26 06:00:00,8,88
1927972279,2016-04-26 07:00:00,0,86
1927972279,2016-04-26 08:00:00,0,86
1927972279,2016-04-26 09:00:00,0,86
1927972279,2016-04-26 10:00:00,65,95
1927972279,2016-04-26 11:00:00,378,133
1927972279,2016-04-26 12:00:00,60,104
1927972279,2016-04-26 13:00:00,370,137
1927972279,2016-04-26 14:00:00,205,116
1927972279,2016-04-26 15:00:00,202,117
1927972279,2016-04-26 16:00:00,977,200
1927972279,2016-04-26 17:00:00,307,133
1927972279,2016-04-26 18:00:00,516,157
1927972279,2016-04-26 19:00:00,346,152
1927972279,2016-04-26 20:00:00,100,111
1927972279,2016-04-26 21:00:00,69,105
1927972279,2016-04-26 22:00:00,74,102
1927972279,2016-04-26 23:00:00,44,101
1927972279,2016-04-27 00:00:00,0,86
1927972279,2016-04-27 01:00:00,0,86
1927972279,2016-04-27 02:00:00,0,86
1927972279,2016-04-27 03:00:00,0,86
1927972279,2016-04-27 04:00:00,0,86
1927972279,2016-04-27 05:00:00,0,86
1927972279,2016-04-27 06:00:00,0,86
1927972279,2016-04-27 07:00:00,0,86
1927972279,2016-04-27 08:00:00,0,86
1927972279,2016-04-27 09:00:00,0,86
1927972279,2016-04-27 10:00:00,0,86
1927972279,2016-04-27 11:00:00,0,86
1927972279,2016-04-27 12:00:00,0,86
1927972279,2016-04-27 13:00:00,0,86
1927972279,2016-04-27 14:00:00,0,86
1927972279,2016-04-27 15:00:00,0,86
1927972279,2016-04-27 16:00:00,0,86
1927972279,2016-04-27 17:00:00,0,86
1927972279,2016-04-27 18:00:00,0,86
1927972279,2016-04-27 19:00:00,0,86
1927972279,2016-04-27 20:00:00,0,86
1927972279,2016-04-27 21:00:00,0,86
1927972279,2016-04-27 22:00:00,0,86
1927972279,2016-04-27 23:00:00,0,86
1927972279,2016-04-28 00:00:00,0,86
1927972279,2016-04-28 01:00:00,0,86
1927972279,2016-04-28 02:00:00,0,86
1927972279,2016-04-28 03:00:00,0,86
1927972279,2016-04-28 04:00:00,0,86
1927972279,2016-04-28 05:00:00,0,86
1927972279,2016-04-28 06:00:00,0,86
1927972279,2016-04-28 07:00:00,0,86
1927972279,2016-04-28 08:00:00,437,136
1927972279,2016-04-28 09:00:00,99,108
1927972279,2016-04-28 10:00:00,273,129
1927972279,2016-04-28 11:00:00,133,111
1927972279,2016-04-28 12:00:00,4,88
1927972279,2016-04-28 13:00:00,13,91
1927972279,2016-04-28 14:00:00,74,97
1927972279,2016-04-28 15:00:00,39,100
1927972279,2016-04-28 16:00:00,100,113
1927972279,2016-04-28 17:00:00,78,106
1927972279,2016-04-28 18:00:00,362,134
1927972279,2016-04-28 19:00:00,24,98
1927972279,2016-04-28 20:00:00,39,94
1927972279,2016-04-28 21:00:00,0,86
1927972279,2016-04-28 22:00:00,0,86
1927972279,2016-04-28 23:00:00,0,86
1927972279,2016-04-29 00:00:00,0,86
1927972279,2016-04-29 01:00:00,0,86
1927972279,2016-04-29 02:00:00,0,86
1927972279,2016-04-29 03:00:00,0,86
1927972279,2016-04-29 04:00:00,0,86
1927972279,2016-04-29 05:00:00,0,86
1927972279,2016-04-29 06:00:00,0,86
1927972279,2016-04-29 07:00:00,0,86
1927972279,2016-04-29 08:00:00,0,86
1927972279,2016-04-29 09:00:00,0,86
1927972279,2016-04-29 10:00:00,0,86
1927972279,2016-04-29 11:00:00,0,86
1927972279,2016-04-29 12:00:00,0,86
1927972279,2016-04-29 13:00:00,0,86
1927972279,2016-04-29 14:00:00,0,86
1927972279,2016-04-29 15:00:00,0,86
1927972279,2016-04-29 16:00:00,0,86
1927972279,2016-04-29 17:00:00,0,86
1927972279,2016-04-29 18:00:00,0,86
1927972279,2016-04-29 19:00:00,0,86
1927972279,2016-04-29 20:00:00,0,86
1927972279,2016-04-29 21:00:00,0,86
1927972279,2016-04-29 22:00:00,0,86
1927972279,2016-04-29 23:00:00,0,86
1927972279,2016-04-30 00:00:00,0,86
1927972279,2016-04-30 01:00:00,0,86
1927972279,2016-04-30 02:00:00,0,86
1927972279,2016-04-30 03:00:00,0,86
1927972279,2016-04-30 04:00:00,0,86
1927972279,2016-04-30 05:00:00,0,86
1927972279,2016-04-30 06:00:00,0,86
1927972279,2016-04-30 07:00:00,0,86
1927972279,2016-04-30 08:00:00,0,86
1927972279,2016-04-30 09:00:00,0,86
1927972279,2016-04-30 10:00:00,0,86
1927972279,2016-04-30 11:00:00,0,86
1927972279,2016-04-30 12:00:00,0,86
1927972279,2016-04-30 13:00:00,0,86
1927972279,2016-04-30 14:00:00,0,86
1927972279,2016-04-30 15:00:00,0,86
1927972279,2016-04-30 16:00:00,0,86
1927972279,2016-04-30 17:00:00,0,86
1927972279,2016-04-30 18:00:00,0,86
1927972279,2016-04-30 19:00:00,0,86
1927972279,2016-04-30 20:00:00,0,86
1927972279,2016-04-30 21:00:00,0,86
1927972279,2016-04-30 22:00:00,0,86
1927972279,2016-04-30 23:00:00,0,86
1927972279,2016-05-01 00:00:00,0,86
1927972279,2016-05-01 01:00:00,0,86
1927972279,2016-05-01 02:00:00,0,86
1927972279,2016-05-01 03:00:00,0,86
1927972279,2016-05-01 04:00:00,0,86
1927972279,2016-05-01 05:00:00,0,86
1927972279,2016-05-01 06:00:00,0,86
1927972279,2016-05-01 07:00:00,0,86
1927972279,2016-05-01 08:00:00,27,94
1927972279,2016-05-01 09:00:00,0,90
1927972279,2016-05-01 10:00:00,79,103
1927972279,2016-05-01 11:00:00,151,111
1927972279,2016-05-01 12:00:00,84,103
1927972279,2016-05-01 13:00:00,1783,240
1927972279,2016-05-01 14:00:00,232,117
1927972279,2016-05-01 15:00:00,15,94
1927972279,2016-05-01 16:00:00,12,98
1927972279,2016-05-01 17:00:00,13,96
1927972279,2016-05-01 18:00:00,35,98
1927972279,2016-05-01 19:00:00,190,120
1927972279,2016-05-01 20:00:00,11,90
1927972279,2016-05-01 21:00:00,72,97
1927972279,2016-05-01 22:00:00,0,86
1927972279,2016-05-01 23:00:00,0,86
1927972279,2016-05-02 00:00:00,0,86
1927972279,2016-05-02 01:00:00,0,86
1927972279,2016-05-02 02:00:00,0,86
1927972279,2016-05-02 03:00:00,0,86
1927972279,2016-05-02 04:00:00,0,86
1927972279,2016-05-02 05:00:00,0,86
1927972279,2016-05-02 06:00:00,0,86
1927972279,2016-05-02 07:00:00,0,86
1927972279,2016-05-02 08:00:00,0,86
1927972279,2016-05-02 09:00:00,0,86
1927972279,2016-05-02 10:00:00,0,86
1927972279,2016-05-02 11:00:00,2109,265
1927972279,2016-05-02 12:00:00,78,98
1927972279,2016-05-02 13:00:00,25,89
1927972279,2016-05-02 14:00:00,147,103
1927972279,2016-05-02 15:00:00,132,119
1927972279,2016-05-02 16:00:00,190,123
1927972279,2016-05-02 17:00:00,249,128
1927972279,2016-05-02 18:00:00,207,127
1927972279,2016-05-02 19:00:00,653,164
1927972279,2016-05-02 20:00:00,0,86
1927972279,2016-05-02 21:00:00,0,86
1927972279,2016-05-02 22:00:00,0,86
1927972279,2016-05-02 23:00:00,0,86
1927972279,2016-05-03 00:00:00,0,86
1927972279,2016-05-03 01:00:00,0,86
1927972279,2016-05-03 02:00:00,0,86
1927972279,2016-05-03 03:00:00,0,86
1927972279,2016-05-03 04:00:00,0,86
1927972279,2016-05-03 05:00:00,0,86
1927972279,2016-05-03 06:00:00,0,86
1927972279,2016-05-03 07:00:00,0,86
1927972279,2016-05-03 08:00:00,1245,198
1927972279,2016-05-03 09:00:00,0,87
1927972279,2016-05-03 10:00:00,74,101
1927972279,2016-05-03 11:00:00,0,87
1927972279,2016-05-03 12:00:00,0,87
1927972279,2016-05-03 13:00:00,7,89
1927972279,2016-05-03 14:00:00,0,86
1927972279,2016-05-03 15:00:00,0,86
1927972279,2016-05-03 16:00:00,0,86
1927972279,2016-05-03 17:00:00,0,86
1927972279,2016-05-03 18:00:00,0,86
1927972279,2016-05-03 19:00:00,0,86
1927972279,2016-05-03 20:00:00,0,86
1927972279,2016-05-03 21:00:00,0,86
1927972279,2016-05-03 22:00:00,0,86
1927972279,2016-05-03 23:00:00,0,86
1927972279,2016-05-04 00:00:00,0,86
1927972279,2016-05-04 01:00:00,0,86
1927972279,2016-05-04 02:00:00,0,86
1927972279,2016-05-04 03:00:00,0,86
1927972279,2016-05-04 04:00:00,0,86
1927972279,2016-05-04 05:00:00,0,86
1927972279,2016-05-04 06:00:00,0,86
1927972279,2016-05-04 07:00:00,0,86
1927972279,2016-05-04 08:00:00,0,86
1927972279,2016-05-04 09:00:00,0,86
1927972279,2016-05-04 10:00:00,926,193
1927972279,2016-05-04 11:00:00,35,97
1927972279,2016-05-04 12:00:00,76,101
1927972279,2016-05-04 13:00:00,87,106
1927972279,2016-05-04 14:00:00,35,96
1927972279,2016-05-04 15:00:00,123,109
1927972279,2016-05-04 16:00:00,217,122
1927972279,2016-05-04 17:00:00,120,108
1927972279,2016-05-04 18:00:00,5,90
1927972279,2016-05-04 19:00:00,61,99
1927972279,2016-05-04 20:00:00,101,101
1927972279,2016-05-04 21:00:00,0,86
1927972279,2016-05-04 22:00:00,0,86
1927972279,2016-05-04 23:00:00,0,86
1927972279,2016-05-05 00:00:00,0,86
1927972279,2016-05-05 01:00:00,0,86
1927972279,2016-05-05 02:00:00,0,86
1927972279,2016-05-05 03:00:00,0,86
1927972279,2016-05-05 04:00:00,0,86
1927972279,2016-05-05 05:00:00,0,86
1927972279,2016-05-05 06:00:00,0,86
1927972279,2016-05-05 07:00:00,0,86
1927972279,2016-05-05 08:00:00,0,86
1927972279,2016-05-05 09:00:00,0,86
1927972279,2016-05-05 10:00:00,0,86
1927972279,2016-05-05 11:00:00,0,86
1927972279,2016-05-05 12:00:00,0,86
1927972279,2016-05-05 13:00:00,0,86
1927972279,2016-05-05 14:00:00,0,86
1927972279,2016-05-05 15:00:00,0,86
1927972279,2016-05-05 16:00:00,0,86
1927972279,2016-05-05 17:00:00,0,86
1927972279,2016-05-05 18:00:00,0,86
1927972279,2016-05-05 19:00:00,0,86
1927972279,2016-05-05 20:00:00,0,86
1927972279,2016-05-05 21:00:00,0,86
1927972279,2016-05-05 22:00:00,0,86
1927972279,2016-05-05 23:00:00,0,86
1927972279,2016-05-06 00:00:00,0,86
1927972279,2016-05-06 01:00:00,0,86
1927972279,2016-05-06 02:00:00,0,86
1927972279,2016-05-06 03:00:00,0,86
1927972279,2016-05-06 04:00:00,0,86
1927972279,2016-05-06 05:00:00,0,86
1927972279,2016-05-06 06:00:00,0,86
1927972279,2016-05-06 07:00:00,0,86
1927972279,2016-05-06 08:00:00,0,86
1927972279,2016-05-06 09:00:00,0,86
1927972279,2016-05-06 10:00:00,0,86
1927972279,2016-05-06 11:00:00,0,86
1927972279,2016-05-06 12:00:00,0,86
1927972279,2016-05-06 13:00:00,0,86
1927972279,2016-05-06 14:00:00,0,86
1927972279,2016-05-06 15:00:00,0,86
1927972279,2016-05-06 16:00:00,72,98
1927972279,2016-05-06 17:00:00,288,133
1927972279,2016-05-06 18:00:00,181,131
1927972279,2016-05-06 19:00:00,1215,230
1927972279,2016-05-06 20:00:00,187,121
1927972279,2016-05-06 21:00:00,98,109
1927972279,2016-05-06 22:00:00,50,100
1927972279,2016-05-06 23:00:00,0,86
1927972279,2016-05-07 00:00:00,0,86
1927972279,2016-05-07 01:00:00,0,86
1927972279,2016-05-07 02:00:00,0,86
1927972279,2016-05-07 03:00:00,0,86
1927972279,2016-05-07 04:00:00,0,86
1927972279,2016-05-07 05:00:00,0,86
1927972279,2016-05-07 06:00:00,0,86
1927972279,2016-05-07 07:00:00,0,86
1927972279,2016-05-07 08:00:00,0,86
1927972279,2016-05-07 09:00:00,0,86
1927972279,2016-05-07 10:00:00,1061,196
1927972279,2016-05-07 11:00:00,449,141
1927972279,2016-05-07 12:00:00,0,87
1927972279,2016-05-07 13:00:00,0,86
1927972279,2016-05-07 14:00:00,0,86
1927972279,2016-05-07 15:00:00,0,86
1927972279,2016-05-07 16:00:00,0,86
1927972279,2016-05-07 17:00:00,0,86
1927972279,2016-05-07 18:00:00,0,86
1927972279,2016-05-07 19:00:00,0,86
1927972279,2016-05-07 20:00:00,0,86
1927972279,2016-05-07 21:00:00,0,86
1927972279,2016-05-07 22:00:00,0,86
1927972279,2016-05-07 23:00:00,0,86
1927972279,2016-05-08 00:00:00,0,86
1927972279,2016-05-08 01:00:00,0,86
1927972279,2016-05-08 02:00:00,0,86
1927972279,2016-05-08 03:00:00,0,86
1927972279,2016-05-08 04:00:00,0,86
1927972279,2016-05-08 05:00:00,0,86
1927972279,2016-05-08 06:00:00,0,86
1927972279,2016-05-08 07:00:00,0,86
1927972279,2016-05-08 08:00:00,0,86
1927972279,2016-05-08 09:00:00,0,86
1927972279,2016-05-08 10:00:00,0,86
1927972279,2016-05-08 11:00:00,0,86
1927972279,2016-05-08 12:00:00,0,86
1927972279,2016-05-08 13:00:00,0,86
1927972279,2016-05-08 14:00:00,0,86
1927972279,2016-05-08 15:00:00,0,86
1927972279,2016-05-08 16:00:00,0,86
1927972279,2016-05-08 17:00:00,0,86
1927972279,2016-05-08 18:00:00,0,86
1927972279,2016-05-08 19:00:00,0,86
1927972279,2016-05-08 20:00:00,0,86
1927972279,2016-05-08 21:00:00,0,86
1927972279,2016-05-08 22:00:00,0,86
1927972279,2016-05-08 23:00:00,0,86
1927972279,2016-05-09 00:00:00,0,86
1927972279,2016-05-09 01:00:00,0,86
1927972279,2016-05-09 02:00:00,0,86
1927972279,2016-05-09 03:00:00,0,86
1927972279,2016-05-09 04:00:00,0,86
1927972279,2016-05-09 05:00:00,0,86
1927972279,2016-05-09 06:00:00,0,86
1927972279,2016-05-09 07:00:00,0,86
1927972279,2016-05-09 08:00:00,0,86
1927972279,2016-05-09 09:00:00,0,86
1927972279,2016-05-09 10:00:00,0,86
1927972279,2016-05-09 11:00:00,0,86
1927972279,2016-05-09 12:00:00,0,86
1927972279,2016-05-09 13:00:00,0,86
1927972279,2016-05-09 14:00:00,0,86
1927972279,2016-05-09 15:00:00,0,86
1927972279,2016-05-09 16:00:00,0,86
1927972279,2016-05-09 17:00:00,0,86
1927972279,2016-05-09 18:00:00,0,86
1927972279,2016-05-09 19:00:00,0,86
1927972279,2016-05-09 20:00:00,0,86
1927972279,2016-05-09 21:00:00,0,86
1927972279,2016-05-09 22:00:00,0,86
1927972279,2016-05-09 23:00:00,0,86
1927972279,2016-05-10 00:00:00,0,86
1927972279,2016-05-10 01:00:00,0,86
1927972279,2016-05-10 02:00:00,0,86
1927972279,2016-05-10 03:00:00,0,86
1927972279,2016-05-10 04:00:00,0,86
1927972279,2016-05-10 05:00:00,0,86
1927972279,2016-05-10 06:00:00,0,86
1927972279,2016-05-10 07:00:00,0,86
1927972279,2016-05-10 08:00:00,0,86
1927972279,2016-05-10 09:00:00,0,86
1927972279,2016-05-10 10:00:00,0,86
1927972279,2016-05-10 11:00:00,0,86
1927972279,2016-05-10 12:00:00,0,86
1927972279,2016-05-10 13:00:00,0,86
1927972279,2016-05-10 14:00:00,0,86
1927972279,2016-05-10 15:00:00,0,86
1927972279,2016-05-10 16:00:00,0,86
1927972279,2016-05-10 17:00:00,0,86
1927972279,2016-05-10 18:00:00,0,86
1927972279,2016-05-10 19:00:00,0,86
1927972279,2016-05-10 20:00:00,0,86
1927972279,2016-05-10 21:00:00,0,86
1927972279,2016-05-10 22:00:00,0,86
1927972279,2016-05-10 23:00:00,0,86
1927972279,2016-05-11 00:00:00,0,86
1927972279,2016-05-11 01:00:00,0,86
1927972279,2016-05-11 02:00:00,0,86
1927972279,2016-05-11 03:00:00,0,86
1927972279,2016-05-11 04:00:00,0,86
1927972279,2016-05-11 05:00:00,0,86
1927972279,2016-05-11 06:00:00,0,86
1927972279,2016-05-11 07:00:00,0,86
1927972279,2016-05-11 08:00:00,0,86
1927972279,2016-05-11 09:00:00,0,86
1927972279,2016-05-11 10:00:00,0,86
1927972279,2016-05-11 11:00:00,0,86
1927972279,2016-05-11 12:00:00,0,86
1927972279,2016-05-11 13:00:00,0,86
1927972279,2016-05-11 14:00:00,0,86
1927972279,2016-05-11 15:00:00,0,86
1927972279,2016-05-11 16:00:00,0,86
1927972279,2016-05-11 17:00:00,0,86
1927972279,2016-05-11 18:00:00,0,86
1927972279,2016-05-11 19:00:00,0,86
1927972279,2016-05-11 20:00:00,0,86
1927972279,2016-05-11 21:00:00,0,86
1927972279,2016-05-11 22:00:00,0,86
1927972279,2016-05-11 23:00:00,0,86
1927972279,2016-05-12 00:00:00,0,86
1927972279,2016-05-12 01:00:00,0,86
1927972279,2016-05-12 02:00:00,0,86
1927972279,2016-05-12 03:00:00,0,86
1927972279,2016-05-12 04:00:00,0,86
1927972279,2016-05-12 05:00:00,0,86
1927972279,2016-05-12 06:00:00,0,86
1927972279,2016-05-12 07:00:00,0,86
1927972279,2016-05-12 08:00:00,0,86
1927972279,2016-05-12 09:00:00,0,86
1927972279,2016-05-12 10:00:00,0,86
1927972279,2016-05-12 11:00:00,0,86
1927972279,2016-05-12 12:00:00,0,86
1927972279,2016-05-12 13:00:00,0,86
1927972279,2016-05-12 14:00:00,0,86
1927972279,2016-05-12 15:00:00,0,86
2022484408,2016-04-12 00:00:00,0,62
2022484408,2016-04-12 01:00:00,0,62
2022484408,2016-04-12 02:00:00,0,62
2022484408,2016-04-12 03:00:00,0,62
2022484408,2016-04-12 04:00:00,0,62
2022484408,2016-04-12 05:00:00,0,62
2022484408,2016-04-12 06:00:00,0,62
2022484408,2016-04-12 07:00:00,847,136
2022484408,2016-04-12 08:00:00,334,99
2022484408,2016-04-12 09:00:00,243,90
2022484408,2016-04-12 10:00:00,5243,369
2022484408,2016-04-12 11:00:00,323,99
2022484408,2016-04-12 12:00:00,184,86
2022484408,2016-04-12 13:00:00,658,124
2022484408,2016-04-12 14:00:00,2168,197
2022484408,2016-04-12 15:00:00,327,91
2022484408,2016-04-12 16:00:00,539,112
2022484408,2016-04-12 17:00:00,509,114
2022484408,2016-04-12 18:00:00,304,104
2022484408,2016-04-12 19:00:00,196,83
2022484408,2016-04-12 20:00:00,0,62
2022484408,2016-04-12 21:00:00,0,62
2022484408,2016-04-12 22:00:00,0,62
2022484408,2016-04-12 23:00:00,0,62
2022484408,2016-04-13 00:00:00,0,62
2022484408,2016-04-13 01:00:00,0,62
2022484408,2016-04-13 02:00:00,0,62
2022484408,2016-04-13 03:00:00,0,62
2022484408,2016-04-13 04:00:00,0,62
2022484408,2016-04-13 05:00:00,0,62
2022484408,2016-04-13 06:00:00,0,62
2022484408,2016-04-13 07:00:00,619,139
2022484408,2016-04-13 08:00:00,609,120
2022484408,2016-04-13 09:00:00,4453,397
2022484408,2016-04-13 10:00:00,198,78
2022484408,2016-04-13 11:00:00,399,106
2022484408,2016-04-13 12:00:00,687,136
2022484408,2016-04-13 13:00:00,247,86
2022484408,2016-04-13 14:00:00,1803,203
2022484408,2016-04-13 15:00:00,635,117
2022484408,2016-04-13 16:00:00,589,115
2022484408,2016-04-13 17:00:00,643,128
2022484408,2016-04-13 18:00:00,556,156
2022484408,2016-04-13 19:00:00,581,134
2022484408,2016-04-13 20:00:00,5,64
2022484408,2016-04-13 21:00:00,0,62
2022484408,2016-04-13 22:00:00,0,62
2022484408,2016-04-13 23:00:00,0,62
2022484408,2016-04-14 00:00:00,0,62
2022484408,2016-04-14 01:00:00,0,62
2022484408,2016-04-14 02:00:00,0,62
2022484408,2016-04-14 03:00:00,0,62
2022484408,2016-04-14 04:00:00,0,62
2022484408,2016-04-14 05:00:00,0,62
2022484408,2016-04-14 06:00:00,0,62
2022484408,2016-04-14 07:00:00,235,89
2022484408,2016-04-14 08:00:00,283,92
2022484408,2016-04-14 09:00:00,328,101
2022484408,2016-04-14 10:00:00,393,104
2022484408,2016-04-14 11:00:00,175,88
2022484408,2016-04-14 12:00:00,71,81
2022484408,2016-04-14 13:00:00,236,100
2022484408,2016-04-14 14:00:00,1913,206
2022484408,2016-04-14 15:00:00,399,94
2022484408,2016-04-14 16:00:00,767,122
2022484408,2016-04-14 17:00:00,893,123
2022484408,2016-04-14 18:00:00,3833,271
2022484408,2016-04-14 19:00:00,852,121
2022484408,2016-04-14 20:00:00,312,98
2022484408,2016-04-14 21:00:00,0,62
2022484408,2016-04-14 22:00:00,0,62
2022484408,2016-04-14 23:00:00,0,62
2022484408,2016-04-15 00:00:00,0,62
2022484408,2016-04-15 01:00:00,0,62
2022484408,2016-04-15 02:00:00,0,62
2022484408,2016-04-15 03:00:00,0,62
2022484408,2016-04-15 04:00:00,0,62
2022484408,2016-04-15 05:00:00,0,62
2022484408,2016-04-15 06:00:00,0,62
2022484408,2016-04-15 07:00:00,531,121
2022484408,2016-04-15 08:00:00,728,127
2022484408,2016-04-15 09:00:00,3853,397
2022484408,2016-04-15 10:00:00,643,129
2022484408,2016-04-15 11:00:00,486,122
2022484408,2016-04-15 12:00:00,103,79
2022484408,2016-04-15 13:00:00,1171,174
2022484408,2016-04-15 14:00:00,791,136
2022484408,2016-04-15 15:00:00,481,109
2022484408,2016-04-15 16:00:00,1233,159
2022484408,2016-04-15 17:00:00,582,113
2022484408,2016-04-15 18:00:00,227,88
2022484408,2016-04-15 19:00:00,205,89
2022484408,2016-04-15 20:00:00,0,62
2022484408,2016-04-15 21:00:00,0,62
2022484408,2016-04-15 22:00:00,0,62
2022484408,2016-04-15 23:00:00,0,62
2022484408,2016-04-16 00:00:00,0,62
2022484408,2016-04-16 01:00:00,0,62
2022484408,2016-04-16 02:00:00,0,62
2022484408,2016-04-16 03:00:00,0,62
2022484408,2016-04-16 04:00:00,0,62
2022484408,2016-04-16 05:00:00,0,62
2022484408,2016-04-16 06:00:00,0,62
2022484408,2016-04-16 07:00:00,126,75
2022484408,2016-04-16 08:00:00,904,119
2022484408,2016-04-16 09:00:00,4833,337
2022484408,2016-04-16 10:00:00,732,123
2022484408,2016-04-16 11:00:00,678,115
2022484408,2016-04-16 12:00:00,469,108
2022484408,2016-04-16 13:00:00,1229,147
2022484408,2016-04-16 14:00:00,623,119
2022484408,2016-04-16 15:00:00,506,101
2022484408,2016-04-16 16:00:00,0,62
2022484408,2016-04-16 17:00:00,0,62
2022484408,2016-04-16 18:00:00,0,62
2022484408,2016-04-16 19:00:00,0,62
2022484408,2016-04-16 20:00:00,0,62
2022484408,2016-04-16 21:00:00,0,62
2022484408,2016-04-16 22:00:00,0,62
2022484408,2016-04-16 23:00:00,0,62
2022484408,2016-04-17 00:00:00,0,62
2022484408,2016-04-17 01:00:00,0,62
2022484408,2016-04-17 02:00:00,0,62
2022484408,2016-04-17 03:00:00,0,62
2022484408,2016-04-17 04:00:00,0,62
2022484408,2016-04-17 05:00:00,0,62
2022484408,2016-04-17 06:00:00,0,62
2022484408,2016-04-17 07:00:00,0,62
2022484408,2016-04-17 08:00:00,567,117
2022484408,2016-04-17 09:00:00,5317,415
2022484408,2016-04-17 10:00:00,1567,258
2022484408,2016-04-17 11:00:00,1194,196
2022484408,2016-04-17 12:00:00,64,75
2022484408,2016-04-17 13:00:00,292,89
2022484408,2016-04-17 14:00:00,1404,185
2022484408,2016-04-17 15:00:00,1147,145
2022484408,2016-04-17 16:00:00,1151,156
2022484408,2016-04-17 17:00:00,1351,164
2022484408,2016-04-17 18:00:00,644,132
2022484408,2016-04-17 19:00:00,247,90
2022484408,2016-04-17 20:00:00,167,77
2022484408,2016-04-17 21:00:00,0,62
2022484408,2016-04-17 22:00:00,0,62
2022484408,2016-04-17 23:00:00,0,62
2022484408,2016-04-18 00:00:00,0,62
2022484408,2016-04-18 01:00:00,0,62
2022484408,2016-04-18 02:00:00,0,62
2022484408,2016-04-18 03:00:00,0,62
2022484408,2016-04-18 04:00:00,0,62
2022484408,2016-04-18 05:00:00,0,62
2022484408,2016-04-18 06:00:00,69,74
2022484408,2016-04-18 07:00:00,1073,190
2022484408,2016-04-18 08:00:00,712,137
2022484408,2016-04-18 09:00:00,5400,486
2022484408,2016-04-18 10:00:00,796,146
2022484408,2016-04-18 11:00:00,46,71
2022484408,2016-04-18 12:00:00,306,95
2022484408,2016-04-18 13:00:00,404,98
2022484408,2016-04-18 14:00:00,1706,200
2022484408,2016-04-18 15:00:00,658,125
2022484408,2016-04-18 16:00:00,570,111
2022484408,2016-04-18 17:00:00,849,141
2022484408,2016-04-18 18:00:00,899,141
2022484408,2016-04-18 19:00:00,567,121
2022484408,2016-04-18 20:00:00,76,74
2022484408,2016-04-18 21:00:00,0,62
2022484408,2016-04-18 22:00:00,0,62
2022484408,2016-04-18 23:00:00,0,62
2022484408,2016-04-19 00:00:00,0,62
2022484408,2016-04-19 01:00:00,0,62
2022484408,2016-04-19 02:00:00,0,62
2022484408,2016-04-19 03:00:00,0,62
2022484408,2016-04-19 04:00:00,0,62
2022484408,2016-04-19 05:00:00,0,62
2022484408,2016-04-19 06:00:00,0,62
2022484408,2016-04-19 07:00:00,0,62
2022484408,2016-04-19 08:00:00,0,62
2022484408,2016-04-19 09:00:00,671,120
2022484408,2016-04-19 10:00:00,466,101
2022484408,2016-04-19 11:00:00,621,115
2022484408,2016-04-19 12:00:00,479,115
2022484408,2016-04-19 13:00:00,794,125
2022484408,2016-04-19 14:00:00,1437,198
2022484408,2016-04-19 15:00:00,1081,160
2022484408,2016-04-19 16:00:00,4709,389
2022484408,2016-04-19 17:00:00,459,123
2022484408,2016-04-19 18:00:00,548,133
2022484408,2016-04-19 19:00:00,283,99
2022484408,2016-04-19 20:00:00,0,62
2022484408,2016-04-19 21:00:00,0,62
2022484408,2016-04-19 22:00:00,0,62
2022484408,2016-04-19 23:00:00,0,62
2022484408,2016-04-20 00:00:00,0,62
2022484408,2016-04-20 01:00:00,0,62
2022484408,2016-04-20 02:00:00,0,62
2022484408,2016-04-20 03:00:00,0,62
2022484408,2016-04-20 04:00:00,0,62
2022484408,2016-04-20 05:00:00,0,62
2022484408,2016-04-20 06:00:00,129,80
2022484408,2016-04-20 07:00:00,661,138
2022484408,2016-04-20 08:00:00,1272,151
2022484408,2016-04-20 09:00:00,4293,441
2022484408,2016-04-20 10:00:00,172,80
2022484408,2016-04-20 11:00:00,410,102
2022484408,2016-04-20 12:00:00,1314,188
2022484408,2016-04-20 13:00:00,664,128
2022484408,2016-04-20 14:00:00,1780,238
2022484408,2016-04-20 15:00:00,924,154
2022484408,2016-04-20 16:00:00,854,138
2022484408,2016-04-20 17:00:00,944,144
2022484408,2016-04-20 18:00:00,541,134
2022484408,2016-04-20 19:00:00,839,122
2022484408,2016-04-20 20:00:00,315,100
2022484408,2016-04-20 21:00:00,0,62
2022484408,2016-04-20 22:00:00,0,62
2022484408,2016-04-20 23:00:00,0,62
2022484408,2016-04-21 00:00:00,0,62
2022484408,2016-04-21 01:00:00,0,62
2022484408,2016-04-21 02:00:00,0,62
2022484408,2016-04-21 03:00:00,0,62
2022484408,2016-04-21 04:00:00,0,62
2022484408,2016-04-21 05:00:00,0,62
2022484408,2016-04-21 06:00:00,0,62
2022484408,2016-04-21 07:00:00,955,160
2022484408,2016-04-21 08:00:00,168,88
2022484408,2016-04-21 09:00:00,481,111
2022484408,2016-04-21 10:00:00,1272,295
2022484408,2016-04-21 11:00:00,968,223
2022484408,2016-04-21 12:00:00,3571,271
2022484408,2016-04-21 13:00:00,13,78
2022484408,2016-04-21 14:00:00,1357,239
2022484408,2016-04-21 15:00:00,1248,173
2022484408,2016-04-21 16:00:00,506,349
2022484408,2016-04-21 17:00:00,427,233
2022484408,2016-04-21 18:00:00,955,130
2022484408,2016-04-21 19:00:00,370,103
2022484408,2016-04-21 20:00:00,162,84
2022484408,2016-04-21 21:00:00,0,62
2022484408,2016-04-21 22:00:00,0,62
2022484408,2016-04-21 23:00:00,0,62
2022484408,2016-04-22 00:00:00,0,62
2022484408,2016-04-22 01:00:00,0,62
2022484408,2016-04-22 02:00:00,0,62
2022484408,2016-04-22 03:00:00,0,62
2022484408,2016-04-22 04:00:00,0,62
2022484408,2016-04-22 05:00:00,0,62
2022484408,2016-04-22 06:00:00,60,71
2022484408,2016-04-22 07:00:00,715,144
2022484408,2016-04-22 08:00:00,473,109
2022484408,2016-04-22 09:00:00,5596,426
2022484408,2016-04-22 10:00:00,1439,183
2022484408,2016-04-22 11:00:00,548,122
2022484408,2016-04-22 12:00:00,735,135
2022484408,2016-04-22 13:00:00,920,156
2022484408,2016-04-22 14:00:00,907,159
2022484408,2016-04-22 15:00:00,333,104
2022484408,2016-04-22 16:00:00,92,78
2022484408,2016-04-22 17:00:00,106,79
2022484408,2016-04-22 18:00:00,296,99
2022484408,2016-04-22 19:00:00,560,128
2022484408,2016-04-22 20:00:00,174,86
2022484408,2016-04-22 21:00:00,0,62
2022484408,2016-04-22 22:00:00,0,62
2022484408,2016-04-22 23:00:00,0,62
2022484408,2016-04-23 00:00:00,0,62
2022484408,2016-04-23 01:00:00,0,62
2022484408,2016-04-23 02:00:00,0,62
2022484408,2016-04-23 03:00:00,0,62
2022484408,2016-04-23 04:00:00,0,62
2022484408,2016-04-23 05:00:00,0,62
2022484408,2016-04-23 06:00:00,0,62
2022484408,2016-04-23 07:00:00,0,62
2022484408,2016-04-23 08:00:00,0,62
2022484408,2016-04-23 09:00:00,0,62
2022484408,2016-04-23 10:00:00,0,62
2022484408,2016-04-23 11:00:00,0,62
2022484408,2016-04-23 12:00:00,289,90
2022484408,2016-04-23 13:00:00,1008,160
2022484408,2016-04-23 14:00:00,595,117
2022484408,2016-04-23 15:00:00,1232,152
2022484408,2016-04-23 16:00:00,729,119
2022484408,2016-04-23 17:00:00,459,121
2022484408,2016-04-23 18:00:00,618,131
2022484408,2016-04-23 19:00:00,483,114
2022484408,2016-04-23 20:00:00,267,93
2022484408,2016-04-23 21:00:00,139,83
2022484408,2016-04-23 22:00:00,182,79
2022484408,2016-04-23 23:00:00,0,62
2022484408,2016-04-24 00:00:00,0,62
2022484408,2016-04-24 01:00:00,0,62
2022484408,2016-04-24 02:00:00,0,62
2022484408,2016-04-24 03:00:00,0,62
2022484408,2016-04-24 04:00:00,0,62
2022484408,2016-04-24 05:00:00,0,62
2022484408,2016-04-24 06:00:00,0,62
2022484408,2016-04-24 07:00:00,0,62
2022484408,2016-04-24 08:00:00,3056,259
2022484408,2016-04-24 09:00:00,3130,307
2022484408,2016-04-24 10:00:00,496,111
2022484408,2016-04-24 11:00:00,708,127
2022484408,2016-04-24 12:00:00,699,119
2022484408,2016-04-24 13:00:00,1305,167
2022484408,2016-04-24 14:00:00,519,104
2022484408,2016-04-24 15:00:00,1963,188
2022484408,2016-04-24 16:00:00,85,70
2022484408,2016-04-24 17:00:00,573,117
2022484408,2016-04-24 18:00:00,947,150
2022484408,2016-04-24 19:00:00,0,63
2022484408,2016-04-24 20:00:00,0,62
2022484408,2016-04-24 21:00:00,0,62
2022484408,2016-04-24 22:00:00,0,62
2022484408,2016-04-24 23:00:00,0,62
2022484408,2016-04-25 00:00:00,0,62
2022484408,2016-04-25 01:00:00,0,62
2022484408,2016-04-25 02:00:00,0,62
2022484408,2016-04-25 03:00:00,0,62
2022484408,2016-04-25 04:00:00,0,62
2022484408,2016-04-25 05:00:00,0,62
2022484408,2016-04-25 06:00:00,0,62
2022484408,2016-04-25 07:00:00,718,123
2022484408,2016-04-25 08:00:00,380,105
2022484408,2016-04-25 09:00:00,5257,484
2022484408,2016-04-25 10:00:00,289,87
2022484408,2016-04-25 11:00:00,0,62
2022484408,2016-04-25 12:00:00,0,62
2022484408,2016-04-25 13:00:00,157,78
2022484408,2016-04-25 14:00:00,1507,184
2022484408,2016-04-25 15:00:00,281,95
2022484408,2016-04-25 16:00:00,696,120
2022484408,2016-04-25 17:00:00,645,113
2022484408,2016-04-25 18:00:00,250,100
2022484408,2016-04-25 19:00:00,1122,161
2022484408,2016-04-25 20:00:00,67,72
2022484408,2016-04-25 21:00:00,0,62
2022484408,2016-04-25 22:00:00,0,62
2022484408,2016-04-25 23:00:00,0,62
2022484408,2016-04-26 00:00:00,0,62
2022484408,2016-04-26 01:00:00,0,62
2022484408,2016-04-26 02:00:00,0,62
2022484408,2016-04-26 03:00:00,0,62
2022484408,2016-04-26 04:00:00,0,62
2022484408,2016-04-26 05:00:00,0,62
2022484408,2016-04-26 06:00:00,0,62
2022484408,2016-04-26 07:00:00,908,135
2022484408,2016-04-26 08:00:00,67,75
2022484408,2016-04-26 09:00:00,977,154
2022484408,2016-04-26 10:00:00,1967,448
2022484408,2016-04-26 11:00:00,1005,243
2022484408,2016-04-26 12:00:00,1040,181
2022484408,2016-04-26 13:00:00,31,75
2022484408,2016-04-26 14:00:00,965,154
2022484408,2016-04-26 15:00:00,1112,174
2022484408,2016-04-26 16:00:00,675,125
2022484408,2016-04-26 17:00:00,531,116
2022484408,2016-04-26 18:00:00,357,110
2022484408,2016-04-26 19:00:00,425,108
2022484408,2016-04-26 20:00:00,59,72
2022484408,2016-04-26 21:00:00,0,62
2022484408,2016-04-26 22:00:00,0,62
2022484408,2016-04-26 23:00:00,0,62
2022484408,2016-04-27 00:00:00,0,62
2022484408,2016-04-27 01:00:00,0,62
2022484408,2016-04-27 02:00:00,0,62
2022484408,2016-04-27 03:00:00,0,62
2022484408,2016-04-27 04:00:00,0,62
2022484408,2016-04-27 05:00:00,0,62
2022484408,2016-04-27 06:00:00,0,62
2022484408,2016-04-27 07:00:00,0,62
2022484408,2016-04-27 08:00:00,0,62
2022484408,2016-04-27 09:00:00,1388,225
2022484408,2016-04-27 10:00:00,967,188
2022484408,2016-04-27 11:00:00,149,86
2022484408,2016-04-27 12:00:00,973,141
2022484408,2016-04-27 13:00:00,1313,167
2022484408,2016-04-27 14:00:00,688,172
2022484408,2016-04-27 15:00:00,303,92
2022484408,2016-04-27 16:00:00,702,121
2022484408,2016-04-27 17:00:00,600,110
2022484408,2016-04-27 18:00:00,2917,249
2022484408,2016-04-27 19:00:00,159,101
2022484408,2016-04-27 20:00:00,0,62
2022484408,2016-04-27 21:00:00,0,62
2022484408,2016-04-27 22:00:00,0,62
2022484408,2016-04-27 23:00:00,0,62
2022484408,2016-04-28 00:00:00,0,62
2022484408,2016-04-28 01:00:00,0,62
2022484408,2016-04-28 02:00:00,0,62
2022484408,2016-04-28 03:00:00,0,62
2022484408,2016-04-28 04:00:00,0,62
2022484408,2016-04-28 05:00:00,0,62
2022484408,2016-04-28 06:00:00,0,62
2022484408,2016-04-28 07:00:00,368,92
2022484408,2016-04-28 08:00:00,912,156
2022484408,2016-04-28 09:00:00,787,127
2022484408,2016-04-28 10:00:00,1567,165
2022484408,2016-04-28 11:00:00,858,132
2022484408,2016-04-28 12:00:00,2735,217
2022484408,2016-04-28 13:00:00,197,79
2022484408,2016-04-28 14:00:00,1198,153
2022484408,2016-04-28 15:00:00,101,76
2022484408,2016-04-28 16:00:00,487,112
2022484408,2016-04-28 17:00:00,516,113
2022484408,2016-04-28 18:00:00,166,88
2022484408,2016-04-28 19:00:00,64,76
2022484408,2016-04-28 20:00:00,184,89
2022484408,2016-04-28 21:00:00,0,62
2022484408,2016-04-28 22:00:00,0,62
2022484408,2016-04-28 23:00:00,0,62
2022484408,2016-04-29 00:00:00,0,62
2022484408,2016-04-29 01:00:00,0,62
2022484408,2016-04-29 02:00:00,0,62
2022484408,2016-04-29 03:00:00,0,62
2022484408,2016-04-29 04:00:00,0,62
2022484408,2016-04-29 05:00:00,0,62
2022484408,2016-04-29 06:00:00,0,62
2022484408,2016-04-29 07:00:00,0,62
2022484408,2016-04-29 08:00:00,662,113
2022484408,2016-04-29 09:00:00,1457,318
2022484408,2016-04-29 10:00:00,1012,177
2022484408,2016-04-29 11:00:00,1452,171
2022484408,2016-04-29 12:00:00,530,126
2022484408,2016-04-29 13:00:00,1163,181
2022484408,2016-04-29 14:00:00,1655,231
2022484408,2016-04-29 15:00:00,175,96
2022484408,2016-04-29 16:00:00,1035,129
2022484408,2016-04-29 17:00:00,437,108
2022484408,2016-04-29 18:00:00,315,101
2022484408,2016-04-29 19:00:00,352,113
2022484408,2016-04-29 20:00:00,0,62
2022484408,2016-04-29 21:00:00,0,62
2022484408,2016-04-29 22:00:00,0,62
2022484408,2016-04-29 23:00:00,0,62
2022484408,2016-04-30 00:00:00,0,62
2022484408,2016-04-30 01:00:00,0,62
2022484408,2016-04-30 02:00:00,0,62
2022484408,2016-04-30 03:00:00,0,62
2022484408,2016-04-30 04:00:00,0,62
2022484408,2016-04-30 05:00:00,0,62
2022484408,2016-04-30 06:00:00,437,93
2022484408,2016-04-30 07:00:00,347,97
2022484408,2016-04-30 08:00:00,52,73
2022484408,2016-04-30 09:00:00,127,85
2022484408,2016-04-30 10:00:00,2094,197
2022484408,2016-04-30 11:00:00,1112,138
2022484408,2016-04-30 12:00:00,1372,157
2022484408,2016-04-30 13:00:00,2418,216
2022484408,2016-04-30 14:00:00,1564,179
2022484408,2016-04-30 15:00:00,2742,222
2022484408,2016-04-30 16:00:00,3286,252
2022484408,2016-04-30 17:00:00,1288,154
2022484408,2016-04-30 18:00:00,869,128
2022484408,2016-04-30 19:00:00,577,110
2022484408,2016-04-30 20:00:00,102,70
2022484408,2016-04-30 21:00:00,0,62
2022484408,2016-04-30 22:00:00,0,62
2022484408,2016-04-30 23:00:00,0,62
2022484408,2016-05-01 00:00:00,0,62
2022484408,2016-05-01 01:00:00,0,62
2022484408,2016-05-01 02:00:00,0,62
2022484408,2016-05-01 03:00:00,0,62
2022484408,2016-05-01 04:00:00,0,62
2022484408,2016-05-01 05:00:00,0,62
2022484408,2016-05-01 06:00:00,660,114
2022484408,2016-05-01 07:00:00,360,97
2022484408,2016-05-01 08:00:00,28,70
2022484408,2016-05-01 09:00:00,305,87
2022484408,2016-05-01 10:00:00,3757,292
2022484408,2016-05-01 11:00:00,716,109
2022484408,2016-05-01 12:00:00,132,79
2022484408,2016-05-01 13:00:00,61,68
2022484408,2016-05-01 14:00:00,314,91
2022484408,2016-05-01 15:00:00,882,142
2022484408,2016-05-01 16:00:00,555,119
2022484408,2016-05-01 17:00:00,1088,158
2022484408,2016-05-01 18:00:00,866,146
2022484408,2016-05-01 19:00:00,814,185
2022484408,2016-05-01 20:00:00,0,62
2022484408,2016-05-01 21:00:00,0,62
2022484408,2016-05-01 22:00:00,0,62
2022484408,2016-05-01 23:00:00,0,62
2022484408,2016-05-02 00:00:00,0,62
2022484408,2016-05-02 01:00:00,0,62
2022484408,2016-05-02 02:00:00,0,62
2022484408,2016-05-02 03:00:00,0,62
2022484408,2016-05-02 04:00:00,0,62
2022484408,2016-05-02 05:00:00,0,62
2022484408,2016-05-02 06:00:00,0,62
2022484408,2016-05-02 07:00:00,590,114
2022484408,2016-05-02 08:00:00,385,104
2022484408,2016-05-02 09:00:00,1116,183
2022484408,2016-05-02 10:00:00,737,166
2022484408,2016-05-02 11:00:00,153,78
2022484408,2016-05-02 12:00:00,805,146
2022484408,2016-05-02 13:00:00,610,143
2022484408,2016-05-02 14:00:00,4178,312
2022484408,2016-05-02 15:00:00,255,92
2022484408,2016-05-02 16:00:00,864,137
2022484408,2016-05-02 17:00:00,182,108
2022484408,2016-05-02 18:00:00,271,113
2022484408,2016-05-02 19:00:00,233,94
2022484408,2016-05-02 20:00:00,0,62
2022484408,2016-05-02 21:00:00,0,62
2022484408,2016-05-02 22:00:00,0,62
2022484408,2016-05-02 23:00:00,0,62
2022484408,2016-05-03 00:00:00,0,62
2022484408,2016-05-03 01:00:00,0,62
2022484408,2016-05-03 02:00:00,0,62
2022484408,2016-05-03 03:00:00,0,62
2022484408,2016-05-03 04:00:00,0,62
2022484408,2016-05-03 05:00:00,0,62
2022484408,2016-05-03 06:00:00,0,62
2022484408,2016-05-03 07:00:00,218,91
2022484408,2016-05-03 08:00:00,442,129
2022484408,2016-05-03 09:00:00,412,101
2022484408,2016-05-03 10:00:00,2451,388
2022484408,2016-05-03 11:00:00,526,134
2022484408,2016-05-03 12:00:00,287,101
2022484408,2016-05-03 13:00:00,337,106
2022484408,2016-05-03 14:00:00,2179,227
2022484408,2016-05-03 15:00:00,495,126
2022484408,2016-05-03 16:00:00,3398,295
2022484408,2016-05-03 17:00:00,557,126
2022484408,2016-05-03 18:00:00,105,86
2022484408,2016-05-03 19:00:00,211,96
2022484408,2016-05-03 20:00:00,497,114
2022484408,2016-05-03 21:00:00,68,72
2022484408,2016-05-03 22:00:00,0,62
2022484408,2016-05-03 23:00:00,0,62
2022484408,2016-05-04 00:00:00,0,62
2022484408,2016-05-04 01:00:00,0,62
2022484408,2016-05-04 02:00:00,0,62
2022484408,2016-05-04 03:00:00,0,62
2022484408,2016-05-04 04:00:00,0,62
2022484408,2016-05-04 05:00:00,0,62
2022484408,2016-05-04 06:00:00,112,74
2022484408,2016-05-04 07:00:00,719,135
2022484408,2016-05-04 08:00:00,385,104
2022484408,2016-05-04 09:00:00,1634,231
2022484408,2016-05-04 10:00:00,944,233
2022484408,2016-05-04 11:00:00,602,134
2022484408,2016-05-04 12:00:00,499,120
2022484408,2016-05-04 13:00:00,683,122
2022484408,2016-05-04 14:00:00,3647,311
2022484408,2016-05-04 15:00:00,175,89
2022484408,2016-05-04 16:00:00,701,135
2022484408,2016-05-04 17:00:00,214,86
2022484408,2016-05-04 18:00:00,698,115
2022484408,2016-05-04 19:00:00,630,121
2022484408,2016-05-04 20:00:00,125,79
2022484408,2016-05-04 21:00:00,0,62
2022484408,2016-05-04 22:00:00,0,62
2022484408,2016-05-04 23:00:00,0,62
2022484408,2016-05-05 00:00:00,0,62
2022484408,2016-05-05 01:00:00,0,62
2022484408,2016-05-05 02:00:00,0,62
2022484408,2016-05-05 03:00:00,0,62
2022484408,2016-05-05 04:00:00,0,62
2022484408,2016-05-05 05:00:00,0,62
2022484408,2016-05-05 06:00:00,0,62
2022484408,2016-05-05 07:00:00,0,62
2022484408,2016-05-05 08:00:00,309,101
2022484408,2016-05-05 09:00:00,2327,217
2022484408,2016-05-05 10:00:00,1305,326
2022484408,2016-05-05 11:00:00,666,133
2022484408,2016-05-05 12:00:00,255,94
2022484408,2016-05-05 13:00:00,190,82
2022484408,2016-05-05 14:00:00,1723,194
2022484408,2016-05-05 15:00:00,2384,214
2022484408,2016-05-05 16:00:00,1175,150
2022484408,2016-05-05 17:00:00,414,110
2022484408,2016-05-05 18:00:00,375,106
2022484408,2016-05-05 19:00:00,322,92
2022484408,2016-05-05 20:00:00,450,105
2022484408,2016-05-05 21:00:00,0,62
2022484408,2016-05-05 22:00:00,0,62
2022484408,2016-05-05 23:00:00,0,62
2022484408,2016-05-06 00:00:00,0,62
2022484408,2016-05-06 01:00:00,0,62
2022484408,2016-05-06 02:00:00,0,62
2022484408,2016-05-06 03:00:00,0,62
2022484408,2016-05-06 04:00:00,0,62
2022484408,2016-05-06 05:00:00,0,62
2022484408,2016-05-06 06:00:00,0,62
2022484408,2016-05-06 07:00:00,0,62
2022484408,2016-05-06 08:00:00,0,62
2022484408,2016-05-06 09:00:00,809,154
2022484408,2016-05-06 10:00:00,1107,181
2022484408,2016-05-06 11:00:00,1025,180
2022484408,2016-05-06 12:00:00,226,94
2022484408,2016-05-06 13:00:00,455,123
2022484408,2016-05-06 14:00:00,4084,289
2022484408,2016-05-06 15:00:00,487,120
2022484408,2016-05-06 16:00:00,445,111
2022484408,2016-05-06 17:00:00,374,100
2022484408,2016-05-06 18:00:00,355,110
2022484408,2016-05-06 19:00:00,271,105
2022484408,2016-05-06 20:00:00,164,90
2022484408,2016-05-06 21:00:00,425,158
2022484408,2016-05-06 22:00:00,0,62
2022484408,2016-05-06 23:00:00,0,62
2022484408,2016-05-07 00:00:00,0,62
2022484408,2016-05-07 01:00:00,0,62
2022484408,2016-05-07 02:00:00,0,62
2022484408,2016-05-07 03:00:00,0,62
2022484408,2016-05-07 04:00:00,0,62
2022484408,2016-05-07 05:00:00,0,62
2022484408,2016-05-07 06:00:00,0,62
2022484408,2016-05-07 07:00:00,0,62
2022484408,2016-05-07 08:00:00,7,64
2022484408,2016-05-07 09:00:00,1132,140
2022484408,2016-05-07 10:00:00,2617,219
2022484408,2016-05-07 11:00:00,873,141
2022484408,2016-05-07 12:00:00,412,107
2022484408,2016-05-07 13:00:00,545,111
2022484408,2016-05-07 14:00:00,0,62
2022484408,2016-05-07 15:00:00,0,62
2022484408,2016-05-07 16:00:00,0,62
2022484408,2016-05-07 17:00:00,0,62
2022484408,2016-05-07 18:00:00,0,62
2022484408,2016-05-07 19:00:00,740,122
2022484408,2016-05-07 20:00:00,382,96
2022484408,2016-05-07 21:00:00,0,62
2022484408,2016-05-07 22:00:00,0,62
2022484408,2016-05-07 23:00:00,0,62
2022484408,2016-05-08 00:00:00,0,62
2022484408,2016-05-08 01:00:00,0,62
2022484408,2016-05-08 02:00:00,0,62
2022484408,2016-05-08 03:00:00,0,62
2022484408,2016-05-08 04:00:00,0,62
2022484408,2016-05-08 05:00:00,0,62
2022484408,2016-05-08 06:00:00,0,62
2022484408,2016-05-08 07:00:00,0,62
2022484408,2016-05-08 08:00:00,14,91
2022484408,2016-05-08 09:00:00,187,88
2022484408,2016-05-08 10:00:00,729,129
2022484408,2016-05-08 11:00:00,1127,150
2022484408,2016-05-08 12:00:00,584,130
2022484408,2016-05-08 13:00:00,457,104
2022484408,2016-05-08 14:00:00,194,96
2022484408,2016-05-08 15:00:00,0,62
2022484408,2016-05-08 16:00:00,0,62
2022484408,2016-05-08 17:00:00,0,62
2022484408,2016-05-08 18:00:00,0,62
2022484408,2016-05-08 19:00:00,0,62
2022484408,2016-05-08 20:00:00,0,62
2022484408,2016-05-08 21:00:00,0,62
2022484408,2016-05-08 22:00:00,0,62
2022484408,2016-05-08 23:00:00,0,62
2022484408,2016-05-09 00:00:00,0,62
2022484408,2016-05-09 01:00:00,0,62
2022484408,2016-05-09 02:00:00,0,62
2022484408,2016-05-09 03:00:00,0,62
2022484408,2016-05-09 04:00:00,0,62
2022484408,2016-05-09 05:00:00,0,62
2022484408,2016-05-09 06:00:00,250,95
2022484408,2016-05-09 07:00:00,661,134
2022484408,2016-05-09 08:00:00,1225,140
2022484408,2016-05-09 09:00:00,1516,202
2022484408,2016-05-09 10:00:00,2174,288
2022484408,2016-05-09 11:00:00,164,83
2022484408,2016-05-09 12:00:00,325,110
2022484408,2016-05-09 13:00:00,165,82
2022484408,2016-05-09 14:00:00,3804,294
2022484408,2016-05-09 15:00:00,946,190
2022484408,2016-05-09 16:00:00,595,127
2022484408,2016-05-09 17:00:00,564,108
2022484408,2016-05-09 18:00:00,436,117
2022484408,2016-05-09 19:00:00,343,103
2022484408,2016-05-09 20:00:00,211,78
2022484408,2016-05-09 21:00:00,0,62
2022484408,2016-05-09 22:00:00,0,62
2022484408,2016-05-09 23:00:00,0,62
2022484408,2016-05-10 00:00:00,0,62
2022484408,2016-05-10 01:00:00,0,62
2022484408,2016-05-10 02:00:00,0,62
2022484408,2016-05-10 03:00:00,0,62
2022484408,2016-05-10 04:00:00,0,62
2022484408,2016-05-10 05:00:00,0,62
2022484408,2016-05-10 06:00:00,0,62
2022484408,2016-05-10 07:00:00,0,62
2022484408,2016-05-10 08:00:00,163,82
2022484408,2016-05-10 09:00:00,522,112
2022484408,2016-05-10 10:00:00,1910,361
2022484408,2016-05-10 11:00:00,1536,275
2022484408,2016-05-10 12:00:00,589,116
2022484408,2016-05-10 13:00:00,1164,176
2022484408,2016-05-10 14:00:00,3553,273
2022484408,2016-05-10 15:00:00,699,130
2022484408,2016-05-10 16:00:00,386,102
2022484408,2016-05-10 17:00:00,1264,176
2022484408,2016-05-10 18:00:00,424,115
2022484408,2016-05-10 19:00:00,588,131
2022484408,2016-05-10 20:00:00,0,64
2022484408,2016-05-10 21:00:00,0,62
2022484408,2016-05-10 22:00:00,0,62
2022484408,2016-05-10 23:00:00,0,62
2022484408,2016-05-11 00:00:00,0,62
2022484408,2016-05-11 01:00:00,0,62
2022484408,2016-05-11 02:00:00,0,62
2022484408,2016-05-11 03:00:00,0,62
2022484408,2016-05-11 04:00:00,0,62
2022484408,2016-05-11 05:00:00,0,62
2022484408,2016-05-11 06:00:00,0,62
2022484408,2016-05-11 07:00:00,0,62
2022484408,2016-05-11 08:00:00,0,62
2022484408,2016-05-11 09:00:00,38,67
2022484408,2016-05-11 10:00:00,329,100
2022484408,2016-05-11 11:00:00,4838,367
2022484408,2016-05-11 12:00:00,607,123
2022484408,2016-05-11 13:00:00,225,83
2022484408,2016-05-11 14:00:00,3294,274
2022484408,2016-05-11 15:00:00,698,141
2022484408,2016-05-11 16:00:00,1116,161
2022484408,2016-05-11 17:00:00,1045,185
2022484408,2016-05-11 18:00:00,673,124
2022484408,2016-05-11 19:00:00,409,111
2022484408,2016-05-11 20:00:00,0,62
2022484408,2016-05-11 21:00:00,0,62
2022484408,2016-05-11 22:00:00,0,62
2022484408,2016-05-11 23:00:00,0,62
2022484408,2016-05-12 00:00:00,0,62
2022484408,2016-05-12 01:00:00,0,62
2022484408,2016-05-12 02:00:00,0,62
2022484408,2016-05-12 03:00:00,0,62
2022484408,2016-05-12 04:00:00,0,62
2022484408,2016-05-12 05:00:00,0,62
2022484408,2016-05-12 06:00:00,0,62
2022484408,2016-05-12 07:00:00,490,113
2022484408,2016-05-12 08:00:00,418,102
2022484408,2016-05-12 09:00:00,812,181
2022484408,2016-05-12 10:00:00,2689,246
2022484408,2016-05-12 11:00:00,378,104
2022484408,2016-05-12 12:00:00,507,111
2022484408,2016-05-12 13:00:00,997,152
2022484408,2016-05-12 14:00:00,1383,178
2022484408,2016-05-12 15:00:00,665,129
2026352035,2016-04-12 00:00:00,29,48
2026352035,2016-04-12 01:00:00,0,47
2026352035,2016-04-12 02:00:00,0,47
2026352035,2016-04-12 03:00:00,0,47
2026352035,2016-04-12 04:00:00,0,47
2026352035,2016-04-12 05:00:00,0,47
2026352035,2016-04-12 06:00:00,319,78
2026352035,2016-04-12 07:00:00,225,69
2026352035,2016-04-12 08:00:00,154,60
2026352035,2016-04-12 09:00:00,230,68
2026352035,2016-04-12 10:00:00,73,60
2026352035,2016-04-12 11:00:00,1174,113
2026352035,2016-04-12 12:00:00,977,94
2026352035,2016-04-12 13:00:00,38,54
2026352035,2016-04-12 14:00:00,27,52
2026352035,2016-04-12 15:00:00,231,67
2026352035,2016-04-12 16:00:00,20,52
2026352035,2016-04-12 17:00:00,288,69
2026352035,2016-04-12 18:00:00,242,71
2026352035,2016-04-12 19:00:00,144,60
2026352035,2016-04-12 20:00:00,237,68
2026352035,2016-04-12 21:00:00,0,47
2026352035,2016-04-12 22:00:00,0,47
2026352035,2016-04-12 23:00:00,6,48
2026352035,2016-04-13 00:00:00,0,47
2026352035,2016-04-13 01:00:00,12,48
2026352035,2016-04-13 02:00:00,0,47
2026352035,2016-04-13 03:00:00,6,48
2026352035,2016-04-13 04:00:00,0,47
2026352035,2016-04-13 05:00:00,8,48
2026352035,2016-04-13 06:00:00,355,73
2026352035,2016-04-13 07:00:00,319,76
2026352035,2016-04-13 08:00:00,160,66
2026352035,2016-04-13 09:00:00,302,72
2026352035,2016-04-13 10:00:00,14,53
2026352035,2016-04-13 11:00:00,178,65
2026352035,2016-04-13 12:00:00,185,64
2026352035,2016-04-13 13:00:00,93,59
2026352035,2016-04-13 14:00:00,125,62
2026352035,2016-04-13 15:00:00,861,98
2026352035,2016-04-13 16:00:00,531,83
2026352035,2016-04-13 17:00:00,585,80
2026352035,2016-04-13 18:00:00,48,57
2026352035,2016-04-13 19:00:00,507,79
2026352035,2016-04-13 20:00:00,431,90
2026352035,2016-04-13 21:00:00,247,64
2026352035,2016-04-13 22:00:00,26,50
2026352035,2016-04-13 23:00:00,0,47
2026352035,2016-04-14 00:00:00,0,47
2026352035,2016-04-14 01:00:00,0,47
2026352035,2016-04-14 02:00:00,0,47
2026352035,2016-04-14 03:00:00,0,47
2026352035,2016-04-14 04:00:00,0,47
2026352035,2016-04-14 05:00:00,0,47
2026352035,2016-04-14 06:00:00,290,63
2026352035,2016-04-14 07:00:00,717,98
2026352035,2016-04-14 08:00:00,268,79
2026352035,2016-04-14 09:00:00,48,55
2026352035,2016-04-14 10:00:00,36,55
2026352035,2016-04-14 11:00:00,135,60
2026352035,2016-04-14 12:00:00,106,61
2026352035,2016-04-14 13:00:00,74,60
2026352035,2016-04-14 14:00:00,235,67
2026352035,2016-04-14 15:00:00,91,59
2026352035,2016-04-14 16:00:00,104,60
2026352035,2016-04-14 17:00:00,426,79
2026352035,2016-04-14 18:00:00,282,76
2026352035,2016-04-14 19:00:00,227,68
2026352035,2016-04-14 20:00:00,236,67
2026352035,2016-04-14 21:00:00,4,48
2026352035,2016-04-14 22:00:00,26,51
2026352035,2016-04-14 23:00:00,0,47
2026352035,2016-04-15 00:00:00,5,48
2026352035,2016-04-15 01:00:00,0,47
2026352035,2016-04-15 02:00:00,0,47
2026352035,2016-04-15 03:00:00,43,51
2026352035,2016-04-15 04:00:00,8,48
2026352035,2016-04-15 05:00:00,0,47
2026352035,2016-04-15 06:00:00,529,82
2026352035,2016-04-15 07:00:00,272,67
2026352035,2016-04-15 08:00:00,173,65
2026352035,2016-04-15 09:00:00,95,59
2026352035,2016-04-15 10:00:00,291,68
2026352035,2016-04-15 11:00:00,40,54
2026352035,2016-04-15 12:00:00,146,61
2026352035,2016-04-15 13:00:00,50,56
2026352035,2016-04-15 14:00:00,250,67
2026352035,2016-04-15 15:00:00,758,89
2026352035,2016-04-15 16:00:00,142,62
2026352035,2016-04-15 17:00:00,218,71
2026352035,2016-04-15 18:00:00,351,76
2026352035,2016-04-15 19:00:00,153,63
2026352035,2016-04-15 20:00:00,246,69
2026352035,2016-04-15 21:00:00,34,50
2026352035,2016-04-15 22:00:00,12,50
2026352035,2016-04-15 23:00:00,5,48
2026352035,2016-04-16 00:00:00,0,47
2026352035,2016-04-16 01:00:00,20,49
2026352035,2016-04-16 02:00:00,7,48
2026352035,2016-04-16 03:00:00,0,47
2026352035,2016-04-16 04:00:00,23,48
2026352035,2016-04-16 05:00:00,0,47
2026352035,2016-04-16 06:00:00,499,77
2026352035,2016-04-16 07:00:00,90,61
2026352035,2016-04-16 08:00:00,184,68
2026352035,2016-04-16 09:00:00,235,65
2026352035,2016-04-16 10:00:00,60,58
2026352035,2016-04-16 11:00:00,47,55
2026352035,2016-04-16 12:00:00,128,57
2026352035,2016-04-16 13:00:00,60,56
2026352035,2016-04-16 14:00:00,224,68
2026352035,2016-04-16 15:00:00,19,52
2026352035,2016-04-16 16:00:00,131,57
2026352035,2016-04-16 17:00:00,271,74
2026352035,2016-04-16 18:00:00,82,62
2026352035,2016-04-16 19:00:00,181,62
2026352035,2016-04-16 20:00:00,175,62
2026352035,2016-04-16 21:00:00,56,53
2026352035,2016-04-16 22:00:00,45,53
2026352035,2016-04-16 23:00:00,10,49
2026352035,2016-04-17 00:00:00,0,47
2026352035,2016-04-17 01:00:00,0,47
2026352035,2016-04-17 02:00:00,0,47
2026352035,2016-04-17 03:00:00,0,47
2026352035,2016-04-17 04:00:00,0,47
2026352035,2016-04-17 05:00:00,36,50
2026352035,2016-04-17 06:00:00,214,69
2026352035,2016-04-17 07:00:00,116,63
2026352035,2016-04-17 08:00:00,130,61
2026352035,2016-04-17 09:00:00,119,61
2026352035,2016-04-17 10:00:00,72,54
2026352035,2016-04-17 11:00:00,144,62
2026352035,2016-04-17 12:00:00,7,49
2026352035,2016-04-17 13:00:00,0,47
2026352035,2016-04-17 14:00:00,0,47
2026352035,2016-04-17 15:00:00,0,47
2026352035,2016-04-17 16:00:00,0,47
2026352035,2016-04-17 17:00:00,0,47
2026352035,2016-04-17 18:00:00,0,47
2026352035,2016-04-17 19:00:00,0,47
2026352035,2016-04-17 20:00:00,0,47
2026352035,2016-04-17 21:00:00,0,47
2026352035,2016-04-17 22:00:00,0,47
2026352035,2016-04-17 23:00:00,0,47
2026352035,2016-04-18 00:00:00,0,47
2026352035,2016-04-18 01:00:00,0,47
2026352035,2016-04-18 02:00:00,0,47
2026352035,2016-04-18 03:00:00,0,47
2026352035,2016-04-18 04:00:00,0,47
2026352035,2016-04-18 05:00:00,0,47
2026352035,2016-04-18 06:00:00,404,74
2026352035,2016-04-18 07:00:00,109,60
2026352035,2016-04-18 08:00:00,29,53
2026352035,2016-04-18 09:00:00,41,56
2026352035,2016-04-18 10:00:00,569,82
2026352035,2016-04-18 11:00:00,96,60
2026352035,2016-04-18 12:00:00,18,52
2026352035,2016-04-18 13:00:00,256,69
2026352035,2016-04-18 14:00:00,245,68
2026352035,2016-04-18 15:00:00,204,65
2026352035,2016-04-18 16:00:00,150,64
2026352035,2016-04-18 17:00:00,277,73
2026352035,2016-04-18 18:00:00,305,75
2026352035,2016-04-18 19:00:00,291,73
2026352035,2016-04-18 20:00:00,259,68
2026352035,2016-04-18 21:00:00,15,49
2026352035,2016-04-18 22:00:00,34,51
2026352035,2016-04-18 23:00:00,23,50
2026352035,2016-04-19 00:00:00,0,47
2026352035,2016-04-19 01:00:00,0,47
2026352035,2016-04-19 02:00:00,0,47
2026352035,2016-04-19 03:00:00,0,47
2026352035,2016-04-19 04:00:00,0,47
2026352035,2016-04-19 05:00:00,0,47
2026352035,2016-04-19 06:00:00,247,68
2026352035,2016-04-19 07:00:00,136,63
2026352035,2016-04-19 08:00:00,216,63
2026352035,2016-04-19 09:00:00,108,59
2026352035,2016-04-19 10:00:00,130,59
2026352035,2016-04-19 11:00:00,116,59
2026352035,2016-04-19 12:00:00,113,61
2026352035,2016-04-19 13:00:00,20,51
2026352035,2016-04-19 14:00:00,252,67
2026352035,2016-04-19 15:00:00,13,51
2026352035,2016-04-19 16:00:00,94,59
2026352035,2016-04-19 17:00:00,76,56
2026352035,2016-04-19 18:00:00,477,84
2026352035,2016-04-19 19:00:00,107,57
2026352035,2016-04-19 20:00:00,135,59
2026352035,2016-04-19 21:00:00,136,60
2026352035,2016-04-19 22:00:00,14,49
2026352035,2016-04-19 23:00:00,34,50
2026352035,2016-04-20 00:00:00,23,51
2026352035,2016-04-20 01:00:00,0,47
2026352035,2016-04-20 02:00:00,4,48
2026352035,2016-04-20 03:00:00,0,47
2026352035,2016-04-20 04:00:00,0,47
2026352035,2016-04-20 05:00:00,203,61
2026352035,2016-04-20 06:00:00,311,70
2026352035,2016-04-20 07:00:00,105,62
2026352035,2016-04-20 08:00:00,218,68
2026352035,2016-04-20 09:00:00,197,67
2026352035,2016-04-20 10:00:00,410,71
2026352035,2016-04-20 11:00:00,794,99
2026352035,2016-04-20 12:00:00,293,71
2026352035,2016-04-20 13:00:00,1001,109
2026352035,2016-04-20 14:00:00,617,100
2026352035,2016-04-20 15:00:00,533,87
2026352035,2016-04-20 16:00:00,713,90
2026352035,2016-04-20 17:00:00,260,70
2026352035,2016-04-20 18:00:00,892,107
2026352035,2016-04-20 19:00:00,222,70
2026352035,2016-04-20 20:00:00,138,63
2026352035,2016-04-20 21:00:00,256,64
2026352035,2016-04-20 22:00:00,16,49
2026352035,2016-04-20 23:00:00,16,50
2026352035,2016-04-21 00:00:00,0,47
2026352035,2016-04-21 01:00:00,12,48
2026352035,2016-04-21 02:00:00,0,47
2026352035,2016-04-21 03:00:00,0,47
2026352035,2016-04-21 04:00:00,0,47
2026352035,2016-04-21 05:00:00,0,47
2026352035,2016-04-21 06:00:00,363,75
2026352035,2016-04-21 07:00:00,115,64
2026352035,2016-04-21 08:00:00,15,51
2026352035,2016-04-21 09:00:00,175,61
2026352035,2016-04-21 10:00:00,6,50
2026352035,2016-04-21 11:00:00,117,60
2026352035,2016-04-21 12:00:00,154,61
2026352035,2016-04-21 13:00:00,89,55
2026352035,2016-04-21 14:00:00,115,61
2026352035,2016-04-21 15:00:00,154,61
2026352035,2016-04-21 16:00:00,138,58
2026352035,2016-04-21 17:00:00,440,86
2026352035,2016-04-21 18:00:00,133,67
2026352035,2016-04-21 19:00:00,102,59
2026352035,2016-04-21 20:00:00,295,74
2026352035,2016-04-21 21:00:00,16,48
2026352035,2016-04-21 22:00:00,9,48
2026352035,2016-04-21 23:00:00,19,49
2026352035,2016-04-22 00:00:00,0,47
2026352035,2016-04-22 01:00:00,0,47
2026352035,2016-04-22 02:00:00,0,47
2026352035,2016-04-22 03:00:00,0,47
2026352035,2016-04-22 04:00:00,0,47
2026352035,2016-04-22 05:00:00,0,47
2026352035,2016-04-22 06:00:00,335,74
2026352035,2016-04-22 07:00:00,14,54
2026352035,2016-04-22 08:00:00,117,61
2026352035,2016-04-22 09:00:00,108,58
2026352035,2016-04-22 10:00:00,220,70
2026352035,2016-04-22 11:00:00,274,76
2026352035,2016-04-22 12:00:00,109,60
2026352035,2016-04-22 13:00:00,75,58
2026352035,2016-04-22 14:00:00,10,53
2026352035,2016-04-22 15:00:00,838,96
2026352035,2016-04-22 16:00:00,88,63
2026352035,2016-04-22 17:00:00,216,65
2026352035,2016-04-22 18:00:00,170,63
2026352035,2016-04-22 19:00:00,115,59
2026352035,2016-04-22 20:00:00,186,65
2026352035,2016-04-22 21:00:00,0,47
2026352035,2016-04-22 22:00:00,18,48
2026352035,2016-04-22 23:00:00,22,51
2026352035,2016-04-23 00:00:00,5,48
2026352035,2016-04-23 01:00:00,0,47
2026352035,2016-04-23 02:00:00,0,47
2026352035,2016-04-23 03:00:00,0,47
2026352035,2016-04-23 04:00:00,0,47
2026352035,2016-04-23 05:00:00,0,47
2026352035,2016-04-23 06:00:00,521,86
2026352035,2016-04-23 07:00:00,154,66
2026352035,2016-04-23 08:00:00,957,110
2026352035,2016-04-23 09:00:00,602,92
2026352035,2016-04-23 10:00:00,1049,118
2026352035,2016-04-23 11:00:00,2315,164
2026352035,2016-04-23 12:00:00,1236,121
2026352035,2016-04-23 13:00:00,692,100
2026352035,2016-04-23 14:00:00,1742,143
2026352035,2016-04-23 15:00:00,1153,108
2026352035,2016-04-23 16:00:00,308,70
2026352035,2016-04-23 17:00:00,785,99
2026352035,2016-04-23 18:00:00,367,80
2026352035,2016-04-23 19:00:00,243,68
2026352035,2016-04-23 20:00:00,198,67
2026352035,2016-04-23 21:00:00,0,47
2026352035,2016-04-23 22:00:00,9,48
2026352035,2016-04-23 23:00:00,21,47
2026352035,2016-04-24 00:00:00,0,47
2026352035,2016-04-24 01:00:00,0,47
2026352035,2016-04-24 02:00:00,0,47
2026352035,2016-04-24 03:00:00,0,47
2026352035,2016-04-24 04:00:00,0,47
2026352035,2016-04-24 05:00:00,0,47
2026352035,2016-04-24 06:00:00,320,70
2026352035,2016-04-24 07:00:00,227,68
2026352035,2016-04-24 08:00:00,101,61
2026352035,2016-04-24 09:00:00,416,78
2026352035,2016-04-24 10:00:00,63,57
2026352035,2016-04-24 11:00:00,236,65
2026352035,2016-04-24 12:00:00,17,51
2026352035,2016-04-24 13:00:00,178,58
2026352035,2016-04-24 14:00:00,196,63
2026352035,2016-04-24 15:00:00,169,62
2026352035,2016-04-24 16:00:00,187,61
2026352035,2016-04-24 17:00:00,432,75
2026352035,2016-04-24 18:00:00,287,69
2026352035,2016-04-24 19:00:00,170,61
2026352035,2016-04-24 20:00:00,334,70
2026352035,2016-04-24 21:00:00,129,56
2026352035,2016-04-24 22:00:00,12,48
2026352035,2016-04-24 23:00:00,16,48
2026352035,2016-04-25 00:00:00,0,47
2026352035,2016-04-25 01:00:00,0,47
2026352035,2016-04-25 02:00:00,0,47
2026352035,2016-04-25 03:00:00,0,47
2026352035,2016-04-25 04:00:00,0,47
2026352035,2016-04-25 05:00:00,0,47
2026352035,2016-04-25 06:00:00,523,87
2026352035,2016-04-25 07:00:00,562,88
2026352035,2016-04-25 08:00:00,643,93
2026352035,2016-04-25 09:00:00,672,113
2026352035,2016-04-25 10:00:00,120,73
2026352035,2016-04-25 11:00:00,484,79
2026352035,2016-04-25 12:00:00,636,83
2026352035,2016-04-25 13:00:00,305,74
2026352035,2016-04-25 14:00:00,962,107
2026352035,2016-04-25 15:00:00,559,90
2026352035,2016-04-25 16:00:00,551,84
2026352035,2016-04-25 17:00:00,0,47
2026352035,2016-04-25 18:00:00,0,47
2026352035,2016-04-25 19:00:00,0,47
2026352035,2016-04-25 20:00:00,0,47
2026352035,2016-04-25 21:00:00,0,47
2026352035,2016-04-25 22:00:00,0,47
2026352035,2016-04-25 23:00:00,0,47
2026352035,2016-04-26 00:00:00,0,47
2026352035,2016-04-26 01:00:00,0,47
2026352035,2016-04-26 02:00:00,0,47
2026352035,2016-04-26 03:00:00,0,47
2026352035,2016-04-26 04:00:00,0,47
2026352035,2016-04-26 05:00:00,0,47
2026352035,2016-04-26 06:00:00,37,51
2026352035,2016-04-26 07:00:00,198,68
2026352035,2016-04-26 08:00:00,170,68
2026352035,2016-04-26 09:00:00,159,63
2026352035,2016-04-26 10:00:00,383,72
2026352035,2016-04-26 11:00:00,194,65
2026352035,2016-04-26 12:00:00,639,83
2026352035,2016-04-26 13:00:00,1224,116
2026352035,2016-04-26 14:00:00,611,93
2026352035,2016-04-26 15:00:00,319,83
2026352035,2016-04-26 16:00:00,311,76
2026352035,2016-04-26 17:00:00,255,72
2026352035,2016-04-26 18:00:00,303,71
2026352035,2016-04-26 19:00:00,482,85
2026352035,2016-04-26 20:00:00,350,85
2026352035,2016-04-26 21:00:00,263,69
2026352035,2016-04-26 22:00:00,25,48
2026352035,2016-04-26 23:00:00,10,49
2026352035,2016-04-27 00:00:00,5,48
2026352035,2016-04-27 01:00:00,52,49
2026352035,2016-04-27 02:00:00,0,47
2026352035,2016-04-27 03:00:00,4,48
2026352035,2016-04-27 04:00:00,0,47
2026352035,2016-04-27 05:00:00,0,47
2026352035,2016-04-27 06:00:00,166,57
2026352035,2016-04-27 07:00:00,179,67
2026352035,2016-04-27 08:00:00,54,55
2026352035,2016-04-27 09:00:00,70,54
2026352035,2016-04-27 10:00:00,100,57
2026352035,2016-04-27 11:00:00,133,59
2026352035,2016-04-27 12:00:00,106,58
2026352035,2016-04-27 13:00:00,807,102
2026352035,2016-04-27 14:00:00,652,91
2026352035,2016-04-27 15:00:00,469,85
2026352035,2016-04-27 16:00:00,604,99
2026352035,2016-04-27 17:00:00,895,108
2026352035,2016-04-27 18:00:00,419,81
2026352035,2016-04-27 19:00:00,799,94
2026352035,2016-04-27 20:00:00,313,76
2026352035,2016-04-27 21:00:00,229,64
2026352035,2016-04-27 22:00:00,16,51
2026352035,2016-04-27 23:00:00,16,49
2026352035,2016-04-28 00:00:00,9,48
2026352035,2016-04-28 01:00:00,0,47
2026352035,2016-04-28 02:00:00,0,47
2026352035,2016-04-28 03:00:00,5,48
2026352035,2016-04-28 04:00:00,0,47
2026352035,2016-04-28 05:00:00,0,47
2026352035,2016-04-28 06:00:00,330,72
2026352035,2016-04-28 07:00:00,180,66
2026352035,2016-04-28 08:00:00,36,55
2026352035,2016-04-28 09:00:00,65,57
2026352035,2016-04-28 10:00:00,201,69
2026352035,2016-04-28 11:00:00,230,68
2026352035,2016-04-28 12:00:00,67,61
2026352035,2016-04-28 13:00:00,710,91
2026352035,2016-04-28 14:00:00,221,73
2026352035,2016-04-28 15:00:00,1049,114
2026352035,2016-04-28 16:00:00,960,116
2026352035,2016-04-28 17:00:00,633,100
2026352035,2016-04-28 18:00:00,150,72
2026352035,2016-04-28 19:00:00,342,78
2026352035,2016-04-28 20:00:00,476,80
2026352035,2016-04-28 21:00:00,469,83
2026352035,2016-04-28 22:00:00,219,62
2026352035,2016-04-28 23:00:00,23,50
2026352035,2016-04-29 00:00:00,6,48
2026352035,2016-04-29 01:00:00,0,47
2026352035,2016-04-29 02:00:00,0,47
2026352035,2016-04-29 03:00:00,0,47
2026352035,2016-04-29 04:00:00,0,47
2026352035,2016-04-29 05:00:00,6,48
2026352035,2016-04-29 06:00:00,4,48
2026352035,2016-04-29 07:00:00,587,95
2026352035,2016-04-29 08:00:00,289,76
2026352035,2016-04-29 09:00:00,182,65
2026352035,2016-04-29 10:00:00,531,83
2026352035,2016-04-29 11:00:00,718,95
2026352035,2016-04-29 12:00:00,472,90
2026352035,2016-04-29 13:00:00,912,105
2026352035,2016-04-29 14:00:00,602,92
2026352035,2016-04-29 15:00:00,1052,116
2026352035,2016-04-29 16:00:00,466,83
2026352035,2016-04-29 17:00:00,489,79
2026352035,2016-04-29 18:00:00,799,100
2026352035,2016-04-29 19:00:00,170,71
2026352035,2016-04-29 20:00:00,240,67
2026352035,2016-04-29 21:00:00,64,51
2026352035,2016-04-29 22:00:00,15,49
2026352035,2016-04-29 23:00:00,0,47
2026352035,2016-04-30 00:00:00,0,47
2026352035,2016-04-30 01:00:00,0,47
2026352035,2016-04-30 02:00:00,0,47
2026352035,2016-04-30 03:00:00,0,47
2026352035,2016-04-30 04:00:00,0,47
2026352035,2016-04-30 05:00:00,0,47
2026352035,2016-04-30 06:00:00,0,47
2026352035,2016-04-30 07:00:00,689,97
2026352035,2016-04-30 08:00:00,239,72
2026352035,2016-04-30 09:00:00,59,57
2026352035,2016-04-30 10:00:00,296,69
2026352035,2016-04-30 11:00:00,63,55
2026352035,2016-04-30 12:00:00,1102,114
2026352035,2016-04-30 13:00:00,815,104
2026352035,2016-04-30 14:00:00,373,78
2026352035,2016-04-30 15:00:00,116,58
2026352035,2016-04-30 16:00:00,139,62
2026352035,2016-04-30 17:00:00,233,67
2026352035,2016-04-30 18:00:00,153,65
2026352035,2016-04-30 19:00:00,199,70
2026352035,2016-04-30 20:00:00,226,65
2026352035,2016-04-30 21:00:00,0,47
2026352035,2016-04-30 22:00:00,27,52
2026352035,2016-04-30 23:00:00,0,47
2026352035,2016-05-01 00:00:00,0,47
2026352035,2016-05-01 01:00:00,0,47
2026352035,2016-05-01 02:00:00,0,47
2026352035,2016-05-01 03:00:00,0,47
2026352035,2016-05-01 04:00:00,0,47
2026352035,2016-05-01 05:00:00,0,47
2026352035,2016-05-01 06:00:00,391,76
2026352035,2016-05-01 07:00:00,234,71
2026352035,2016-05-01 08:00:00,166,67
2026352035,2016-05-01 09:00:00,94,62
2026352035,2016-05-01 10:00:00,1116,113
2026352035,2016-05-01 11:00:00,121,63
2026352035,2016-05-01 12:00:00,128,64
2026352035,2016-05-01 13:00:00,125,61
2026352035,2016-05-01 14:00:00,190,68
2026352035,2016-05-01 15:00:00,67,58
2026352035,2016-05-01 16:00:00,166,61
2026352035,2016-05-01 17:00:00,234,62
2026352035,2016-05-01 18:00:00,139,62
2026352035,2016-05-01 19:00:00,138,65
2026352035,2016-05-01 20:00:00,149,61
2026352035,2016-05-01 21:00:00,128,55
2026352035,2016-05-01 22:00:00,4,49
2026352035,2016-05-01 23:00:00,19,49
2026352035,2016-05-02 00:00:00,0,47
2026352035,2016-05-02 01:00:00,0,47
2026352035,2016-05-02 02:00:00,0,47
2026352035,2016-05-02 03:00:00,0,47
2026352035,2016-05-02 04:00:00,5,48
2026352035,2016-05-02 05:00:00,0,47
2026352035,2016-05-02 06:00:00,370,76
2026352035,2016-05-02 07:00:00,74,60
2026352035,2016-05-02 08:00:00,65,58
2026352035,2016-05-02 09:00:00,199,64
2026352035,2016-05-02 10:00:00,136,61
2026352035,2016-05-02 11:00:00,293,73
2026352035,2016-05-02 12:00:00,322,77
2026352035,2016-05-02 13:00:00,866,100
2026352035,2016-05-02 14:00:00,569,94
2026352035,2016-05-02 15:00:00,250,77
2026352035,2016-05-02 16:00:00,690,102
2026352035,2016-05-02 17:00:00,779,104
2026352035,2016-05-02 18:00:00,1038,114
2026352035,2016-05-02 19:00:00,121,63
2026352035,2016-05-02 20:00:00,448,92
2026352035,2016-05-02 21:00:00,611,93
2026352035,2016-05-02 22:00:00,182,57
2026352035,2016-05-02 23:00:00,0,47
2026352035,2016-05-03 00:00:00,0,47
2026352035,2016-05-03 01:00:00,0,47
2026352035,2016-05-03 02:00:00,0,47
2026352035,2016-05-03 03:00:00,0,47
2026352035,2016-05-03 04:00:00,0,47
2026352035,2016-05-03 05:00:00,0,47
2026352035,2016-05-03 06:00:00,0,47
2026352035,2016-05-03 07:00:00,251,71
2026352035,2016-05-03 08:00:00,201,71
2026352035,2016-05-03 09:00:00,167,66
2026352035,2016-05-03 10:00:00,167,69
2026352035,2016-05-03 11:00:00,381,75
2026352035,2016-05-03 12:00:00,55,54
2026352035,2016-05-03 13:00:00,623,91
2026352035,2016-05-03 14:00:00,758,98
2026352035,2016-05-03 15:00:00,815,103
2026352035,2016-05-03 16:00:00,544,90
2026352035,2016-05-03 17:00:00,344,77
2026352035,2016-05-03 18:00:00,647,99
2026352035,2016-05-03 19:00:00,617,91
2026352035,2016-05-03 20:00:00,244,69
2026352035,2016-05-03 21:00:00,162,60
2026352035,2016-05-03 22:00:00,0,47
2026352035,2016-05-03 23:00:00,16,48
2026352035,2016-05-04 00:00:00,0,47
2026352035,2016-05-04 01:00:00,0,47
2026352035,2016-05-04 02:00:00,0,47
2026352035,2016-05-04 03:00:00,0,47
2026352035,2016-05-04 04:00:00,6,48
2026352035,2016-05-04 05:00:00,9,48
2026352035,2016-05-04 06:00:00,86,55
2026352035,2016-05-04 07:00:00,420,82
2026352035,2016-05-04 08:00:00,223,63
2026352035,2016-05-04 09:00:00,395,78
2026352035,2016-05-04 10:00:00,127,65
2026352035,2016-05-04 11:00:00,214,71
2026352035,2016-05-04 12:00:00,47,55
2026352035,2016-05-04 13:00:00,396,76
2026352035,2016-05-04 14:00:00,762,102
2026352035,2016-05-04 15:00:00,681,102
2026352035,2016-05-04 16:00:00,575,99
2026352035,2016-05-04 17:00:00,572,92
2026352035,2016-05-04 18:00:00,623,99
2026352035,2016-05-04 19:00:00,421,84
2026352035,2016-05-04 20:00:00,860,100
2026352035,2016-05-04 21:00:00,117,55
2026352035,2016-05-04 22:00:00,9,48
2026352035,2016-05-04 23:00:00,21,50
2026352035,2016-05-05 00:00:00,0,47
2026352035,2016-05-05 01:00:00,0,47
2026352035,2016-05-05 02:00:00,0,47
2026352035,2016-05-05 03:00:00,0,47
2026352035,2016-05-05 04:00:00,0,47
2026352035,2016-05-05 05:00:00,651,88
2026352035,2016-05-05 06:00:00,669,92
2026352035,2016-05-05 07:00:00,580,83
2026352035,2016-05-05 08:00:00,709,104
2026352035,2016-05-05 09:00:00,857,105
2026352035,2016-05-05 10:00:00,578,95
2026352035,2016-05-05 11:00:00,468,85
2026352035,2016-05-05 12:00:00,1196,117
2026352035,2016-05-05 13:00:00,1494,128
2026352035,2016-05-05 14:00:00,379,74
2026352035,2016-05-05 15:00:00,936,114
2026352035,2016-05-05 16:00:00,1472,123
2026352035,2016-05-05 17:00:00,299,67
2026352035,2016-05-05 18:00:00,815,102
2026352035,2016-05-05 19:00:00,347,79
2026352035,2016-05-05 20:00:00,377,73
2026352035,2016-05-05 21:00:00,314,66
2026352035,2016-05-05 22:00:00,22,50
2026352035,2016-05-05 23:00:00,4,48
2026352035,2016-05-06 00:00:00,0,47
2026352035,2016-05-06 01:00:00,0,47
2026352035,2016-05-06 02:00:00,0,47
2026352035,2016-05-06 03:00:00,4,48
2026352035,2016-05-06 04:00:00,0,47
2026352035,2016-05-06 05:00:00,0,47
2026352035,2016-05-06 06:00:00,279,70
2026352035,2016-05-06 07:00:00,282,76
2026352035,2016-05-06 08:00:00,427,77
2026352035,2016-05-06 09:00:00,287,72
2026352035,2016-05-06 10:00:00,772,94
2026352035,2016-05-06 11:00:00,547,84
2026352035,2016-05-06 12:00:00,626,92
2026352035,2016-05-06 13:00:00,673,100
2026352035,2016-05-06 14:00:00,438,82
2026352035,2016-05-06 15:00:00,698,99
2026352035,2016-05-06 16:00:00,669,100
2026352035,2016-05-06 17:00:00,568,87
2026352035,2016-05-06 18:00:00,1008,111
2026352035,2016-05-06 19:00:00,243,76
2026352035,2016-05-06 20:00:00,383,78
2026352035,2016-05-06 21:00:00,279,62
2026352035,2016-05-06 22:00:00,15,49
2026352035,2016-05-06 23:00:00,0,47
2026352035,2016-05-07 00:00:00,0,47
2026352035,2016-05-07 01:00:00,0,47
2026352035,2016-05-07 02:00:00,0,47
2026352035,2016-05-07 03:00:00,0,47
2026352035,2016-05-07 04:00:00,0,47
2026352035,2016-05-07 05:00:00,0,47
2026352035,2016-05-07 06:00:00,632,93
2026352035,2016-05-07 07:00:00,362,84
2026352035,2016-05-07 08:00:00,238,72
2026352035,2016-05-07 09:00:00,237,67
2026352035,2016-05-07 10:00:00,326,69
2026352035,2016-05-07 11:00:00,216,65
2026352035,2016-05-07 12:00:00,503,84
2026352035,2016-05-07 13:00:00,88,59
2026352035,2016-05-07 14:00:00,187,66
2026352035,2016-05-07 15:00:00,77,55
2026352035,2016-05-07 16:00:00,147,61
2026352035,2016-05-07 17:00:00,284,72
2026352035,2016-05-07 18:00:00,226,74
2026352035,2016-05-07 19:00:00,189,63
2026352035,2016-05-07 20:00:00,424,79
2026352035,2016-05-07 21:00:00,19,49
2026352035,2016-05-07 22:00:00,14,50
2026352035,2016-05-07 23:00:00,24,49
2026352035,2016-05-08 00:00:00,9,48
2026352035,2016-05-08 01:00:00,0,47
2026352035,2016-05-08 02:00:00,0,47
2026352035,2016-05-08 03:00:00,0,47
2026352035,2016-05-08 04:00:00,0,47
2026352035,2016-05-08 05:00:00,0,47
2026352035,2016-05-08 06:00:00,441,78
2026352035,2016-05-08 07:00:00,211,71
2026352035,2016-05-08 08:00:00,649,89
2026352035,2016-05-08 09:00:00,1338,120
2026352035,2016-05-08 10:00:00,415,81
2026352035,2016-05-08 11:00:00,508,86
2026352035,2016-05-08 12:00:00,261,72
2026352035,2016-05-08 13:00:00,170,66
2026352035,2016-05-08 14:00:00,117,60
2026352035,2016-05-08 15:00:00,117,58
2026352035,2016-05-08 16:00:00,12,53
2026352035,2016-05-08 17:00:00,251,72
2026352035,2016-05-08 18:00:00,322,79
2026352035,2016-05-08 19:00:00,217,68
2026352035,2016-05-08 20:00:00,475,80
2026352035,2016-05-08 21:00:00,0,47
2026352035,2016-05-08 22:00:00,9,48
2026352035,2016-05-08 23:00:00,6,48
2026352035,2016-05-09 00:00:00,0,47
2026352035,2016-05-09 01:00:00,9,48
2026352035,2016-05-09 02:00:00,0,47
2026352035,2016-05-09 03:00:00,0,47
2026352035,2016-05-09 04:00:00,0,47
2026352035,2016-05-09 05:00:00,0,47
2026352035,2016-05-09 06:00:00,527,82
2026352035,2016-05-09 07:00:00,707,99
2026352035,2016-05-09 08:00:00,460,82
2026352035,2016-05-09 09:00:00,147,62
2026352035,2016-05-09 10:00:00,130,59
2026352035,2016-05-09 11:00:00,179,63
2026352035,2016-05-09 12:00:00,109,60
2026352035,2016-05-09 13:00:00,658,91
2026352035,2016-05-09 14:00:00,505,83
2026352035,2016-05-09 15:00:00,1058,111
2026352035,2016-05-09 16:00:00,1960,171
2026352035,2016-05-09 17:00:00,1848,158
2026352035,2016-05-09 18:00:00,606,97
2026352035,2016-05-09 19:00:00,754,106
2026352035,2016-05-09 20:00:00,666,95
2026352035,2016-05-09 21:00:00,323,70
2026352035,2016-05-09 22:00:00,0,47
2026352035,2016-05-09 23:00:00,6,48
2026352035,2016-05-10 00:00:00,50,52
2026352035,2016-05-10 01:00:00,0,47
2026352035,2016-05-10 02:00:00,0,47
2026352035,2016-05-10 03:00:00,0,47
2026352035,2016-05-10 04:00:00,0,47
2026352035,2016-05-10 05:00:00,0,47
2026352035,2016-05-10 06:00:00,0,47
2026352035,2016-05-10 07:00:00,0,47
2026352035,2016-05-10 08:00:00,0,47
2026352035,2016-05-10 09:00:00,0,47
2026352035,2016-05-10 10:00:00,0,47
2026352035,2016-05-10 11:00:00,0,47
2026352035,2016-05-10 12:00:00,0,47
2026352035,2016-05-10 13:00:00,0,47
2026352035,2016-05-10 14:00:00,0,47
2026352035,2016-05-10 15:00:00,0,47
2026352035,2016-05-10 16:00:00,0,47
2026352035,2016-05-10 17:00:00,0,47
2026352035,2016-05-10 18:00:00,0,47
2026352035,2016-05-10 19:00:00,0,47
2026352035,2016-05-10 20:00:00,33,49
2026352035,2016-05-10 21:00:00,118,57
2026352035,2016-05-10 22:00:00,23,50
2026352035,2016-05-10 23:00:00,30,49
2026352035,2016-05-11 00:00:00,9,48
2026352035,2016-05-11 01:00:00,0,47
2026352035,2016-05-11 02:00:00,0,47
2026352035,2016-05-11 03:00:00,8,48
2026352035,2016-05-11 04:00:00,0,47
2026352035,2016-05-11 05:00:00,0,47
2026352035,2016-05-11 06:00:00,364,71
2026352035,2016-05-11 07:00:00,322,74
2026352035,2016-05-11 08:00:00,216,68
2026352035,2016-05-11 09:00:00,102,60
2026352035,2016-05-11 10:00:00,342,72
2026352035,2016-05-11 11:00:00,163,63
2026352035,2016-05-11 12:00:00,53,57
2026352035,2016-05-11 13:00:00,536,82
2026352035,2016-05-11 14:00:00,582,88
2026352035,2016-05-11 15:00:00,883,105
2026352035,2016-05-11 16:00:00,2375,162
2026352035,2016-05-11 17:00:00,820,97
2026352035,2016-05-11 18:00:00,331,73
2026352035,2016-05-11 19:00:00,552,85
2026352035,2016-05-11 20:00:00,759,101
2026352035,2016-05-11 21:00:00,150,61
2026352035,2016-05-11 22:00:00,8,48
2026352035,2016-05-11 23:00:00,5,48
2026352035,2016-05-12 00:00:00,0,47
2026352035,2016-05-12 01:00:00,0,47
2026352035,2016-05-12 02:00:00,8,48
2026352035,2016-05-12 03:00:00,0,47
2026352035,2016-05-12 04:00:00,0,47
2026352035,2016-05-12 05:00:00,370,69
2026352035,2016-05-12 06:00:00,652,88
2026352035,2016-05-12 07:00:00,598,89
2026352035,2016-05-12 08:00:00,724,104
2026352035,2016-05-12 09:00:00,493,83
2026352035,2016-05-12 10:00:00,1261,119
2026352035,2016-05-12 11:00:00,744,98
2026352035,2016-05-12 12:00:00,976,102
2026352035,2016-05-12 13:00:00,882,101
2026352035,2016-05-12 14:00:00,618,92
2026352035,2016-05-12 15:00:00,1123,116
2320127002,2016-04-12 00:00:00,0,55
2320127002,2016-04-12 01:00:00,0,55
2320127002,2016-04-12 02:00:00,0,55
2320127002,2016-04-12 03:00:00,0,55
2320127002,2016-04-12 04:00:00,0,55
2320127002,2016-04-12 05:00:00,0,55
2320127002,2016-04-12 06:00:00,0,55
2320127002,2016-04-12 07:00:00,497,106
2320127002,2016-04-12 08:00:00,461,88
2320127002,2016-04-12 09:00:00,470,90
2320127002,2016-04-12 10:00:00,164,68
2320127002,2016-04-12 11:00:00,654,97
2320127002,2016-04-12 12:00:00,1140,127
2320127002,2016-04-12 13:00:00,408,92
2320127002,2016-04-12 14:00:00,1372,145
2320127002,2016-04-12 15:00:00,2208,191
2320127002,2016-04-12 16:00:00,771,122
2320127002,2016-04-12 17:00:00,557,98
2320127002,2016-04-12 18:00:00,415,90
2320127002,2016-04-12 19:00:00,459,93
2320127002,2016-04-12 20:00:00,348,85
2320127002,2016-04-12 21:00:00,197,76
2320127002,2016-04-12 22:00:00,296,86
2320127002,2016-04-12 23:00:00,308,83
2320127002,2016-04-13 00:00:00,178,74
2320127002,2016-04-13 01:00:00,421,90
2320127002,2016-04-13 02:00:00,218,78
2320127002,2016-04-13 03:00:00,45,65
2320127002,2016-04-13 04:00:00,234,78
2320127002,2016-04-13 05:00:00,83,66
2320127002,2016-04-13 06:00:00,370,89
2320127002,2016-04-13 07:00:00,959,128
2320127002,2016-04-13 08:00:00,541,94
2320127002,2016-04-13 09:00:00,198,76
2320127002,2016-04-13 10:00:00,166,73
2320127002,2016-04-13 11:00:00,350,90
2320127002,2016-04-13 12:00:00,414,88
2320127002,2016-04-13 13:00:00,148,71
2320127002,2016-04-13 14:00:00,365,84
2320127002,2016-04-13 15:00:00,283,85
2320127002,2016-04-13 16:00:00,396,92
2320127002,2016-04-13 17:00:00,456,98
2320127002,2016-04-13 18:00:00,117,70
2320127002,2016-04-13 19:00:00,168,75
2320127002,2016-04-13 20:00:00,284,86
2320127002,2016-04-13 21:00:00,305,87
2320127002,2016-04-13 22:00:00,422,94
2320127002,2016-04-13 23:00:00,154,72
2320127002,2016-04-14 00:00:00,191,74
2320127002,2016-04-14 01:00:00,0,55
2320127002,2016-04-14 02:00:00,0,55
2320127002,2016-04-14 03:00:00,0,55
2320127002,2016-04-14 04:00:00,0,55
2320127002,2016-04-14 05:00:00,0,55
2320127002,2016-04-14 06:00:00,168,70
2320127002,2016-04-14 07:00:00,368,92
2320127002,2016-04-14 08:00:00,189,74
2320127002,2016-04-14 09:00:00,525,97
2320127002,2016-04-14 10:00:00,300,84
2320127002,2016-04-14 11:00:00,19,57
2320127002,2016-04-14 12:00:00,0,55
2320127002,2016-04-14 13:00:00,0,56
2320127002,2016-04-14 14:00:00,35,63
2320127002,2016-04-14 15:00:00,243,84
2320127002,2016-04-14 16:00:00,638,112
2320127002,2016-04-14 17:00:00,465,99
2320127002,2016-04-14 18:00:00,355,87
2320127002,2016-04-14 19:00:00,338,83
2320127002,2016-04-14 20:00:00,139,68
2320127002,2016-04-14 21:00:00,0,55
2320127002,2016-04-14 22:00:00,0,55
2320127002,2016-04-14 23:00:00,0,55
2320127002,2016-04-15 00:00:00,0,55
2320127002,2016-04-15 01:00:00,0,55
2320127002,2016-04-15 02:00:00,0,55
2320127002,2016-04-15 03:00:00,0,55
2320127002,2016-04-15 04:00:00,0,55
2320127002,2016-04-15 05:00:00,0,55
2320127002,2016-04-15 06:00:00,0,55
2320127002,2016-04-15 07:00:00,569,96
2320127002,2016-04-15 08:00:00,234,78
2320127002,2016-04-15 09:00:00,405,98
2320127002,2016-04-15 10:00:00,177,78
2320127002,2016-04-15 11:00:00,223,78
2320127002,2016-04-15 12:00:00,564,103
2320127002,2016-04-15 13:00:00,126,68
2320127002,2016-04-15 14:00:00,0,55
2320127002,2016-04-15 15:00:00,275,77
2320127002,2016-04-15 16:00:00,258,82
2320127002,2016-04-15 17:00:00,498,95
2320127002,2016-04-15 18:00:00,312,88
2320127002,2016-04-15 19:00:00,570,110
2320127002,2016-04-15 20:00:00,571,106
2320127002,2016-04-15 21:00:00,306,82
2320127002,2016-04-15 22:00:00,117,66
2320127002,2016-04-15 23:00:00,0,55
2320127002,2016-04-16 00:00:00,0,55
2320127002,2016-04-16 01:00:00,0,55
2320127002,2016-04-16 02:00:00,0,55
2320127002,2016-04-16 03:00:00,0,55
2320127002,2016-04-16 04:00:00,0,55
2320127002,2016-04-16 05:00:00,0,55
2320127002,2016-04-16 06:00:00,0,55
2320127002,2016-04-16 07:00:00,0,55
2320127002,2016-04-16 08:00:00,0,55
2320127002,2016-04-16 09:00:00,0,55
2320127002,2016-04-16 10:00:00,317,80
2320127002,2016-04-16 11:00:00,513,98
2320127002,2016-04-16 12:00:00,520,95
2320127002,2016-04-16 13:00:00,203,70
2320127002,2016-04-16 14:00:00,219,70
2320127002,2016-04-16 15:00:00,398,90
2320127002,2016-04-16 16:00:00,306,81
2320127002,2016-04-16 17:00:00,0,55
2320127002,2016-04-16 18:00:00,0,55
2320127002,2016-04-16 19:00:00,220,73
2320127002,2016-04-16 20:00:00,490,94
2320127002,2016-04-16 21:00:00,634,102
2320127002,2016-04-16 22:00:00,510,98
2320127002,2016-04-16 23:00:00,714,111
2320127002,2016-04-17 00:00:00,330,88
2320127002,2016-04-17 01:00:00,94,65
2320127002,2016-04-17 02:00:00,0,55
2320127002,2016-04-17 03:00:00,0,55
2320127002,2016-04-17 04:00:00,0,55
2320127002,2016-04-17 05:00:00,0,55
2320127002,2016-04-17 06:00:00,0,55
2320127002,2016-04-17 07:00:00,0,55
2320127002,2016-04-17 08:00:00,0,55
2320127002,2016-04-17 09:00:00,232,73
2320127002,2016-04-17 10:00:00,256,83
2320127002,2016-04-17 11:00:00,484,93
2320127002,2016-04-17 12:00:00,507,93
2320127002,2016-04-17 13:00:00,567,99
2320127002,2016-04-17 14:00:00,661,104
2320127002,2016-04-17 15:00:00,242,79
2320127002,2016-04-17 16:00:00,286,82
2320127002,2016-04-17 17:00:00,431,89
2320127002,2016-04-17 18:00:00,749,117
2320127002,2016-04-17 19:00:00,579,103
2320127002,2016-04-17 20:00:00,474,99
2320127002,2016-04-17 21:00:00,220,79
2320127002,2016-04-17 22:00:00,86,64
2320127002,2016-04-17 23:00:00,0,55
2320127002,2016-04-18 00:00:00,0,55
2320127002,2016-04-18 01:00:00,0,55
2320127002,2016-04-18 02:00:00,0,55
2320127002,2016-04-18 03:00:00,0,55
2320127002,2016-04-18 04:00:00,0,55
2320127002,2016-04-18 05:00:00,0,55
2320127002,2016-04-18 06:00:00,183,79
2320127002,2016-04-18 07:00:00,589,103
2320127002,2016-04-18 08:00:00,287,79
2320127002,2016-04-18 09:00:00,486,92
2320127002,2016-04-18 10:00:00,103,71
2320127002,2016-04-18 11:00:00,347,85
2320127002,2016-04-18 12:00:00,479,96
2320127002,2016-04-18 13:00:00,852,114
2320127002,2016-04-18 14:00:00,633,102
2320127002,2016-04-18 15:00:00,228,77
2320127002,2016-04-18 16:00:00,332,85
2320127002,2016-04-18 17:00:00,324,90
2320127002,2016-04-18 18:00:00,260,81
2320127002,2016-04-18 19:00:00,427,93
2320127002,2016-04-18 20:00:00,306,83
2320127002,2016-04-18 21:00:00,377,94
2320127002,2016-04-18 22:00:00,82,68
2320127002,2016-04-18 23:00:00,243,81
2320127002,2016-04-19 00:00:00,62,64
2320127002,2016-04-19 01:00:00,0,55
2320127002,2016-04-19 02:00:00,0,55
2320127002,2016-04-19 03:00:00,0,55
2320127002,2016-04-19 04:00:00,0,55
2320127002,2016-04-19 05:00:00,0,55
2320127002,2016-04-19 06:00:00,0,55
2320127002,2016-04-19 07:00:00,0,55
2320127002,2016-04-19 08:00:00,0,55
2320127002,2016-04-19 09:00:00,0,55
2320127002,2016-04-19 10:00:00,0,55
2320127002,2016-04-19 11:00:00,0,55
2320127002,2016-04-19 12:00:00,821,115
2320127002,2016-04-19 13:00:00,272,81
2320127002,2016-04-19 14:00:00,244,85
2320127002,2016-04-19 15:00:00,332,83
2320127002,2016-04-19 16:00:00,413,93
2320127002,2016-04-19 17:00:00,328,85
2320127002,2016-04-19 18:00:00,0,55
2320127002,2016-04-19 19:00:00,76,65
2320127002,2016-04-19 20:00:00,645,110
2320127002,2016-04-19 21:00:00,625,104
2320127002,2016-04-19 22:00:00,1025,127
2320127002,2016-04-19 23:00:00,1154,136
2320127002,2016-04-20 00:00:00,220,74
2320127002,2016-04-20 01:00:00,0,55
2320127002,2016-04-20 02:00:00,0,55
2320127002,2016-04-20 03:00:00,0,55
2320127002,2016-04-20 04:00:00,0,55
2320127002,2016-04-20 05:00:00,0,55
2320127002,2016-04-20 06:00:00,0,55
2320127002,2016-04-20 07:00:00,0,55
2320127002,2016-04-20 08:00:00,0,55
2320127002,2016-04-20 09:00:00,0,55
2320127002,2016-04-20 10:00:00,0,55
2320127002,2016-04-20 11:00:00,0,55
2320127002,2016-04-20 12:00:00,420,95
2320127002,2016-04-20 13:00:00,338,82
2320127002,2016-04-20 14:00:00,842,111
2320127002,2016-04-20 15:00:00,1813,163
2320127002,2016-04-20 16:00:00,624,105
2320127002,2016-04-20 17:00:00,541,112
2320127002,2016-04-20 18:00:00,411,98
2320127002,2016-04-20 19:00:00,485,100
2320127002,2016-04-20 20:00:00,411,96
2320127002,2016-04-20 21:00:00,294,87
2320127002,2016-04-20 22:00:00,434,96
2320127002,2016-04-20 23:00:00,329,96
2320127002,2016-04-21 00:00:00,30,57
2320127002,2016-04-21 01:00:00,0,55
2320127002,2016-04-21 02:00:00,0,55
2320127002,2016-04-21 03:00:00,0,55
2320127002,2016-04-21 04:00:00,0,55
2320127002,2016-04-21 05:00:00,0,55
2320127002,2016-04-21 06:00:00,0,55
2320127002,2016-04-21 07:00:00,0,55
2320127002,2016-04-21 08:00:00,0,55
2320127002,2016-04-21 09:00:00,0,55
2320127002,2016-04-21 10:00:00,0,55
2320127002,2016-04-21 11:00:00,0,55
2320127002,2016-04-21 12:00:00,0,55
2320127002,2016-04-21 13:00:00,0,55
2320127002,2016-04-21 14:00:00,0,55
2320127002,2016-04-21 15:00:00,185,75
2320127002,2016-04-21 16:00:00,511,104
2320127002,2016-04-21 17:00:00,446,95
2320127002,2016-04-21 18:00:00,349,89
2320127002,2016-04-21 19:00:00,61,63
2320127002,2016-04-21 20:00:00,0,55
2320127002,2016-04-21 21:00:00,974,116
2320127002,2016-04-21 22:00:00,526,97
2320127002,2016-04-21 23:00:00,322,87
2320127002,2016-04-22 00:00:00,210,76
2320127002,2016-04-22 01:00:00,429,92
2320127002,2016-04-22 02:00:00,164,75
2320127002,2016-04-22 03:00:00,253,79
2320127002,2016-04-22 04:00:00,70,64
2320127002,2016-04-22 05:00:00,249,78
2320127002,2016-04-22 06:00:00,529,110
2320127002,2016-04-22 07:00:00,230,80
2320127002,2016-04-22 08:00:00,0,55
2320127002,2016-04-22 09:00:00,0,55
2320127002,2016-04-22 10:00:00,0,55
2320127002,2016-04-22 11:00:00,0,55
2320127002,2016-04-22 12:00:00,0,55
2320127002,2016-04-22 13:00:00,0,55
2320127002,2016-04-22 14:00:00,272,81
2320127002,2016-04-22 15:00:00,1128,136
2320127002,2016-04-22 16:00:00,270,79
2320127002,2016-04-22 17:00:00,315,86
2320127002,2016-04-22 18:00:00,0,55
2320127002,2016-04-22 19:00:00,249,86
2320127002,2016-04-22 20:00:00,384,92
2320127002,2016-04-22 21:00:00,453,95
2320127002,2016-04-22 22:00:00,218,77
2320127002,2016-04-22 23:00:00,160,77
2320127002,2016-04-23 00:00:00,152,74
2320127002,2016-04-23 01:00:00,205,77
2320127002,2016-04-23 02:00:00,264,77
2320127002,2016-04-23 03:00:00,202,78
2320127002,2016-04-23 04:00:00,72,67
2320127002,2016-04-23 05:00:00,0,55
2320127002,2016-04-23 06:00:00,0,55
2320127002,2016-04-23 07:00:00,0,55
2320127002,2016-04-23 08:00:00,0,55
2320127002,2016-04-23 09:00:00,0,55
2320127002,2016-04-23 10:00:00,0,55
2320127002,2016-04-23 11:00:00,0,55
2320127002,2016-04-23 12:00:00,0,55
2320127002,2016-04-23 13:00:00,591,101
2320127002,2016-04-23 14:00:00,436,96
2320127002,2016-04-23 15:00:00,591,107
2320127002,2016-04-23 16:00:00,399,89
2320127002,2016-04-23 17:00:00,594,107
2320127002,2016-04-23 18:00:00,578,107
2320127002,2016-04-23 19:00:00,351,90
2320127002,2016-04-23 20:00:00,41,60
2320127002,2016-04-23 21:00:00,261,78
2320127002,2016-04-23 22:00:00,205,81
2320127002,2016-04-23 23:00:00,137,72
2320127002,2016-04-24 00:00:00,204,75
2320127002,2016-04-24 01:00:00,295,80
2320127002,2016-04-24 02:00:00,192,77
2320127002,2016-04-24 03:00:00,0,55
2320127002,2016-04-24 04:00:00,0,55
2320127002,2016-04-24 05:00:00,0,55
2320127002,2016-04-24 06:00:00,0,55
2320127002,2016-04-24 07:00:00,0,55
2320127002,2016-04-24 08:00:00,0,55
2320127002,2016-04-24 09:00:00,0,55
2320127002,2016-04-24 10:00:00,0,55
2320127002,2016-04-24 11:00:00,0,55
2320127002,2016-04-24 12:00:00,0,55
2320127002,2016-04-24 13:00:00,0,55
2320127002,2016-04-24 14:00:00,0,55
2320127002,2016-04-24 15:00:00,69,60
2320127002,2016-04-24 16:00:00,784,120
2320127002,2016-04-24 17:00:00,360,89
2320127002,2016-04-24 18:00:00,711,116
2320127002,2016-04-24 19:00:00,140,75
2320127002,2016-04-24 20:00:00,434,99
2320127002,2016-04-24 21:00:00,487,105
2320127002,2016-04-24 22:00:00,194,81
2320127002,2016-04-24 23:00:00,289,88
2320127002,2016-04-25 00:00:00,506,98
2320127002,2016-04-25 01:00:00,195,81
2320127002,2016-04-25 02:00:00,0,55
2320127002,2016-04-25 03:00:00,0,55
2320127002,2016-04-25 04:00:00,0,55
2320127002,2016-04-25 05:00:00,0,55
2320127002,2016-04-25 06:00:00,0,55
2320127002,2016-04-25 07:00:00,0,55
2320127002,2016-04-25 08:00:00,0,55
2320127002,2016-04-25 09:00:00,0,55
2320127002,2016-04-25 10:00:00,0,55
2320127002,2016-04-25 11:00:00,0,55
2320127002,2016-04-25 12:00:00,0,55
2320127002,2016-04-25 13:00:00,0,55
2320127002,2016-04-25 14:00:00,0,55
2320127002,2016-04-25 15:00:00,24,58
2320127002,2016-04-25 16:00:00,409,94
2320127002,2016-04-25 17:00:00,1013,126
2320127002,2016-04-25 18:00:00,368,90
2320127002,2016-04-25 19:00:00,53,63
2320127002,2016-04-25 20:00:00,284,80
2320127002,2016-04-25 21:00:00,298,87
2320127002,2016-04-25 22:00:00,380,95
2320127002,2016-04-25 23:00:00,58,66
2320127002,2016-04-26 00:00:00,0,55
2320127002,2016-04-26 01:00:00,20,60
2320127002,2016-04-26 02:00:00,71,64
2320127002,2016-04-26 03:00:00,0,55
2320127002,2016-04-26 04:00:00,0,55
2320127002,2016-04-26 05:00:00,0,55
2320127002,2016-04-26 06:00:00,0,55
2320127002,2016-04-26 07:00:00,0,55
2320127002,2016-04-26 08:00:00,0,55
2320127002,2016-04-26 09:00:00,0,55
2320127002,2016-04-26 10:00:00,0,55
2320127002,2016-04-26 11:00:00,0,55
2320127002,2016-04-26 12:00:00,0,55
2320127002,2016-04-26 13:00:00,0,55
2320127002,2016-04-26 14:00:00,0,55
2320127002,2016-04-26 15:00:00,0,55
2320127002,2016-04-26 16:00:00,244,74
2320127002,2016-04-26 17:00:00,401,95
2320127002,2016-04-26 18:00:00,345,96
2320127002,2016-04-26 19:00:00,390,92
2320127002,2016-04-26 20:00:00,412,93
2320127002,2016-04-26 21:00:00,522,96
2320127002,2016-04-26 22:00:00,758,105
2320127002,2016-04-26 23:00:00,246,84
2320127002,2016-04-27 00:00:00,0,56
2320127002,2016-04-27 01:00:00,0,55
2320127002,2016-04-27 02:00:00,0,55
2320127002,2016-04-27 03:00:00,0,55
2320127002,2016-04-27 04:00:00,152,74
2320127002,2016-04-27 05:00:00,79,67
2320127002,2016-04-27 06:00:00,4,57
2320127002,2016-04-27 07:00:00,500,98
2320127002,2016-04-27 08:00:00,829,120
2320127002,2016-04-27 09:00:00,151,72
2320127002,2016-04-27 10:00:00,0,55
2320127002,2016-04-27 11:00:00,0,55
2320127002,2016-04-27 12:00:00,0,55
2320127002,2016-04-27 13:00:00,0,55
2320127002,2016-04-27 14:00:00,0,55
2320127002,2016-04-27 15:00:00,0,55
2320127002,2016-04-27 16:00:00,0,55
2320127002,2016-04-27 17:00:00,0,55
2320127002,2016-04-27 18:00:00,0,55
2320127002,2016-04-27 19:00:00,0,55
2320127002,2016-04-27 20:00:00,0,55
2320127002,2016-04-27 21:00:00,0,55
2320127002,2016-04-27 22:00:00,0,55
2320127002,2016-04-27 23:00:00,0,55
2320127002,2016-04-28 00:00:00,138,73
2320127002,2016-04-28 01:00:00,357,93
2320127002,2016-04-28 02:00:00,374,86
2320127002,2016-04-28 03:00:00,412,92
2320127002,2016-04-28 04:00:00,0,55
2320127002,2016-04-28 05:00:00,0,55
2320127002,2016-04-28 06:00:00,0,55
2320127002,2016-04-28 07:00:00,251,80
2320127002,2016-04-28 08:00:00,0,55
2320127002,2016-04-28 09:00:00,0,55
2320127002,2016-04-28 10:00:00,0,55
2320127002,2016-04-28 11:00:00,0,55
2320127002,2016-04-28 12:00:00,0,55
2320127002,2016-04-28 13:00:00,0,55
2320127002,2016-04-28 14:00:00,0,55
2320127002,2016-04-28 15:00:00,0,55
2320127002,2016-04-28 16:00:00,0,55
2320127002,2016-04-28 17:00:00,0,55
2320127002,2016-04-28 18:00:00,0,55
2320127002,2016-04-28 19:00:00,0,55
2320127002,2016-04-28 20:00:00,0,55
2320127002,2016-04-28 21:00:00,0,55
2320127002,2016-04-28 22:00:00,0,55
2320127002,2016-04-28 23:00:00,0,55
2320127002,2016-04-29 00:00:00,0,55
2320127002,2016-04-29 01:00:00,0,55
2320127002,2016-04-29 02:00:00,0,55
2320127002,2016-04-29 03:00:00,0,55
2320127002,2016-04-29 04:00:00,0,55
2320127002,2016-04-29 05:00:00,0,55
2320127002,2016-04-29 06:00:00,241,77
2320127002,2016-04-29 07:00:00,577,107
2320127002,2016-04-29 08:00:00,106,68
2320127002,2016-04-29 09:00:00,0,55
2320127002,2016-04-29 10:00:00,0,55
2320127002,2016-04-29 11:00:00,0,55
2320127002,2016-04-29 12:00:00,0,55
2320127002,2016-04-29 13:00:00,0,55
2320127002,2016-04-29 14:00:00,0,55
2320127002,2016-04-29 15:00:00,0,55
2320127002,2016-04-29 16:00:00,0,55
2320127002,2016-04-29 17:00:00,0,55
2320127002,2016-04-29 18:00:00,0,55
2320127002,2016-04-29 19:00:00,0,55
2320127002,2016-04-29 20:00:00,0,55
2320127002,2016-04-29 21:00:00,0,55
2320127002,2016-04-29 22:00:00,0,55
2320127002,2016-04-29 23:00:00,0,55
2320127002,2016-04-30 00:00:00,0,55
2320127002,2016-04-30 01:00:00,65,63
2320127002,2016-04-30 02:00:00,249,85
2320127002,2016-04-30 03:00:00,378,92
2320127002,2016-04-30 04:00:00,582,104
2320127002,2016-04-30 05:00:00,336,85
2320127002,2016-04-30 06:00:00,219,78
2320127002,2016-04-30 07:00:00,353,96
2320127002,2016-04-30 08:00:00,388,98
2320127002,2016-04-30 09:00:00,267,83
2320127002,2016-04-30 10:00:00,552,100
2320127002,2016-04-30 11:00:00,303,89
2320127002,2016-04-30 12:00:00,0,55
2320127002,2016-04-30 13:00:00,0,55
2320127002,2016-04-30 14:00:00,0,55
2320127002,2016-04-30 15:00:00,0,55
2320127002,2016-04-30 16:00:00,0,55
2320127002,2016-04-30 17:00:00,0,55
2320127002,2016-04-30 18:00:00,0,55
2320127002,2016-04-30 19:00:00,0,55
2320127002,2016-04-30 20:00:00,210,75
2320127002,2016-04-30 21:00:00,331,88
2320127002,2016-04-30 22:00:00,185,74
2320127002,2016-04-30 23:00:00,140,71
2320127002,2016-05-01 00:00:00,267,84
2320127002,2016-05-01 01:00:00,179,75
2320127002,2016-05-01 02:00:00,326,85
2320127002,2016-05-01 03:00:00,0,55
2320127002,2016-05-01 04:00:00,0,55
2320127002,2016-05-01 05:00:00,0,55
2320127002,2016-05-01 06:00:00,0,55
2320127002,2016-05-01 07:00:00,0,55
2320127002,2016-05-01 08:00:00,0,55
2320127002,2016-05-01 09:00:00,0,55
2320127002,2016-05-01 10:00:00,0,55
2320127002,2016-05-01 11:00:00,0,55
2320127002,2016-05-01 12:00:00,0,55
2320127002,2016-05-01 13:00:00,0,55
2320127002,2016-05-01 14:00:00,0,56
2320127002,2016-05-01 15:00:00,0,55
2320127002,2016-05-01 16:00:00,0,55
2320127002,2016-05-01 17:00:00,0,55
2320127002,2016-05-01 18:00:00,0,55
2320127002,2016-05-01 19:00:00,0,55
2320127002,2016-05-01 20:00:00,0,55
2320127002,2016-05-01 21:00:00,0,55
2320127002,2016-05-01 22:00:00,0,55
2320127002,2016-05-01 23:00:00,0,55
2320127002,2016-05-02 00:00:00,0,55
2320127002,2016-05-02 01:00:00,285,80
2320127002,2016-05-02 02:00:00,322,85
2320127002,2016-05-02 03:00:00,564,97
2320127002,2016-05-02 04:00:00,203,73
2320127002,2016-05-02 05:00:00,0,55
2320127002,2016-05-02 06:00:00,0,55
2320127002,2016-05-02 07:00:00,0,55
2320127002,2016-05-02 08:00:00,0,55
2320127002,2016-05-02 09:00:00,0,55
2320127002,2016-05-02 10:00:00,0,55
2320127002,2016-05-02 11:00:00,0,55
2320127002,2016-05-02 12:00:00,0,55
2320127002,2016-05-02 13:00:00,0,55
2320127002,2016-05-02 14:00:00,0,55
2320127002,2016-05-02 15:00:00,0,55
2320127002,2016-05-02 16:00:00,0,55
2320127002,2016-05-02 17:00:00,0,55
2320127002,2016-05-02 18:00:00,0,55
2320127002,2016-05-02 19:00:00,151,71
2320127002,2016-05-02 20:00:00,860,117
2320127002,2016-05-02 21:00:00,1054,127
2320127002,2016-05-02 22:00:00,195,79
2320127002,2016-05-02 23:00:00,0,55
2320127002,2016-05-03 00:00:00,0,55
2320127002,2016-05-03 01:00:00,0,55
2320127002,2016-05-03 02:00:00,0,55
2320127002,2016-05-03 03:00:00,0,55
2320127002,2016-05-03 04:00:00,0,55
2320127002,2016-05-03 05:00:00,453,95
2320127002,2016-05-03 06:00:00,451,97
2320127002,2016-05-03 07:00:00,1053,128
2320127002,2016-05-03 08:00:00,473,101
2320127002,2016-05-03 09:00:00,0,56
2320127002,2016-05-03 10:00:00,0,55
2320127002,2016-05-03 11:00:00,0,55
2320127002,2016-05-03 12:00:00,0,55
2320127002,2016-05-03 13:00:00,0,55
2320127002,2016-05-03 14:00:00,0,55
2320127002,2016-05-03 15:00:00,0,55
2320127002,2016-05-03 16:00:00,0,55
2320127002,2016-05-03 17:00:00,49,62
2320127002,2016-05-03 18:00:00,261,83
2320127002,2016-05-03 19:00:00,720,113
2320127002,2016-05-03 20:00:00,1940,172
2320127002,2016-05-03 21:00:00,656,110
2320127002,2016-05-03 22:00:00,1364,141
2320127002,2016-05-03 23:00:00,23,58
2320127002,2016-05-04 00:00:00,0,55
2320127002,2016-05-04 01:00:00,0,55
2320127002,2016-05-04 02:00:00,0,55
2320127002,2016-05-04 03:00:00,0,55
2320127002,2016-05-04 04:00:00,58,61
2320127002,2016-05-04 05:00:00,0,55
2320127002,2016-05-04 06:00:00,269,83
2320127002,2016-05-04 07:00:00,874,123
2320127002,2016-05-04 08:00:00,0,55
2320127002,2016-05-04 09:00:00,0,55
2320127002,2016-05-04 10:00:00,0,55
2320127002,2016-05-04 11:00:00,0,55
2320127002,2016-05-04 12:00:00,0,55
2320127002,2016-05-04 13:00:00,0,55
2320127002,2016-05-04 14:00:00,0,55
2320127002,2016-05-04 15:00:00,0,55
2320127002,2016-05-04 16:00:00,0,55
2320127002,2016-05-04 17:00:00,0,55
2320127002,2016-05-04 18:00:00,0,55
2320127002,2016-05-04 19:00:00,0,55
2320127002,2016-05-04 20:00:00,0,55
2320127002,2016-05-04 21:00:00,0,55
2320127002,2016-05-04 22:00:00,0,55
2320127002,2016-05-04 23:00:00,0,55
2320127002,2016-05-05 00:00:00,0,55
2320127002,2016-05-05 01:00:00,0,55
2320127002,2016-05-05 02:00:00,0,55
2320127002,2016-05-05 03:00:00,0,55
2320127002,2016-05-05 04:00:00,0,55
2320127002,2016-05-05 05:00:00,0,55
2320127002,2016-05-05 06:00:00,383,90
2320127002,2016-05-05 07:00:00,687,115
2320127002,2016-05-05 08:00:00,604,105
2320127002,2016-05-05 09:00:00,782,109
2320127002,2016-05-05 10:00:00,601,108
2320127002,2016-05-05 11:00:00,427,97
2320127002,2016-05-05 12:00:00,456,93
2320127002,2016-05-05 13:00:00,98,68
2320127002,2016-05-05 14:00:00,0,55
2320127002,2016-05-05 15:00:00,0,55
2320127002,2016-05-05 16:00:00,0,55
2320127002,2016-05-05 17:00:00,68,62
2320127002,2016-05-05 18:00:00,111,68
2320127002,2016-05-05 19:00:00,441,94
2320127002,2016-05-05 20:00:00,267,83
2320127002,2016-05-05 21:00:00,219,75
2320127002,2016-05-05 22:00:00,58,62
2320127002,2016-05-05 23:00:00,0,55
2320127002,2016-05-06 00:00:00,0,55
2320127002,2016-05-06 01:00:00,0,55
2320127002,2016-05-06 02:00:00,0,55
2320127002,2016-05-06 03:00:00,0,55
2320127002,2016-05-06 04:00:00,0,55
2320127002,2016-05-06 05:00:00,178,69
2320127002,2016-05-06 06:00:00,575,109
2320127002,2016-05-06 07:00:00,478,94
2320127002,2016-05-06 08:00:00,267,82
2320127002,2016-05-06 09:00:00,600,97
2320127002,2016-05-06 10:00:00,843,115
2320127002,2016-05-06 11:00:00,676,110
2320127002,2016-05-06 12:00:00,378,86
2320127002,2016-05-06 13:00:00,0,55
2320127002,2016-05-06 14:00:00,0,55
2320127002,2016-05-06 15:00:00,0,55
2320127002,2016-05-06 16:00:00,0,55
2320127002,2016-05-06 17:00:00,0,55
2320127002,2016-05-06 18:00:00,0,55
2320127002,2016-05-06 19:00:00,0,55
2320127002,2016-05-06 20:00:00,210,77
2320127002,2016-05-06 21:00:00,227,82
2320127002,2016-05-06 22:00:00,315,87
2320127002,2016-05-06 23:00:00,131,70
2320127002,2016-05-07 00:00:00,0,55
2320127002,2016-05-07 01:00:00,0,55
2320127002,2016-05-07 02:00:00,0,55
2320127002,2016-05-07 03:00:00,0,55
2320127002,2016-05-07 04:00:00,0,55
2320127002,2016-05-07 05:00:00,277,80
2320127002,2016-05-07 06:00:00,322,79
2320127002,2016-05-07 07:00:00,277,82
2320127002,2016-05-07 08:00:00,708,105
2320127002,2016-05-07 09:00:00,954,126
2320127002,2016-05-07 10:00:00,388,89
2320127002,2016-05-07 11:00:00,322,87
2320127002,2016-05-07 12:00:00,460,100
2320127002,2016-05-07 13:00:00,464,87
2320127002,2016-05-07 14:00:00,688,108
2320127002,2016-05-07 15:00:00,753,120
2320127002,2016-05-07 16:00:00,488,104
2320127002,2016-05-07 17:00:00,303,84
2320127002,2016-05-07 18:00:00,0,55
2320127002,2016-05-07 19:00:00,0,55
2320127002,2016-05-07 20:00:00,86,66
2320127002,2016-05-07 21:00:00,245,86
2320127002,2016-05-07 22:00:00,410,102
2320127002,2016-05-07 23:00:00,234,83
2320127002,2016-05-08 00:00:00,0,55
2320127002,2016-05-08 01:00:00,0,55
2320127002,2016-05-08 02:00:00,0,55
2320127002,2016-05-08 03:00:00,0,55
2320127002,2016-05-08 04:00:00,0,55
2320127002,2016-05-08 05:00:00,0,55
2320127002,2016-05-08 06:00:00,0,55
2320127002,2016-05-08 07:00:00,0,55
2320127002,2016-05-08 08:00:00,156,74
2320127002,2016-05-08 09:00:00,248,82
2320127002,2016-05-08 10:00:00,444,97
2320127002,2016-05-08 11:00:00,520,102
2320127002,2016-05-08 12:00:00,633,105
2320127002,2016-05-08 13:00:00,621,109
2320127002,2016-05-08 14:00:00,36,59
2320127002,2016-05-08 15:00:00,0,55
2320127002,2016-05-08 16:00:00,148,72
2320127002,2016-05-08 17:00:00,475,100
2320127002,2016-05-08 18:00:00,376,93
2320127002,2016-05-08 19:00:00,381,96
2320127002,2016-05-08 20:00:00,164,79
2320127002,2016-05-08 21:00:00,327,90
2320127002,2016-05-08 22:00:00,231,82
2320127002,2016-05-08 23:00:00,393,85
2320127002,2016-05-09 00:00:00,317,87
2320127002,2016-05-09 01:00:00,390,91
2320127002,2016-05-09 02:00:00,0,55
2320127002,2016-05-09 03:00:00,0,55
2320127002,2016-05-09 04:00:00,0,55
2320127002,2016-05-09 05:00:00,95,65
2320127002,2016-05-09 06:00:00,224,80
2320127002,2016-05-09 07:00:00,713,105
2320127002,2016-05-09 08:00:00,162,78
2320127002,2016-05-09 09:00:00,184,76
2320127002,2016-05-09 10:00:00,165,75
2320127002,2016-05-09 11:00:00,0,55
2320127002,2016-05-09 12:00:00,0,55
2320127002,2016-05-09 13:00:00,0,55
2320127002,2016-05-09 14:00:00,0,58
2320127002,2016-05-09 15:00:00,524,98
2320127002,2016-05-09 16:00:00,177,81
2320127002,2016-05-09 17:00:00,139,73
2320127002,2016-05-09 18:00:00,0,55
2320127002,2016-05-09 19:00:00,0,55
2320127002,2016-05-09 20:00:00,0,55
2320127002,2016-05-09 21:00:00,0,55
2320127002,2016-05-09 22:00:00,0,55
2320127002,2016-05-09 23:00:00,0,55
2320127002,2016-05-10 00:00:00,0,55
2320127002,2016-05-10 01:00:00,0,55
2320127002,2016-05-10 02:00:00,0,55
2320127002,2016-05-10 03:00:00,0,55
2320127002,2016-05-10 04:00:00,0,55
2320127002,2016-05-10 05:00:00,0,55
2320127002,2016-05-10 06:00:00,71,67
2320127002,2016-05-10 07:00:00,364,94
2320127002,2016-05-10 08:00:00,182,78
2320127002,2016-05-10 09:00:00,362,92
2320127002,2016-05-10 10:00:00,493,93
2320127002,2016-05-10 11:00:00,1122,137
2320127002,2016-05-10 12:00:00,947,125
2320127002,2016-05-10 13:00:00,327,88
2320127002,2016-05-10 14:00:00,283,87
2320127002,2016-05-10 15:00:00,485,94
2320127002,2016-05-10 16:00:00,483,103
2320127002,2016-05-10 17:00:00,172,80
2320127002,2016-05-10 18:00:00,427,94
2320127002,2016-05-10 19:00:00,194,80
2320127002,2016-05-10 20:00:00,300,89
2320127002,2016-05-10 21:00:00,15,58
2320127002,2016-05-10 22:00:00,0,55
2320127002,2016-05-10 23:00:00,0,55
2320127002,2016-05-11 00:00:00,0,55
2320127002,2016-05-11 01:00:00,0,55
2320127002,2016-05-11 02:00:00,0,55
2320127002,2016-05-11 03:00:00,0,55
2320127002,2016-05-11 04:00:00,0,55
2320127002,2016-05-11 05:00:00,0,55
2320127002,2016-05-11 06:00:00,0,55
2320127002,2016-05-11 07:00:00,0,55
2320127002,2016-05-11 08:00:00,0,55
2320127002,2016-05-11 09:00:00,4,57
2320127002,2016-05-11 10:00:00,472,102
2320127002,2016-05-11 11:00:00,348,89
2320127002,2016-05-11 12:00:00,446,100
2320127002,2016-05-11 13:00:00,283,81
2320127002,2016-05-11 14:00:00,241,78
2320127002,2016-05-11 15:00:00,364,92
2320127002,2016-05-11 16:00:00,493,97
2320127002,2016-05-11 17:00:00,999,127
2320127002,2016-05-11 18:00:00,172,74
2320127002,2016-05-11 19:00:00,324,87
2320127002,2016-05-11 20:00:00,723,115
2320127002,2016-05-11 21:00:00,522,102
2320127002,2016-05-11 22:00:00,605,113
2320127002,2016-05-11 23:00:00,428,95
2320127002,2016-05-12 00:00:00,0,55
2320127002,2016-05-12 01:00:00,0,55
2320127002,2016-05-12 02:00:00,0,56
2320127002,2016-05-12 03:00:00,0,55
2320127002,2016-05-12 04:00:00,0,55
2320127002,2016-05-12 05:00:00,0,55
2320127002,2016-05-12 06:00:00,0,55
2320127002,2016-05-12 07:00:00,0,55
2320127002,2016-05-12 08:00:00,0,55
2320127002,2016-05-12 09:00:00,119,70
2320127002,2016-05-12 10:00:00,817,118
2320127002,2016-05-12 11:00:00,426,100
2320127002,2016-05-12 12:00:00,535,107
2320127002,2016-05-12 13:00:00,402,89
2320127002,2016-05-12 14:00:00,265,83
2873212765,2016-04-12 00:00:00,0,53
2873212765,2016-04-12 01:00:00,0,53
2873212765,2016-04-12 02:00:00,0,53
2873212765,2016-04-12 03:00:00,0,53
2873212765,2016-04-12 04:00:00,0,53
2873212765,2016-04-12 05:00:00,306,94
2873212765,2016-04-12 06:00:00,17,63
2873212765,2016-04-12 07:00:00,1373,120
2873212765,2016-04-12 08:00:00,1150,137
2873212765,2016-04-12 09:00:00,1025,141
2873212765,2016-04-12 10:00:00,802,118
2873212765,2016-04-12 11:00:00,328,71
2873212765,2016-04-12 12:00:00,1280,151
2873212765,2016-04-12 13:00:00,637,111
2873212765,2016-04-12 14:00:00,169,69
2873212765,2016-04-12 15:00:00,95,64
2873212765,2016-04-12 16:00:00,251,76
2873212765,2016-04-12 17:00:00,93,70
2873212765,2016-04-12 18:00:00,737,123
2873212765,2016-04-12 19:00:00,255,75
2873212765,2016-04-12 20:00:00,259,74
2873212765,2016-04-12 21:00:00,19,57
2873212765,2016-04-12 22:00:00,0,53
2873212765,2016-04-12 23:00:00,0,53
2873212765,2016-04-13 00:00:00,0,53
2873212765,2016-04-13 01:00:00,0,53
2873212765,2016-04-13 02:00:00,0,53
2873212765,2016-04-13 03:00:00,0,53
2873212765,2016-04-13 04:00:00,0,53
2873212765,2016-04-13 05:00:00,321,87
2873212765,2016-04-13 06:00:00,203,79
2873212765,2016-04-13 07:00:00,840,98
2873212765,2016-04-13 08:00:00,873,122
2873212765,2016-04-13 09:00:00,632,133
2873212765,2016-04-13 10:00:00,364,118
2873212765,2016-04-13 11:00:00,550,93
2873212765,2016-04-13 12:00:00,803,134
2873212765,2016-04-13 13:00:00,851,121
2873212765,2016-04-13 14:00:00,228,70
2873212765,2016-04-13 15:00:00,354,87
2873212765,2016-04-13 16:00:00,265,82
2873212765,2016-04-13 17:00:00,469,101
2873212765,2016-04-13 18:00:00,312,80
2873212765,2016-04-13 19:00:00,146,73
2873212765,2016-04-13 20:00:00,105,68
2873212765,2016-04-13 21:00:00,5,57
2873212765,2016-04-13 22:00:00,230,81
2873212765,2016-04-13 23:00:00,67,58
2873212765,2016-04-14 00:00:00,0,53
2873212765,2016-04-14 01:00:00,0,53
2873212765,2016-04-14 02:00:00,0,53
2873212765,2016-04-14 03:00:00,0,53
2873212765,2016-04-14 04:00:00,0,53
2873212765,2016-04-14 05:00:00,0,53
2873212765,2016-04-14 06:00:00,224,77
2873212765,2016-04-14 07:00:00,1123,123
2873212765,2016-04-14 08:00:00,544,119
2873212765,2016-04-14 09:00:00,871,121
2873212765,2016-04-14 10:00:00,1403,114
2873212765,2016-04-14 11:00:00,318,77
2873212765,2016-04-14 12:00:00,291,84
2873212765,2016-04-14 13:00:00,568,104
2873212765,2016-04-14 14:00:00,531,92
2873212765,2016-04-14 15:00:00,742,97
2873212765,2016-04-14 16:00:00,26,54
2873212765,2016-04-14 17:00:00,366,87
2873212765,2016-04-14 18:00:00,450,98
2873212765,2016-04-14 19:00:00,198,74
2873212765,2016-04-14 20:00:00,123,77
2873212765,2016-04-14 21:00:00,132,73
2873212765,2016-04-14 22:00:00,0,53
2873212765,2016-04-14 23:00:00,0,53
2873212765,2016-04-15 00:00:00,0,53
2873212765,2016-04-15 01:00:00,0,53
2873212765,2016-04-15 02:00:00,0,53
2873212765,2016-04-15 03:00:00,0,53
2873212765,2016-04-15 04:00:00,0,53
2873212765,2016-04-15 05:00:00,302,92
2873212765,2016-04-15 06:00:00,247,95
2873212765,2016-04-15 07:00:00,1031,110
2873212765,2016-04-15 08:00:00,649,104
2873212765,2016-04-15 09:00:00,727,117
2873212765,2016-04-15 10:00:00,562,109
2873212765,2016-04-15 11:00:00,636,99
2873212765,2016-04-15 12:00:00,899,130
2873212765,2016-04-15 13:00:00,665,106
2873212765,2016-04-15 14:00:00,754,125
2873212765,2016-04-15 15:00:00,312,97
2873212765,2016-04-15 16:00:00,666,112
2873212765,2016-04-15 17:00:00,128,76
2873212765,2016-04-15 18:00:00,241,91
2873212765,2016-04-15 19:00:00,179,71
2873212765,2016-04-15 20:00:00,378,95
2873212765,2016-04-15 21:00:00,106,66
2873212765,2016-04-15 22:00:00,0,53
2873212765,2016-04-15 23:00:00,0,53
2873212765,2016-04-16 00:00:00,0,53
2873212765,2016-04-16 01:00:00,0,53
2873212765,2016-04-16 02:00:00,0,53
2873212765,2016-04-16 03:00:00,0,53
2873212765,2016-04-16 04:00:00,0,53
2873212765,2016-04-16 05:00:00,0,53
2873212765,2016-04-16 06:00:00,0,53
2873212765,2016-04-16 07:00:00,2650,287
2873212765,2016-04-16 08:00:00,1999,202
2873212765,2016-04-16 09:00:00,252,73
2873212765,2016-04-16 10:00:00,194,79
2873212765,2016-04-16 11:00:00,326,93
2873212765,2016-04-16 12:00:00,712,115
2873212765,2016-04-16 13:00:00,0,54
2873212765,2016-04-16 14:00:00,590,103
2873212765,2016-04-16 15:00:00,1196,135
2873212765,2016-04-16 16:00:00,292,83
2873212765,2016-04-16 17:00:00,578,101
2873212765,2016-04-16 18:00:00,204,75
2873212765,2016-04-16 19:00:00,324,90
2873212765,2016-04-16 20:00:00,141,95
2873212765,2016-04-16 21:00:00,109,70
2873212765,2016-04-16 22:00:00,103,64
2873212765,2016-04-16 23:00:00,7,60
2873212765,2016-04-17 00:00:00,276,82
2873212765,2016-04-17 01:00:00,0,53
2873212765,2016-04-17 02:00:00,0,53
2873212765,2016-04-17 03:00:00,0,53
2873212765,2016-04-17 04:00:00,0,53
2873212765,2016-04-17 05:00:00,0,53
2873212765,2016-04-17 06:00:00,0,53
2873212765,2016-04-17 07:00:00,0,53
2873212765,2016-04-17 08:00:00,0,53
2873212765,2016-04-17 09:00:00,0,53
2873212765,2016-04-17 10:00:00,94,62
2873212765,2016-04-17 11:00:00,8,54
2873212765,2016-04-17 12:00:00,29,56
2873212765,2016-04-17 13:00:00,1079,120
2873212765,2016-04-17 14:00:00,273,94
2873212765,2016-04-17 15:00:00,83,65
2873212765,2016-04-17 16:00:00,31,58
2873212765,2016-04-17 17:00:00,169,79
2873212765,2016-04-17 18:00:00,172,70
2873212765,2016-04-17 19:00:00,163,82
2873212765,2016-04-17 20:00:00,93,70
2873212765,2016-04-17 21:00:00,54,58
2873212765,2016-04-17 22:00:00,0,53
2873212765,2016-04-17 23:00:00,0,53
2873212765,2016-04-18 00:00:00,0,53
2873212765,2016-04-18 01:00:00,0,53
2873212765,2016-04-18 02:00:00,0,53
2873212765,2016-04-18 03:00:00,0,53
2873212765,2016-04-18 04:00:00,0,53
2873212765,2016-04-18 05:00:00,240,78
2873212765,2016-04-18 06:00:00,163,75
2873212765,2016-04-18 07:00:00,1215,111
2873212765,2016-04-18 08:00:00,1325,151
2873212765,2016-04-18 09:00:00,746,123
2873212765,2016-04-18 10:00:00,850,103
2873212765,2016-04-18 11:00:00,322,74
2873212765,2016-04-18 12:00:00,1053,148
2873212765,2016-04-18 13:00:00,661,110
2873212765,2016-04-18 14:00:00,65,65
2873212765,2016-04-18 15:00:00,217,73
2873212765,2016-04-18 16:00:00,268,78
2873212765,2016-04-18 17:00:00,178,78
2873212765,2016-04-18 18:00:00,160,71
2873212765,2016-04-18 19:00:00,85,63
2873212765,2016-04-18 20:00:00,214,68
2873212765,2016-04-18 21:00:00,0,53
2873212765,2016-04-18 22:00:00,0,53
2873212765,2016-04-18 23:00:00,0,53
2873212765,2016-04-19 00:00:00,0,53
2873212765,2016-04-19 01:00:00,0,53
2873212765,2016-04-19 02:00:00,0,53
2873212765,2016-04-19 03:00:00,0,53
2873212765,2016-04-19 04:00:00,0,53
2873212765,2016-04-19 05:00:00,207,81
2873212765,2016-04-19 06:00:00,114,66
2873212765,2016-04-19 07:00:00,856,88
2873212765,2016-04-19 08:00:00,1328,142
2873212765,2016-04-19 09:00:00,651,109
2873212765,2016-04-19 10:00:00,885,129
2873212765,2016-04-19 11:00:00,532,87
2873212765,2016-04-19 12:00:00,910,134
2873212765,2016-04-19 13:00:00,751,119
2873212765,2016-04-19 14:00:00,129,90
2873212765,2016-04-19 15:00:00,183,73
2873212765,2016-04-19 16:00:00,266,82
2873212765,2016-04-19 17:00:00,290,89
2873212765,2016-04-19 18:00:00,501,103
2873212765,2016-04-19 19:00:00,45,63
2873212765,2016-04-19 20:00:00,113,63
2873212765,2016-04-19 21:00:00,137,63
2873212765,2016-04-19 22:00:00,50,58
2873212765,2016-04-19 23:00:00,0,53
2873212765,2016-04-20 00:00:00,0,53
2873212765,2016-04-20 01:00:00,0,53
2873212765,2016-04-20 02:00:00,0,53
2873212765,2016-04-20 03:00:00,0,53
2873212765,2016-04-20 04:00:00,0,53
2873212765,2016-04-20 05:00:00,283,87
2873212765,2016-04-20 06:00:00,16,71
2873212765,2016-04-20 07:00:00,1071,109
2873212765,2016-04-20 08:00:00,741,108
2873212765,2016-04-20 09:00:00,534,119
2873212765,2016-04-20 10:00:00,544,109
2873212765,2016-04-20 11:00:00,449,89
2873212765,2016-04-20 12:00:00,1014,148
2873212765,2016-04-20 13:00:00,860,121
2873212765,2016-04-20 14:00:00,101,65
2873212765,2016-04-20 15:00:00,187,74
2873212765,2016-04-20 16:00:00,315,99
2873212765,2016-04-20 17:00:00,2181,231
2873212765,2016-04-20 18:00:00,61,58
2873212765,2016-04-20 19:00:00,62,65
2873212765,2016-04-20 20:00:00,259,85
2873212765,2016-04-20 21:00:00,406,90
2873212765,2016-04-20 22:00:00,118,60
2873212765,2016-04-20 23:00:00,0,53
2873212765,2016-04-21 00:00:00,0,52
2873212765,2016-04-21 01:00:00,0,52
2873212765,2016-04-21 02:00:00,0,52
2873212765,2016-04-21 03:00:00,0,52
2873212765,2016-04-21 04:00:00,0,52
2873212765,2016-04-21 05:00:00,0,52
2873212765,2016-04-21 06:00:00,240,77
2873212765,2016-04-21 07:00:00,1422,147
2873212765,2016-04-21 08:00:00,270,99
2873212765,2016-04-21 09:00:00,1056,123
2873212765,2016-04-21 10:00:00,1145,116
2873212765,2016-04-21 11:00:00,334,74
2873212765,2016-04-21 12:00:00,443,91
2873212765,2016-04-21 13:00:00,615,105
2873212765,2016-04-21 14:00:00,794,106
2873212765,2016-04-21 15:00:00,799,103
2873212765,2016-04-21 16:00:00,605,113
2873212765,2016-04-21 17:00:00,436,109
2873212765,2016-04-21 18:00:00,281,84
2873212765,2016-04-21 19:00:00,86,60
2873212765,2016-04-21 20:00:00,117,75
2873212765,2016-04-21 21:00:00,216,69
2873212765,2016-04-21 22:00:00,0,52
2873212765,2016-04-21 23:00:00,0,52
2873212765,2016-04-22 00:00:00,0,52
2873212765,2016-04-22 01:00:00,0,52
2873212765,2016-04-22 02:00:00,0,52
2873212765,2016-04-22 03:00:00,0,52
2873212765,2016-04-22 04:00:00,0,52
2873212765,2016-04-22 05:00:00,230,80
2873212765,2016-04-22 06:00:00,57,73
2873212765,2016-04-22 07:00:00,978,114
2873212765,2016-04-22 08:00:00,800,114
2873212765,2016-04-22 09:00:00,677,115
2873212765,2016-04-22 10:00:00,972,132
2873212765,2016-04-22 11:00:00,361,84
2873212765,2016-04-22 12:00:00,790,130
2873212765,2016-04-22 13:00:00,813,118
2873212765,2016-04-22 14:00:00,78,70
2873212765,2016-04-22 15:00:00,246,86
2873212765,2016-04-22 16:00:00,459,94
2873212765,2016-04-22 17:00:00,346,102
2873212765,2016-04-22 18:00:00,230,76
2873212765,2016-04-22 19:00:00,154,67
2873212765,2016-04-22 20:00:00,30,57
2873212765,2016-04-22 21:00:00,0,54
2873212765,2016-04-22 22:00:00,17,61
2873212765,2016-04-22 23:00:00,48,63
2873212765,2016-04-23 00:00:00,0,52
2873212765,2016-04-23 01:00:00,0,52
2873212765,2016-04-23 02:00:00,0,52
2873212765,2016-04-23 03:00:00,0,52
2873212765,2016-04-23 04:00:00,0,52
2873212765,2016-04-23 05:00:00,0,52
2873212765,2016-04-23 06:00:00,0,52
2873212765,2016-04-23 07:00:00,118,80
2873212765,2016-04-23 08:00:00,4333,316
2873212765,2016-04-23 09:00:00,146,79
2873212765,2016-04-23 10:00:00,347,92
2873212765,2016-04-23 11:00:00,170,84
2873212765,2016-04-23 12:00:00,264,79
2873212765,2016-04-23 13:00:00,1440,143
2873212765,2016-04-23 14:00:00,864,118
2873212765,2016-04-23 15:00:00,813,114
2873212765,2016-04-23 16:00:00,131,71
2873212765,2016-04-23 17:00:00,36,65
2873212765,2016-04-23 18:00:00,186,86
2873212765,2016-04-23 19:00:00,220,85
2873212765,2016-04-23 20:00:00,70,60
2873212765,2016-04-23 21:00:00,0,55
2873212765,2016-04-23 22:00:00,179,73
2873212765,2016-04-23 23:00:00,0,52
2873212765,2016-04-24 00:00:00,0,52
2873212765,2016-04-24 01:00:00,0,52
2873212765,2016-04-24 02:00:00,0,52
2873212765,2016-04-24 03:00:00,0,52
2873212765,2016-04-24 04:00:00,0,52
2873212765,2016-04-24 05:00:00,0,52
2873212765,2016-04-24 06:00:00,0,52
2873212765,2016-04-24 07:00:00,75,77
2873212765,2016-04-24 08:00:00,4534,410
2873212765,2016-04-24 09:00:00,170,73
2873212765,2016-04-24 10:00:00,131,71
2873212765,2016-04-24 11:00:00,500,93
2873212765,2016-04-24 12:00:00,264,90
2873212765,2016-04-24 13:00:00,23,55
2873212765,2016-04-24 14:00:00,320,77
2873212765,2016-04-24 15:00:00,181,75
2873212765,2016-04-24 16:00:00,124,78
2873212765,2016-04-24 17:00:00,254,73
2873212765,2016-04-24 18:00:00,0,56
2873212765,2016-04-24 19:00:00,114,62
2873212765,2016-04-24 20:00:00,71,64
2873212765,2016-04-24 21:00:00,112,68
2873212765,2016-04-24 22:00:00,0,52
2873212765,2016-04-24 23:00:00,0,52
2873212765,2016-04-25 00:00:00,0,52
2873212765,2016-04-25 01:00:00,0,52
2873212765,2016-04-25 02:00:00,0,52
2873212765,2016-04-25 03:00:00,0,52
2873212765,2016-04-25 04:00:00,0,52
2873212765,2016-04-25 05:00:00,214,81
2873212765,2016-04-25 06:00:00,239,73
2873212765,2016-04-25 07:00:00,844,92
2873212765,2016-04-25 08:00:00,891,111
2873212765,2016-04-25 09:00:00,973,147
2873212765,2016-04-25 10:00:00,874,139
2873212765,2016-04-25 11:00:00,730,101
2873212765,2016-04-25 12:00:00,804,123
2873212765,2016-04-25 13:00:00,565,102
2873212765,2016-04-25 14:00:00,72,58
2873212765,2016-04-25 15:00:00,147,69
2873212765,2016-04-25 16:00:00,496,100
2873212765,2016-04-25 17:00:00,83,80
2873212765,2016-04-25 18:00:00,283,83
2873212765,2016-04-25 19:00:00,70,66
2873212765,2016-04-25 20:00:00,0,52
2873212765,2016-04-25 21:00:00,88,63
2873212765,2016-04-25 22:00:00,0,52
2873212765,2016-04-25 23:00:00,0,52
2873212765,2016-04-26 00:00:00,0,52
2873212765,2016-04-26 01:00:00,0,52
2873212765,2016-04-26 02:00:00,0,52
2873212765,2016-04-26 03:00:00,0,52
2873212765,2016-04-26 04:00:00,0,52
2873212765,2016-04-26 05:00:00,263,77
2873212765,2016-04-26 06:00:00,171,68
2873212765,2016-04-26 07:00:00,863,94
2873212765,2016-04-26 08:00:00,1298,143
2873212765,2016-04-26 09:00:00,848,118
2873212765,2016-04-26 10:00:00,629,107
2873212765,2016-04-26 11:00:00,441,81
2873212765,2016-04-26 12:00:00,863,123
2873212765,2016-04-26 13:00:00,732,105
2873212765,2016-04-26 14:00:00,91,59
2873212765,2016-04-26 15:00:00,111,63
2873212765,2016-04-26 16:00:00,169,70
2873212765,2016-04-26 17:00:00,558,87
2873212765,2016-04-26 18:00:00,746,105
2873212765,2016-04-26 19:00:00,350,94
2873212765,2016-04-26 20:00:00,53,58
2873212765,2016-04-26 21:00:00,56,61
2873212765,2016-04-26 22:00:00,0,52
2873212765,2016-04-26 23:00:00,0,52
2873212765,2016-04-27 00:00:00,0,52
2873212765,2016-04-27 01:00:00,0,52
2873212765,2016-04-27 02:00:00,0,52
2873212765,2016-04-27 03:00:00,0,52
2873212765,2016-04-27 04:00:00,0,52
2873212765,2016-04-27 05:00:00,0,52
2873212765,2016-04-27 06:00:00,0,291
2873212765,2016-04-27 07:00:00,53,171
2873212765,2016-04-27 08:00:00,68,75
2873212765,2016-04-27 09:00:00,763,115
2873212765,2016-04-27 10:00:00,424,104
2873212765,2016-04-27 11:00:00,132,73
2873212765,2016-04-27 12:00:00,894,121
2873212765,2016-04-27 13:00:00,75,60
2873212765,2016-04-27 14:00:00,54,58
2873212765,2016-04-27 15:00:00,100,63
2873212765,2016-04-27 16:00:00,0,52
2873212765,2016-04-27 17:00:00,364,83
2873212765,2016-04-27 18:00:00,322,89
2873212765,2016-04-27 19:00:00,119,69
2873212765,2016-04-27 20:00:00,19,60
2873212765,2016-04-27 21:00:00,129,63
2873212765,2016-04-27 22:00:00,0,52
2873212765,2016-04-27 23:00:00,0,52
2873212765,2016-04-28 00:00:00,0,52
2873212765,2016-04-28 01:00:00,0,52
2873212765,2016-04-28 02:00:00,0,52
2873212765,2016-04-28 03:00:00,0,52
2873212765,2016-04-28 04:00:00,0,52
2873212765,2016-04-28 05:00:00,0,52
2873212765,2016-04-28 06:00:00,3108,226
2873212765,2016-04-28 07:00:00,1453,133
2873212765,2016-04-28 08:00:00,115,67
2873212765,2016-04-28 09:00:00,349,101
2873212765,2016-04-28 10:00:00,387,87
2873212765,2016-04-28 11:00:00,30,55
2873212765,2016-04-28 12:00:00,601,89
2873212765,2016-04-28 13:00:00,596,85
2873212765,2016-04-28 14:00:00,26,55
2873212765,2016-04-28 15:00:00,72,62
2873212765,2016-04-28 16:00:00,54,60
2873212765,2016-04-28 17:00:00,413,90
2873212765,2016-04-28 18:00:00,317,96
2873212765,2016-04-28 19:00:00,209,74
2873212765,2016-04-28 20:00:00,69,61
2873212765,2016-04-28 21:00:00,114,74
2873212765,2016-04-28 22:00:00,0,52
2873212765,2016-04-28 23:00:00,0,52
2873212765,2016-04-29 00:00:00,0,52
2873212765,2016-04-29 01:00:00,0,52
2873212765,2016-04-29 02:00:00,0,52
2873212765,2016-04-29 03:00:00,0,52
2873212765,2016-04-29 04:00:00,0,52
2873212765,2016-04-29 05:00:00,0,52
2873212765,2016-04-29 06:00:00,328,87
2873212765,2016-04-29 07:00:00,90,68
2873212765,2016-04-29 08:00:00,127,73
2873212765,2016-04-29 09:00:00,6,61
2873212765,2016-04-29 10:00:00,196,72
2873212765,2016-04-29 11:00:00,345,81
2873212765,2016-04-29 12:00:00,3995,238
2873212765,2016-04-29 13:00:00,121,62
2873212765,2016-04-29 14:00:00,1010,117
2873212765,2016-04-29 15:00:00,457,97
2873212765,2016-04-29 16:00:00,193,70
2873212765,2016-04-29 17:00:00,81,68
2873212765,2016-04-29 18:00:00,142,67
2873212765,2016-04-29 19:00:00,126,70
2873212765,2016-04-29 20:00:00,15,59
2873212765,2016-04-29 21:00:00,133,72
2873212765,2016-04-29 22:00:00,0,52
2873212765,2016-04-29 23:00:00,0,52
2873212765,2016-04-30 00:00:00,0,52
2873212765,2016-04-30 01:00:00,0,52
2873212765,2016-04-30 02:00:00,0,52
2873212765,2016-04-30 03:00:00,0,52
2873212765,2016-04-30 04:00:00,0,52
2873212765,2016-04-30 05:00:00,0,52
2873212765,2016-04-30 06:00:00,0,52
2873212765,2016-04-30 07:00:00,16,55
2873212765,2016-04-30 08:00:00,282,79
2873212765,2016-04-30 09:00:00,955,129
2873212765,2016-04-30 10:00:00,414,96
2873212765,2016-04-30 11:00:00,622,102
2873212765,2016-04-30 12:00:00,416,94
2873212765,2016-04-30 13:00:00,60,68
2873212765,2016-04-30 14:00:00,49,64
2873212765,2016-04-30 15:00:00,324,79
2873212765,2016-04-30 16:00:00,57,64
2873212765,2016-04-30 17:00:00,342,86
2873212765,2016-04-30 18:00:00,878,93
2873212765,2016-04-30 19:00:00,2466,153
2873212765,2016-04-30 20:00:00,1496,136
2873212765,2016-04-30 21:00:00,75,59
2873212765,2016-04-30 22:00:00,0,52
2873212765,2016-04-30 23:00:00,0,52
2873212765,2016-05-01 00:00:00,0,52
2873212765,2016-05-01 01:00:00,0,52
2873212765,2016-05-01 02:00:00,0,52
2873212765,2016-05-01 03:00:00,0,52
2873212765,2016-05-01 04:00:00,0,52
2873212765,2016-05-01 05:00:00,0,52
2873212765,2016-05-01 06:00:00,0,52
2873212765,2016-05-01 07:00:00,0,52
2873212765,2016-05-01 08:00:00,439,84
2873212765,2016-05-01 09:00:00,425,92
2873212765,2016-05-01 10:00:00,1733,125
2873212765,2016-05-01 11:00:00,1736,133
2873212765,2016-05-01 12:00:00,1155,115
2873212765,2016-05-01 13:00:00,119,67
2873212765,2016-05-01 14:00:00,832,101
2873212765,2016-05-01 15:00:00,6,66
2873212765,2016-05-01 16:00:00,0,59
2873212765,2016-05-01 17:00:00,148,81
2873212765,2016-05-01 18:00:00,271,76
2873212765,2016-05-01 19:00:00,253,84
2873212765,2016-05-01 20:00:00,191,75
2873212765,2016-05-01 21:00:00,91,58
2873212765,2016-05-01 22:00:00,0,52
2873212765,2016-05-01 23:00:00,0,52
2873212765,2016-05-02 00:00:00,0,52
2873212765,2016-05-02 01:00:00,0,52
2873212765,2016-05-02 02:00:00,0,52
2873212765,2016-05-02 03:00:00,0,52
2873212765,2016-05-02 04:00:00,0,52
2873212765,2016-05-02 05:00:00,271,80
2873212765,2016-05-02 06:00:00,68,67
2873212765,2016-05-02 07:00:00,1417,117
2873212765,2016-05-02 08:00:00,829,109
2873212765,2016-05-02 09:00:00,721,120
2873212765,2016-05-02 10:00:00,688,104
2873212765,2016-05-02 11:00:00,357,77
2873212765,2016-05-02 12:00:00,1121,147
2873212765,2016-05-02 13:00:00,623,109
2873212765,2016-05-02 14:00:00,127,64
2873212765,2016-05-02 15:00:00,262,74
2873212765,2016-05-02 16:00:00,621,98
2873212765,2016-05-02 17:00:00,133,81
2873212765,2016-05-02 18:00:00,98,72
2873212765,2016-05-02 19:00:00,63,68
2873212765,2016-05-02 20:00:00,53,65
2873212765,2016-05-02 21:00:00,73,61
2873212765,2016-05-02 22:00:00,0,52
2873212765,2016-05-02 23:00:00,0,52
2873212765,2016-05-03 00:00:00,0,52
2873212765,2016-05-03 01:00:00,0,52
2873212765,2016-05-03 02:00:00,0,52
2873212765,2016-05-03 03:00:00,0,52
2873212765,2016-05-03 04:00:00,0,52
2873212765,2016-05-03 05:00:00,244,79
2873212765,2016-05-03 06:00:00,191,68
2873212765,2016-05-03 07:00:00,972,94
2873212765,2016-05-03 08:00:00,1134,128
2873212765,2016-05-03 09:00:00,754,128
2873212765,2016-05-03 10:00:00,353,101
2873212765,2016-05-03 11:00:00,291,78
2873212765,2016-05-03 12:00:00,778,130
2873212765,2016-05-03 13:00:00,766,122
2873212765,2016-05-03 14:00:00,111,64
2873212765,2016-05-03 15:00:00,46,59
2873212765,2016-05-03 16:00:00,227,77
2873212765,2016-05-03 17:00:00,358,90
2873212765,2016-05-03 18:00:00,705,116
2873212765,2016-05-03 19:00:00,63,67
2873212765,2016-05-03 20:00:00,170,65
2873212765,2016-05-03 21:00:00,249,74
2873212765,2016-05-03 22:00:00,0,52
2873212765,2016-05-03 23:00:00,0,52
2873212765,2016-05-04 00:00:00,0,52
2873212765,2016-05-04 01:00:00,0,52
2873212765,2016-05-04 02:00:00,0,52
2873212765,2016-05-04 03:00:00,0,52
2873212765,2016-05-04 04:00:00,0,52
2873212765,2016-05-04 05:00:00,348,84
2873212765,2016-05-04 06:00:00,221,75
2873212765,2016-05-04 07:00:00,735,98
2873212765,2016-05-04 08:00:00,702,111
2873212765,2016-05-04 09:00:00,680,129
2873212765,2016-05-04 10:00:00,747,119
2873212765,2016-05-04 11:00:00,490,101
2873212765,2016-05-04 12:00:00,649,121
2873212765,2016-05-04 13:00:00,615,105
2873212765,2016-05-04 14:00:00,211,79
2873212765,2016-05-04 15:00:00,203,76
2873212765,2016-05-04 16:00:00,671,107
2873212765,2016-05-04 17:00:00,1050,139
2873212765,2016-05-04 18:00:00,71,59
2873212765,2016-05-04 19:00:00,183,81
2873212765,2016-05-04 20:00:00,167,67
2873212765,2016-05-04 21:00:00,109,65
2873212765,2016-05-04 22:00:00,426,85
2873212765,2016-05-04 23:00:00,0,52
2873212765,2016-05-05 00:00:00,0,52
2873212765,2016-05-05 01:00:00,0,52
2873212765,2016-05-05 02:00:00,0,52
2873212765,2016-05-05 03:00:00,0,52
2873212765,2016-05-05 04:00:00,0,52
2873212765,2016-05-05 05:00:00,0,52
2873212765,2016-05-05 06:00:00,135,73
2873212765,2016-05-05 07:00:00,1227,140
2873212765,2016-05-05 08:00:00,253,110
2873212765,2016-05-05 09:00:00,1252,140
2873212765,2016-05-05 10:00:00,1758,183
2873212765,2016-05-05 11:00:00,331,79
2873212765,2016-05-05 12:00:00,211,84
2873212765,2016-05-05 13:00:00,369,98
2873212765,2016-05-05 14:00:00,451,87
2873212765,2016-05-05 15:00:00,1107,126
2873212765,2016-05-05 16:00:00,616,102
2873212765,2016-05-05 17:00:00,61,58
2873212765,2016-05-05 18:00:00,223,69
2873212765,2016-05-05 19:00:00,142,75
2873212765,2016-05-05 20:00:00,0,54
2873212765,2016-05-05 21:00:00,178,73
2873212765,2016-05-05 22:00:00,0,52
2873212765,2016-05-05 23:00:00,0,52
2873212765,2016-05-06 00:00:00,0,52
2873212765,2016-05-06 01:00:00,0,52
2873212765,2016-05-06 02:00:00,0,52
2873212765,2016-05-06 03:00:00,0,52
2873212765,2016-05-06 04:00:00,0,52
2873212765,2016-05-06 05:00:00,162,85
2873212765,2016-05-06 06:00:00,70,72
2873212765,2016-05-06 07:00:00,812,104
2873212765,2016-05-06 08:00:00,768,109
2873212765,2016-05-06 09:00:00,894,130
2873212765,2016-05-06 10:00:00,861,125
2873212765,2016-05-06 11:00:00,595,94
2873212765,2016-05-06 12:00:00,553,109
2873212765,2016-05-06 13:00:00,718,114
2873212765,2016-05-06 14:00:00,94,61
2873212765,2016-05-06 15:00:00,230,81
2873212765,2016-05-06 16:00:00,664,108
2873212765,2016-05-06 17:00:00,300,85
2873212765,2016-05-06 18:00:00,79,66
2873212765,2016-05-06 19:00:00,113,68
2873212765,2016-05-06 20:00:00,69,62
2873212765,2016-05-06 21:00:00,0,54
2873212765,2016-05-06 22:00:00,0,55
2873212765,2016-05-06 23:00:00,81,67
2873212765,2016-05-07 00:00:00,0,52
2873212765,2016-05-07 01:00:00,0,52
2873212765,2016-05-07 02:00:00,0,52
2873212765,2016-05-07 03:00:00,0,52
2873212765,2016-05-07 04:00:00,0,52
2873212765,2016-05-07 05:00:00,0,52
2873212765,2016-05-07 06:00:00,0,52
2873212765,2016-05-07 07:00:00,2599,210
2873212765,2016-05-07 08:00:00,1848,343
2873212765,2016-05-07 09:00:00,192,219
2873212765,2016-05-07 10:00:00,0,52
2873212765,2016-05-07 11:00:00,0,52
2873212765,2016-05-07 12:00:00,0,52
2873212765,2016-05-07 13:00:00,0,52
2873212765,2016-05-07 14:00:00,0,52
2873212765,2016-05-07 15:00:00,0,52
2873212765,2016-05-07 16:00:00,0,52
2873212765,2016-05-07 17:00:00,0,52
2873212765,2016-05-07 18:00:00,0,52
2873212765,2016-05-07 19:00:00,0,52
2873212765,2016-05-07 20:00:00,0,52
2873212765,2016-05-07 21:00:00,219,68
2873212765,2016-05-07 22:00:00,55,59
2873212765,2016-05-07 23:00:00,27,55
2873212765,2016-05-08 00:00:00,0,54
2873212765,2016-05-08 01:00:00,0,52
2873212765,2016-05-08 02:00:00,0,52
2873212765,2016-05-08 03:00:00,0,52
2873212765,2016-05-08 04:00:00,0,52
2873212765,2016-05-08 05:00:00,0,52
2873212765,2016-05-08 06:00:00,0,52
2873212765,2016-05-08 07:00:00,2768,264
2873212765,2016-05-08 08:00:00,1932,248
2873212765,2016-05-08 09:00:00,498,115
2873212765,2016-05-08 10:00:00,446,117
2873212765,2016-05-08 11:00:00,427,96
2873212765,2016-05-08 12:00:00,337,89
2873212765,2016-05-08 13:00:00,196,76
2873212765,2016-05-08 14:00:00,125,80
2873212765,2016-05-08 15:00:00,11,58
2873212765,2016-05-08 16:00:00,694,108
2873212765,2016-05-08 17:00:00,335,102
2873212765,2016-05-08 18:00:00,263,90
2873212765,2016-05-08 19:00:00,28,59
2873212765,2016-05-08 20:00:00,0,52
2873212765,2016-05-08 21:00:00,108,70
2873212765,2016-05-08 22:00:00,0,52
2873212765,2016-05-08 23:00:00,0,52
2873212765,2016-05-09 00:00:00,0,52
2873212765,2016-05-09 01:00:00,0,52
2873212765,2016-05-09 02:00:00,0,52
2873212765,2016-05-09 03:00:00,0,52
2873212765,2016-05-09 04:00:00,0,52
2873212765,2016-05-09 05:00:00,163,75
2873212765,2016-05-09 06:00:00,193,68
2873212765,2016-05-09 07:00:00,895,98
2873212765,2016-05-09 08:00:00,1116,129
2873212765,2016-05-09 09:00:00,519,115
2873212765,2016-05-09 10:00:00,973,134
2873212765,2016-05-09 11:00:00,428,80
2873212765,2016-05-09 12:00:00,1149,140
2873212765,2016-05-09 13:00:00,816,120
2873212765,2016-05-09 14:00:00,125,68
2873212765,2016-05-09 15:00:00,273,78
2873212765,2016-05-09 16:00:00,655,107
2873212765,2016-05-09 17:00:00,121,79
2873212765,2016-05-09 18:00:00,137,69
2873212765,2016-05-09 19:00:00,97,68
2873212765,2016-05-09 20:00:00,0,55
2873212765,2016-05-09 21:00:00,66,59
2873212765,2016-05-09 22:00:00,0,52
2873212765,2016-05-09 23:00:00,0,52
2873212765,2016-05-10 00:00:00,0,52
2873212765,2016-05-10 01:00:00,0,52
2873212765,2016-05-10 02:00:00,0,52
2873212765,2016-05-10 03:00:00,0,52
2873212765,2016-05-10 04:00:00,0,52
2873212765,2016-05-10 05:00:00,200,83
2873212765,2016-05-10 06:00:00,32,67
2873212765,2016-05-10 07:00:00,1072,108
2873212765,2016-05-10 08:00:00,973,131
2873212765,2016-05-10 09:00:00,1021,131
2873212765,2016-05-10 10:00:00,783,125
2873212765,2016-05-10 11:00:00,273,70
2873212765,2016-05-10 12:00:00,1005,146
2873212765,2016-05-10 13:00:00,800,122
2873212765,2016-05-10 14:00:00,146,66
2873212765,2016-05-10 15:00:00,85,62
2873212765,2016-05-10 16:00:00,312,87
2873212765,2016-05-10 17:00:00,240,75
2873212765,2016-05-10 18:00:00,637,99
2873212765,2016-05-10 19:00:00,398,87
2873212765,2016-05-10 20:00:00,184,67
2873212765,2016-05-10 21:00:00,114,70
2873212765,2016-05-10 22:00:00,0,52
2873212765,2016-05-10 23:00:00,0,52
2873212765,2016-05-11 00:00:00,0,52
2873212765,2016-05-11 01:00:00,0,52
2873212765,2016-05-11 02:00:00,0,52
2873212765,2016-05-11 03:00:00,0,52
2873212765,2016-05-11 04:00:00,0,52
2873212765,2016-05-11 05:00:00,402,92
2873212765,2016-05-11 06:00:00,20,58
2873212765,2016-05-11 07:00:00,536,87
2873212765,2016-05-11 08:00:00,902,112
2873212765,2016-05-11 09:00:00,780,127
2873212765,2016-05-11 10:00:00,750,114
2873212765,2016-05-11 11:00:00,458,90
2873212765,2016-05-11 12:00:00,582,103
2873212765,2016-05-11 13:00:00,680,102
2873212765,2016-05-11 14:00:00,45,57
2873212765,2016-05-11 15:00:00,238,81
2873212765,2016-05-11 16:00:00,314,77
2873212765,2016-05-11 17:00:00,79,76
2873212765,2016-05-11 18:00:00,292,90
2873212765,2016-05-11 19:00:00,36,54
2873212765,2016-05-11 20:00:00,203,66
2873212765,2016-05-11 21:00:00,0,52
2873212765,2016-05-11 22:00:00,123,65
2873212765,2016-05-11 23:00:00,0,52
2873212765,2016-05-12 00:00:00,0,53
2873212765,2016-05-12 01:00:00,0,53
2873212765,2016-05-12 02:00:00,0,53
2873212765,2016-05-12 03:00:00,0,53
2873212765,2016-05-12 04:00:00,0,53
2873212765,2016-05-12 05:00:00,0,53
2873212765,2016-05-12 06:00:00,383,87
2873212765,2016-05-12 07:00:00,1162,132
2873212765,2016-05-12 08:00:00,694,125
2873212765,2016-05-12 09:00:00,1086,135
2873212765,2016-05-12 10:00:00,1226,125
2873212765,2016-05-12 11:00:00,437,83
2873212765,2016-05-12 12:00:00,248,75
2873212765,2016-05-12 13:00:00,788,109
2873212765,2016-05-12 14:00:00,784,104
2873212765,2016-05-12 15:00:00,667,102
3977333714,2016-04-12 00:00:00,753,80
3977333714,2016-04-12 01:00:00,0,42
3977333714,2016-04-12 02:00:00,0,42
3977333714,2016-04-12 03:00:00,16,44
3977333714,2016-04-12 04:00:00,0,42
3977333714,2016-04-12 05:00:00,0,42
3977333714,2016-04-12 06:00:00,0,42
3977333714,2016-04-12 07:00:00,0,43
3977333714,2016-04-12 08:00:00,13,45
3977333714,2016-04-12 09:00:00,10,45
3977333714,2016-04-12 10:00:00,28,48
3977333714,2016-04-12 11:00:00,0,43
3977333714,2016-04-12 12:00:00,332,70
3977333714,2016-04-12 13:00:00,4112,208
3977333714,2016-04-12 14:00:00,2257,137
3977333714,2016-04-12 15:00:00,55,49
3977333714,2016-04-12 16:00:00,49,49
3977333714,2016-04-12 17:00:00,190,54
3977333714,2016-04-12 18:00:00,289,61
3977333714,2016-04-12 19:00:00,201,59
3977333714,2016-04-12 20:00:00,35,45
3977333714,2016-04-12 21:00:00,291,59
3977333714,2016-04-12 22:00:00,115,52
3977333714,2016-04-12 23:00:00,110,49
3977333714,2016-04-13 00:00:00,43,48
3977333714,2016-04-13 01:00:00,0,42
3977333714,2016-04-13 02:00:00,8,43
3977333714,2016-04-13 03:00:00,0,42
3977333714,2016-04-13 04:00:00,0,42
3977333714,2016-04-13 05:00:00,0,42
3977333714,2016-04-13 06:00:00,9,43
3977333714,2016-04-13 07:00:00,31,46
3977333714,2016-04-13 08:00:00,34,45
3977333714,2016-04-13 09:00:00,16,45
3977333714,2016-04-13 10:00:00,65,50
3977333714,2016-04-13 11:00:00,51,49
3977333714,2016-04-13 12:00:00,40,47
3977333714,2016-04-13 13:00:00,180,53
3977333714,2016-04-13 14:00:00,419,68
3977333714,2016-04-13 15:00:00,612,69
3977333714,2016-04-13 16:00:00,498,74
3977333714,2016-04-13 17:00:00,3916,198
3977333714,2016-04-13 18:00:00,2511,151
3977333714,2016-04-13 19:00:00,607,75
3977333714,2016-04-13 20:00:00,4,43
3977333714,2016-04-13 21:00:00,406,63
3977333714,2016-04-13 22:00:00,175,53
3977333714,2016-04-13 23:00:00,410,61
3977333714,2016-04-14 00:00:00,40,47
3977333714,2016-04-14 01:00:00,76,50
3977333714,2016-04-14 02:00:00,0,42
3977333714,2016-04-14 03:00:00,0,42
3977333714,2016-04-14 04:00:00,0,42
3977333714,2016-04-14 05:00:00,6,43
3977333714,2016-04-14 06:00:00,0,42
3977333714,2016-04-14 07:00:00,0,42
3977333714,2016-04-14 08:00:00,116,51
3977333714,2016-04-14 09:00:00,338,70
3977333714,2016-04-14 10:00:00,1508,124
3977333714,2016-04-14 11:00:00,1344,109
3977333714,2016-04-14 12:00:00,144,50
3977333714,2016-04-14 13:00:00,831,82
3977333714,2016-04-14 14:00:00,28,46
3977333714,2016-04-14 15:00:00,0,42
3977333714,2016-04-14 16:00:00,280,56
3977333714,2016-04-14 17:00:00,2136,134
3977333714,2016-04-14 18:00:00,437,73
3977333714,2016-04-14 19:00:00,100,53
3977333714,2016-04-14 20:00:00,121,54
3977333714,2016-04-14 21:00:00,136,52
3977333714,2016-04-14 22:00:00,0,43
3977333714,2016-04-14 23:00:00,0,43
3977333714,2016-04-15 00:00:00,115,52
3977333714,2016-04-15 01:00:00,202,53
3977333714,2016-04-15 02:00:00,43,46
3977333714,2016-04-15 03:00:00,0,42
3977333714,2016-04-15 04:00:00,0,42
3977333714,2016-04-15 05:00:00,0,42
3977333714,2016-04-15 06:00:00,0,42
3977333714,2016-04-15 07:00:00,11,43
3977333714,2016-04-15 08:00:00,14,44
3977333714,2016-04-15 09:00:00,0,42
3977333714,2016-04-15 10:00:00,4,43
3977333714,2016-04-15 11:00:00,394,68
3977333714,2016-04-15 12:00:00,237,59
3977333714,2016-04-15 13:00:00,7,44
3977333714,2016-04-15 14:00:00,412,70
3977333714,2016-04-15 15:00:00,616,70
3977333714,2016-04-15 16:00:00,2600,155
3977333714,2016-04-15 17:00:00,1401,104
3977333714,2016-04-15 18:00:00,1541,114
3977333714,2016-04-15 19:00:00,593,77
3977333714,2016-04-15 20:00:00,0,43
3977333714,2016-04-15 21:00:00,10,44
3977333714,2016-04-15 22:00:00,195,55
3977333714,2016-04-15 23:00:00,615,75
3977333714,2016-04-16 00:00:00,13,45
3977333714,2016-04-16 01:00:00,0,42
3977333714,2016-04-16 02:00:00,0,42
3977333714,2016-04-16 03:00:00,0,42
3977333714,2016-04-16 04:00:00,0,42
3977333714,2016-04-16 05:00:00,17,44
3977333714,2016-04-16 06:00:00,0,42
3977333714,2016-04-16 07:00:00,0,42
3977333714,2016-04-16 08:00:00,17,45
3977333714,2016-04-16 09:00:00,46,47
3977333714,2016-04-16 10:00:00,97,51
3977333714,2016-04-16 11:00:00,3172,177
3977333714,2016-04-16 12:00:00,2896,156
3977333714,2016-04-16 13:00:00,1953,130
3977333714,2016-04-16 14:00:00,1141,90
3977333714,2016-04-16 15:00:00,38,50
3977333714,2016-04-16 16:00:00,121,55
3977333714,2016-04-16 17:00:00,2639,154
3977333714,2016-04-16 18:00:00,284,59
3977333714,2016-04-16 19:00:00,337,61
3977333714,2016-04-16 20:00:00,0,42
3977333714,2016-04-16 21:00:00,5,43
3977333714,2016-04-16 22:00:00,552,69
3977333714,2016-04-16 23:00:00,131,54
3977333714,2016-04-17 00:00:00,10,44
3977333714,2016-04-17 01:00:00,0,42
3977333714,2016-04-17 02:00:00,0,43
3977333714,2016-04-17 03:00:00,0,42
3977333714,2016-04-17 04:00:00,0,42
3977333714,2016-04-17 05:00:00,0,42
3977333714,2016-04-17 06:00:00,15,44
3977333714,2016-04-17 07:00:00,0,42
3977333714,2016-04-17 08:00:00,0,42
3977333714,2016-04-17 09:00:00,87,50
3977333714,2016-04-17 10:00:00,347,69
3977333714,2016-04-17 11:00:00,154,56
3977333714,2016-04-17 12:00:00,167,54
3977333714,2016-04-17 13:00:00,262,56
3977333714,2016-04-17 14:00:00,551,72
3977333714,2016-04-17 15:00:00,616,75
3977333714,2016-04-17 16:00:00,495,74
3977333714,2016-04-17 17:00:00,3389,175
3977333714,2016-04-17 18:00:00,1024,92
3977333714,2016-04-17 19:00:00,2339,150
3977333714,2016-04-17 20:00:00,90,48
3977333714,2016-04-17 21:00:00,509,66
3977333714,2016-04-17 22:00:00,360,67
3977333714,2016-04-17 23:00:00,0,42
3977333714,2016-04-18 00:00:00,8,43
3977333714,2016-04-18 01:00:00,0,43
3977333714,2016-04-18 02:00:00,0,42
3977333714,2016-04-18 03:00:00,0,42
3977333714,2016-04-18 04:00:00,0,42
3977333714,2016-04-18 05:00:00,9,43
3977333714,2016-04-18 06:00:00,0,42
3977333714,2016-04-18 07:00:00,0,42
3977333714,2016-04-18 08:00:00,30,46
3977333714,2016-04-18 09:00:00,36,46
3977333714,2016-04-18 10:00:00,0,43
3977333714,2016-04-18 11:00:00,144,55
3977333714,2016-04-18 12:00:00,857,90
3977333714,2016-04-18 13:00:00,2644,157
3977333714,2016-04-18 14:00:00,2287,143
3977333714,2016-04-18 15:00:00,58,46
3977333714,2016-04-18 16:00:00,522,68
3977333714,2016-04-18 17:00:00,777,85
3977333714,2016-04-18 18:00:00,1761,124
3977333714,2016-04-18 19:00:00,1135,104
3977333714,2016-04-18 20:00:00,1163,94
3977333714,2016-04-18 21:00:00,6,44
3977333714,2016-04-18 22:00:00,217,55
3977333714,2016-04-18 23:00:00,9,44
3977333714,2016-04-19 00:00:00,7,44
3977333714,2016-04-19 01:00:00,25,47
3977333714,2016-04-19 02:00:00,0,42
3977333714,2016-04-19 03:00:00,14,45
3977333714,2016-04-19 04:00:00,0,42
3977333714,2016-04-19 05:00:00,0,42
3977333714,2016-04-19 06:00:00,0,42
3977333714,2016-04-19 07:00:00,0,42
3977333714,2016-04-19 08:00:00,50,48
3977333714,2016-04-19 09:00:00,0,43
3977333714,2016-04-19 10:00:00,0,43
3977333714,2016-04-19 11:00:00,122,53
3977333714,2016-04-19 12:00:00,1011,92
3977333714,2016-04-19 13:00:00,1494,116
3977333714,2016-04-19 14:00:00,344,65
3977333714,2016-04-19 15:00:00,1842,130
3977333714,2016-04-19 16:00:00,2133,140
3977333714,2016-04-19 17:00:00,115,53
3977333714,2016-04-19 18:00:00,141,50
3977333714,2016-04-19 19:00:00,44,47
3977333714,2016-04-19 20:00:00,833,82
3977333714,2016-04-19 21:00:00,464,69
3977333714,2016-04-19 22:00:00,292,61
3977333714,2016-04-19 23:00:00,3326,194
3977333714,2016-04-20 00:00:00,358,60
3977333714,2016-04-20 01:00:00,0,42
3977333714,2016-04-20 02:00:00,0,42
3977333714,2016-04-20 03:00:00,0,42
3977333714,2016-04-20 04:00:00,0,42
3977333714,2016-04-20 05:00:00,7,44
3977333714,2016-04-20 06:00:00,0,42
3977333714,2016-04-20 07:00:00,0,42
3977333714,2016-04-20 08:00:00,16,45
3977333714,2016-04-20 09:00:00,0,43
3977333714,2016-04-20 10:00:00,767,84
3977333714,2016-04-20 11:00:00,951,88
3977333714,2016-04-20 12:00:00,0,42
3977333714,2016-04-20 13:00:00,566,70
3977333714,2016-04-20 14:00:00,468,65
3977333714,2016-04-20 15:00:00,625,74
3977333714,2016-04-20 16:00:00,243,59
3977333714,2016-04-20 17:00:00,106,50
3977333714,2016-04-20 18:00:00,475,72
3977333714,2016-04-20 19:00:00,3110,169
3977333714,2016-04-20 20:00:00,3485,179
3977333714,2016-04-20 21:00:00,469,70
3977333714,2016-04-20 22:00:00,0,43
3977333714,2016-04-20 23:00:00,12,44
3977333714,2016-04-21 00:00:00,15,45
3977333714,2016-04-21 01:00:00,0,42
3977333714,2016-04-21 02:00:00,11,43
3977333714,2016-04-21 03:00:00,0,42
3977333714,2016-04-21 04:00:00,0,42
3977333714,2016-04-21 05:00:00,0,42
3977333714,2016-04-21 06:00:00,4,43
3977333714,2016-04-21 07:00:00,7,43
3977333714,2016-04-21 08:00:00,929,97
3977333714,2016-04-21 09:00:00,110,55
3977333714,2016-04-21 10:00:00,854,88
3977333714,2016-04-21 11:00:00,532,72
3977333714,2016-04-21 12:00:00,129,53
3977333714,2016-04-21 13:00:00,938,88
3977333714,2016-04-21 14:00:00,38,47
3977333714,2016-04-21 15:00:00,312,57
3977333714,2016-04-21 16:00:00,746,90
3977333714,2016-04-21 17:00:00,259,65
3977333714,2016-04-21 18:00:00,327,74
3977333714,2016-04-21 19:00:00,709,81
3977333714,2016-04-21 20:00:00,25,46
3977333714,2016-04-21 21:00:00,74,48
3977333714,2016-04-21 22:00:00,31,46
3977333714,2016-04-21 23:00:00,22,45
3977333714,2016-04-22 00:00:00,141,54
3977333714,2016-04-22 01:00:00,166,54
3977333714,2016-04-22 02:00:00,0,42
3977333714,2016-04-22 03:00:00,9,43
3977333714,2016-04-22 04:00:00,0,42
3977333714,2016-04-22 05:00:00,12,44
3977333714,2016-04-22 06:00:00,17,44
3977333714,2016-04-22 07:00:00,0,42
3977333714,2016-04-22 08:00:00,0,42
3977333714,2016-04-22 09:00:00,354,60
3977333714,2016-04-22 10:00:00,712,81
3977333714,2016-04-22 11:00:00,928,88
3977333714,2016-04-22 12:00:00,128,53
3977333714,2016-04-22 13:00:00,3771,193
3977333714,2016-04-22 14:00:00,1553,115
3977333714,2016-04-22 15:00:00,240,63
3977333714,2016-04-22 16:00:00,100,57
3977333714,2016-04-22 17:00:00,92,56
3977333714,2016-04-22 18:00:00,18,46
3977333714,2016-04-22 19:00:00,312,68
3977333714,2016-04-22 20:00:00,256,60
3977333714,2016-04-22 21:00:00,0,43
3977333714,2016-04-22 22:00:00,102,49
3977333714,2016-04-22 23:00:00,0,43
3977333714,2016-04-23 00:00:00,101,51
3977333714,2016-04-23 01:00:00,28,45
3977333714,2016-04-23 02:00:00,0,42
3977333714,2016-04-23 03:00:00,0,42
3977333714,2016-04-23 04:00:00,0,42
3977333714,2016-04-23 05:00:00,8,43
3977333714,2016-04-23 06:00:00,0,42
3977333714,2016-04-23 07:00:00,254,59
3977333714,2016-04-23 08:00:00,390,74
3977333714,2016-04-23 09:00:00,432,77
3977333714,2016-04-23 10:00:00,285,62
3977333714,2016-04-23 11:00:00,480,68
3977333714,2016-04-23 12:00:00,208,56
3977333714,2016-04-23 13:00:00,958,99
3977333714,2016-04-23 14:00:00,787,89
3977333714,2016-04-23 15:00:00,524,83
3977333714,2016-04-23 16:00:00,443,68
3977333714,2016-04-23 17:00:00,304,56
3977333714,2016-04-23 18:00:00,7,44
3977333714,2016-04-23 19:00:00,9,44
3977333714,2016-04-23 20:00:00,807,79
3977333714,2016-04-23 21:00:00,3872,196
3977333714,2016-04-23 22:00:00,2161,133
3977333714,2016-04-23 23:00:00,0,43
3977333714,2016-04-24 00:00:00,39,47
3977333714,2016-04-24 01:00:00,0,42
3977333714,2016-04-24 02:00:00,0,42
3977333714,2016-04-24 03:00:00,0,42
3977333714,2016-04-24 04:00:00,0,42
3977333714,2016-04-24 05:00:00,0,42
3977333714,2016-04-24 06:00:00,0,42
3977333714,2016-04-24 07:00:00,8,44
3977333714,2016-04-24 08:00:00,0,42
3977333714,2016-04-24 09:00:00,50,48
3977333714,2016-04-24 10:00:00,177,53
3977333714,2016-04-24 11:00:00,0,43
3977333714,2016-04-24 12:00:00,92,48
3977333714,2016-04-24 13:00:00,491,68
3977333714,2016-04-24 14:00:00,3850,195
3977333714,2016-04-24 15:00:00,2988,163
3977333714,2016-04-24 16:00:00,1185,100
3977333714,2016-04-24 17:00:00,384,63
3977333714,2016-04-24 18:00:00,178,58
3977333714,2016-04-24 19:00:00,26,47
3977333714,2016-04-24 20:00:00,4,44
3977333714,2016-04-24 21:00:00,89,53
3977333714,2016-04-24 22:00:00,2997,174
3977333714,2016-04-24 23:00:00,1554,112
3977333714,2016-04-25 00:00:00,96,48
3977333714,2016-04-25 01:00:00,0,42
3977333714,2016-04-25 02:00:00,8,44
3977333714,2016-04-25 03:00:00,0,42
3977333714,2016-04-25 04:00:00,0,42
3977333714,2016-04-25 05:00:00,0,42
3977333714,2016-04-25 06:00:00,0,42
3977333714,2016-04-25 07:00:00,0,42
3977333714,2016-04-25 08:00:00,0,42
3977333714,2016-04-25 09:00:00,47,49
3977333714,2016-04-25 10:00:00,366,68
3977333714,2016-04-25 11:00:00,66,48
3977333714,2016-04-25 12:00:00,208,56
3977333714,2016-04-25 13:00:00,317,61
3977333714,2016-04-25 14:00:00,492,67
3977333714,2016-04-25 15:00:00,194,56
3977333714,2016-04-25 16:00:00,296,62
3977333714,2016-04-25 17:00:00,0,43
3977333714,2016-04-25 18:00:00,75,50
3977333714,2016-04-25 19:00:00,80,49
3977333714,2016-04-25 20:00:00,3868,217
3977333714,2016-04-25 21:00:00,4240,225
3977333714,2016-04-25 22:00:00,667,73
3977333714,2016-04-25 23:00:00,148,54
3977333714,2016-04-26 00:00:00,0,43
3977333714,2016-04-26 01:00:00,12,44
3977333714,2016-04-26 02:00:00,70,47
3977333714,2016-04-26 03:00:00,63,46
3977333714,2016-04-26 04:00:00,4,43
3977333714,2016-04-26 05:00:00,0,42
3977333714,2016-04-26 06:00:00,0,42
3977333714,2016-04-26 07:00:00,0,42
3977333714,2016-04-26 08:00:00,14,44
3977333714,2016-04-26 09:00:00,60,50
3977333714,2016-04-26 10:00:00,436,72
3977333714,2016-04-26 11:00:00,573,73
3977333714,2016-04-26 12:00:00,424,64
3977333714,2016-04-26 13:00:00,0,43
3977333714,2016-04-26 14:00:00,91,49
3977333714,2016-04-26 15:00:00,468,71
3977333714,2016-04-26 16:00:00,301,61
3977333714,2016-04-26 17:00:00,455,68
3977333714,2016-04-26 18:00:00,523,74
3977333714,2016-04-26 19:00:00,677,71
3977333714,2016-04-26 20:00:00,3382,180
3977333714,2016-04-26 21:00:00,1946,122
3977333714,2016-04-26 22:00:00,1889,119
3977333714,2016-04-26 23:00:00,0,42
3977333714,2016-04-27 00:00:00,42,46
3977333714,2016-04-27 01:00:00,0,42
3977333714,2016-04-27 02:00:00,0,42
3977333714,2016-04-27 03:00:00,7,43
3977333714,2016-04-27 04:00:00,0,42
3977333714,2016-04-27 05:00:00,0,42
3977333714,2016-04-27 06:00:00,0,42
3977333714,2016-04-27 07:00:00,0,43
3977333714,2016-04-27 08:00:00,7,43
3977333714,2016-04-27 09:00:00,53,47
3977333714,2016-04-27 10:00:00,926,90
3977333714,2016-04-27 11:00:00,354,63
3977333714,2016-04-27 12:00:00,85,51
3977333714,2016-04-27 13:00:00,261,59
3977333714,2016-04-27 14:00:00,385,63
3977333714,2016-04-27 15:00:00,0,42
3977333714,2016-04-27 16:00:00,426,67
3977333714,2016-04-27 17:00:00,22,44
3977333714,2016-04-27 18:00:00,1286,99
3977333714,2016-04-27 19:00:00,79,47
3977333714,2016-04-27 20:00:00,258,59
3977333714,2016-04-27 21:00:00,114,48
3977333714,2016-04-27 22:00:00,2543,152
3977333714,2016-04-27 23:00:00,345,60
3977333714,2016-04-28 00:00:00,547,77
3977333714,2016-04-28 01:00:00,353,65
3977333714,2016-04-28 02:00:00,0,42
3977333714,2016-04-28 03:00:00,10,43
3977333714,2016-04-28 04:00:00,4,43
3977333714,2016-04-28 05:00:00,0,42
3977333714,2016-04-28 06:00:00,0,42
3977333714,2016-04-28 07:00:00,0,42
3977333714,2016-04-28 08:00:00,0,42
3977333714,2016-04-28 09:00:00,60,47
3977333714,2016-04-28 10:00:00,995,94
3977333714,2016-04-28 11:00:00,250,62
3977333714,2016-04-28 12:00:00,198,53
3977333714,2016-04-28 13:00:00,711,79
3977333714,2016-04-28 14:00:00,657,76
3977333714,2016-04-28 15:00:00,389,71
3977333714,2016-04-28 16:00:00,2522,150
3977333714,2016-04-28 17:00:00,34,46
3977333714,2016-04-28 18:00:00,41,46
3977333714,2016-04-28 19:00:00,57,46
3977333714,2016-04-28 20:00:00,61,47
3977333714,2016-04-28 21:00:00,37,47
3977333714,2016-04-28 22:00:00,61,51
3977333714,2016-04-28 23:00:00,127,51
3977333714,2016-04-29 00:00:00,130,55
3977333714,2016-04-29 01:00:00,0,42
3977333714,2016-04-29 02:00:00,15,43
3977333714,2016-04-29 03:00:00,0,42
3977333714,2016-04-29 04:00:00,0,42
3977333714,2016-04-29 05:00:00,0,42
3977333714,2016-04-29 06:00:00,10,44
3977333714,2016-04-29 07:00:00,0,42
3977333714,2016-04-29 08:00:00,14,45
3977333714,2016-04-29 09:00:00,15,45
3977333714,2016-04-29 10:00:00,1268,101
3977333714,2016-04-29 11:00:00,351,60
3977333714,2016-04-29 12:00:00,202,56
3977333714,2016-04-29 13:00:00,54,49
3977333714,2016-04-29 14:00:00,211,60
3977333714,2016-04-29 15:00:00,134,52
3977333714,2016-04-29 16:00:00,197,54
3977333714,2016-04-29 17:00:00,354,65
3977333714,2016-04-29 18:00:00,320,68
3977333714,2016-04-29 19:00:00,3673,191
3977333714,2016-04-29 20:00:00,773,77
3977333714,2016-04-29 21:00:00,18,45
3977333714,2016-04-29 22:00:00,2435,154
3977333714,2016-04-29 23:00:00,471,69
3977333714,2016-04-30 00:00:00,108,54
3977333714,2016-04-30 01:00:00,0,42
3977333714,2016-04-30 02:00:00,7,43
3977333714,2016-04-30 03:00:00,0,42
3977333714,2016-04-30 04:00:00,0,42
3977333714,2016-04-30 05:00:00,18,45
3977333714,2016-04-30 06:00:00,384,63
3977333714,2016-04-30 07:00:00,692,82
3977333714,2016-04-30 08:00:00,920,83
3977333714,2016-04-30 09:00:00,67,49
3977333714,2016-04-30 10:00:00,58,46
3977333714,2016-04-30 11:00:00,1744,115
3977333714,2016-04-30 12:00:00,196,56
3977333714,2016-04-30 13:00:00,463,68
3977333714,2016-04-30 14:00:00,228,59
3977333714,2016-04-30 15:00:00,9,44
3977333714,2016-04-30 16:00:00,449,65
3977333714,2016-04-30 17:00:00,2292,147
3977333714,2016-04-30 18:00:00,510,66
3977333714,2016-04-30 19:00:00,2939,164
3977333714,2016-04-30 20:00:00,1540,106
3977333714,2016-04-30 21:00:00,510,75
3977333714,2016-04-30 22:00:00,69,49
3977333714,2016-04-30 23:00:00,35,45
3977333714,2016-05-01 00:00:00,0,42
3977333714,2016-05-01 01:00:00,9,43
3977333714,2016-05-01 02:00:00,0,42
3977333714,2016-05-01 03:00:00,21,46
3977333714,2016-05-01 04:00:00,0,42
3977333714,2016-05-01 05:00:00,0,42
3977333714,2016-05-01 06:00:00,0,43
3977333714,2016-05-01 07:00:00,0,42
3977333714,2016-05-01 08:00:00,0,42
3977333714,2016-05-01 09:00:00,139,57
3977333714,2016-05-01 10:00:00,322,68
3977333714,2016-05-01 11:00:00,505,72
3977333714,2016-05-01 12:00:00,993,87
3977333714,2016-05-01 13:00:00,582,73
3977333714,2016-05-01 14:00:00,109,52
3977333714,2016-05-01 15:00:00,72,47
3977333714,2016-05-01 16:00:00,13,44
3977333714,2016-05-01 17:00:00,43,48
3977333714,2016-05-01 18:00:00,2425,141
3977333714,2016-05-01 19:00:00,5020,240
3977333714,2016-05-01 20:00:00,39,48
3977333714,2016-05-01 21:00:00,0,43
3977333714,2016-05-01 22:00:00,27,45
3977333714,2016-05-01 23:00:00,95,51
3977333714,2016-05-02 00:00:00,84,50
3977333714,2016-05-02 01:00:00,0,42
3977333714,2016-05-02 02:00:00,0,42
3977333714,2016-05-02 03:00:00,0,42
3977333714,2016-05-02 04:00:00,16,44
3977333714,2016-05-02 05:00:00,0,42
3977333714,2016-05-02 06:00:00,20,46
3977333714,2016-05-02 07:00:00,125,52
3977333714,2016-05-02 08:00:00,328,60
3977333714,2016-05-02 09:00:00,21,46
3977333714,2016-05-02 10:00:00,24,45
3977333714,2016-05-02 11:00:00,37,49
3977333714,2016-05-02 12:00:00,55,48
3977333714,2016-05-02 13:00:00,1797,126
3977333714,2016-05-02 14:00:00,3487,180
3977333714,2016-05-02 15:00:00,270,60
3977333714,2016-05-02 16:00:00,217,57
3977333714,2016-05-02 17:00:00,835,83
3977333714,2016-05-02 18:00:00,3409,181
3977333714,2016-05-02 19:00:00,585,79
3977333714,2016-05-02 20:00:00,2670,148
3977333714,2016-05-02 21:00:00,2333,138
3977333714,2016-05-02 22:00:00,114,53
3977333714,2016-05-02 23:00:00,93,48
3977333714,2016-05-03 00:00:00,28,46
3977333714,2016-05-03 01:00:00,0,42
3977333714,2016-05-03 02:00:00,0,42
3977333714,2016-05-03 03:00:00,0,42
3977333714,2016-05-03 04:00:00,0,42
3977333714,2016-05-03 05:00:00,6,43
3977333714,2016-05-03 06:00:00,0,42
3977333714,2016-05-03 07:00:00,0,42
3977333714,2016-05-03 08:00:00,0,42
3977333714,2016-05-03 09:00:00,794,85
3977333714,2016-05-03 10:00:00,704,88
3977333714,2016-05-03 11:00:00,2177,142
3977333714,2016-05-03 12:00:00,112,49
3977333714,2016-05-03 13:00:00,7,45
3977333714,2016-05-03 14:00:00,1523,118
3977333714,2016-05-03 15:00:00,28,45
3977333714,2016-05-03 16:00:00,865,89
3977333714,2016-05-03 17:00:00,404,63
3977333714,2016-05-03 18:00:00,1330,107
3977333714,2016-05-03 19:00:00,105,49
3977333714,2016-05-03 20:00:00,26,46
3977333714,2016-05-03 21:00:00,974,93
3977333714,2016-05-03 22:00:00,3950,203
3977333714,2016-05-03 23:00:00,1302,102
3977333714,2016-05-04 00:00:00,22,45
3977333714,2016-05-04 01:00:00,0,42
3977333714,2016-05-04 02:00:00,38,47
3977333714,2016-05-04 03:00:00,0,42
3977333714,2016-05-04 04:00:00,0,42
3977333714,2016-05-04 05:00:00,0,42
3977333714,2016-05-04 06:00:00,7,44
3977333714,2016-05-04 07:00:00,7,43
3977333714,2016-05-04 08:00:00,806,82
3977333714,2016-05-04 09:00:00,393,64
3977333714,2016-05-04 10:00:00,1182,96
3977333714,2016-05-04 11:00:00,305,57
3977333714,2016-05-04 12:00:00,453,62
3977333714,2016-05-04 13:00:00,336,61
3977333714,2016-05-04 14:00:00,14,45
3977333714,2016-05-04 15:00:00,581,75
3977333714,2016-05-04 16:00:00,23,44
3977333714,2016-05-04 17:00:00,93,48
3977333714,2016-05-04 18:00:00,12,45
3977333714,2016-05-04 19:00:00,224,55
3977333714,2016-05-04 20:00:00,54,49
3977333714,2016-05-04 21:00:00,29,46
3977333714,2016-05-04 22:00:00,3380,179
3977333714,2016-05-04 23:00:00,5414,265
3977333714,2016-05-05 00:00:00,593,74
3977333714,2016-05-05 01:00:00,0,42
3977333714,2016-05-05 02:00:00,0,42
3977333714,2016-05-05 03:00:00,16,44
3977333714,2016-05-05 04:00:00,0,42
3977333714,2016-05-05 05:00:00,0,42
3977333714,2016-05-05 06:00:00,0,43
3977333714,2016-05-05 07:00:00,17,44
3977333714,2016-05-05 08:00:00,7,44
3977333714,2016-05-05 09:00:00,267,61
3977333714,2016-05-05 10:00:00,485,69
3977333714,2016-05-05 11:00:00,618,75
3977333714,2016-05-05 12:00:00,234,61
3977333714,2016-05-05 13:00:00,325,68
3977333714,2016-05-05 14:00:00,214,56
3977333714,2016-05-05 15:00:00,89,48
3977333714,2016-05-05 16:00:00,381,69
3977333714,2016-05-05 17:00:00,34,45
3977333714,2016-05-05 18:00:00,232,55
3977333714,2016-05-05 19:00:00,20,44
3977333714,2016-05-05 20:00:00,277,60
3977333714,2016-05-05 21:00:00,2470,148
3977333714,2016-05-05 22:00:00,3792,194
3977333714,2016-05-05 23:00:00,2241,147
3977333714,2016-05-06 00:00:00,27,46
3977333714,2016-05-06 01:00:00,0,42
3977333714,2016-05-06 02:00:00,0,42
3977333714,2016-05-06 03:00:00,0,42
3977333714,2016-05-06 04:00:00,0,42
3977333714,2016-05-06 05:00:00,0,42
3977333714,2016-05-06 06:00:00,0,42
3977333714,2016-05-06 07:00:00,7,44
3977333714,2016-05-06 08:00:00,0,42
3977333714,2016-05-06 09:00:00,205,56
3977333714,2016-05-06 10:00:00,51,46
3977333714,2016-05-06 11:00:00,107,50
3977333714,2016-05-06 12:00:00,127,51
3977333714,2016-05-06 13:00:00,89,52
3977333714,2016-05-06 14:00:00,945,91
3977333714,2016-05-06 15:00:00,266,62
3977333714,2016-05-06 16:00:00,169,57
3977333714,2016-05-06 17:00:00,269,63
3977333714,2016-05-06 18:00:00,552,76
3977333714,2016-05-06 19:00:00,4873,244
3977333714,2016-05-06 20:00:00,3514,195
3977333714,2016-05-06 21:00:00,0,43
3977333714,2016-05-06 22:00:00,403,68
3977333714,2016-05-06 23:00:00,73,49
3977333714,2016-05-07 00:00:00,21,45
3977333714,2016-05-07 01:00:00,17,45
3977333714,2016-05-07 02:00:00,0,43
3977333714,2016-05-07 03:00:00,13,44
3977333714,2016-05-07 04:00:00,6,43
3977333714,2016-05-07 05:00:00,0,42
3977333714,2016-05-07 06:00:00,5,43
3977333714,2016-05-07 07:00:00,0,42
3977333714,2016-05-07 08:00:00,0,43
3977333714,2016-05-07 09:00:00,9,44
3977333714,2016-05-07 10:00:00,151,54
3977333714,2016-05-07 11:00:00,40,46
3977333714,2016-05-07 12:00:00,104,49
3977333714,2016-05-07 13:00:00,733,78
3977333714,2016-05-07 14:00:00,1165,107
3977333714,2016-05-07 15:00:00,712,87
3977333714,2016-05-07 16:00:00,609,80
3977333714,2016-05-07 17:00:00,312,63
3977333714,2016-05-07 18:00:00,1024,96
3977333714,2016-05-07 19:00:00,3895,194
3977333714,2016-05-07 20:00:00,2636,147
3977333714,2016-05-07 21:00:00,82,50
3977333714,2016-05-07 22:00:00,0,42
3977333714,2016-05-07 23:00:00,16,45
3977333714,2016-05-08 00:00:00,4,43
3977333714,2016-05-08 01:00:00,0,43
3977333714,2016-05-08 02:00:00,0,42
3977333714,2016-05-08 03:00:00,0,42
3977333714,2016-05-08 04:00:00,0,42
3977333714,2016-05-08 05:00:00,0,42
3977333714,2016-05-08 06:00:00,0,43
3977333714,2016-05-08 07:00:00,5,43
3977333714,2016-05-08 08:00:00,14,45
3977333714,2016-05-08 09:00:00,10,44
3977333714,2016-05-08 10:00:00,859,90
3977333714,2016-05-08 11:00:00,275,61
3977333714,2016-05-08 12:00:00,833,80
3977333714,2016-05-08 13:00:00,174,53
3977333714,2016-05-08 14:00:00,0,42
3977333714,2016-05-08 15:00:00,160,52
3977333714,2016-05-08 16:00:00,582,77
3977333714,2016-05-08 17:00:00,807,81
3977333714,2016-05-08 18:00:00,92,49
3977333714,2016-05-08 19:00:00,301,57
3977333714,2016-05-08 20:00:00,1247,100
3977333714,2016-05-08 21:00:00,2018,126
3977333714,2016-05-08 22:00:00,2647,149
3977333714,2016-05-08 23:00:00,3557,187
3977333714,2016-05-09 00:00:00,150,54
3977333714,2016-05-09 01:00:00,0,42
3977333714,2016-05-09 02:00:00,0,42
3977333714,2016-05-09 03:00:00,0,42
3977333714,2016-05-09 04:00:00,0,42
3977333714,2016-05-09 05:00:00,0,42
3977333714,2016-05-09 06:00:00,0,42
3977333714,2016-05-09 07:00:00,0,42
3977333714,2016-05-09 08:00:00,0,42
3977333714,2016-05-09 09:00:00,0,42
3977333714,2016-05-09 10:00:00,463,66
3977333714,2016-05-09 11:00:00,65,49
3977333714,2016-05-09 12:00:00,314,62
3977333714,2016-05-09 13:00:00,418,69
3977333714,2016-05-09 14:00:00,448,69
3977333714,2016-05-09 15:00:00,162,54
3977333714,2016-05-09 16:00:00,82,46
3977333714,2016-05-09 17:00:00,0,43
3977333714,2016-05-09 18:00:00,825,82
3977333714,2016-05-09 19:00:00,391,62
3977333714,2016-05-09 20:00:00,233,55
3977333714,2016-05-09 21:00:00,3282,172
3977333714,2016-05-09 22:00:00,2928,159
3977333714,2016-05-09 23:00:00,4752,238
3977333714,2016-05-10 00:00:00,418,69
3977333714,2016-05-10 01:00:00,0,42
3977333714,2016-05-10 02:00:00,0,42
3977333714,2016-05-10 03:00:00,0,42
3977333714,2016-05-10 04:00:00,10,43
3977333714,2016-05-10 05:00:00,0,42
3977333714,2016-05-10 06:00:00,0,42
3977333714,2016-05-10 07:00:00,9,43
3977333714,2016-05-10 08:00:00,355,63
3977333714,2016-05-10 09:00:00,529,83
3977333714,2016-05-10 10:00:00,0,42
3977333714,2016-05-10 11:00:00,0,42
3977333714,2016-05-10 12:00:00,0,42
3977333714,2016-05-10 13:00:00,0,42
3977333714,2016-05-10 14:00:00,679,77
3977333714,2016-05-10 15:00:00,352,62
3977333714,2016-05-10 16:00:00,218,57
3977333714,2016-05-10 17:00:00,653,87
3977333714,2016-05-10 18:00:00,299,57
3977333714,2016-05-10 19:00:00,320,62
3977333714,2016-05-10 20:00:00,92,48
3977333714,2016-05-10 21:00:00,2574,147
3977333714,2016-05-10 22:00:00,2583,151
3977333714,2016-05-10 23:00:00,3981,200
4020332650,2016-04-12 00:00:00,0,83
4020332650,2016-04-12 01:00:00,0,83
4020332650,2016-04-12 02:00:00,0,83
4020332650,2016-04-12 03:00:00,0,83
4020332650,2016-04-12 04:00:00,8,85
4020332650,2016-04-12 05:00:00,0,83
4020332650,2016-04-12 06:00:00,52,94
4020332650,2016-04-12 07:00:00,190,125
4020332650,2016-04-12 08:00:00,126,119
4020332650,2016-04-12 09:00:00,740,198
4020332650,2016-04-12 10:00:00,559,178
4020332650,2016-04-12 11:00:00,886,217
4020332650,2016-04-12 12:00:00,1002,246
4020332650,2016-04-12 13:00:00,251,176
4020332650,2016-04-12 14:00:00,442,169
4020332650,2016-04-12 15:00:00,729,224
4020332650,2016-04-12 16:00:00,406,187
4020332650,2016-04-12 17:00:00,448,187
4020332650,2016-04-12 18:00:00,268,161
4020332650,2016-04-12 19:00:00,594,211
4020332650,2016-04-12 20:00:00,675,230
4020332650,2016-04-12 21:00:00,36,119
4020332650,2016-04-12 22:00:00,1077,224
4020332650,2016-04-12 23:00:00,0,83
4020332650,2016-04-13 00:00:00,0,83
4020332650,2016-04-13 01:00:00,0,83
4020332650,2016-04-13 02:00:00,0,83
4020332650,2016-04-13 03:00:00,0,83
4020332650,2016-04-13 04:00:00,0,83
4020332650,2016-04-13 05:00:00,0,83
4020332650,2016-04-13 06:00:00,0,83
4020332650,2016-04-13 07:00:00,0,83
4020332650,2016-04-13 08:00:00,0,83
4020332650,2016-04-13 09:00:00,0,83
4020332650,2016-04-13 10:00:00,0,83
4020332650,2016-04-13 11:00:00,0,83
4020332650,2016-04-13 12:00:00,0,83
4020332650,2016-04-13 13:00:00,0,83
4020332650,2016-04-13 14:00:00,0,83
4020332650,2016-04-13 15:00:00,0,83
4020332650,2016-04-13 16:00:00,0,83
4020332650,2016-04-13 17:00:00,0,83
4020332650,2016-04-13 18:00:00,0,83
4020332650,2016-04-13 19:00:00,0,83
4020332650,2016-04-13 20:00:00,0,83
4020332650,2016-04-13 21:00:00,0,83
4020332650,2016-04-13 22:00:00,0,83
4020332650,2016-04-13 23:00:00,0,83
4020332650,2016-04-14 00:00:00,0,83
4020332650,2016-04-14 01:00:00,0,83
4020332650,2016-04-14 02:00:00,0,83
4020332650,2016-04-14 03:00:00,0,83
4020332650,2016-04-14 04:00:00,0,83
4020332650,2016-04-14 05:00:00,0,83
4020332650,2016-04-14 06:00:00,0,83
4020332650,2016-04-14 07:00:00,0,83
4020332650,2016-04-14 08:00:00,0,83
4020332650,2016-04-14 09:00:00,17,85
4020332650,2016-04-14 10:00:00,0,83
4020332650,2016-04-14 11:00:00,0,83
4020332650,2016-04-14 12:00:00,0,83
4020332650,2016-04-14 13:00:00,0,83
4020332650,2016-04-14 14:00:00,21,85
4020332650,2016-04-14 15:00:00,0,83
4020332650,2016-04-14 16:00:00,0,83
4020332650,2016-04-14 17:00:00,0,83
4020332650,2016-04-14 18:00:00,0,83
4020332650,2016-04-14 19:00:00,0,83
4020332650,2016-04-14 20:00:00,0,83
4020332650,2016-04-14 21:00:00,0,93
4020332650,2016-04-14 22:00:00,0,83
4020332650,2016-04-14 23:00:00,0,83
4020332650,2016-04-15 00:00:00,0,83
4020332650,2016-04-15 01:00:00,0,83
4020332650,2016-04-15 02:00:00,0,83
4020332650,2016-04-15 03:00:00,0,83
4020332650,2016-04-15 04:00:00,0,83
4020332650,2016-04-15 05:00:00,0,83
4020332650,2016-04-15 06:00:00,0,83
4020332650,2016-04-15 07:00:00,0,83
4020332650,2016-04-15 08:00:00,0,113
4020332650,2016-04-15 09:00:00,52,207
4020332650,2016-04-15 10:00:00,0,107
4020332650,2016-04-15 11:00:00,4,86
4020332650,2016-04-15 12:00:00,0,83
4020332650,2016-04-15 13:00:00,0,83
4020332650,2016-04-15 14:00:00,0,83
4020332650,2016-04-15 15:00:00,0,83
4020332650,2016-04-15 16:00:00,0,83
4020332650,2016-04-15 17:00:00,22,100
4020332650,2016-04-15 18:00:00,455,147
4020332650,2016-04-15 19:00:00,343,182
4020332650,2016-04-15 20:00:00,338,118
4020332650,2016-04-15 21:00:00,455,306
4020332650,2016-04-15 22:00:00,204,263
4020332650,2016-04-15 23:00:00,0,247
4020332650,2016-04-16 00:00:00,0,148
4020332650,2016-04-16 01:00:00,0,412
4020332650,2016-04-16 02:00:00,0,476
4020332650,2016-04-16 03:00:00,0,124
4020332650,2016-04-16 04:00:00,0,83
4020332650,2016-04-16 05:00:00,0,83
4020332650,2016-04-16 06:00:00,0,83
4020332650,2016-04-16 07:00:00,1838,258
4020332650,2016-04-16 08:00:00,13,94
4020332650,2016-04-16 09:00:00,118,136
4020332650,2016-04-16 10:00:00,0,83
4020332650,2016-04-16 11:00:00,0,83
4020332650,2016-04-16 12:00:00,0,83
4020332650,2016-04-16 13:00:00,0,83
4020332650,2016-04-16 14:00:00,0,83
4020332650,2016-04-16 15:00:00,0,83
4020332650,2016-04-16 16:00:00,0,83
4020332650,2016-04-16 17:00:00,0,83
4020332650,2016-04-16 18:00:00,0,83
4020332650,2016-04-16 19:00:00,0,83
4020332650,2016-04-16 20:00:00,0,83
4020332650,2016-04-16 21:00:00,0,83
4020332650,2016-04-16 22:00:00,0,83
4020332650,2016-04-16 23:00:00,0,83
4020332650,2016-04-17 00:00:00,0,83
4020332650,2016-04-17 01:00:00,0,83
4020332650,2016-04-17 02:00:00,0,83
4020332650,2016-04-17 03:00:00,0,83
4020332650,2016-04-17 04:00:00,0,83
4020332650,2016-04-17 05:00:00,0,83
4020332650,2016-04-17 06:00:00,0,83
4020332650,2016-04-17 07:00:00,0,83
4020332650,2016-04-17 08:00:00,0,83
4020332650,2016-04-17 09:00:00,0,83
4020332650,2016-04-17 10:00:00,0,83
4020332650,2016-04-17 11:00:00,0,83
4020332650,2016-04-17 12:00:00,0,83
4020332650,2016-04-17 13:00:00,0,83
4020332650,2016-04-17 14:00:00,0,83
4020332650,2016-04-17 15:00:00,0,83
4020332650,2016-04-17 16:00:00,0,83
4020332650,2016-04-17 17:00:00,0,83
4020332650,2016-04-17 18:00:00,0,83
4020332650,2016-04-17 19:00:00,0,83
4020332650,2016-04-17 20:00:00,7,90
4020332650,2016-04-17 21:00:00,0,83
4020332650,2016-04-17 22:00:00,0,83
4020332650,2016-04-17 23:00:00,0,83
4020332650,2016-04-18 00:00:00,0,83
4020332650,2016-04-18 01:00:00,0,83
4020332650,2016-04-18 02:00:00,0,83
4020332650,2016-04-18 03:00:00,0,83
4020332650,2016-04-18 04:00:00,0,83
4020332650,2016-04-18 05:00:00,0,83
4020332650,2016-04-18 06:00:00,0,83
4020332650,2016-04-18 07:00:00,0,83
4020332650,2016-04-18 08:00:00,62,97
4020332650,2016-04-18 09:00:00,0,83
4020332650,2016-04-18 10:00:00,0,83
4020332650,2016-04-18 11:00:00,0,83
4020332650,2016-04-18 12:00:00,0,83
4020332650,2016-04-18 13:00:00,0,83
4020332650,2016-04-18 14:00:00,0,83
4020332650,2016-04-18 15:00:00,0,83
4020332650,2016-04-18 16:00:00,0,83
4020332650,2016-04-18 17:00:00,0,83
4020332650,2016-04-18 18:00:00,0,83
4020332650,2016-04-18 19:00:00,0,83
4020332650,2016-04-18 20:00:00,0,83
4020332650,2016-04-18 21:00:00,0,83
4020332650,2016-04-18 22:00:00,0,83
4020332650,2016-04-18 23:00:00,0,83
4020332650,2016-04-19 00:00:00,0,83
4020332650,2016-04-19 01:00:00,0,83
4020332650,2016-04-19 02:00:00,0,83
4020332650,2016-04-19 03:00:00,0,83
4020332650,2016-04-19 04:00:00,0,83
4020332650,2016-04-19 05:00:00,0,83
4020332650,2016-04-19 06:00:00,0,83
4020332650,2016-04-19 07:00:00,0,83
4020332650,2016-04-19 08:00:00,0,83
4020332650,2016-04-19 09:00:00,0,83
4020332650,2016-04-19 10:00:00,0,83
4020332650,2016-04-19 11:00:00,0,83
4020332650,2016-04-19 12:00:00,0,83
4020332650,2016-04-19 13:00:00,0,83
4020332650,2016-04-19 14:00:00,0,83
4020332650,2016-04-19 15:00:00,0,83
4020332650,2016-04-19 16:00:00,0,83
4020332650,2016-04-19 17:00:00,0,83
4020332650,2016-04-19 18:00:00,0,83
4020332650,2016-04-19 19:00:00,0,83
4020332650,2016-04-19 20:00:00,0,83
4020332650,2016-04-19 21:00:00,0,83
4020332650,2016-04-19 22:00:00,0,83
4020332650,2016-04-19 23:00:00,0,83
4020332650,2016-04-20 00:00:00,0,83
4020332650,2016-04-20 01:00:00,0,83
4020332650,2016-04-20 02:00:00,0,83
4020332650,2016-04-20 03:00:00,0,83
4020332650,2016-04-20 04:00:00,0,83
4020332650,2016-04-20 05:00:00,0,83
4020332650,2016-04-20 06:00:00,0,83
4020332650,2016-04-20 07:00:00,0,83
4020332650,2016-04-20 08:00:00,0,83
4020332650,2016-04-20 09:00:00,0,83
4020332650,2016-04-20 10:00:00,0,83
4020332650,2016-04-20 11:00:00,0,83
4020332650,2016-04-20 12:00:00,0,83
4020332650,2016-04-20 13:00:00,0,83
4020332650,2016-04-20 14:00:00,0,83
4020332650,2016-04-20 15:00:00,0,83
4020332650,2016-04-20 16:00:00,0,83
4020332650,2016-04-20 17:00:00,0,83
4020332650,2016-04-20 18:00:00,0,83
4020332650,2016-04-20 19:00:00,0,83
4020332650,2016-04-20 20:00:00,0,83
4020332650,2016-04-20 21:00:00,0,83
4020332650,2016-04-20 22:00:00,0,83
4020332650,2016-04-20 23:00:00,0,83
4020332650,2016-04-21 00:00:00,0,83
4020332650,2016-04-21 01:00:00,0,83
4020332650,2016-04-21 02:00:00,0,83
4020332650,2016-04-21 03:00:00,0,83
4020332650,2016-04-21 04:00:00,0,83
4020332650,2016-04-21 05:00:00,0,83
4020332650,2016-04-21 06:00:00,0,83
4020332650,2016-04-21 07:00:00,0,83
4020332650,2016-04-21 08:00:00,0,83
4020332650,2016-04-21 09:00:00,0,83
4020332650,2016-04-21 10:00:00,0,83
4020332650,2016-04-21 11:00:00,0,83
4020332650,2016-04-21 12:00:00,0,83
4020332650,2016-04-21 13:00:00,0,83
4020332650,2016-04-21 14:00:00,0,83
4020332650,2016-04-21 15:00:00,0,83
4020332650,2016-04-21 16:00:00,0,83
4020332650,2016-04-21 17:00:00,0,83
4020332650,2016-04-21 18:00:00,0,83
4020332650,2016-04-21 19:00:00,0,83
4020332650,2016-04-21 20:00:00,0,83
4020332650,2016-04-21 21:00:00,0,83
4020332650,2016-04-21 22:00:00,0,83
4020332650,2016-04-21 23:00:00,0,83
4020332650,2016-04-22 00:00:00,0,83
4020332650,2016-04-22 01:00:00,0,83
4020332650,2016-04-22 02:00:00,0,83
4020332650,2016-04-22 03:00:00,0,83
4020332650,2016-04-22 04:00:00,0,83
4020332650,2016-04-22 05:00:00,0,83
4020332650,2016-04-22 06:00:00,0,83
4020332650,2016-04-22 07:00:00,0,83
4020332650,2016-04-22 08:00:00,0,83
4020332650,2016-04-22 09:00:00,0,83
4020332650,2016-04-22 10:00:00,0,83
4020332650,2016-04-22 11:00:00,0,83
4020332650,2016-04-22 12:00:00,0,83
4020332650,2016-04-22 13:00:00,0,83
4020332650,2016-04-22 14:00:00,0,83
4020332650,2016-04-22 15:00:00,0,83
4020332650,2016-04-22 16:00:00,0,83
4020332650,2016-04-22 17:00:00,0,83
4020332650,2016-04-22 18:00:00,0,83
4020332650,2016-04-22 19:00:00,0,83
4020332650,2016-04-22 20:00:00,0,83
4020332650,2016-04-22 21:00:00,0,83
4020332650,2016-04-22 22:00:00,0,83
4020332650,2016-04-22 23:00:00,0,83
4020332650,2016-04-23 00:00:00,0,83
4020332650,2016-04-23 01:00:00,0,83
4020332650,2016-04-23 02:00:00,0,83
4020332650,2016-04-23 03:00:00,0,83
4020332650,2016-04-23 04:00:00,0,83
4020332650,2016-04-23 05:00:00,0,83
4020332650,2016-04-23 06:00:00,0,83
4020332650,2016-04-23 07:00:00,0,83
4020332650,2016-04-23 08:00:00,0,83
4020332650,2016-04-23 09:00:00,0,83
4020332650,2016-04-23 10:00:00,0,83
4020332650,2016-04-23 11:00:00,0,83
4020332650,2016-04-23 12:00:00,0,83
4020332650,2016-04-23 13:00:00,0,83
4020332650,2016-04-23 14:00:00,0,83
4020332650,2016-04-23 15:00:00,0,83
4020332650,2016-04-23 16:00:00,0,83
4020332650,2016-04-23 17:00:00,0,83
4020332650,2016-04-23 18:00:00,0,83
4020332650,2016-04-23 19:00:00,0,83
4020332650,2016-04-23 20:00:00,0,83
4020332650,2016-04-23 21:00:00,0,83
4020332650,2016-04-23 22:00:00,0,83
4020332650,2016-04-23 23:00:00,0,83
4020332650,2016-04-24 00:00:00,0,83
4020332650,2016-04-24 01:00:00,0,83
4020332650,2016-04-24 02:00:00,0,83
4020332650,2016-04-24 03:00:00,0,83
4020332650,2016-04-24 04:00:00,0,83
4020332650,2016-04-24 05:00:00,0,83
4020332650,2016-04-24 06:00:00,0,83
4020332650,2016-04-24 07:00:00,0,83
4020332650,2016-04-24 08:00:00,0,83
4020332650,2016-04-24 09:00:00,0,83
4020332650,2016-04-24 10:00:00,0,83
4020332650,2016-04-24 11:00:00,0,83
4020332650,2016-04-24 12:00:00,0,83
4020332650,2016-04-24 13:00:00,0,83
4020332650,2016-04-24 14:00:00,0,83
4020332650,2016-04-24 15:00:00,0,83
4020332650,2016-04-24 16:00:00,0,83
4020332650,2016-04-24 17:00:00,0,83
4020332650,2016-04-24 18:00:00,0,83
4020332650,2016-04-24 19:00:00,0,83
4020332650,2016-04-24 20:00:00,0,83
4020332650,2016-04-24 21:00:00,0,83
4020332650,2016-04-24 22:00:00,0,83
4020332650,2016-04-24 23:00:00,0,83
4020332650,2016-04-25 00:00:00,0,83
4020332650,2016-04-25 01:00:00,0,83
4020332650,2016-04-25 02:00:00,0,83
4020332650,2016-04-25 03:00:00,0,83
4020332650,2016-04-25 04:00:00,0,83
4020332650,2016-04-25 05:00:00,0,83
4020332650,2016-04-25 06:00:00,0,83
4020332650,2016-04-25 07:00:00,0,83
4020332650,2016-04-25 08:00:00,0,83
4020332650,2016-04-25 09:00:00,0,83
4020332650,2016-04-25 10:00:00,0,83
4020332650,2016-04-25 11:00:00,0,83
4020332650,2016-04-25 12:00:00,0,83
4020332650,2016-04-25 13:00:00,0,83
4020332650,2016-04-25 14:00:00,0,83
4020332650,2016-04-25 15:00:00,0,83
4020332650,2016-04-25 16:00:00,0,83
4020332650,2016-04-25 17:00:00,0,83
4020332650,2016-04-25 18:00:00,0,83
4020332650,2016-04-25 19:00:00,0,83
4020332650,2016-04-25 20:00:00,0,83
4020332650,2016-04-25 21:00:00,0,83
4020332650,2016-04-25 22:00:00,0,83
4020332650,2016-04-25 23:00:00,0,83
4020332650,2016-04-26 00:00:00,0,83
4020332650,2016-04-26 01:00:00,0,83
4020332650,2016-04-26 02:00:00,0,83
4020332650,2016-04-26 03:00:00,0,83
4020332650,2016-04-26 04:00:00,0,83
4020332650,2016-04-26 05:00:00,0,83
4020332650,2016-04-26 06:00:00,0,83
4020332650,2016-04-26 07:00:00,0,83
4020332650,2016-04-26 08:00:00,0,83
4020332650,2016-04-26 09:00:00,0,83
4020332650,2016-04-26 10:00:00,0,83
4020332650,2016-04-26 11:00:00,0,83
4020332650,2016-04-26 12:00:00,0,83
4020332650,2016-04-26 13:00:00,0,83
4020332650,2016-04-26 14:00:00,0,83
4020332650,2016-04-26 15:00:00,0,83
4020332650,2016-04-26 16:00:00,0,83
4020332650,2016-04-26 17:00:00,0,83
4020332650,2016-04-26 18:00:00,0,83
4020332650,2016-04-26 19:00:00,0,83
4020332650,2016-04-26 20:00:00,0,83
4020332650,2016-04-26 21:00:00,0,83
4020332650,2016-04-26 22:00:00,0,83
4020332650,2016-04-26 23:00:00,0,83
4020332650,2016-04-27 00:00:00,0,83
4020332650,2016-04-27 01:00:00,0,83
4020332650,2016-04-27 02:00:00,0,83
4020332650,2016-04-27 03:00:00,0,83
4020332650,2016-04-27 04:00:00,0,83
4020332650,2016-04-27 05:00:00,0,83
4020332650,2016-04-27 06:00:00,0,83
4020332650,2016-04-27 07:00:00,0,83
4020332650,2016-04-27 08:00:00,0,83
4020332650,2016-04-27 09:00:00,0,83
4020332650,2016-04-27 10:00:00,0,83
4020332650,2016-04-27 11:00:00,0,83
4020332650,2016-04-27 12:00:00,0,83
4020332650,2016-04-27 13:00:00,0,83
4020332650,2016-04-27 14:00:00,0,83
4020332650,2016-04-27 15:00:00,0,83
4020332650,2016-04-27 16:00:00,0,83
4020332650,2016-04-27 17:00:00,0,83
4020332650,2016-04-27 18:00:00,0,83
4020332650,2016-04-27 19:00:00,0,83
4020332650,2016-04-27 20:00:00,0,83
4020332650,2016-04-27 21:00:00,0,83
4020332650,2016-04-27 22:00:00,0,83
4020332650,2016-04-27 23:00:00,0,83
4020332650,2016-04-28 00:00:00,0,83
4020332650,2016-04-28 01:00:00,0,83
4020332650,2016-04-28 02:00:00,0,83
4020332650,2016-04-28 03:00:00,0,83
4020332650,2016-04-28 04:00:00,0,83
4020332650,2016-04-28 05:00:00,0,83
4020332650,2016-04-28 06:00:00,0,83
4020332650,2016-04-28 07:00:00,0,83
4020332650,2016-04-28 08:00:00,0,83
4020332650,2016-04-28 09:00:00,0,83
4020332650,2016-04-28 10:00:00,0,83
4020332650,2016-04-28 11:00:00,0,83
4020332650,2016-04-28 12:00:00,0,83
4020332650,2016-04-28 13:00:00,0,83
4020332650,2016-04-28 14:00:00,0,83
4020332650,2016-04-28 15:00:00,0,83
4020332650,2016-04-28 16:00:00,0,83
4020332650,2016-04-28 17:00:00,0,83
4020332650,2016-04-28 18:00:00,0,83
4020332650,2016-04-28 19:00:00,0,83
4020332650,2016-04-28 20:00:00,0,83
4020332650,2016-04-28 21:00:00,0,83
4020332650,2016-04-28 22:00:00,0,83
4020332650,2016-04-28 23:00:00,0,83
4020332650,2016-04-29 00:00:00,0,83
4020332650,2016-04-29 01:00:00,0,83
4020332650,2016-04-29 02:00:00,0,83
4020332650,2016-04-29 03:00:00,0,83
4020332650,2016-04-29 04:00:00,0,83
4020332650,2016-04-29 05:00:00,0,83
4020332650,2016-04-29 06:00:00,0,83
4020332650,2016-04-29 07:00:00,0,83
4020332650,2016-04-29 08:00:00,0,83
4020332650,2016-04-29 09:00:00,0,83
4020332650,2016-04-29 10:00:00,0,83
4020332650,2016-04-29 11:00:00,0,83
4020332650,2016-04-29 12:00:00,0,83
4020332650,2016-04-29 13:00:00,0,83
4020332650,2016-04-29 14:00:00,0,83
4020332650,2016-04-29 15:00:00,0,83
4020332650,2016-04-29 16:00:00,0,83
4020332650,2016-04-29 17:00:00,0,83
4020332650,2016-04-29 18:00:00,0,83
4020332650,2016-04-29 19:00:00,0,83
4020332650,2016-04-29 20:00:00,0,83
4020332650,2016-04-29 21:00:00,0,83
4020332650,2016-04-29 22:00:00,0,83
4020332650,2016-04-29 23:00:00,0,83
4020332650,2016-04-30 00:00:00,0,83
4020332650,2016-04-30 01:00:00,0,83
4020332650,2016-04-30 02:00:00,0,83
4020332650,2016-04-30 03:00:00,0,83
4020332650,2016-04-30 04:00:00,0,83
4020332650,2016-04-30 05:00:00,0,83
4020332650,2016-04-30 06:00:00,0,83
4020332650,2016-04-30 07:00:00,0,83
4020332650,2016-04-30 08:00:00,0,83
4020332650,2016-04-30 09:00:00,0,83
4020332650,2016-04-30 10:00:00,0,83
4020332650,2016-04-30 11:00:00,0,83
4020332650,2016-04-30 12:00:00,0,83
4020332650,2016-04-30 13:00:00,0,83
4020332650,2016-04-30 14:00:00,0,83
4020332650,2016-04-30 15:00:00,0,83
4020332650,2016-04-30 16:00:00,0,83
4020332650,2016-04-30 17:00:00,0,83
4020332650,2016-04-30 18:00:00,0,83
4020332650,2016-04-30 19:00:00,0,83
4020332650,2016-04-30 20:00:00,0,83
4020332650,2016-04-30 21:00:00,0,83
4020332650,2016-04-30 22:00:00,0,83
4020332650,2016-04-30 23:00:00,0,83
4020332650,2016-05-01 00:00:00,0,83
4020332650,2016-05-01 01:00:00,0,83
4020332650,2016-05-01 02:00:00,0,83
4020332650,2016-05-01 03:00:00,0,83
4020332650,2016-05-01 04:00:00,0,83
4020332650,2016-05-01 05:00:00,0,83
4020332650,2016-05-01 06:00:00,0,83
4020332650,2016-05-01 07:00:00,0,83
4020332650,2016-05-01 08:00:00,0,83
4020332650,2016-05-01 09:00:00,0,83
4020332650,2016-05-01 10:00:00,0,83
4020332650,2016-05-01 11:00:00,0,83
4020332650,2016-05-01 12:00:00,0,83
4020332650,2016-05-01 13:00:00,0,83
4020332650,2016-05-01 14:00:00,0,83
4020332650,2016-05-01 15:00:00,0,83
4020332650,2016-05-01 16:00:00,0,83
4020332650,2016-05-01 17:00:00,0,83
4020332650,2016-05-01 18:00:00,0,83
4020332650,2016-05-01 19:00:00,0,83
4020332650,2016-05-01 20:00:00,0,83
4020332650,2016-05-01 21:00:00,0,83
4020332650,2016-05-01 22:00:00,0,83
4020332650,2016-05-01 23:00:00,0,83
4020332650,2016-05-02 00:00:00,0,83
4020332650,2016-05-02 01:00:00,0,83
4020332650,2016-05-02 02:00:00,0,83
4020332650,2016-05-02 03:00:00,0,83
4020332650,2016-05-02 04:00:00,0,83
4020332650,2016-05-02 05:00:00,0,83
4020332650,2016-05-02 06:00:00,0,83
4020332650,2016-05-02 07:00:00,0,83
4020332650,2016-05-02 08:00:00,0,83
4020332650,2016-05-02 09:00:00,0,83
4020332650,2016-05-02 10:00:00,0,83
4020332650,2016-05-02 11:00:00,0,83
4020332650,2016-05-02 12:00:00,0,83
4020332650,2016-05-02 13:00:00,0,83
4020332650,2016-05-02 14:00:00,0,83
4020332650,2016-05-02 15:00:00,0,83
4020332650,2016-05-02 16:00:00,0,83
4020332650,2016-05-02 17:00:00,0,83
4020332650,2016-05-02 18:00:00,0,83
4020332650,2016-05-02 19:00:00,0,83
4020332650,2016-05-02 20:00:00,167,184
4020332650,2016-05-02 21:00:00,127,148
4020332650,2016-05-02 22:00:00,110,123
4020332650,2016-05-02 23:00:00,61,103
4020332650,2016-05-03 00:00:00,0,83
4020332650,2016-05-03 01:00:00,0,83
4020332650,2016-05-03 02:00:00,0,83
4020332650,2016-05-03 03:00:00,0,83
4020332650,2016-05-03 04:00:00,48,90
4020332650,2016-05-03 05:00:00,0,85
4020332650,2016-05-03 06:00:00,0,85
4020332650,2016-05-03 07:00:00,0,84
4020332650,2016-05-03 08:00:00,230,111
4020332650,2016-05-03 09:00:00,44,107
4020332650,2016-05-03 10:00:00,0,101
4020332650,2016-05-03 11:00:00,334,134
4020332650,2016-05-03 12:00:00,17,103
4020332650,2016-05-03 13:00:00,0,99
4020332650,2016-05-03 14:00:00,53,108
4020332650,2016-05-03 15:00:00,426,168
4020332650,2016-05-03 16:00:00,883,201
4020332650,2016-05-03 17:00:00,265,164
4020332650,2016-05-03 18:00:00,651,184
4020332650,2016-05-03 19:00:00,107,96
4020332650,2016-05-03 20:00:00,303,159
4020332650,2016-05-03 21:00:00,664,174
4020332650,2016-05-03 22:00:00,410,147
4020332650,2016-05-03 23:00:00,30,94
4020332650,2016-05-04 00:00:00,0,84
4020332650,2016-05-04 01:00:00,347,132
4020332650,2016-05-04 02:00:00,0,83
4020332650,2016-05-04 03:00:00,0,83
4020332650,2016-05-04 04:00:00,0,83
4020332650,2016-05-04 05:00:00,17,85
4020332650,2016-05-04 06:00:00,0,83
4020332650,2016-05-04 07:00:00,0,84
4020332650,2016-05-04 08:00:00,272,123
4020332650,2016-05-04 09:00:00,128,115
4020332650,2016-05-04 10:00:00,222,149
4020332650,2016-05-04 11:00:00,40,120
4020332650,2016-05-04 12:00:00,592,184
4020332650,2016-05-04 13:00:00,603,188
4020332650,2016-05-04 14:00:00,567,205
4020332650,2016-05-04 15:00:00,330,162
4020332650,2016-05-04 16:00:00,1552,274
4020332650,2016-05-04 17:00:00,794,194
4020332650,2016-05-04 18:00:00,839,211
4020332650,2016-05-04 19:00:00,451,184
4020332650,2016-05-04 20:00:00,882,314
4020332650,2016-05-04 21:00:00,677,236
4020332650,2016-05-04 22:00:00,827,234
4020332650,2016-05-04 23:00:00,1054,262
4020332650,2016-05-05 00:00:00,62,109
4020332650,2016-05-05 01:00:00,5,99
4020332650,2016-05-05 02:00:00,0,83
4020332650,2016-05-05 03:00:00,0,83
4020332650,2016-05-05 04:00:00,81,99
4020332650,2016-05-05 05:00:00,0,83
4020332650,2016-05-05 06:00:00,0,83
4020332650,2016-05-05 07:00:00,0,83
4020332650,2016-05-05 08:00:00,0,83
4020332650,2016-05-05 09:00:00,0,83
4020332650,2016-05-05 10:00:00,0,83
4020332650,2016-05-05 11:00:00,0,83
4020332650,2016-05-05 12:00:00,0,83
4020332650,2016-05-05 13:00:00,0,83
4020332650,2016-05-05 14:00:00,373,117
4020332650,2016-05-05 15:00:00,13,108
4020332650,2016-05-05 16:00:00,2737,346
4020332650,2016-05-05 17:00:00,689,183
4020332650,2016-05-05 18:00:00,1953,316
4020332650,2016-05-05 19:00:00,716,190
4020332650,2016-05-05 20:00:00,980,214
4020332650,2016-05-05 21:00:00,1197,246
4020332650,2016-05-05 22:00:00,2192,315
4020332650,2016-05-05 23:00:00,715,175
4020332650,2016-05-06 00:00:00,49,100
4020332650,2016-05-06 01:00:00,0,83
4020332650,2016-05-06 02:00:00,0,83
4020332650,2016-05-06 03:00:00,0,84
4020332650,2016-05-06 04:00:00,0,83
4020332650,2016-05-06 05:00:00,0,83
4020332650,2016-05-06 06:00:00,0,83
4020332650,2016-05-06 07:00:00,256,119
4020332650,2016-05-06 08:00:00,577,158
4020332650,2016-05-06 09:00:00,1001,196
4020332650,2016-05-06 10:00:00,833,217
4020332650,2016-05-06 11:00:00,431,166
4020332650,2016-05-06 12:00:00,263,143
4020332650,2016-05-06 13:00:00,114,112
4020332650,2016-05-06 14:00:00,304,131
4020332650,2016-05-06 15:00:00,288,136
4020332650,2016-05-06 16:00:00,241,147
4020332650,2016-05-06 17:00:00,0,83
4020332650,2016-05-06 18:00:00,0,83
4020332650,2016-05-06 19:00:00,0,83
4020332650,2016-05-06 20:00:00,0,83
4020332650,2016-05-06 21:00:00,0,83
4020332650,2016-05-06 22:00:00,0,83
4020332650,2016-05-06 23:00:00,0,83
4020332650,2016-05-07 00:00:00,0,83
4020332650,2016-05-07 01:00:00,0,83
4020332650,2016-05-07 02:00:00,0,83
4020332650,2016-05-07 03:00:00,0,83
4020332650,2016-05-07 04:00:00,0,83
4020332650,2016-05-07 05:00:00,0,83
4020332650,2016-05-07 06:00:00,0,83
4020332650,2016-05-07 07:00:00,0,83
4020332650,2016-05-07 08:00:00,209,118
4020332650,2016-05-07 09:00:00,811,207
4020332650,2016-05-07 10:00:00,106,127
4020332650,2016-05-07 11:00:00,307,154
4020332650,2016-05-07 12:00:00,204,128
4020332650,2016-05-07 13:00:00,372,131
4020332650,2016-05-07 14:00:00,101,116
4020332650,2016-05-07 15:00:00,688,187
4020332650,2016-05-07 16:00:00,10,103
4020332650,2016-05-07 17:00:00,438,161
4020332650,2016-05-07 18:00:00,199,98
4020332650,2016-05-07 19:00:00,540,189
4020332650,2016-05-07 20:00:00,538,128
4020332650,2016-05-07 21:00:00,192,118
4020332650,2016-05-07 22:00:00,290,134
4020332650,2016-05-07 23:00:00,0,83
4020332650,2016-05-08 00:00:00,79,98
4020332650,2016-05-08 01:00:00,0,83
4020332650,2016-05-08 02:00:00,184,107
4020332650,2016-05-08 03:00:00,0,83
4020332650,2016-05-08 04:00:00,0,83
4020332650,2016-05-08 05:00:00,0,83
4020332650,2016-05-08 06:00:00,0,83
4020332650,2016-05-08 07:00:00,149,104
4020332650,2016-05-08 08:00:00,396,134
4020332650,2016-05-08 09:00:00,286,147
4020332650,2016-05-08 10:00:00,509,169
4020332650,2016-05-08 11:00:00,493,179
4020332650,2016-05-08 12:00:00,322,138
4020332650,2016-05-08 13:00:00,218,120
4020332650,2016-05-08 14:00:00,291,150
4020332650,2016-05-08 15:00:00,422,163
4020332650,2016-05-08 16:00:00,608,179
4020332650,2016-05-08 17:00:00,571,186
4020332650,2016-05-08 18:00:00,507,199
4020332650,2016-05-08 19:00:00,348,158
4020332650,2016-05-08 20:00:00,257,135
4020332650,2016-05-08 21:00:00,136,120
4020332650,2016-05-08 22:00:00,19,94
4020332650,2016-05-08 23:00:00,17,88
4020332650,2016-05-09 00:00:00,0,83
4020332650,2016-05-09 01:00:00,0,83
4020332650,2016-05-09 02:00:00,0,83
4020332650,2016-05-09 03:00:00,0,83
4020332650,2016-05-09 04:00:00,0,83
4020332650,2016-05-09 05:00:00,0,83
4020332650,2016-05-09 06:00:00,0,83
4020332650,2016-05-09 07:00:00,0,83
4020332650,2016-05-09 08:00:00,0,83
4020332650,2016-05-09 09:00:00,0,83
4020332650,2016-05-09 10:00:00,0,83
4020332650,2016-05-09 11:00:00,0,83
4020332650,2016-05-09 12:00:00,0,83
4020332650,2016-05-09 13:00:00,0,83
4020332650,2016-05-09 14:00:00,694,172
4020332650,2016-05-09 15:00:00,319,155
4020332650,2016-05-09 16:00:00,379,181
4020332650,2016-05-09 17:00:00,845,228
4020332650,2016-05-09 18:00:00,537,183
4020332650,2016-05-09 19:00:00,656,177
4020332650,2016-05-09 20:00:00,591,174
4020332650,2016-05-09 21:00:00,191,132
4020332650,2016-05-09 22:00:00,158,112
4020332650,2016-05-09 23:00:00,186,115
4020332650,2016-05-10 00:00:00,0,83
4020332650,2016-05-10 01:00:00,0,83
4020332650,2016-05-10 02:00:00,180,106
4020332650,2016-05-10 03:00:00,0,83
4020332650,2016-05-10 04:00:00,0,83
4020332650,2016-05-10 05:00:00,14,87
4020332650,2016-05-10 06:00:00,12,85
4020332650,2016-05-10 07:00:00,223,108
4020332650,2016-05-10 08:00:00,198,116
4020332650,2016-05-10 09:00:00,30,100
4020332650,2016-05-10 10:00:00,346,136
4020332650,2016-05-10 11:00:00,550,158
4020332650,2016-05-10 12:00:00,765,204
4020332650,2016-05-10 13:00:00,118,119
4020332650,2016-05-10 14:00:00,79,117
4020332650,2016-05-10 15:00:00,773,203
4020332650,2016-05-10 16:00:00,1131,220
4020332650,2016-05-10 17:00:00,557,162
4020332650,2016-05-10 18:00:00,0,83
4020332650,2016-05-10 19:00:00,155,129
4020332650,2016-05-10 20:00:00,205,109
4020332650,2016-05-10 21:00:00,0,83
4020332650,2016-05-10 22:00:00,138,112
4020332650,2016-05-10 23:00:00,0,147
4020332650,2016-05-11 00:00:00,0,83
4020332650,2016-05-11 01:00:00,0,83
4020332650,2016-05-11 02:00:00,0,83
4020332650,2016-05-11 03:00:00,0,83
4020332650,2016-05-11 04:00:00,0,83
4020332650,2016-05-11 05:00:00,0,83
4020332650,2016-05-11 06:00:00,0,83
4020332650,2016-05-11 07:00:00,0,83
4020332650,2016-05-11 08:00:00,0,83
4020332650,2016-05-11 09:00:00,0,83
4020332650,2016-05-11 10:00:00,0,83
4020332650,2016-05-11 11:00:00,34,97
4020332650,2016-05-11 12:00:00,206,138
4020332650,2016-05-11 13:00:00,594,181
4020332650,2016-05-11 14:00:00,527,205
4020332650,2016-05-11 15:00:00,959,250
4020332650,2016-05-11 16:00:00,800,220
4020332650,2016-05-11 17:00:00,543,147
4020332650,2016-05-11 18:00:00,0,83
4020332650,2016-05-11 19:00:00,0,83
4020332650,2016-05-11 20:00:00,0,83
4020332650,2016-05-11 21:00:00,0,83
4020332650,2016-05-11 22:00:00,0,83
4020332650,2016-05-11 23:00:00,0,83
4020332650,2016-05-12 00:00:00,0,83
4020332650,2016-05-12 01:00:00,0,83
4020332650,2016-05-12 02:00:00,0,83
4020332650,2016-05-12 03:00:00,0,83
4020332650,2016-05-12 04:00:00,0,83
4020332650,2016-05-12 05:00:00,0,83
4020332650,2016-05-12 06:00:00,0,83
4020332650,2016-05-12 07:00:00,0,83
4020332650,2016-05-12 08:00:00,0,83
4020332650,2016-05-12 09:00:00,0,83
4020332650,2016-05-12 10:00:00,0,83
4020332650,2016-05-12 11:00:00,257,123
4319703577,2016-04-12 00:00:00,0,61
4319703577,2016-04-12 01:00:00,0,61
4319703577,2016-04-12 02:00:00,0,61
4319703577,2016-04-12 03:00:00,0,61
4319703577,2016-04-12 04:00:00,0,61
4319703577,2016-04-12 05:00:00,0,61
4319703577,2016-04-12 06:00:00,0,61
4319703577,2016-04-12 07:00:00,0,61
4319703577,2016-04-12 08:00:00,0,61
4319703577,2016-04-12 09:00:00,0,61
4319703577,2016-04-12 10:00:00,0,61
4319703577,2016-04-12 11:00:00,0,61
4319703577,2016-04-12 12:00:00,0,61
4319703577,2016-04-12 13:00:00,0,61
4319703577,2016-04-12 14:00:00,0,61
4319703577,2016-04-12 15:00:00,0,61
4319703577,2016-04-12 16:00:00,0,61
4319703577,2016-04-12 17:00:00,0,61
4319703577,2016-04-12 18:00:00,0,61
4319703577,2016-04-12 19:00:00,0,61
4319703577,2016-04-12 20:00:00,0,61
4319703577,2016-04-12 21:00:00,0,61
4319703577,2016-04-12 22:00:00,0,61
4319703577,2016-04-12 23:00:00,0,61
4319703577,2016-04-13 00:00:00,0,61
4319703577,2016-04-13 01:00:00,0,61
4319703577,2016-04-13 02:00:00,0,61
4319703577,2016-04-13 03:00:00,0,61
4319703577,2016-04-13 04:00:00,0,61
4319703577,2016-04-13 05:00:00,0,61
4319703577,2016-04-13 06:00:00,0,61
4319703577,2016-04-13 07:00:00,0,61
4319703577,2016-04-13 08:00:00,0,61
4319703577,2016-04-13 09:00:00,0,61
4319703577,2016-04-13 10:00:00,0,61
4319703577,2016-04-13 11:00:00,0,61
4319703577,2016-04-13 12:00:00,0,61
4319703577,2016-04-13 13:00:00,0,61
4319703577,2016-04-13 14:00:00,0,61
4319703577,2016-04-13 15:00:00,7,64
4319703577,2016-04-13 16:00:00,759,131
4319703577,2016-04-13 17:00:00,387,95
4319703577,2016-04-13 18:00:00,182,74
4319703577,2016-04-13 19:00:00,1808,178
4319703577,2016-04-13 20:00:00,72,71
4319703577,2016-04-13 21:00:00,0,63
4319703577,2016-04-13 22:00:00,404,104
4319703577,2016-04-13 23:00:00,0,61
4319703577,2016-04-14 00:00:00,0,61
4319703577,2016-04-14 01:00:00,0,61
4319703577,2016-04-14 02:00:00,0,61
4319703577,2016-04-14 03:00:00,0,61
4319703577,2016-04-14 04:00:00,9,63
4319703577,2016-04-14 05:00:00,19,64
4319703577,2016-04-14 06:00:00,0,61
4319703577,2016-04-14 07:00:00,0,61
4319703577,2016-04-14 08:00:00,166,85
4319703577,2016-04-14 09:00:00,346,93
4319703577,2016-04-14 10:00:00,1611,175
4319703577,2016-04-14 11:00:00,764,124
4319703577,2016-04-14 12:00:00,1029,145
4319703577,2016-04-14 13:00:00,302,95
4319703577,2016-04-14 14:00:00,155,87
4319703577,2016-04-14 15:00:00,220,91
4319703577,2016-04-14 16:00:00,724,114
4319703577,2016-04-14 17:00:00,1154,145
4319703577,2016-04-14 18:00:00,720,113
4319703577,2016-04-14 19:00:00,972,128
4319703577,2016-04-14 20:00:00,893,125
4319703577,2016-04-14 21:00:00,63,73
4319703577,2016-04-14 22:00:00,889,133
4319703577,2016-04-14 23:00:00,174,80
4319703577,2016-04-15 00:00:00,0,61
4319703577,2016-04-15 01:00:00,0,61
4319703577,2016-04-15 02:00:00,0,61
4319703577,2016-04-15 03:00:00,0,61
4319703577,2016-04-15 04:00:00,10,63
4319703577,2016-04-15 05:00:00,6,63
4319703577,2016-04-15 06:00:00,5,62
4319703577,2016-04-15 07:00:00,16,66
4319703577,2016-04-15 08:00:00,236,92
4319703577,2016-04-15 09:00:00,0,62
4319703577,2016-04-15 10:00:00,1954,188
4319703577,2016-04-15 11:00:00,257,97
4319703577,2016-04-15 12:00:00,428,112
4319703577,2016-04-15 13:00:00,73,71
4319703577,2016-04-15 14:00:00,614,112
4319703577,2016-04-15 15:00:00,187,90
4319703577,2016-04-15 16:00:00,159,82
4319703577,2016-04-15 17:00:00,4,63
4319703577,2016-04-15 18:00:00,357,88
4319703577,2016-04-15 19:00:00,691,111
4319703577,2016-04-15 20:00:00,126,79
4319703577,2016-04-15 21:00:00,327,92
4319703577,2016-04-15 22:00:00,164,77
4319703577,2016-04-15 23:00:00,50,68
4319703577,2016-04-16 00:00:00,67,66
4319703577,2016-04-16 01:00:00,0,61
4319703577,2016-04-16 02:00:00,0,61
4319703577,2016-04-16 03:00:00,11,62
4319703577,2016-04-16 04:00:00,0,61
4319703577,2016-04-16 05:00:00,0,61
4319703577,2016-04-16 06:00:00,10,63
4319703577,2016-04-16 07:00:00,0,61
4319703577,2016-04-16 08:00:00,0,61
4319703577,2016-04-16 09:00:00,419,101
4319703577,2016-04-16 10:00:00,724,129
4319703577,2016-04-16 11:00:00,873,132
4319703577,2016-04-16 12:00:00,749,114
4319703577,2016-04-16 13:00:00,446,109
4319703577,2016-04-16 14:00:00,263,98
4319703577,2016-04-16 15:00:00,1170,153
4319703577,2016-04-16 16:00:00,0,63
4319703577,2016-04-16 17:00:00,12,64
4319703577,2016-04-16 18:00:00,0,61
4319703577,2016-04-16 19:00:00,0,61
4319703577,2016-04-16 20:00:00,0,61
4319703577,2016-04-16 21:00:00,0,61
4319703577,2016-04-16 22:00:00,0,61
4319703577,2016-04-16 23:00:00,0,61
4319703577,2016-04-17 00:00:00,0,61
4319703577,2016-04-17 01:00:00,0,61
4319703577,2016-04-17 02:00:00,0,61
4319703577,2016-04-17 03:00:00,0,61
4319703577,2016-04-17 04:00:00,0,61
4319703577,2016-04-17 05:00:00,0,61
4319703577,2016-04-17 06:00:00,0,61
4319703577,2016-04-17 07:00:00,0,61
4319703577,2016-04-17 08:00:00,0,61
4319703577,2016-04-17 09:00:00,0,61
4319703577,2016-04-17 10:00:00,0,61
4319703577,2016-04-17 11:00:00,0,61
4319703577,2016-04-17 12:00:00,0,61
4319703577,2016-04-17 13:00:00,0,61
4319703577,2016-04-17 14:00:00,0,61
4319703577,2016-04-17 15:00:00,0,61
4319703577,2016-04-17 16:00:00,0,61
4319703577,2016-04-17 17:00:00,0,61
4319703577,2016-04-17 18:00:00,0,61
4319703577,2016-04-17 19:00:00,0,61
4319703577,2016-04-17 20:00:00,0,61
4319703577,2016-04-17 21:00:00,0,61
4319703577,2016-04-17 22:00:00,16,64
4319703577,2016-04-17 23:00:00,13,63
4319703577,2016-04-18 00:00:00,0,61
4319703577,2016-04-18 01:00:00,0,61
4319703577,2016-04-18 02:00:00,0,61
4319703577,2016-04-18 03:00:00,0,61
4319703577,2016-04-18 04:00:00,0,61
4319703577,2016-04-18 05:00:00,16,62
4319703577,2016-04-18 06:00:00,0,61
4319703577,2016-04-18 07:00:00,0,61
4319703577,2016-04-18 08:00:00,206,82
4319703577,2016-04-18 09:00:00,27,65
4319703577,2016-04-18 10:00:00,1756,184
4319703577,2016-04-18 11:00:00,152,76
4319703577,2016-04-18 12:00:00,0,61
4319703577,2016-04-18 13:00:00,0,61
4319703577,2016-04-18 14:00:00,0,61
4319703577,2016-04-18 15:00:00,0,61
4319703577,2016-04-18 16:00:00,0,61
4319703577,2016-04-18 17:00:00,0,61
4319703577,2016-04-18 18:00:00,13,63
4319703577,2016-04-18 19:00:00,0,61
4319703577,2016-04-18 20:00:00,0,61
4319703577,2016-04-18 21:00:00,0,61
4319703577,2016-04-18 22:00:00,51,67
4319703577,2016-04-18 23:00:00,8,62
4319703577,2016-04-19 00:00:00,0,61
4319703577,2016-04-19 01:00:00,13,64
4319703577,2016-04-19 02:00:00,0,61
4319703577,2016-04-19 03:00:00,33,68
4319703577,2016-04-19 04:00:00,0,61
4319703577,2016-04-19 05:00:00,0,61
4319703577,2016-04-19 06:00:00,0,61
4319703577,2016-04-19 07:00:00,554,100
4319703577,2016-04-19 08:00:00,447,94
4319703577,2016-04-19 09:00:00,42,68
4319703577,2016-04-19 10:00:00,1872,189
4319703577,2016-04-19 11:00:00,923,140
4319703577,2016-04-19 12:00:00,562,119
4319703577,2016-04-19 13:00:00,125,76
4319703577,2016-04-19 14:00:00,551,102
4319703577,2016-04-19 15:00:00,346,94
4319703577,2016-04-19 16:00:00,703,119
4319703577,2016-04-19 17:00:00,313,94
4319703577,2016-04-19 18:00:00,498,98
4319703577,2016-04-19 19:00:00,1332,156
4319703577,2016-04-19 20:00:00,254,94
4319703577,2016-04-19 21:00:00,63,72
4319703577,2016-04-19 22:00:00,294,90
4319703577,2016-04-19 23:00:00,0,61
4319703577,2016-04-20 00:00:00,0,61
4319703577,2016-04-20 01:00:00,0,61
4319703577,2016-04-20 02:00:00,7,63
4319703577,2016-04-20 03:00:00,0,61
4319703577,2016-04-20 04:00:00,0,61
4319703577,2016-04-20 05:00:00,0,61
4319703577,2016-04-20 06:00:00,8,62
4319703577,2016-04-20 07:00:00,580,106
4319703577,2016-04-20 08:00:00,93,69
4319703577,2016-04-20 09:00:00,443,107
4319703577,2016-04-20 10:00:00,1114,135
4319703577,2016-04-20 11:00:00,787,125
4319703577,2016-04-20 12:00:00,1717,166
4319703577,2016-04-20 13:00:00,253,90
4319703577,2016-04-20 14:00:00,185,87
4319703577,2016-04-20 15:00:00,781,137
4319703577,2016-04-20 16:00:00,497,117
4319703577,2016-04-20 17:00:00,501,110
4319703577,2016-04-20 18:00:00,592,108
4319703577,2016-04-20 19:00:00,947,134
4319703577,2016-04-20 20:00:00,76,75
4319703577,2016-04-20 21:00:00,177,80
4319703577,2016-04-20 22:00:00,157,78
4319703577,2016-04-20 23:00:00,0,61
4319703577,2016-04-21 00:00:00,0,61
4319703577,2016-04-21 01:00:00,0,61
4319703577,2016-04-21 02:00:00,0,61
4319703577,2016-04-21 03:00:00,0,61
4319703577,2016-04-21 04:00:00,0,61
4319703577,2016-04-21 05:00:00,0,61
4319703577,2016-04-21 06:00:00,0,61
4319703577,2016-04-21 07:00:00,0,61
4319703577,2016-04-21 08:00:00,0,61
4319703577,2016-04-21 09:00:00,0,61
4319703577,2016-04-21 10:00:00,0,61
4319703577,2016-04-21 11:00:00,0,61
4319703577,2016-04-21 12:00:00,0,61
4319703577,2016-04-21 13:00:00,0,61
4319703577,2016-04-21 14:00:00,95,71
4319703577,2016-04-21 15:00:00,41,68
4319703577,2016-04-21 16:00:00,13,66
4319703577,2016-04-21 17:00:00,19,63
4319703577,2016-04-21 18:00:00,65,70
4319703577,2016-04-21 19:00:00,116,77
4319703577,2016-04-21 20:00:00,0,62
4319703577,2016-04-21 21:00:00,6,63
4319703577,2016-04-21 22:00:00,157,74
4319703577,2016-04-21 23:00:00,5,62
4319703577,2016-04-22 00:00:00,10,62
4319703577,2016-04-22 01:00:00,0,61
4319703577,2016-04-22 02:00:00,0,61
4319703577,2016-04-22 03:00:00,0,61
4319703577,2016-04-22 04:00:00,0,61
4319703577,2016-04-22 05:00:00,18,62
4319703577,2016-04-22 06:00:00,0,61
4319703577,2016-04-22 07:00:00,10,63
4319703577,2016-04-22 08:00:00,1479,163
4319703577,2016-04-22 09:00:00,115,72
4319703577,2016-04-22 10:00:00,4,63
4319703577,2016-04-22 11:00:00,477,96
4319703577,2016-04-22 12:00:00,374,91
4319703577,2016-04-22 13:00:00,81,73
4319703577,2016-04-22 14:00:00,102,76
4319703577,2016-04-22 15:00:00,110,73
4319703577,2016-04-22 16:00:00,542,119
4319703577,2016-04-22 17:00:00,222,84
4319703577,2016-04-22 18:00:00,234,87
4319703577,2016-04-22 19:00:00,107,76
4319703577,2016-04-22 20:00:00,120,79
4319703577,2016-04-22 21:00:00,209,80
4319703577,2016-04-22 22:00:00,286,101
4319703577,2016-04-22 23:00:00,0,61
4319703577,2016-04-23 00:00:00,10,62
4319703577,2016-04-23 01:00:00,0,61
4319703577,2016-04-23 02:00:00,0,61
4319703577,2016-04-23 03:00:00,0,61
4319703577,2016-04-23 04:00:00,5,62
4319703577,2016-04-23 05:00:00,5,62
4319703577,2016-04-23 06:00:00,9,63
4319703577,2016-04-23 07:00:00,0,61
4319703577,2016-04-23 08:00:00,0,61
4319703577,2016-04-23 09:00:00,0,61
4319703577,2016-04-23 10:00:00,9,63
4319703577,2016-04-23 11:00:00,18,63
4319703577,2016-04-23 12:00:00,1067,144
4319703577,2016-04-23 13:00:00,276,96
4319703577,2016-04-23 14:00:00,106,73
4319703577,2016-04-23 15:00:00,344,99
4319703577,2016-04-23 16:00:00,850,139
4319703577,2016-04-23 17:00:00,856,123
4319703577,2016-04-23 18:00:00,178,79
4319703577,2016-04-23 19:00:00,375,117
4319703577,2016-04-23 20:00:00,206,81
4319703577,2016-04-23 21:00:00,252,87
4319703577,2016-04-23 22:00:00,53,71
4319703577,2016-04-23 23:00:00,316,96
4319703577,2016-04-24 00:00:00,0,61
4319703577,2016-04-24 01:00:00,0,61
4319703577,2016-04-24 02:00:00,0,61
4319703577,2016-04-24 03:00:00,68,67
4319703577,2016-04-24 04:00:00,0,61
4319703577,2016-04-24 05:00:00,0,61
4319703577,2016-04-24 06:00:00,12,62
4319703577,2016-04-24 07:00:00,0,61
4319703577,2016-04-24 08:00:00,171,81
4319703577,2016-04-24 09:00:00,646,115
4319703577,2016-04-24 10:00:00,31,69
4319703577,2016-04-24 11:00:00,103,77
4319703577,2016-04-24 12:00:00,207,78
4319703577,2016-04-24 13:00:00,626,113
4319703577,2016-04-24 14:00:00,748,123
4319703577,2016-04-24 15:00:00,218,82
4319703577,2016-04-24 16:00:00,122,83
4319703577,2016-04-24 17:00:00,185,91
4319703577,2016-04-24 18:00:00,209,94
4319703577,2016-04-24 19:00:00,120,75
4319703577,2016-04-24 20:00:00,86,73
4319703577,2016-04-24 21:00:00,137,73
4319703577,2016-04-24 22:00:00,384,98
4319703577,2016-04-24 23:00:00,8,63
4319703577,2016-04-25 00:00:00,0,61
4319703577,2016-04-25 01:00:00,0,61
4319703577,2016-04-25 02:00:00,10,62
4319703577,2016-04-25 03:00:00,0,61
4319703577,2016-04-25 04:00:00,27,65
4319703577,2016-04-25 05:00:00,0,61
4319703577,2016-04-25 06:00:00,0,61
4319703577,2016-04-25 07:00:00,61,65
4319703577,2016-04-25 08:00:00,287,92
4319703577,2016-04-25 09:00:00,53,67
4319703577,2016-04-25 10:00:00,1839,187
4319703577,2016-04-25 11:00:00,696,138
4319703577,2016-04-25 12:00:00,676,132
4319703577,2016-04-25 13:00:00,453,96
4319703577,2016-04-25 14:00:00,1105,149
4319703577,2016-04-25 15:00:00,352,111
4319703577,2016-04-25 16:00:00,362,104
4319703577,2016-04-25 17:00:00,946,144
4319703577,2016-04-25 18:00:00,1014,146
4319703577,2016-04-25 19:00:00,900,141
4319703577,2016-04-25 20:00:00,49,73
4319703577,2016-04-25 21:00:00,47,67
4319703577,2016-04-25 22:00:00,306,100
4319703577,2016-04-25 23:00:00,76,70
4319703577,2016-04-26 00:00:00,0,61
4319703577,2016-04-26 01:00:00,0,61
4319703577,2016-04-26 02:00:00,0,61
4319703577,2016-04-26 03:00:00,0,61
4319703577,2016-04-26 04:00:00,0,61
4319703577,2016-04-26 05:00:00,0,61
4319703577,2016-04-26 06:00:00,0,61
4319703577,2016-04-26 07:00:00,47,69
4319703577,2016-04-26 08:00:00,1197,150
4319703577,2016-04-26 09:00:00,0,62
4319703577,2016-04-26 10:00:00,1826,182
4319703577,2016-04-26 11:00:00,669,120
4319703577,2016-04-26 12:00:00,1049,151
4319703577,2016-04-26 13:00:00,349,98
4319703577,2016-04-26 14:00:00,323,90
4319703577,2016-04-26 15:00:00,501,110
4319703577,2016-04-26 16:00:00,273,96
4319703577,2016-04-26 17:00:00,704,120
4319703577,2016-04-26 18:00:00,564,105
4319703577,2016-04-26 19:00:00,2273,201
4319703577,2016-04-26 20:00:00,117,72
4319703577,2016-04-26 21:00:00,0,61
4319703577,2016-04-26 22:00:00,7,62
4319703577,2016-04-26 23:00:00,0,61
4319703577,2016-04-27 00:00:00,0,61
4319703577,2016-04-27 01:00:00,0,61
4319703577,2016-04-27 02:00:00,10,63
4319703577,2016-04-27 03:00:00,0,61
4319703577,2016-04-27 04:00:00,18,63
4319703577,2016-04-27 05:00:00,8,63
4319703577,2016-04-27 06:00:00,0,61
4319703577,2016-04-27 07:00:00,55,71
4319703577,2016-04-27 08:00:00,1072,136
4319703577,2016-04-27 09:00:00,45,70
4319703577,2016-04-27 10:00:00,1971,191
4319703577,2016-04-27 11:00:00,683,121
4319703577,2016-04-27 12:00:00,2445,213
4319703577,2016-04-27 13:00:00,276,94
4319703577,2016-04-27 14:00:00,1267,162
4319703577,2016-04-27 15:00:00,585,125
4319703577,2016-04-27 16:00:00,290,98
4319703577,2016-04-27 17:00:00,304,99
4319703577,2016-04-27 18:00:00,488,98
4319703577,2016-04-27 19:00:00,971,139
4319703577,2016-04-27 20:00:00,136,72
4319703577,2016-04-27 21:00:00,102,75
4319703577,2016-04-27 22:00:00,54,69
4319703577,2016-04-27 23:00:00,0,61
4319703577,2016-04-28 00:00:00,0,61
4319703577,2016-04-28 01:00:00,6,62
4319703577,2016-04-28 02:00:00,0,61
4319703577,2016-04-28 03:00:00,0,61
4319703577,2016-04-28 04:00:00,64,70
4319703577,2016-04-28 05:00:00,0,61
4319703577,2016-04-28 06:00:00,0,61
4319703577,2016-04-28 07:00:00,466,103
4319703577,2016-04-28 08:00:00,632,118
4319703577,2016-04-28 09:00:00,289,90
4319703577,2016-04-28 10:00:00,1155,148
4319703577,2016-04-28 11:00:00,941,135
4319703577,2016-04-28 12:00:00,976,142
4319703577,2016-04-28 13:00:00,319,94
4319703577,2016-04-28 14:00:00,513,103
4319703577,2016-04-28 15:00:00,287,94
4319703577,2016-04-28 16:00:00,603,126
4319703577,2016-04-28 17:00:00,877,140
4319703577,2016-04-28 18:00:00,1143,151
4319703577,2016-04-28 19:00:00,815,115
4319703577,2016-04-28 20:00:00,1360,151
4319703577,2016-04-28 21:00:00,37,68
4319703577,2016-04-28 22:00:00,301,90
4319703577,2016-04-28 23:00:00,26,66
4319703577,2016-04-29 00:00:00,48,67
4319703577,2016-04-29 01:00:00,7,62
4319703577,2016-04-29 02:00:00,0,61
4319703577,2016-04-29 03:00:00,7,62
4319703577,2016-04-29 04:00:00,0,61
4319703577,2016-04-29 05:00:00,4,62
4319703577,2016-04-29 06:00:00,0,61
4319703577,2016-04-29 07:00:00,16,63
4319703577,2016-04-29 08:00:00,155,79
4319703577,2016-04-29 09:00:00,256,86
4319703577,2016-04-29 10:00:00,1604,171
4319703577,2016-04-29 11:00:00,786,123
4319703577,2016-04-29 12:00:00,401,105
4319703577,2016-04-29 13:00:00,671,127
4319703577,2016-04-29 14:00:00,349,108
4319703577,2016-04-29 15:00:00,474,122
4319703577,2016-04-29 16:00:00,877,129
4319703577,2016-04-29 17:00:00,239,94
4319703577,2016-04-29 18:00:00,548,95
4319703577,2016-04-29 19:00:00,1033,136
4319703577,2016-04-29 20:00:00,257,89
4319703577,2016-04-29 21:00:00,0,63
4319703577,2016-04-29 22:00:00,80,72
4319703577,2016-04-29 23:00:00,178,79
4319703577,2016-04-30 00:00:00,0,61
4319703577,2016-04-30 01:00:00,0,61
4319703577,2016-04-30 02:00:00,7,62
4319703577,2016-04-30 03:00:00,24,64
4319703577,2016-04-30 04:00:00,0,61
4319703577,2016-04-30 05:00:00,0,61
4319703577,2016-04-30 06:00:00,0,61
4319703577,2016-04-30 07:00:00,38,65
4319703577,2016-04-30 08:00:00,58,69
4319703577,2016-04-30 09:00:00,0,61
4319703577,2016-04-30 10:00:00,106,70
4319703577,2016-04-30 11:00:00,340,85
4319703577,2016-04-30 12:00:00,1058,128
4319703577,2016-04-30 13:00:00,1233,141
4319703577,2016-04-30 14:00:00,1191,140
4319703577,2016-04-30 15:00:00,316,100
4319703577,2016-04-30 16:00:00,495,99
4319703577,2016-04-30 17:00:00,371,93
4319703577,2016-04-30 18:00:00,99,73
4319703577,2016-04-30 19:00:00,318,97
4319703577,2016-04-30 20:00:00,1661,170
4319703577,2016-04-30 21:00:00,646,118
4319703577,2016-04-30 22:00:00,27,69
4319703577,2016-04-30 23:00:00,233,85
4319703577,2016-05-01 00:00:00,0,61
4319703577,2016-05-01 01:00:00,0,61
4319703577,2016-05-01 02:00:00,0,61
4319703577,2016-05-01 03:00:00,6,62
4319703577,2016-05-01 04:00:00,0,61
4319703577,2016-05-01 05:00:00,0,61
4319703577,2016-05-01 06:00:00,0,61
4319703577,2016-05-01 07:00:00,35,65
4319703577,2016-05-01 08:00:00,94,71
4319703577,2016-05-01 09:00:00,162,86
4319703577,2016-05-01 10:00:00,88,72
4319703577,2016-05-01 11:00:00,84,70
4319703577,2016-05-01 12:00:00,0,61
4319703577,2016-05-01 13:00:00,0,61
4319703577,2016-05-01 14:00:00,0,61
4319703577,2016-05-01 15:00:00,0,61
4319703577,2016-05-01 16:00:00,0,61
4319703577,2016-05-01 17:00:00,0,61
4319703577,2016-05-01 18:00:00,0,61
4319703577,2016-05-01 19:00:00,0,61
4319703577,2016-05-01 20:00:00,127,76
4319703577,2016-05-01 21:00:00,27,66
4319703577,2016-05-01 22:00:00,628,115
4319703577,2016-05-01 23:00:00,0,61
4319703577,2016-05-02 00:00:00,10,63
4319703577,2016-05-02 01:00:00,19,64
4319703577,2016-05-02 02:00:00,0,61
4319703577,2016-05-02 03:00:00,0,61
4319703577,2016-05-02 04:00:00,29,67
4319703577,2016-05-02 05:00:00,4,62
4319703577,2016-05-02 06:00:00,0,61
4319703577,2016-05-02 07:00:00,135,78
4319703577,2016-05-02 08:00:00,26,65
4319703577,2016-05-02 09:00:00,159,80
4319703577,2016-05-02 10:00:00,1722,181
4319703577,2016-05-02 11:00:00,871,146
4319703577,2016-05-02 12:00:00,541,122
4319703577,2016-05-02 13:00:00,334,92
4319703577,2016-05-02 14:00:00,529,107
4319703577,2016-05-02 15:00:00,522,107
4319703577,2016-05-02 16:00:00,1085,152
4319703577,2016-05-02 17:00:00,589,128
4319703577,2016-05-02 18:00:00,745,123
4319703577,2016-05-02 19:00:00,529,97
4319703577,2016-05-02 20:00:00,506,99
4319703577,2016-05-02 21:00:00,556,109
4319703577,2016-05-02 22:00:00,204,80
4319703577,2016-05-02 23:00:00,6,62
4319703577,2016-05-03 00:00:00,0,61
4319703577,2016-05-03 01:00:00,6,62
4319703577,2016-05-03 02:00:00,15,64
4319703577,2016-05-03 03:00:00,0,61
4319703577,2016-05-03 04:00:00,9,62
4319703577,2016-05-03 05:00:00,0,61
4319703577,2016-05-03 06:00:00,5,63
4319703577,2016-05-03 07:00:00,149,75
4319703577,2016-05-03 08:00:00,115,71
4319703577,2016-05-03 09:00:00,100,70
4319703577,2016-05-03 10:00:00,1984,195
4319703577,2016-05-03 11:00:00,1353,159
4319703577,2016-05-03 12:00:00,1146,149
4319703577,2016-05-03 13:00:00,69,76
4319703577,2016-05-03 14:00:00,708,113
4319703577,2016-05-03 15:00:00,308,92
4319703577,2016-05-03 16:00:00,669,122
4319703577,2016-05-03 17:00:00,637,130
4319703577,2016-05-03 18:00:00,646,109
4319703577,2016-05-03 19:00:00,1170,141
4319703577,2016-05-03 20:00:00,115,76
4319703577,2016-05-03 21:00:00,149,73
4319703577,2016-05-03 22:00:00,295,91
4319703577,2016-05-03 23:00:00,0,61
4319703577,2016-05-04 00:00:00,0,61
4319703577,2016-05-04 01:00:00,0,61
4319703577,2016-05-04 02:00:00,0,61
4319703577,2016-05-04 03:00:00,0,61
4319703577,2016-05-04 04:00:00,0,61
4319703577,2016-05-04 05:00:00,0,61
4319703577,2016-05-04 06:00:00,0,61
4319703577,2016-05-04 07:00:00,10,62
4319703577,2016-05-04 08:00:00,212,83
4319703577,2016-05-04 09:00:00,230,93
4319703577,2016-05-04 10:00:00,1778,181
4319703577,2016-05-04 11:00:00,969,138
4319703577,2016-05-04 12:00:00,1624,178
4319703577,2016-05-04 13:00:00,942,132
4319703577,2016-05-04 14:00:00,867,132
4319703577,2016-05-04 15:00:00,913,144
4319703577,2016-05-04 16:00:00,86,75
4319703577,2016-05-04 17:00:00,238,86
4319703577,2016-05-04 18:00:00,570,102
4319703577,2016-05-04 19:00:00,1622,166
4319703577,2016-05-04 20:00:00,306,92
4319703577,2016-05-04 21:00:00,45,71
4319703577,2016-05-04 22:00:00,17,63
4319703577,2016-05-04 23:00:00,0,61
4319703577,2016-05-05 00:00:00,0,61
4319703577,2016-05-05 01:00:00,0,61
4319703577,2016-05-05 02:00:00,0,61
4319703577,2016-05-05 03:00:00,0,61
4319703577,2016-05-05 04:00:00,0,61
4319703577,2016-05-05 05:00:00,1950,205
4319703577,2016-05-05 06:00:00,3547,279
4319703577,2016-05-05 07:00:00,330,92
4319703577,2016-05-05 08:00:00,74,71
4319703577,2016-05-05 09:00:00,165,76
4319703577,2016-05-05 10:00:00,1517,169
4319703577,2016-05-05 11:00:00,878,123
4319703577,2016-05-05 12:00:00,781,125
4319703577,2016-05-05 13:00:00,307,90
4319703577,2016-05-05 14:00:00,546,114
4319703577,2016-05-05 15:00:00,432,108
4319703577,2016-05-05 16:00:00,189,87
4319703577,2016-05-05 17:00:00,152,82
4319703577,2016-05-05 18:00:00,686,127
4319703577,2016-05-05 19:00:00,1178,143
4319703577,2016-05-05 20:00:00,702,119
4319703577,2016-05-05 21:00:00,80,75
4319703577,2016-05-05 22:00:00,144,82
4319703577,2016-05-05 23:00:00,0,61
4319703577,2016-05-06 00:00:00,39,66
4319703577,2016-05-06 01:00:00,8,62
4319703577,2016-05-06 02:00:00,8,63
4319703577,2016-05-06 03:00:00,16,64
4319703577,2016-05-06 04:00:00,6,63
4319703577,2016-05-06 05:00:00,0,61
4319703577,2016-05-06 06:00:00,51,69
4319703577,2016-05-06 07:00:00,1279,155
4319703577,2016-05-06 08:00:00,41,69
4319703577,2016-05-06 09:00:00,237,78
4319703577,2016-05-06 10:00:00,33,69
4319703577,2016-05-06 11:00:00,1384,154
4319703577,2016-05-06 12:00:00,61,67
4319703577,2016-05-06 13:00:00,636,106
4319703577,2016-05-06 14:00:00,55,68
4319703577,2016-05-06 15:00:00,639,132
4319703577,2016-05-06 16:00:00,597,128
4319703577,2016-05-06 17:00:00,401,106
4319703577,2016-05-06 18:00:00,372,104
4319703577,2016-05-06 19:00:00,2033,190
4319703577,2016-05-06 20:00:00,1022,143
4319703577,2016-05-06 21:00:00,249,90
4319703577,2016-05-06 22:00:00,44,68
4319703577,2016-05-06 23:00:00,215,89
4319703577,2016-05-07 00:00:00,0,61
4319703577,2016-05-07 01:00:00,10,62
4319703577,2016-05-07 02:00:00,0,61
4319703577,2016-05-07 03:00:00,6,62
4319703577,2016-05-07 04:00:00,0,61
4319703577,2016-05-07 05:00:00,6,62
4319703577,2016-05-07 06:00:00,11,62
4319703577,2016-05-07 07:00:00,0,61
4319703577,2016-05-07 08:00:00,73,72
4319703577,2016-05-07 09:00:00,1278,160
4319703577,2016-05-07 10:00:00,59,76
4319703577,2016-05-07 11:00:00,404,103
4319703577,2016-05-07 12:00:00,381,89
4319703577,2016-05-07 13:00:00,1390,163
4319703577,2016-05-07 14:00:00,412,99
4319703577,2016-05-07 15:00:00,278,96
4319703577,2016-05-07 16:00:00,337,95
4319703577,2016-05-07 17:00:00,640,123
4319703577,2016-05-07 18:00:00,1045,137
4319703577,2016-05-07 19:00:00,879,127
4319703577,2016-05-07 20:00:00,225,87
4319703577,2016-05-07 21:00:00,131,85
4319703577,2016-05-07 22:00:00,263,82
4319703577,2016-05-07 23:00:00,109,74
4319703577,2016-05-08 00:00:00,0,61
4319703577,2016-05-08 01:00:00,0,61
4319703577,2016-05-08 02:00:00,0,61
4319703577,2016-05-08 03:00:00,0,61
4319703577,2016-05-08 04:00:00,0,61
4319703577,2016-05-08 05:00:00,13,62
4319703577,2016-05-08 06:00:00,0,61
4319703577,2016-05-08 07:00:00,0,61
4319703577,2016-05-08 08:00:00,0,61
4319703577,2016-05-08 09:00:00,6,63
4319703577,2016-05-08 10:00:00,187,83
4319703577,2016-05-08 11:00:00,125,81
4319703577,2016-05-08 12:00:00,626,110
4319703577,2016-05-08 13:00:00,702,117
4319703577,2016-05-08 14:00:00,952,132
4319703577,2016-05-08 15:00:00,461,115
4319703577,2016-05-08 16:00:00,48,66
4319703577,2016-05-08 17:00:00,0,61
4319703577,2016-05-08 18:00:00,0,61
4319703577,2016-05-08 19:00:00,0,61
4319703577,2016-05-08 20:00:00,224,80
4319703577,2016-05-08 21:00:00,46,66
4319703577,2016-05-08 22:00:00,282,88
4319703577,2016-05-08 23:00:00,0,61
4319703577,2016-05-09 00:00:00,16,64
4319703577,2016-05-09 01:00:00,17,64
4319703577,2016-05-09 02:00:00,0,61
4319703577,2016-05-09 03:00:00,16,64
4319703577,2016-05-09 04:00:00,22,64
4319703577,2016-05-09 05:00:00,0,61
4319703577,2016-05-09 06:00:00,8,62
4319703577,2016-05-09 07:00:00,0,61
4319703577,2016-05-09 08:00:00,195,84
4319703577,2016-05-09 09:00:00,70,69
4319703577,2016-05-09 10:00:00,1720,186
4319703577,2016-05-09 11:00:00,842,136
4319703577,2016-05-09 12:00:00,513,122
4319703577,2016-05-09 13:00:00,331,95
4319703577,2016-05-09 14:00:00,577,116
4319703577,2016-05-09 15:00:00,411,107
4319703577,2016-05-09 16:00:00,291,92
4319703577,2016-05-09 17:00:00,1218,152
4319703577,2016-05-09 18:00:00,1046,151
4319703577,2016-05-09 19:00:00,1993,189
4319703577,2016-05-09 20:00:00,745,116
4319703577,2016-05-09 21:00:00,107,76
4319703577,2016-05-09 22:00:00,211,91
4319703577,2016-05-09 23:00:00,13,64
4319703577,2016-05-10 00:00:00,6,62
4319703577,2016-05-10 01:00:00,0,61
4319703577,2016-05-10 02:00:00,0,61
4319703577,2016-05-10 03:00:00,6,63
4319703577,2016-05-10 04:00:00,0,61
4319703577,2016-05-10 05:00:00,8,62
4319703577,2016-05-10 06:00:00,6,62
4319703577,2016-05-10 07:00:00,151,83
4319703577,2016-05-10 08:00:00,25,65
4319703577,2016-05-10 09:00:00,170,74
4319703577,2016-05-10 10:00:00,1669,178
4319703577,2016-05-10 11:00:00,536,122
4319703577,2016-05-10 12:00:00,930,145
4319703577,2016-05-10 13:00:00,990,125
4319703577,2016-05-10 14:00:00,824,138
4319703577,2016-05-10 15:00:00,958,144
4319703577,2016-05-10 16:00:00,288,94
4319703577,2016-05-10 17:00:00,173,80
4319703577,2016-05-10 18:00:00,1092,137
4319703577,2016-05-10 19:00:00,1156,144
4319703577,2016-05-10 20:00:00,154,84
4319703577,2016-05-10 21:00:00,140,73
4319703577,2016-05-10 22:00:00,205,82
4319703577,2016-05-10 23:00:00,0,61
4319703577,2016-05-11 00:00:00,0,61
4319703577,2016-05-11 01:00:00,12,62
4319703577,2016-05-11 02:00:00,0,61
4319703577,2016-05-11 03:00:00,0,61
4319703577,2016-05-11 04:00:00,0,61
4319703577,2016-05-11 05:00:00,0,61
4319703577,2016-05-11 06:00:00,0,61
4319703577,2016-05-11 07:00:00,0,61
4319703577,2016-05-11 08:00:00,258,93
4319703577,2016-05-11 09:00:00,49,68
4319703577,2016-05-11 10:00:00,1735,180
4319703577,2016-05-11 11:00:00,734,127
4319703577,2016-05-11 12:00:00,1037,150
4319703577,2016-05-11 13:00:00,398,97
4319703577,2016-05-11 14:00:00,597,113
4319703577,2016-05-11 15:00:00,715,122
4319703577,2016-05-11 16:00:00,793,141
4319703577,2016-05-11 17:00:00,269,99
4319703577,2016-05-11 18:00:00,430,89
4319703577,2016-05-11 19:00:00,1613,165
4319703577,2016-05-11 20:00:00,262,88
4319703577,2016-05-11 21:00:00,80,74
4319703577,2016-05-11 22:00:00,147,77
4319703577,2016-05-11 23:00:00,0,61
4319703577,2016-05-12 00:00:00,0,61
4319703577,2016-05-12 01:00:00,0,61
4319703577,2016-05-12 02:00:00,10,62
4319703577,2016-05-12 03:00:00,7,63
4388161847,2016-04-12 00:00:00,0,78
4388161847,2016-04-12 01:00:00,0,78
4388161847,2016-04-12 02:00:00,0,78
4388161847,2016-04-12 03:00:00,0,78
4388161847,2016-04-12 04:00:00,0,78
4388161847,2016-04-12 05:00:00,0,78
4388161847,2016-04-12 06:00:00,0,78
4388161847,2016-04-12 07:00:00,0,78
4388161847,2016-04-12 08:00:00,0,78
4388161847,2016-04-12 09:00:00,0,78
4388161847,2016-04-12 10:00:00,0,78
4388161847,2016-04-12 11:00:00,0,78
4388161847,2016-04-12 12:00:00,0,78
4388161847,2016-04-12 13:00:00,0,78
4388161847,2016-04-12 14:00:00,0,78
4388161847,2016-04-12 15:00:00,0,78
4388161847,2016-04-12 16:00:00,0,78
4388161847,2016-04-12 17:00:00,0,78
4388161847,2016-04-12 18:00:00,0,78
4388161847,2016-04-12 19:00:00,0,78
4388161847,2016-04-12 20:00:00,0,78
4388161847,2016-04-12 21:00:00,0,78
4388161847,2016-04-12 22:00:00,0,78
4388161847,2016-04-12 23:00:00,0,78
4388161847,2016-04-13 00:00:00,0,78
4388161847,2016-04-13 01:00:00,0,78
4388161847,2016-04-13 02:00:00,0,78
4388161847,2016-04-13 03:00:00,0,78
4388161847,2016-04-13 04:00:00,0,78
4388161847,2016-04-13 05:00:00,0,78
4388161847,2016-04-13 06:00:00,0,78
4388161847,2016-04-13 07:00:00,0,78
4388161847,2016-04-13 08:00:00,0,78
4388161847,2016-04-13 09:00:00,0,78
4388161847,2016-04-13 10:00:00,0,78
4388161847,2016-04-13 11:00:00,0,78
4388161847,2016-04-13 12:00:00,0,78
4388161847,2016-04-13 13:00:00,0,78
4388161847,2016-04-13 14:00:00,28,86
4388161847,2016-04-13 15:00:00,410,121
4388161847,2016-04-13 16:00:00,1100,193
4388161847,2016-04-13 17:00:00,629,163
4388161847,2016-04-13 18:00:00,1508,235
4388161847,2016-04-13 19:00:00,2118,283
4388161847,2016-04-13 20:00:00,145,100
4388161847,2016-04-13 21:00:00,0,78
4388161847,2016-04-13 22:00:00,0,78
4388161847,2016-04-13 23:00:00,0,78
4388161847,2016-04-14 00:00:00,0,78
4388161847,2016-04-14 01:00:00,0,78
4388161847,2016-04-14 02:00:00,0,78
4388161847,2016-04-14 03:00:00,0,78
4388161847,2016-04-14 04:00:00,11,80
4388161847,2016-04-14 05:00:00,352,214
4388161847,2016-04-14 06:00:00,1134,207
4388161847,2016-04-14 07:00:00,157,107
4388161847,2016-04-14 08:00:00,252,104
4388161847,2016-04-14 09:00:00,413,119
4388161847,2016-04-14 10:00:00,590,137
4388161847,2016-04-14 11:00:00,434,120
4388161847,2016-04-14 12:00:00,187,104
4388161847,2016-04-14 13:00:00,268,110
4388161847,2016-04-14 14:00:00,76,88
4388161847,2016-04-14 15:00:00,475,121
4388161847,2016-04-14 16:00:00,931,184
4388161847,2016-04-14 17:00:00,2321,351
4388161847,2016-04-14 18:00:00,284,126
4388161847,2016-04-14 19:00:00,875,177
4388161847,2016-04-14 20:00:00,52,91
4388161847,2016-04-14 21:00:00,36,85
4388161847,2016-04-14 22:00:00,15,80
4388161847,2016-04-14 23:00:00,0,79
4388161847,2016-04-15 00:00:00,0,78
4388161847,2016-04-15 01:00:00,0,79
4388161847,2016-04-15 02:00:00,0,79
4388161847,2016-04-15 03:00:00,13,80
4388161847,2016-04-15 04:00:00,83,94
4388161847,2016-04-15 05:00:00,879,204
4388161847,2016-04-15 06:00:00,1664,239
4388161847,2016-04-15 07:00:00,150,97
4388161847,2016-04-15 08:00:00,376,127
4388161847,2016-04-15 09:00:00,92,96
4388161847,2016-04-15 10:00:00,701,139
4388161847,2016-04-15 11:00:00,399,111
4388161847,2016-04-15 12:00:00,88,99
4388161847,2016-04-15 13:00:00,193,114
4388161847,2016-04-15 14:00:00,117,99
4388161847,2016-04-15 15:00:00,452,120
4388161847,2016-04-15 16:00:00,1100,245
4388161847,2016-04-15 17:00:00,430,141
4388161847,2016-04-15 18:00:00,510,158
4388161847,2016-04-15 19:00:00,261,129
4388161847,2016-04-15 20:00:00,110,108
4388161847,2016-04-15 21:00:00,360,124
4388161847,2016-04-15 22:00:00,387,145
4388161847,2016-04-15 23:00:00,393,160
4388161847,2016-04-16 00:00:00,0,94
4388161847,2016-04-16 01:00:00,0,91
4388161847,2016-04-16 02:00:00,0,89
4388161847,2016-04-16 03:00:00,0,80
4388161847,2016-04-16 04:00:00,17,87
4388161847,2016-04-16 05:00:00,0,80
4388161847,2016-04-16 06:00:00,261,139
4388161847,2016-04-16 07:00:00,92,112
4388161847,2016-04-16 08:00:00,1309,236
4388161847,2016-04-16 09:00:00,817,207
4388161847,2016-04-16 10:00:00,190,132
4388161847,2016-04-16 11:00:00,434,145
4388161847,2016-04-16 12:00:00,185,124
4388161847,2016-04-16 13:00:00,737,183
4388161847,2016-04-16 14:00:00,917,217
4388161847,2016-04-16 15:00:00,383,146
4388161847,2016-04-16 16:00:00,107,113
4388161847,2016-04-16 17:00:00,96,117
4388161847,2016-04-16 18:00:00,526,160
4388161847,2016-04-16 19:00:00,162,122
4388161847,2016-04-16 20:00:00,62,106
4388161847,2016-04-16 21:00:00,273,134
4388161847,2016-04-16 22:00:00,12,82
4388161847,2016-04-16 23:00:00,0,79
4388161847,2016-04-17 00:00:00,0,79
4388161847,2016-04-17 01:00:00,0,79
4388161847,2016-04-17 02:00:00,11,81
4388161847,2016-04-17 03:00:00,0,79
4388161847,2016-04-17 04:00:00,0,79
4388161847,2016-04-17 05:00:00,7,81
4388161847,2016-04-17 06:00:00,313,126
4388161847,2016-04-17 07:00:00,35,100
4388161847,2016-04-17 08:00:00,386,133
4388161847,2016-04-17 09:00:00,735,172
4388161847,2016-04-17 10:00:00,296,125
4388161847,2016-04-17 11:00:00,141,108
4388161847,2016-04-17 12:00:00,550,165
4388161847,2016-04-17 13:00:00,51,102
4388161847,2016-04-17 14:00:00,7,92
4388161847,2016-04-17 15:00:00,117,94
4388161847,2016-04-17 16:00:00,251,113
4388161847,2016-04-17 17:00:00,324,125
4388161847,2016-04-17 18:00:00,661,145
4388161847,2016-04-17 19:00:00,160,102
4388161847,2016-04-17 20:00:00,398,123
4388161847,2016-04-17 21:00:00,52,91
4388161847,2016-04-17 22:00:00,165,101
4388161847,2016-04-17 23:00:00,0,78
4388161847,2016-04-18 00:00:00,0,78
4388161847,2016-04-18 01:00:00,0,78
4388161847,2016-04-18 02:00:00,0,78
4388161847,2016-04-18 03:00:00,0,78
4388161847,2016-04-18 04:00:00,0,78
4388161847,2016-04-18 05:00:00,0,78
4388161847,2016-04-18 06:00:00,195,103
4388161847,2016-04-18 07:00:00,654,149
4388161847,2016-04-18 08:00:00,200,114
4388161847,2016-04-18 09:00:00,193,107
4388161847,2016-04-18 10:00:00,495,121
4388161847,2016-04-18 11:00:00,228,116
4388161847,2016-04-18 12:00:00,232,112
4388161847,2016-04-18 13:00:00,315,114
4388161847,2016-04-18 14:00:00,169,104
4388161847,2016-04-18 15:00:00,291,111
4388161847,2016-04-18 16:00:00,3253,374
4388161847,2016-04-18 17:00:00,1914,346
4388161847,2016-04-18 18:00:00,871,266
4388161847,2016-04-18 19:00:00,558,170
4388161847,2016-04-18 20:00:00,1387,224
4388161847,2016-04-18 21:00:00,25,97
4388161847,2016-04-18 22:00:00,11,92
4388161847,2016-04-18 23:00:00,18,85
4388161847,2016-04-19 00:00:00,0,78
4388161847,2016-04-19 01:00:00,7,80
4388161847,2016-04-19 02:00:00,0,78
4388161847,2016-04-19 03:00:00,0,79
4388161847,2016-04-19 04:00:00,75,90
4388161847,2016-04-19 05:00:00,1717,259
4388161847,2016-04-19 06:00:00,2438,300
4388161847,2016-04-19 07:00:00,462,127
4388161847,2016-04-19 08:00:00,237,110
4388161847,2016-04-19 09:00:00,308,115
4388161847,2016-04-19 10:00:00,488,126
4388161847,2016-04-19 11:00:00,140,99
4388161847,2016-04-19 12:00:00,420,116
4388161847,2016-04-19 13:00:00,179,99
4388161847,2016-04-19 14:00:00,338,110
4388161847,2016-04-19 15:00:00,150,99
4388161847,2016-04-19 16:00:00,1053,178
4388161847,2016-04-19 17:00:00,544,153
4388161847,2016-04-19 18:00:00,391,150
4388161847,2016-04-19 19:00:00,91,106
4388161847,2016-04-19 20:00:00,553,164
4388161847,2016-04-19 21:00:00,561,134
4388161847,2016-04-19 22:00:00,23,86
4388161847,2016-04-19 23:00:00,6,80
4388161847,2016-04-20 00:00:00,0,78
4388161847,2016-04-20 01:00:00,17,83
4388161847,2016-04-20 02:00:00,0,80
4388161847,2016-04-20 03:00:00,0,79
4388161847,2016-04-20 04:00:00,13,82
4388161847,2016-04-20 05:00:00,1079,220
4388161847,2016-04-20 06:00:00,2114,300
4388161847,2016-04-20 07:00:00,257,121
4388161847,2016-04-20 08:00:00,189,103
4388161847,2016-04-20 09:00:00,122,99
4388161847,2016-04-20 10:00:00,554,135
4388161847,2016-04-20 11:00:00,162,106
4388161847,2016-04-20 12:00:00,413,121
4388161847,2016-04-20 13:00:00,344,114
4388161847,2016-04-20 14:00:00,0,83
4388161847,2016-04-20 15:00:00,334,112
4388161847,2016-04-20 16:00:00,870,168
4388161847,2016-04-20 17:00:00,1656,255
4388161847,2016-04-20 18:00:00,176,116
4388161847,2016-04-20 19:00:00,1713,222
4388161847,2016-04-20 20:00:00,440,148
4388161847,2016-04-20 21:00:00,80,94
4388161847,2016-04-20 22:00:00,20,87
4388161847,2016-04-20 23:00:00,0,79
4388161847,2016-04-21 00:00:00,0,78
4388161847,2016-04-21 01:00:00,6,80
4388161847,2016-04-21 02:00:00,16,83
4388161847,2016-04-21 03:00:00,0,79
4388161847,2016-04-21 04:00:00,0,79
4388161847,2016-04-21 05:00:00,603,170
4388161847,2016-04-21 06:00:00,1437,229
4388161847,2016-04-21 07:00:00,325,110
4388161847,2016-04-21 08:00:00,222,103
4388161847,2016-04-21 09:00:00,35,91
4388161847,2016-04-21 10:00:00,443,123
4388161847,2016-04-21 11:00:00,249,106
4388161847,2016-04-21 12:00:00,464,125
4388161847,2016-04-21 13:00:00,190,101
4388161847,2016-04-21 14:00:00,177,99
4388161847,2016-04-21 15:00:00,195,107
4388161847,2016-04-21 16:00:00,1068,183
4388161847,2016-04-21 17:00:00,95,121
4388161847,2016-04-21 18:00:00,1616,283
4388161847,2016-04-21 19:00:00,1488,256
4388161847,2016-04-21 20:00:00,1394,221
4388161847,2016-04-21 21:00:00,32,87
4388161847,2016-04-21 22:00:00,0,78
4388161847,2016-04-21 23:00:00,0,78
4388161847,2016-04-22 00:00:00,0,78
4388161847,2016-04-22 01:00:00,0,78
4388161847,2016-04-22 02:00:00,0,78
4388161847,2016-04-22 03:00:00,0,78
4388161847,2016-04-22 04:00:00,0,78
4388161847,2016-04-22 05:00:00,0,78
4388161847,2016-04-22 06:00:00,528,462
4388161847,2016-04-22 07:00:00,619,141
4388161847,2016-04-22 08:00:00,2503,317
4388161847,2016-04-22 09:00:00,2203,260
4388161847,2016-04-22 10:00:00,1035,186
4388161847,2016-04-22 11:00:00,56,105
4388161847,2016-04-22 12:00:00,409,138
4388161847,2016-04-22 13:00:00,9,102
4388161847,2016-04-22 14:00:00,150,122
4388161847,2016-04-22 15:00:00,542,161
4388161847,2016-04-22 16:00:00,9,100
4388161847,2016-04-22 17:00:00,338,136
4388161847,2016-04-22 18:00:00,2985,321
4388161847,2016-04-22 19:00:00,355,129
4388161847,2016-04-22 20:00:00,192,109
4388161847,2016-04-22 21:00:00,0,93
4388161847,2016-04-22 22:00:00,197,108
4388161847,2016-04-22 23:00:00,9,84
4388161847,2016-04-23 00:00:00,22,83
4388161847,2016-04-23 01:00:00,0,78
4388161847,2016-04-23 02:00:00,0,79
4388161847,2016-04-23 03:00:00,4,81
4388161847,2016-04-23 04:00:00,0,79
4388161847,2016-04-23 05:00:00,0,79
4388161847,2016-04-23 06:00:00,42,89
4388161847,2016-04-23 07:00:00,14,87
4388161847,2016-04-23 08:00:00,71,96
4388161847,2016-04-23 09:00:00,6,85
4388161847,2016-04-23 10:00:00,829,168
4388161847,2016-04-23 11:00:00,1343,197
4388161847,2016-04-23 12:00:00,863,168
4388161847,2016-04-23 13:00:00,2925,314
4388161847,2016-04-23 14:00:00,5237,592
4388161847,2016-04-23 15:00:00,575,142
4388161847,2016-04-23 16:00:00,39,107
4388161847,2016-04-23 17:00:00,30,109
4388161847,2016-04-23 18:00:00,574,158
4388161847,2016-04-23 19:00:00,181,109
4388161847,2016-04-23 20:00:00,106,103
4388161847,2016-04-23 21:00:00,24,84
4388161847,2016-04-23 22:00:00,347,130
4388161847,2016-04-23 23:00:00,4,94
4388161847,2016-04-24 00:00:00,9,82
4388161847,2016-04-24 01:00:00,14,83
4388161847,2016-04-24 02:00:00,0,79
4388161847,2016-04-24 03:00:00,9,81
4388161847,2016-04-24 04:00:00,0,79
4388161847,2016-04-24 05:00:00,9,81
4388161847,2016-04-24 06:00:00,420,133
4388161847,2016-04-24 07:00:00,22,86
4388161847,2016-04-24 08:00:00,312,112
4388161847,2016-04-24 09:00:00,0,79
4388161847,2016-04-24 10:00:00,253,108
4388161847,2016-04-24 11:00:00,72,92
4388161847,2016-04-24 12:00:00,939,171
4388161847,2016-04-24 13:00:00,966,187
4388161847,2016-04-24 14:00:00,2228,251
4388161847,2016-04-24 15:00:00,1708,216
4388161847,2016-04-24 16:00:00,28,83
4388161847,2016-04-24 17:00:00,0,79
4388161847,2016-04-24 18:00:00,613,157
4388161847,2016-04-24 19:00:00,215,108
4388161847,2016-04-24 20:00:00,2235,266
4388161847,2016-04-24 21:00:00,191,110
4388161847,2016-04-24 22:00:00,0,81
4388161847,2016-04-24 23:00:00,0,78
4388161847,2016-04-25 00:00:00,0,78
4388161847,2016-04-25 01:00:00,0,78
4388161847,2016-04-25 02:00:00,0,78
4388161847,2016-04-25 03:00:00,0,78
4388161847,2016-04-25 04:00:00,0,78
4388161847,2016-04-25 05:00:00,595,163
4388161847,2016-04-25 06:00:00,659,161
4388161847,2016-04-25 07:00:00,826,152
4388161847,2016-04-25 08:00:00,104,104
4388161847,2016-04-25 09:00:00,474,126
4388161847,2016-04-25 10:00:00,262,105
4388161847,2016-04-25 11:00:00,459,127
4388161847,2016-04-25 12:00:00,335,120
4388161847,2016-04-25 13:00:00,189,101
4388161847,2016-04-25 14:00:00,295,107
4388161847,2016-04-25 15:00:00,455,122
4388161847,2016-04-25 16:00:00,981,180
4388161847,2016-04-25 17:00:00,2238,304
4388161847,2016-04-25 18:00:00,667,159
4388161847,2016-04-25 19:00:00,1501,240
4388161847,2016-04-25 20:00:00,2349,309
4388161847,2016-04-25 21:00:00,511,144
4388161847,2016-04-25 22:00:00,46,90
4388161847,2016-04-25 23:00:00,15,83
4388161847,2016-04-26 00:00:00,0,79
4388161847,2016-04-26 01:00:00,0,79
4388161847,2016-04-26 02:00:00,4,80
4388161847,2016-04-26 03:00:00,11,81
4388161847,2016-04-26 04:00:00,14,84
4388161847,2016-04-26 05:00:00,838,202
4388161847,2016-04-26 06:00:00,2662,307
4388161847,2016-04-26 07:00:00,630,149
4388161847,2016-04-26 08:00:00,122,101
4388161847,2016-04-26 09:00:00,407,125
4388161847,2016-04-26 10:00:00,631,139
4388161847,2016-04-26 11:00:00,383,119
4388161847,2016-04-26 12:00:00,414,131
4388161847,2016-04-26 13:00:00,279,107
4388161847,2016-04-26 14:00:00,369,118
4388161847,2016-04-26 15:00:00,435,123
4388161847,2016-04-26 16:00:00,571,131
4388161847,2016-04-26 17:00:00,1046,191
4388161847,2016-04-26 18:00:00,219,115
4388161847,2016-04-26 19:00:00,74,94
4388161847,2016-04-26 20:00:00,320,123
4388161847,2016-04-26 21:00:00,15,88
4388161847,2016-04-26 22:00:00,6,81
4388161847,2016-04-26 23:00:00,11,83
4388161847,2016-04-27 00:00:00,7,80
4388161847,2016-04-27 01:00:00,12,80
4388161847,2016-04-27 02:00:00,41,85
4388161847,2016-04-27 03:00:00,8,80
4388161847,2016-04-27 04:00:00,0,79
4388161847,2016-04-27 05:00:00,329,150
4388161847,2016-04-27 06:00:00,939,168
4388161847,2016-04-27 07:00:00,225,106
4388161847,2016-04-27 08:00:00,156,97
4388161847,2016-04-27 09:00:00,145,99
4388161847,2016-04-27 10:00:00,450,117
4388161847,2016-04-27 11:00:00,496,128
4388161847,2016-04-27 12:00:00,516,138
4388161847,2016-04-27 13:00:00,28,90
4388161847,2016-04-27 14:00:00,347,112
4388161847,2016-04-27 15:00:00,284,112
4388161847,2016-04-27 16:00:00,856,178
4388161847,2016-04-27 17:00:00,1183,222
4388161847,2016-04-27 18:00:00,4037,398
4388161847,2016-04-27 19:00:00,447,143
4388161847,2016-04-27 20:00:00,357,123
4388161847,2016-04-27 21:00:00,304,114
4388161847,2016-04-27 22:00:00,12,86
4388161847,2016-04-27 23:00:00,14,88
4388161847,2016-04-28 00:00:00,0,79
4388161847,2016-04-28 01:00:00,0,79
4388161847,2016-04-28 02:00:00,10,80
4388161847,2016-04-28 03:00:00,0,79
4388161847,2016-04-28 04:00:00,8,80
4388161847,2016-04-28 05:00:00,1305,226
4388161847,2016-04-28 06:00:00,2267,286
4388161847,2016-04-28 07:00:00,733,150
4388161847,2016-04-28 08:00:00,265,118
4388161847,2016-04-28 09:00:00,52,94
4388161847,2016-04-28 10:00:00,491,132
4388161847,2016-04-28 11:00:00,593,136
4388161847,2016-04-28 12:00:00,243,104
4388161847,2016-04-28 13:00:00,301,118
4388161847,2016-04-28 14:00:00,173,104
4388161847,2016-04-28 15:00:00,191,103
4388161847,2016-04-28 16:00:00,1251,204
4388161847,2016-04-28 17:00:00,1180,196
4388161847,2016-04-28 18:00:00,680,153
4388161847,2016-04-28 19:00:00,178,111
4388161847,2016-04-28 20:00:00,153,102
4388161847,2016-04-28 21:00:00,0,78
4388161847,2016-04-28 22:00:00,0,78
4388161847,2016-04-28 23:00:00,0,78
4388161847,2016-04-29 00:00:00,0,78
4388161847,2016-04-29 01:00:00,0,78
4388161847,2016-04-29 02:00:00,0,78
4388161847,2016-04-29 03:00:00,0,78
4388161847,2016-04-29 04:00:00,0,78
4388161847,2016-04-29 05:00:00,1015,206
4388161847,2016-04-29 06:00:00,2168,286
4388161847,2016-04-29 07:00:00,795,157
4388161847,2016-04-29 08:00:00,178,100
4388161847,2016-04-29 09:00:00,242,107
4388161847,2016-04-29 10:00:00,306,113
4388161847,2016-04-29 11:00:00,210,102
4388161847,2016-04-29 12:00:00,355,115
4388161847,2016-04-29 13:00:00,316,113
4388161847,2016-04-29 14:00:00,543,130
4388161847,2016-04-29 15:00:00,25,104
4388161847,2016-04-29 16:00:00,44,114
4388161847,2016-04-29 17:00:00,894,180
4388161847,2016-04-29 18:00:00,726,160
4388161847,2016-04-29 19:00:00,162,112
4388161847,2016-04-29 20:00:00,946,180
4388161847,2016-04-29 21:00:00,45,104
4388161847,2016-04-29 22:00:00,246,118
4388161847,2016-04-29 23:00:00,16,87
4388161847,2016-04-30 00:00:00,6,82
4388161847,2016-04-30 01:00:00,7,81
4388161847,2016-04-30 02:00:00,11,82
4388161847,2016-04-30 03:00:00,11,81
4388161847,2016-04-30 04:00:00,0,79
4388161847,2016-04-30 05:00:00,24,83
4388161847,2016-04-30 06:00:00,185,103
4388161847,2016-04-30 07:00:00,189,100
4388161847,2016-04-30 08:00:00,0,81
4388161847,2016-04-30 09:00:00,1349,211
4388161847,2016-04-30 10:00:00,247,126
4388161847,2016-04-30 11:00:00,2916,366
4388161847,2016-04-30 12:00:00,2355,313
4388161847,2016-04-30 13:00:00,1073,203
4388161847,2016-04-30 14:00:00,35,84
4388161847,2016-04-30 15:00:00,134,97
4388161847,2016-04-30 16:00:00,1016,181
4388161847,2016-04-30 17:00:00,269,111
4388161847,2016-04-30 18:00:00,746,168
4388161847,2016-04-30 19:00:00,328,117
4388161847,2016-04-30 20:00:00,1245,233
4388161847,2016-04-30 21:00:00,353,135
4388161847,2016-04-30 22:00:00,11,83
4388161847,2016-04-30 23:00:00,23,84
4388161847,2016-05-01 00:00:00,20,81
4388161847,2016-05-01 01:00:00,51,89
4388161847,2016-05-01 02:00:00,0,78
4388161847,2016-05-01 03:00:00,5,81
4388161847,2016-05-01 04:00:00,0,78
4388161847,2016-05-01 05:00:00,0,78
4388161847,2016-05-01 06:00:00,0,79
4388161847,2016-05-01 07:00:00,21,83
4388161847,2016-05-01 08:00:00,2564,273
4388161847,2016-05-01 09:00:00,201,109
4388161847,2016-05-01 10:00:00,1238,186
4388161847,2016-05-01 11:00:00,846,165
4388161847,2016-05-01 12:00:00,914,176
4388161847,2016-05-01 13:00:00,904,170
4388161847,2016-05-01 14:00:00,21,83
4388161847,2016-05-01 15:00:00,1214,202
4388161847,2016-05-01 16:00:00,362,114
4388161847,2016-05-01 17:00:00,477,141
4388161847,2016-05-01 18:00:00,142,114
4388161847,2016-05-01 19:00:00,831,168
4388161847,2016-05-01 20:00:00,181,106
4388161847,2016-05-01 21:00:00,78,94
4388161847,2016-05-01 22:00:00,185,100
4388161847,2016-05-01 23:00:00,0,78
4388161847,2016-05-02 00:00:00,73,94
4388161847,2016-05-02 01:00:00,9,81
4388161847,2016-05-02 02:00:00,0,79
4388161847,2016-05-02 03:00:00,0,79
4388161847,2016-05-02 04:00:00,0,78
4388161847,2016-05-02 05:00:00,137,99
4388161847,2016-05-02 06:00:00,712,182
4388161847,2016-05-02 07:00:00,698,152
4388161847,2016-05-02 08:00:00,130,103
4388161847,2016-05-02 09:00:00,201,103
4388161847,2016-05-02 10:00:00,411,115
4388161847,2016-05-02 11:00:00,231,106
4388161847,2016-05-02 12:00:00,437,117
4388161847,2016-05-02 13:00:00,201,109
4388161847,2016-05-02 14:00:00,139,98
4388161847,2016-05-02 15:00:00,180,99
4388161847,2016-05-02 16:00:00,915,182
4388161847,2016-05-02 17:00:00,665,161
4388161847,2016-05-02 18:00:00,4273,536
4388161847,2016-05-02 19:00:00,322,176
4388161847,2016-05-02 20:00:00,181,123
4388161847,2016-05-02 21:00:00,181,118
4388161847,2016-05-02 22:00:00,0,78
4388161847,2016-05-02 23:00:00,0,78
4388161847,2016-05-03 00:00:00,0,78
4388161847,2016-05-03 01:00:00,0,78
4388161847,2016-05-03 02:00:00,0,78
4388161847,2016-05-03 03:00:00,0,78
4388161847,2016-05-03 04:00:00,0,78
4388161847,2016-05-03 05:00:00,1620,310
4388161847,2016-05-03 06:00:00,2252,280
4388161847,2016-05-03 07:00:00,457,129
4388161847,2016-05-03 08:00:00,255,109
4388161847,2016-05-03 09:00:00,530,133
4388161847,2016-05-03 10:00:00,232,107
4388161847,2016-05-03 11:00:00,403,121
4388161847,2016-05-03 12:00:00,513,129
4388161847,2016-05-03 13:00:00,91,99
4388161847,2016-05-03 14:00:00,257,106
4388161847,2016-05-03 15:00:00,195,104
4388161847,2016-05-03 16:00:00,941,184
4388161847,2016-05-03 17:00:00,1139,217
4388161847,2016-05-03 18:00:00,1968,283
4388161847,2016-05-03 19:00:00,1228,197
4388161847,2016-05-03 20:00:00,325,123
4388161847,2016-05-03 21:00:00,313,109
4388161847,2016-05-03 22:00:00,0,79
4388161847,2016-05-03 23:00:00,8,80
4388161847,2016-05-04 00:00:00,12,82
4388161847,2016-05-04 01:00:00,0,79
4388161847,2016-05-04 02:00:00,49,90
4388161847,2016-05-04 03:00:00,0,78
4388161847,2016-05-04 04:00:00,0,79
4388161847,2016-05-04 05:00:00,803,170
4388161847,2016-05-04 06:00:00,1720,254
4388161847,2016-05-04 07:00:00,707,136
4388161847,2016-05-04 08:00:00,216,105
4388161847,2016-05-04 09:00:00,391,124
4388161847,2016-05-04 10:00:00,554,126
4388161847,2016-05-04 11:00:00,420,125
4388161847,2016-05-04 12:00:00,537,138
4388161847,2016-05-04 13:00:00,188,109
4388161847,2016-05-04 14:00:00,223,105
4388161847,2016-05-04 15:00:00,161,98
4388161847,2016-05-04 16:00:00,1022,200
4388161847,2016-05-04 17:00:00,3803,392
4388161847,2016-05-04 18:00:00,764,172
4388161847,2016-05-04 19:00:00,370,124
4388161847,2016-05-04 20:00:00,371,125
4388161847,2016-05-04 21:00:00,0,80
4388161847,2016-05-04 22:00:00,64,92
4388161847,2016-05-04 23:00:00,0,79
4388161847,2016-05-05 00:00:00,0,79
4388161847,2016-05-05 01:00:00,0,78
4388161847,2016-05-05 02:00:00,11,81
4388161847,2016-05-05 03:00:00,36,95
4388161847,2016-05-05 04:00:00,0,79
4388161847,2016-05-05 05:00:00,582,156
4388161847,2016-05-05 06:00:00,2160,275
4388161847,2016-05-05 07:00:00,488,125
4388161847,2016-05-05 08:00:00,381,118
4388161847,2016-05-05 09:00:00,44,88
4388161847,2016-05-05 10:00:00,408,113
4388161847,2016-05-05 11:00:00,344,111
4388161847,2016-05-05 12:00:00,557,128
4388161847,2016-05-05 13:00:00,130,94
4388161847,2016-05-05 14:00:00,241,106
4388161847,2016-05-05 15:00:00,416,119
4388161847,2016-05-05 16:00:00,1259,229
4388161847,2016-05-05 17:00:00,1388,225
4388161847,2016-05-05 18:00:00,387,121
4388161847,2016-05-05 19:00:00,534,135
4388161847,2016-05-05 20:00:00,237,110
4388161847,2016-05-05 21:00:00,0,78
4388161847,2016-05-05 22:00:00,0,78
4388161847,2016-05-05 23:00:00,0,78
4388161847,2016-05-06 00:00:00,0,78
4388161847,2016-05-06 01:00:00,0,78
4388161847,2016-05-06 02:00:00,0,78
4388161847,2016-05-06 03:00:00,263,119
4388161847,2016-05-06 04:00:00,441,141
4388161847,2016-05-06 05:00:00,2844,390
4388161847,2016-05-06 06:00:00,1560,225
4388161847,2016-05-06 07:00:00,712,143
4388161847,2016-05-06 08:00:00,213,108
4388161847,2016-05-06 09:00:00,258,113
4388161847,2016-05-06 10:00:00,787,156
4388161847,2016-05-06 11:00:00,302,114
4388161847,2016-05-06 12:00:00,255,118
4388161847,2016-05-06 13:00:00,158,99
4388161847,2016-05-06 14:00:00,211,104
4388161847,2016-05-06 15:00:00,430,124
4388161847,2016-05-06 16:00:00,524,150
4388161847,2016-05-06 17:00:00,19,122
4388161847,2016-05-06 18:00:00,442,148
4388161847,2016-05-06 19:00:00,92,115
4388161847,2016-05-06 20:00:00,2715,339
4388161847,2016-05-06 21:00:00,936,181
4388161847,2016-05-06 22:00:00,13,92
4388161847,2016-05-06 23:00:00,0,88
4388161847,2016-05-07 00:00:00,6,82
4388161847,2016-05-07 01:00:00,26,86
4388161847,2016-05-07 02:00:00,0,80
4388161847,2016-05-07 03:00:00,0,79
4388161847,2016-05-07 04:00:00,0,79
4388161847,2016-05-07 05:00:00,0,79
4388161847,2016-05-07 06:00:00,0,78
4388161847,2016-05-07 07:00:00,4,80
4388161847,2016-05-07 08:00:00,947,161
4388161847,2016-05-07 09:00:00,3345,330
4388161847,2016-05-07 10:00:00,650,155
4388161847,2016-05-07 11:00:00,1972,284
4388161847,2016-05-07 12:00:00,4167,436
4388161847,2016-05-07 13:00:00,695,184
4388161847,2016-05-07 14:00:00,0,87
4388161847,2016-05-07 15:00:00,149,92
4388161847,2016-05-07 16:00:00,3735,394
4388161847,2016-05-07 17:00:00,1838,279
4388161847,2016-05-07 18:00:00,676,155
4388161847,2016-05-07 19:00:00,1853,226
4388161847,2016-05-07 20:00:00,1991,252
4388161847,2016-05-07 21:00:00,413,139
4388161847,2016-05-07 22:00:00,287,122
4388161847,2016-05-07 23:00:00,16,83
4388161847,2016-05-08 00:00:00,10,81
4388161847,2016-05-08 01:00:00,0,79
4388161847,2016-05-08 02:00:00,9,80
4388161847,2016-05-08 03:00:00,0,79
4388161847,2016-05-08 04:00:00,0,79
4388161847,2016-05-08 05:00:00,0,79
4388161847,2016-05-08 06:00:00,0,79
4388161847,2016-05-08 07:00:00,0,79
4388161847,2016-05-08 08:00:00,292,110
4388161847,2016-05-08 09:00:00,304,113
4388161847,2016-05-08 10:00:00,2772,361
4388161847,2016-05-08 11:00:00,0,92
4388161847,2016-05-08 12:00:00,393,129
4388161847,2016-05-08 13:00:00,3075,417
4388161847,2016-05-08 14:00:00,1304,271
4388161847,2016-05-08 15:00:00,381,153
4388161847,2016-05-08 16:00:00,133,123
4388161847,2016-05-08 17:00:00,951,208
4388161847,2016-05-08 18:00:00,256,138
4388161847,2016-05-08 19:00:00,4770,567
4388161847,2016-05-08 20:00:00,2503,366
4388161847,2016-05-08 21:00:00,145,96
4388161847,2016-05-08 22:00:00,0,78
4388161847,2016-05-08 23:00:00,0,78
4388161847,2016-05-09 00:00:00,0,78
4388161847,2016-05-09 01:00:00,0,78
4388161847,2016-05-09 02:00:00,0,78
4388161847,2016-05-09 03:00:00,0,78
4388161847,2016-05-09 04:00:00,0,78
4388161847,2016-05-09 05:00:00,611,167
4388161847,2016-05-09 06:00:00,1558,260
4388161847,2016-05-09 07:00:00,556,126
4388161847,2016-05-09 08:00:00,223,109
4388161847,2016-05-09 09:00:00,269,107
4388161847,2016-05-09 10:00:00,319,114
4388161847,2016-05-09 11:00:00,373,113
4388161847,2016-05-09 12:00:00,373,119
4388161847,2016-05-09 13:00:00,198,106
4388161847,2016-05-09 14:00:00,117,99
4388161847,2016-05-09 15:00:00,372,114
4388161847,2016-05-09 16:00:00,914,177
4388161847,2016-05-09 17:00:00,953,196
4388161847,2016-05-09 18:00:00,989,186
4388161847,2016-05-09 19:00:00,2188,274
4388161847,2016-05-09 20:00:00,119,98
4388161847,2016-05-09 21:00:00,43,87
4388161847,2016-05-09 22:00:00,28,88
4388161847,2016-05-09 23:00:00,15,82
4388161847,2016-05-10 00:00:00,8,80
4388161847,2016-05-10 01:00:00,0,79
4388161847,2016-05-10 02:00:00,8,80
4388161847,2016-05-10 03:00:00,12,81
4388161847,2016-05-10 04:00:00,0,79
4388161847,2016-05-10 05:00:00,1887,273
4388161847,2016-05-10 06:00:00,1533,248
4388161847,2016-05-10 07:00:00,336,127
4388161847,2016-05-10 08:00:00,920,161
4388161847,2016-05-10 09:00:00,36,105
4388161847,2016-05-10 10:00:00,285,129
4388161847,2016-05-10 11:00:00,586,142
4388161847,2016-05-10 12:00:00,248,112
4388161847,2016-05-10 13:00:00,416,119
4388161847,2016-05-10 14:00:00,126,95
4388161847,2016-05-10 15:00:00,295,112
4388161847,2016-05-10 16:00:00,76,97
4388161847,2016-05-10 17:00:00,1078,195
4388161847,2016-05-10 18:00:00,721,176
4388161847,2016-05-10 19:00:00,1430,212
4388161847,2016-05-10 20:00:00,298,120
4388161847,2016-05-10 21:00:00,0,79
4388161847,2016-05-10 22:00:00,0,79
4388161847,2016-05-10 23:00:00,0,79
4388161847,2016-05-11 00:00:00,0,79
4388161847,2016-05-11 01:00:00,0,79
4388161847,2016-05-11 02:00:00,0,79
4388161847,2016-05-11 03:00:00,0,79
4388161847,2016-05-11 04:00:00,4,80
4388161847,2016-05-11 05:00:00,591,162
4388161847,2016-05-11 06:00:00,1938,266
4388161847,2016-05-11 07:00:00,747,142
4388161847,2016-05-11 08:00:00,364,119
4388161847,2016-05-11 09:00:00,175,99
4388161847,2016-05-11 10:00:00,642,140
4388161847,2016-05-11 11:00:00,252,108
4388161847,2016-05-11 12:00:00,566,133
4388161847,2016-05-11 13:00:00,458,122
4388161847,2016-05-11 14:00:00,147,100
4388161847,2016-05-11 15:00:00,365,121
4388161847,2016-05-11 16:00:00,1050,177
4388161847,2016-05-11 17:00:00,1280,216
4388161847,2016-05-11 18:00:00,310,119
4388161847,2016-05-11 19:00:00,688,162
4388161847,2016-05-11 20:00:00,624,138
4388161847,2016-05-11 21:00:00,0,78
4388161847,2016-05-11 22:00:00,0,78
4388161847,2016-05-11 23:00:00,0,78
4388161847,2016-05-12 00:00:00,0,78
4388161847,2016-05-12 01:00:00,0,78
4388161847,2016-05-12 02:00:00,0,78
4388161847,2016-05-12 03:00:00,0,78
4388161847,2016-05-12 04:00:00,0,78
4388161847,2016-05-12 05:00:00,0,78
4388161847,2016-05-12 06:00:00,161,104
4388161847,2016-05-12 07:00:00,594,164
4388161847,2016-05-12 08:00:00,120,101
4388161847,2016-05-12 09:00:00,186,107
4388161847,2016-05-12 10:00:00,182,101
4388161847,2016-05-12 11:00:00,398,120
4388161847,2016-05-12 12:00:00,799,157
4388161847,2016-05-12 13:00:00,326,114
4388161847,2016-05-12 14:00:00,313,117
4445114986,2016-04-12 00:00:00,0,70
4445114986,2016-04-12 01:00:00,88,85
4445114986,2016-04-12 02:00:00,0,69
4445114986,2016-04-12 03:00:00,42,72
4445114986,2016-04-12 04:00:00,15,73
4445114986,2016-04-12 05:00:00,0,69
4445114986,2016-04-12 06:00:00,0,69
4445114986,2016-04-12 07:00:00,73,81
4445114986,2016-04-12 08:00:00,60,82
4445114986,2016-04-12 09:00:00,0,70
4445114986,2016-04-12 10:00:00,6,71
4445114986,2016-04-12 11:00:00,171,97
4445114986,2016-04-12 12:00:00,197,93
4445114986,2016-04-12 13:00:00,436,130
4445114986,2016-04-12 14:00:00,81,85
4445114986,2016-04-12 15:00:00,332,115
4445114986,2016-04-12 16:00:00,399,108
4445114986,2016-04-12 17:00:00,400,124
4445114986,2016-04-12 18:00:00,100,89
4445114986,2016-04-12 19:00:00,321,114
4445114986,2016-04-12 20:00:00,401,120
4445114986,2016-04-12 21:00:00,134,85
4445114986,2016-04-12 22:00:00,0,70
4445114986,2016-04-12 23:00:00,20,74
4445114986,2016-04-13 00:00:00,0,69
4445114986,2016-04-13 01:00:00,0,69
4445114986,2016-04-13 02:00:00,0,69
4445114986,2016-04-13 03:00:00,0,69
4445114986,2016-04-13 04:00:00,50,76
4445114986,2016-04-13 05:00:00,0,70
4445114986,2016-04-13 06:00:00,0,69
4445114986,2016-04-13 07:00:00,33,75
4445114986,2016-04-13 08:00:00,0,71
4445114986,2016-04-13 09:00:00,14,72
4445114986,2016-04-13 10:00:00,0,70
4445114986,2016-04-13 11:00:00,157,96
4445114986,2016-04-13 12:00:00,178,100
4445114986,2016-04-13 13:00:00,101,83
4445114986,2016-04-13 14:00:00,166,97
4445114986,2016-04-13 15:00:00,214,99
4445114986,2016-04-13 16:00:00,254,107
4445114986,2016-04-13 17:00:00,440,128
4445114986,2016-04-13 18:00:00,410,118
4445114986,2016-04-13 19:00:00,82,87
4445114986,2016-04-13 20:00:00,243,103
4445114986,2016-04-13 21:00:00,48,78
4445114986,2016-04-13 22:00:00,195,99
4445114986,2016-04-13 23:00:00,376,122
4445114986,2016-04-14 00:00:00,173,95
4445114986,2016-04-14 01:00:00,56,78
4445114986,2016-04-14 02:00:00,109,86
4445114986,2016-04-14 03:00:00,0,69
4445114986,2016-04-14 04:00:00,0,69
4445114986,2016-04-14 05:00:00,8,71
4445114986,2016-04-14 06:00:00,0,69
4445114986,2016-04-14 07:00:00,0,69
4445114986,2016-04-14 08:00:00,0,69
4445114986,2016-04-14 09:00:00,13,73
4445114986,2016-04-14 10:00:00,0,69
4445114986,2016-04-14 11:00:00,31,78
4445114986,2016-04-14 12:00:00,164,95
4445114986,2016-04-14 13:00:00,156,98
4445114986,2016-04-14 14:00:00,118,92
4445114986,2016-04-14 15:00:00,489,129
4445114986,2016-04-14 16:00:00,265,104
4445114986,2016-04-14 17:00:00,503,130
4445114986,2016-04-14 18:00:00,286,101
4445114986,2016-04-14 19:00:00,222,107
4445114986,2016-04-14 20:00:00,395,113
4445114986,2016-04-14 21:00:00,230,102
4445114986,2016-04-14 22:00:00,493,124
4445114986,2016-04-14 23:00:00,263,101
4445114986,2016-04-15 00:00:00,312,107
4445114986,2016-04-15 01:00:00,16,73
4445114986,2016-04-15 02:00:00,6,71
4445114986,2016-04-15 03:00:00,13,71
4445114986,2016-04-15 04:00:00,0,69
4445114986,2016-04-15 05:00:00,0,69
4445114986,2016-04-15 06:00:00,0,70
4445114986,2016-04-15 07:00:00,66,77
4445114986,2016-04-15 08:00:00,271,110
4445114986,2016-04-15 09:00:00,225,88
4445114986,2016-04-15 10:00:00,318,112
4445114986,2016-04-15 11:00:00,408,114
4445114986,2016-04-15 12:00:00,355,115
4445114986,2016-04-15 13:00:00,684,126
4445114986,2016-04-15 14:00:00,743,138
4445114986,2016-04-15 15:00:00,594,136
4445114986,2016-04-15 16:00:00,788,156
4445114986,2016-04-15 17:00:00,345,120
4445114986,2016-04-15 18:00:00,208,102
4445114986,2016-04-15 19:00:00,184,96
4445114986,2016-04-15 20:00:00,285,116
4445114986,2016-04-15 21:00:00,678,142
4445114986,2016-04-15 22:00:00,277,99
4445114986,2016-04-15 23:00:00,422,117
4445114986,2016-04-16 00:00:00,0,69
4445114986,2016-04-16 01:00:00,0,69
4445114986,2016-04-16 02:00:00,4,71
4445114986,2016-04-16 03:00:00,10,71
4445114986,2016-04-16 04:00:00,0,70
4445114986,2016-04-16 05:00:00,0,69
4445114986,2016-04-16 06:00:00,0,69
4445114986,2016-04-16 07:00:00,0,69
4445114986,2016-04-16 08:00:00,0,70
4445114986,2016-04-16 09:00:00,0,69
4445114986,2016-04-16 10:00:00,119,92
4445114986,2016-04-16 11:00:00,515,137
4445114986,2016-04-16 12:00:00,136,95
4445114986,2016-04-16 13:00:00,111,87
4445114986,2016-04-16 14:00:00,251,97
4445114986,2016-04-16 15:00:00,0,71
4445114986,2016-04-16 16:00:00,171,95
4445114986,2016-04-16 17:00:00,327,107
4445114986,2016-04-16 18:00:00,696,151
4445114986,2016-04-16 19:00:00,368,110
4445114986,2016-04-16 20:00:00,153,91
4445114986,2016-04-16 21:00:00,230,114
4445114986,2016-04-16 22:00:00,757,152
4445114986,2016-04-16 23:00:00,97,88
4445114986,2016-04-17 00:00:00,42,76
4445114986,2016-04-17 01:00:00,0,70
4445114986,2016-04-17 02:00:00,70,81
4445114986,2016-04-17 03:00:00,0,69
4445114986,2016-04-17 04:00:00,0,69
4445114986,2016-04-17 05:00:00,0,69
4445114986,2016-04-17 06:00:00,0,69
4445114986,2016-04-17 07:00:00,0,69
4445114986,2016-04-17 08:00:00,0,69
4445114986,2016-04-17 09:00:00,0,69
4445114986,2016-04-17 10:00:00,0,69
4445114986,2016-04-17 11:00:00,0,69
4445114986,2016-04-17 12:00:00,0,69
4445114986,2016-04-17 13:00:00,0,69
4445114986,2016-04-17 14:00:00,0,69
4445114986,2016-04-17 15:00:00,270,100
4445114986,2016-04-17 16:00:00,154,93
4445114986,2016-04-17 17:00:00,302,103
4445114986,2016-04-17 18:00:00,216,98
4445114986,2016-04-17 19:00:00,216,93
4445114986,2016-04-17 20:00:00,85,84
4445114986,2016-04-17 21:00:00,619,139
4445114986,2016-04-17 22:00:00,284,96
4445114986,2016-04-17 23:00:00,0,69
4445114986,2016-04-18 00:00:00,0,69
4445114986,2016-04-18 01:00:00,0,69
4445114986,2016-04-18 02:00:00,0,69
4445114986,2016-04-18 03:00:00,0,69
4445114986,2016-04-18 04:00:00,0,69
4445114986,2016-04-18 05:00:00,0,69
4445114986,2016-04-18 06:00:00,0,69
4445114986,2016-04-18 07:00:00,0,69
4445114986,2016-04-18 08:00:00,0,69
4445114986,2016-04-18 09:00:00,0,69
4445114986,2016-04-18 10:00:00,0,69
4445114986,2016-04-18 11:00:00,0,69
4445114986,2016-04-18 12:00:00,368,112
4445114986,2016-04-18 13:00:00,360,107
4445114986,2016-04-18 14:00:00,71,80
4445114986,2016-04-18 15:00:00,250,104
4445114986,2016-04-18 16:00:00,221,101
4445114986,2016-04-18 17:00:00,359,113
4445114986,2016-04-18 18:00:00,3367,298
4445114986,2016-04-18 19:00:00,137,92
4445114986,2016-04-18 20:00:00,140,92
4445114986,2016-04-18 21:00:00,327,114
4445114986,2016-04-18 22:00:00,428,121
4445114986,2016-04-18 23:00:00,127,88
4445114986,2016-04-19 00:00:00,102,83
4445114986,2016-04-19 01:00:00,111,85
4445114986,2016-04-19 02:00:00,10,71
4445114986,2016-04-19 03:00:00,9,71
4445114986,2016-04-19 04:00:00,0,69
4445114986,2016-04-19 05:00:00,0,69
4445114986,2016-04-19 06:00:00,11,72
4445114986,2016-04-19 07:00:00,0,70
4445114986,2016-04-19 08:00:00,33,75
4445114986,2016-04-19 09:00:00,12,71
4445114986,2016-04-19 10:00:00,0,70
4445114986,2016-04-19 11:00:00,232,96
4445114986,2016-04-19 12:00:00,300,103
4445114986,2016-04-19 13:00:00,179,104
4445114986,2016-04-19 14:00:00,59,82
4445114986,2016-04-19 15:00:00,138,90
4445114986,2016-04-19 16:00:00,82,84
4445114986,2016-04-19 17:00:00,27,76
4445114986,2016-04-19 18:00:00,82,82
4445114986,2016-04-19 19:00:00,64,78
4445114986,2016-04-19 20:00:00,352,108
4445114986,2016-04-19 21:00:00,190,94
4445114986,2016-04-19 22:00:00,71,82
4445114986,2016-04-19 23:00:00,0,69
4445114986,2016-04-20 00:00:00,0,69
4445114986,2016-04-20 01:00:00,0,69
4445114986,2016-04-20 02:00:00,94,82
4445114986,2016-04-20 03:00:00,0,69
4445114986,2016-04-20 04:00:00,0,69
4445114986,2016-04-20 05:00:00,0,69
4445114986,2016-04-20 06:00:00,0,69
4445114986,2016-04-20 07:00:00,0,69
4445114986,2016-04-20 08:00:00,22,71
4445114986,2016-04-20 09:00:00,0,69
4445114986,2016-04-20 10:00:00,0,69
4445114986,2016-04-20 11:00:00,130,90
4445114986,2016-04-20 12:00:00,104,87
4445114986,2016-04-20 13:00:00,199,101
4445114986,2016-04-20 14:00:00,265,110
4445114986,2016-04-20 15:00:00,69,82
4445114986,2016-04-20 16:00:00,655,146
4445114986,2016-04-20 17:00:00,71,87
4445114986,2016-04-20 18:00:00,99,85
4445114986,2016-04-20 19:00:00,75,79
4445114986,2016-04-20 20:00:00,59,79
4445114986,2016-04-20 21:00:00,63,86
4445114986,2016-04-20 22:00:00,167,98
4445114986,2016-04-20 23:00:00,0,69
4445114986,2016-04-21 00:00:00,0,69
4445114986,2016-04-21 01:00:00,0,69
4445114986,2016-04-21 02:00:00,29,75
4445114986,2016-04-21 03:00:00,0,69
4445114986,2016-04-21 04:00:00,0,69
4445114986,2016-04-21 05:00:00,0,69
4445114986,2016-04-21 06:00:00,45,77
4445114986,2016-04-21 07:00:00,13,71
4445114986,2016-04-21 08:00:00,10,73
4445114986,2016-04-21 09:00:00,7,71
4445114986,2016-04-21 10:00:00,9,71
4445114986,2016-04-21 11:00:00,0,72
4445114986,2016-04-21 12:00:00,190,99
4445114986,2016-04-21 13:00:00,666,147
4445114986,2016-04-21 14:00:00,423,125
4445114986,2016-04-21 15:00:00,562,140
4445114986,2016-04-21 16:00:00,209,100
4445114986,2016-04-21 17:00:00,309,101
4445114986,2016-04-21 18:00:00,444,123
4445114986,2016-04-21 19:00:00,106,85
4445114986,2016-04-21 20:00:00,327,102
4445114986,2016-04-21 21:00:00,158,88
4445114986,2016-04-21 22:00:00,182,93
4445114986,2016-04-21 23:00:00,100,87
4445114986,2016-04-22 00:00:00,112,87
4445114986,2016-04-22 01:00:00,107,90
4445114986,2016-04-22 02:00:00,206,84
4445114986,2016-04-22 03:00:00,8,71
4445114986,2016-04-22 04:00:00,0,69
4445114986,2016-04-22 05:00:00,0,70
4445114986,2016-04-22 06:00:00,62,82
4445114986,2016-04-22 07:00:00,0,69
4445114986,2016-04-22 08:00:00,0,70
4445114986,2016-04-22 09:00:00,8,71
4445114986,2016-04-22 10:00:00,48,78
4445114986,2016-04-22 11:00:00,467,117
4445114986,2016-04-22 12:00:00,815,156
4445114986,2016-04-22 13:00:00,330,118
4445114986,2016-04-22 14:00:00,109,94
4445114986,2016-04-22 15:00:00,262,108
4445114986,2016-04-22 16:00:00,200,95
4445114986,2016-04-22 17:00:00,451,118
4445114986,2016-04-22 18:00:00,491,133
4445114986,2016-04-22 19:00:00,1175,173
4445114986,2016-04-22 20:00:00,487,126
4445114986,2016-04-22 21:00:00,550,123
4445114986,2016-04-22 22:00:00,444,113
4445114986,2016-04-22 23:00:00,499,117
4445114986,2016-04-23 00:00:00,0,69
4445114986,2016-04-23 01:00:00,0,69
4445114986,2016-04-23 02:00:00,0,69
4445114986,2016-04-23 03:00:00,0,69
4445114986,2016-04-23 04:00:00,0,69
4445114986,2016-04-23 05:00:00,0,69
4445114986,2016-04-23 06:00:00,0,69
4445114986,2016-04-23 07:00:00,0,69
4445114986,2016-04-23 08:00:00,0,69
4445114986,2016-04-23 09:00:00,0,69
4445114986,2016-04-23 10:00:00,0,69
4445114986,2016-04-23 11:00:00,0,69
4445114986,2016-04-23 12:00:00,210,90
4445114986,2016-04-23 13:00:00,864,162
4445114986,2016-04-23 14:00:00,408,109
4445114986,2016-04-23 15:00:00,39,82
4445114986,2016-04-23 16:00:00,193,91
4445114986,2016-04-23 17:00:00,235,91
4445114986,2016-04-23 18:00:00,520,121
4445114986,2016-04-23 19:00:00,561,128
4445114986,2016-04-23 20:00:00,266,106
4445114986,2016-04-23 21:00:00,413,118
4445114986,2016-04-23 22:00:00,511,126
4445114986,2016-04-23 23:00:00,143,99
4445114986,2016-04-24 00:00:00,148,97
4445114986,2016-04-24 01:00:00,232,101
4445114986,2016-04-24 02:00:00,80,82
4445114986,2016-04-24 03:00:00,0,69
4445114986,2016-04-24 04:00:00,0,69
4445114986,2016-04-24 05:00:00,0,69
4445114986,2016-04-24 06:00:00,0,69
4445114986,2016-04-24 07:00:00,0,69
4445114986,2016-04-24 08:00:00,0,69
4445114986,2016-04-24 09:00:00,693,139
4445114986,2016-04-24 10:00:00,303,105
4445114986,2016-04-24 11:00:00,644,128
4445114986,2016-04-24 12:00:00,223,100
4445114986,2016-04-24 13:00:00,113,88
4445114986,2016-04-24 14:00:00,88,87
4445114986,2016-04-24 15:00:00,299,103
4445114986,2016-04-24 16:00:00,425,115
4445114986,2016-04-24 17:00:00,579,123
4445114986,2016-04-24 18:00:00,324,109
4445114986,2016-04-24 19:00:00,494,121
4445114986,2016-04-24 20:00:00,230,106
4445114986,2016-04-24 21:00:00,80,84
4445114986,2016-04-24 22:00:00,0,69
4445114986,2016-04-24 23:00:00,47,78
4445114986,2016-04-25 00:00:00,99,86
4445114986,2016-04-25 01:00:00,83,82
4445114986,2016-04-25 02:00:00,0,69
4445114986,2016-04-25 03:00:00,0,69
4445114986,2016-04-25 04:00:00,8,71
4445114986,2016-04-25 05:00:00,76,82
4445114986,2016-04-25 06:00:00,0,69
4445114986,2016-04-25 07:00:00,53,76
4445114986,2016-04-25 08:00:00,8,71
4445114986,2016-04-25 09:00:00,0,69
4445114986,2016-04-25 10:00:00,0,69
4445114986,2016-04-25 11:00:00,0,69
4445114986,2016-04-25 12:00:00,0,69
4445114986,2016-04-25 13:00:00,0,69
4445114986,2016-04-25 14:00:00,340,108
4445114986,2016-04-25 15:00:00,248,106
4445114986,2016-04-25 16:00:00,360,110
4445114986,2016-04-25 17:00:00,595,137
4445114986,2016-04-25 18:00:00,94,83
4445114986,2016-04-25 19:00:00,428,109
4445114986,2016-04-25 20:00:00,147,92
4445114986,2016-04-25 21:00:00,158,93
4445114986,2016-04-25 22:00:00,386,112
4445114986,2016-04-25 23:00:00,302,104
4445114986,2016-04-26 00:00:00,0,70
4445114986,2016-04-26 01:00:00,186,100
4445114986,2016-04-26 02:00:00,0,69
4445114986,2016-04-26 03:00:00,0,69
4445114986,2016-04-26 04:00:00,10,71
4445114986,2016-04-26 05:00:00,17,71
4445114986,2016-04-26 06:00:00,0,69
4445114986,2016-04-26 07:00:00,19,74
4445114986,2016-04-26 08:00:00,0,70
4445114986,2016-04-26 09:00:00,0,69
4445114986,2016-04-26 10:00:00,119,87
4445114986,2016-04-26 11:00:00,374,119
4445114986,2016-04-26 12:00:00,355,112
4445114986,2016-04-26 13:00:00,265,102
4445114986,2016-04-26 14:00:00,151,90
4445114986,2016-04-26 15:00:00,159,93
4445114986,2016-04-26 16:00:00,10,73
4445114986,2016-04-26 17:00:00,180,96
4445114986,2016-04-26 18:00:00,357,115
4445114986,2016-04-26 19:00:00,3567,315
4445114986,2016-04-26 20:00:00,81,88
4445114986,2016-04-26 21:00:00,13,73
4445114986,2016-04-26 22:00:00,95,83
4445114986,2016-04-26 23:00:00,368,115
4445114986,2016-04-27 00:00:00,7,72
4445114986,2016-04-27 01:00:00,62,80
4445114986,2016-04-27 02:00:00,103,91
4445114986,2016-04-27 03:00:00,17,73
4445114986,2016-04-27 04:00:00,0,69
4445114986,2016-04-27 05:00:00,23,71
4445114986,2016-04-27 06:00:00,12,71
4445114986,2016-04-27 07:00:00,0,69
4445114986,2016-04-27 08:00:00,0,69
4445114986,2016-04-27 09:00:00,0,70
4445114986,2016-04-27 10:00:00,42,73
4445114986,2016-04-27 11:00:00,58,83
4445114986,2016-04-27 12:00:00,392,109
4445114986,2016-04-27 13:00:00,197,96
4445114986,2016-04-27 14:00:00,92,90
4445114986,2016-04-27 15:00:00,129,88
4445114986,2016-04-27 16:00:00,326,106
4445114986,2016-04-27 17:00:00,318,108
4445114986,2016-04-27 18:00:00,3941,338
4445114986,2016-04-27 19:00:00,405,112
4445114986,2016-04-27 20:00:00,218,103
4445114986,2016-04-27 21:00:00,420,112
4445114986,2016-04-27 22:00:00,54,82
4445114986,2016-04-27 23:00:00,427,126
4445114986,2016-04-28 00:00:00,0,70
4445114986,2016-04-28 01:00:00,183,97
4445114986,2016-04-28 02:00:00,38,74
4445114986,2016-04-28 03:00:00,13,73
4445114986,2016-04-28 04:00:00,24,73
4445114986,2016-04-28 05:00:00,0,69
4445114986,2016-04-28 06:00:00,0,69
4445114986,2016-04-28 07:00:00,7,71
4445114986,2016-04-28 08:00:00,7,71
4445114986,2016-04-28 09:00:00,0,69
4445114986,2016-04-28 10:00:00,6,71
4445114986,2016-04-28 11:00:00,270,96
4445114986,2016-04-28 12:00:00,387,116
4445114986,2016-04-28 13:00:00,110,87
4445114986,2016-04-28 14:00:00,443,118
4445114986,2016-04-28 15:00:00,455,113
4445114986,2016-04-28 16:00:00,496,131
4445114986,2016-04-28 17:00:00,10,75
4445114986,2016-04-28 18:00:00,469,123
4445114986,2016-04-28 19:00:00,595,127
4445114986,2016-04-28 20:00:00,226,103
4445114986,2016-04-28 21:00:00,134,87
4445114986,2016-04-28 22:00:00,323,107
4445114986,2016-04-28 23:00:00,297,114
4445114986,2016-04-29 00:00:00,0,69
4445114986,2016-04-29 01:00:00,80,84
4445114986,2016-04-29 02:00:00,0,69
4445114986,2016-04-29 03:00:00,0,69
4445114986,2016-04-29 04:00:00,95,77
4445114986,2016-04-29 05:00:00,0,69
4445114986,2016-04-29 06:00:00,0,69
4445114986,2016-04-29 07:00:00,42,75
4445114986,2016-04-29 08:00:00,18,73
4445114986,2016-04-29 09:00:00,0,69
4445114986,2016-04-29 10:00:00,0,69
4445114986,2016-04-29 11:00:00,0,69
4445114986,2016-04-29 12:00:00,0,69
4445114986,2016-04-29 13:00:00,237,98
4445114986,2016-04-29 14:00:00,145,95
4445114986,2016-04-29 15:00:00,148,91
4445114986,2016-04-29 16:00:00,468,117
4445114986,2016-04-29 17:00:00,661,145
4445114986,2016-04-29 18:00:00,614,138
4445114986,2016-04-29 19:00:00,207,99
4445114986,2016-04-29 20:00:00,369,118
4445114986,2016-04-29 21:00:00,341,108
4445114986,2016-04-29 22:00:00,612,136
4445114986,2016-04-29 23:00:00,621,120
4445114986,2016-04-30 00:00:00,165,84
4445114986,2016-04-30 01:00:00,67,79
4445114986,2016-04-30 02:00:00,0,69
4445114986,2016-04-30 03:00:00,0,69
4445114986,2016-04-30 04:00:00,0,69
4445114986,2016-04-30 05:00:00,23,73
4445114986,2016-04-30 06:00:00,0,69
4445114986,2016-04-30 07:00:00,0,69
4445114986,2016-04-30 08:00:00,427,130
4445114986,2016-04-30 09:00:00,363,111
4445114986,2016-04-30 10:00:00,78,80
4445114986,2016-04-30 11:00:00,136,86
4445114986,2016-04-30 12:00:00,415,120
4445114986,2016-04-30 13:00:00,464,120
4445114986,2016-04-30 14:00:00,40,79
4445114986,2016-04-30 15:00:00,786,141
4445114986,2016-04-30 16:00:00,707,137
4445114986,2016-04-30 17:00:00,597,120
4445114986,2016-04-30 18:00:00,551,134
4445114986,2016-04-30 19:00:00,643,144
4445114986,2016-04-30 20:00:00,38,76
4445114986,2016-04-30 21:00:00,112,93
4445114986,2016-04-30 22:00:00,384,112
4445114986,2016-04-30 23:00:00,226,98
4445114986,2016-05-01 00:00:00,125,87
4445114986,2016-05-01 01:00:00,22,73
4445114986,2016-05-01 02:00:00,0,69
4445114986,2016-05-01 03:00:00,0,69
4445114986,2016-05-01 04:00:00,0,69
4445114986,2016-05-01 05:00:00,0,69
4445114986,2016-05-01 06:00:00,0,69
4445114986,2016-05-01 07:00:00,35,76
4445114986,2016-05-01 08:00:00,47,74
4445114986,2016-05-01 09:00:00,14,73
4445114986,2016-05-01 10:00:00,8,71
4445114986,2016-05-01 11:00:00,46,80
4445114986,2016-05-01 12:00:00,269,104
4445114986,2016-05-01 13:00:00,791,157
4445114986,2016-05-01 14:00:00,414,108
4445114986,2016-05-01 15:00:00,1298,174
4445114986,2016-05-01 16:00:00,222,95
4445114986,2016-05-01 17:00:00,316,103
4445114986,2016-05-01 18:00:00,110,89
4445114986,2016-05-01 19:00:00,459,128
4445114986,2016-05-01 20:00:00,289,98
4445114986,2016-05-01 21:00:00,213,101
4445114986,2016-05-01 22:00:00,379,121
4445114986,2016-05-01 23:00:00,175,93
4445114986,2016-05-02 00:00:00,0,69
4445114986,2016-05-02 01:00:00,52,76
4445114986,2016-05-02 02:00:00,12,71
4445114986,2016-05-02 03:00:00,0,70
4445114986,2016-05-02 04:00:00,11,73
4445114986,2016-05-02 05:00:00,0,69
4445114986,2016-05-02 06:00:00,0,69
4445114986,2016-05-02 07:00:00,0,69
4445114986,2016-05-02 08:00:00,54,76
4445114986,2016-05-02 09:00:00,0,69
4445114986,2016-05-02 10:00:00,9,71
4445114986,2016-05-02 11:00:00,71,81
4445114986,2016-05-02 12:00:00,432,113
4445114986,2016-05-02 13:00:00,256,102
4445114986,2016-05-02 14:00:00,277,104
4445114986,2016-05-02 15:00:00,202,91
4445114986,2016-05-02 16:00:00,172,95
4445114986,2016-05-02 17:00:00,15,72
4445114986,2016-05-02 18:00:00,3764,329
4445114986,2016-05-02 19:00:00,264,109
4445114986,2016-05-02 20:00:00,483,128
4445114986,2016-05-02 21:00:00,420,132
4445114986,2016-05-02 22:00:00,218,96
4445114986,2016-05-02 23:00:00,198,101
4445114986,2016-05-03 00:00:00,0,69
4445114986,2016-05-03 01:00:00,78,78
4445114986,2016-05-03 02:00:00,0,70
4445114986,2016-05-03 03:00:00,0,69
4445114986,2016-05-03 04:00:00,0,69
4445114986,2016-05-03 05:00:00,0,69
4445114986,2016-05-03 06:00:00,0,69
4445114986,2016-05-03 07:00:00,6,71
4445114986,2016-05-03 08:00:00,246,99
4445114986,2016-05-03 09:00:00,93,79
4445114986,2016-05-03 10:00:00,7,71
4445114986,2016-05-03 11:00:00,29,78
4445114986,2016-05-03 12:00:00,227,106
4445114986,2016-05-03 13:00:00,514,132
4445114986,2016-05-03 14:00:00,188,95
4445114986,2016-05-03 15:00:00,533,140
4445114986,2016-05-03 16:00:00,468,131
4445114986,2016-05-03 17:00:00,37,76
4445114986,2016-05-03 18:00:00,3955,342
4445114986,2016-05-03 19:00:00,245,110
4445114986,2016-05-03 20:00:00,185,98
4445114986,2016-05-03 21:00:00,337,114
4445114986,2016-05-03 22:00:00,215,96
4445114986,2016-05-03 23:00:00,139,89
4445114986,2016-05-04 00:00:00,92,82
4445114986,2016-05-04 01:00:00,45,78
4445114986,2016-05-04 02:00:00,31,75
4445114986,2016-05-04 03:00:00,0,69
4445114986,2016-05-04 04:00:00,0,69
4445114986,2016-05-04 05:00:00,10,73
4445114986,2016-05-04 06:00:00,54,78
4445114986,2016-05-04 07:00:00,25,77
4445114986,2016-05-04 08:00:00,0,70
4445114986,2016-05-04 09:00:00,0,69
4445114986,2016-05-04 10:00:00,14,71
4445114986,2016-05-04 11:00:00,28,79
4445114986,2016-05-04 12:00:00,207,102
4445114986,2016-05-04 13:00:00,110,89
4445114986,2016-05-04 14:00:00,38,80
4445114986,2016-05-04 15:00:00,232,103
4445114986,2016-05-04 16:00:00,133,91
4445114986,2016-05-04 17:00:00,173,92
4445114986,2016-05-04 18:00:00,400,114
4445114986,2016-05-04 19:00:00,737,142
4445114986,2016-05-04 20:00:00,122,93
4445114986,2016-05-04 21:00:00,144,90
4445114986,2016-05-04 22:00:00,30,75
4445114986,2016-05-04 23:00:00,298,110
4445114986,2016-05-05 00:00:00,9,71
4445114986,2016-05-05 01:00:00,74,81
4445114986,2016-05-05 02:00:00,0,69
4445114986,2016-05-05 03:00:00,0,69
4445114986,2016-05-05 04:00:00,0,69
4445114986,2016-05-05 05:00:00,14,73
4445114986,2016-05-05 06:00:00,0,69
4445114986,2016-05-05 07:00:00,44,76
4445114986,2016-05-05 08:00:00,21,75
4445114986,2016-05-05 09:00:00,0,69
4445114986,2016-05-05 10:00:00,0,70
4445114986,2016-05-05 11:00:00,0,70
4445114986,2016-05-05 12:00:00,210,99
4445114986,2016-05-05 13:00:00,96,91
4445114986,2016-05-05 14:00:00,530,135
4445114986,2016-05-05 15:00:00,172,96
4445114986,2016-05-05 16:00:00,842,141
4445114986,2016-05-05 17:00:00,454,118
4445114986,2016-05-05 18:00:00,125,90
4445114986,2016-05-05 19:00:00,372,107
4445114986,2016-05-05 20:00:00,0,71
4445114986,2016-05-05 21:00:00,349,102
4445114986,2016-05-05 22:00:00,244,108
4445114986,2016-05-05 23:00:00,244,103
4445114986,2016-05-06 00:00:00,33,74
4445114986,2016-05-06 01:00:00,111,92
4445114986,2016-05-06 02:00:00,7,71
4445114986,2016-05-06 03:00:00,44,77
4445114986,2016-05-06 04:00:00,12,72
4445114986,2016-05-06 05:00:00,0,69
4445114986,2016-05-06 06:00:00,0,69
4445114986,2016-05-06 07:00:00,86,84
4445114986,2016-05-06 08:00:00,447,103
4445114986,2016-05-06 09:00:00,22,72
4445114986,2016-05-06 10:00:00,11,72
4445114986,2016-05-06 11:00:00,58,82
4445114986,2016-05-06 12:00:00,341,112
4445114986,2016-05-06 13:00:00,377,113
4445114986,2016-05-06 14:00:00,150,92
4445114986,2016-05-06 15:00:00,104,85
4445114986,2016-05-06 16:00:00,133,92
4445114986,2016-05-06 17:00:00,340,120
4445114986,2016-05-06 18:00:00,669,144
4445114986,2016-05-06 19:00:00,597,120
4445114986,2016-05-06 20:00:00,233,100
4445114986,2016-05-06 21:00:00,10,75
4445114986,2016-05-06 22:00:00,162,94
4445114986,2016-05-06 23:00:00,567,127
4445114986,2016-05-07 00:00:00,201,94
4445114986,2016-05-07 01:00:00,165,92
4445114986,2016-05-07 02:00:00,55,79
4445114986,2016-05-07 03:00:00,0,69
4445114986,2016-05-07 04:00:00,0,69
4445114986,2016-05-07 05:00:00,0,69
4445114986,2016-05-07 06:00:00,15,74
4445114986,2016-05-07 07:00:00,7,71
4445114986,2016-05-07 08:00:00,0,70
4445114986,2016-05-07 09:00:00,270,98
4445114986,2016-05-07 10:00:00,3403,299
4445114986,2016-05-07 11:00:00,0,69
4445114986,2016-05-07 12:00:00,0,69
4445114986,2016-05-07 13:00:00,0,69
4445114986,2016-05-07 14:00:00,14,73
4445114986,2016-05-07 15:00:00,0,69
4445114986,2016-05-07 16:00:00,0,69
4445114986,2016-05-07 17:00:00,154,84
4445114986,2016-05-07 18:00:00,359,110
4445114986,2016-05-07 19:00:00,138,95
4445114986,2016-05-07 20:00:00,155,99
4445114986,2016-05-07 21:00:00,41,79
4445114986,2016-05-07 22:00:00,190,85
4445114986,2016-05-07 23:00:00,0,69
4445114986,2016-05-08 00:00:00,0,69
4445114986,2016-05-08 01:00:00,0,69
4445114986,2016-05-08 02:00:00,0,69
4445114986,2016-05-08 03:00:00,0,69
4445114986,2016-05-08 04:00:00,0,69
4445114986,2016-05-08 05:00:00,0,69
4445114986,2016-05-08 06:00:00,0,69
4445114986,2016-05-08 07:00:00,0,69
4445114986,2016-05-08 08:00:00,0,69
4445114986,2016-05-08 09:00:00,147,94
4445114986,2016-05-08 10:00:00,219,98
4445114986,2016-05-08 11:00:00,539,109
4445114986,2016-05-08 12:00:00,415,122
4445114986,2016-05-08 13:00:00,864,149
4445114986,2016-05-08 14:00:00,939,158
4445114986,2016-05-08 15:00:00,1217,183
4445114986,2016-05-08 16:00:00,630,143
4445114986,2016-05-08 17:00:00,765,139
4445114986,2016-05-08 18:00:00,238,104
4445114986,2016-05-08 19:00:00,692,149
4445114986,2016-05-08 20:00:00,378,108
4445114986,2016-05-08 21:00:00,42,75
4445114986,2016-05-08 22:00:00,191,96
4445114986,2016-05-08 23:00:00,27,75
4445114986,2016-05-09 00:00:00,4,71
4445114986,2016-05-09 01:00:00,10,72
4445114986,2016-05-09 02:00:00,8,71
4445114986,2016-05-09 03:00:00,11,71
4445114986,2016-05-09 04:00:00,0,69
4445114986,2016-05-09 05:00:00,0,69
4445114986,2016-05-09 06:00:00,40,75
4445114986,2016-05-09 07:00:00,18,72
4445114986,2016-05-09 08:00:00,0,69
4445114986,2016-05-09 09:00:00,18,75
4445114986,2016-05-09 10:00:00,341,106
4445114986,2016-05-09 11:00:00,839,148
4445114986,2016-05-09 12:00:00,96,85
4445114986,2016-05-09 13:00:00,411,121
4445114986,2016-05-09 14:00:00,522,115
4445114986,2016-05-09 15:00:00,135,91
4445114986,2016-05-09 16:00:00,232,100
4445114986,2016-05-09 17:00:00,160,93
4445114986,2016-05-09 18:00:00,127,94
4445114986,2016-05-09 19:00:00,336,121
4445114986,2016-05-09 20:00:00,839,150
4445114986,2016-05-09 21:00:00,479,119
4445114986,2016-05-09 22:00:00,402,111
4445114986,2016-05-09 23:00:00,247,111
4445114986,2016-05-10 00:00:00,106,85
4445114986,2016-05-10 01:00:00,46,78
4445114986,2016-05-10 02:00:00,32,75
4445114986,2016-05-10 03:00:00,0,69
4445114986,2016-05-10 04:00:00,0,69
4445114986,2016-05-10 05:00:00,39,76
4445114986,2016-05-10 06:00:00,0,69
4445114986,2016-05-10 07:00:00,6,71
4445114986,2016-05-10 08:00:00,86,79
4445114986,2016-05-10 09:00:00,16,71
4445114986,2016-05-10 10:00:00,79,81
4445114986,2016-05-10 11:00:00,189,93
4445114986,2016-05-10 12:00:00,238,101
4445114986,2016-05-10 13:00:00,365,121
4445114986,2016-05-10 14:00:00,157,101
4445114986,2016-05-10 15:00:00,148,97
4445114986,2016-05-10 16:00:00,430,111
4445114986,2016-05-10 17:00:00,265,106
4445114986,2016-05-10 18:00:00,564,127
4445114986,2016-05-10 19:00:00,407,118
4445114986,2016-05-10 20:00:00,79,88
4445114986,2016-05-10 21:00:00,163,90
4445114986,2016-05-10 22:00:00,330,111
4445114986,2016-05-10 23:00:00,170,94
4445114986,2016-05-11 00:00:00,51,75
4445114986,2016-05-11 01:00:00,56,82
4445114986,2016-05-11 02:00:00,0,69
4445114986,2016-05-11 03:00:00,0,69
4445114986,2016-05-11 04:00:00,11,73
4445114986,2016-05-11 05:00:00,16,71
4445114986,2016-05-11 06:00:00,0,69
4445114986,2016-05-11 07:00:00,0,69
4445114986,2016-05-11 08:00:00,0,70
4445114986,2016-05-11 09:00:00,0,69
4445114986,2016-05-11 10:00:00,253,106
4445114986,2016-05-11 11:00:00,0,69
4445114986,2016-05-11 12:00:00,258,95
4445114986,2016-05-11 13:00:00,4379,356
4445114986,2016-05-11 14:00:00,890,142
4445114986,2016-05-11 15:00:00,79,84
4445114986,2016-05-11 16:00:00,339,124
4445114986,2016-05-11 17:00:00,214,105
4445114986,2016-05-11 18:00:00,318,108
4445114986,2016-05-11 19:00:00,445,122
4445114986,2016-05-11 20:00:00,487,126
4445114986,2016-05-11 21:00:00,389,111
4445114986,2016-05-11 22:00:00,188,96
4445114986,2016-05-11 23:00:00,732,142
4445114986,2016-05-12 00:00:00,0,69
4445114986,2016-05-12 01:00:00,11,72
4445114986,2016-05-12 02:00:00,0,69
4445114986,2016-05-12 03:00:00,8,71
4445114986,2016-05-12 04:00:00,29,75
4445114986,2016-05-12 05:00:00,0,69
4445114986,2016-05-12 06:00:00,0,69
4445114986,2016-05-12 07:00:00,16,71
4445114986,2016-05-12 08:00:00,0,69
4445114986,2016-05-12 09:00:00,0,70
4445114986,2016-05-12 10:00:00,180,94
4445114986,2016-05-12 11:00:00,142,95
4445114986,2016-05-12 12:00:00,98,84
4445114986,2016-05-12 13:00:00,51,83
4445114986,2016-05-12 14:00:00,152,92
4558609924,2016-04-12 00:00:00,0,56
4558609924,2016-04-12 01:00:00,0,56
4558609924,2016-04-12 02:00:00,0,56
4558609924,2016-04-12 03:00:00,0,56
4558609924,2016-04-12 04:00:00,0,56
4558609924,2016-04-12 05:00:00,0,56
4558609924,2016-04-12 06:00:00,151,70
4558609924,2016-04-12 07:00:00,208,78
4558609924,2016-04-12 08:00:00,163,76
4558609924,2016-04-12 09:00:00,514,112
4558609924,2016-04-12 10:00:00,526,109
4558609924,2016-04-12 11:00:00,397,97
4558609924,2016-04-12 12:00:00,230,81
4558609924,2016-04-12 13:00:00,277,89
4558609924,2016-04-12 14:00:00,561,109
4558609924,2016-04-12 15:00:00,24,59
4558609924,2016-04-12 16:00:00,684,122
4558609924,2016-04-12 17:00:00,402,105
4558609924,2016-04-12 18:00:00,398,108
4558609924,2016-04-12 19:00:00,161,78
4558609924,2016-04-12 20:00:00,148,76
4558609924,2016-04-12 21:00:00,146,74
4558609924,2016-04-12 22:00:00,145,77
4558609924,2016-04-12 23:00:00,0,56
4558609924,2016-04-13 00:00:00,0,56
4558609924,2016-04-13 01:00:00,0,56
4558609924,2016-04-13 02:00:00,0,56
4558609924,2016-04-13 03:00:00,0,56
4558609924,2016-04-13 04:00:00,0,56
4558609924,2016-04-13 05:00:00,0,56
4558609924,2016-04-13 06:00:00,0,56
4558609924,2016-04-13 07:00:00,0,56
4558609924,2016-04-13 08:00:00,0,56
4558609924,2016-04-13 09:00:00,0,56
4558609924,2016-04-13 10:00:00,0,56
4558609924,2016-04-13 11:00:00,272,77
4558609924,2016-04-13 12:00:00,701,127
4558609924,2016-04-13 13:00:00,316,94
4558609924,2016-04-13 14:00:00,292,93
4558609924,2016-04-13 15:00:00,113,74
4558609924,2016-04-13 16:00:00,1957,178
4558609924,2016-04-13 17:00:00,1303,128
4558609924,2016-04-13 18:00:00,24,61
4558609924,2016-04-13 19:00:00,0,56
4558609924,2016-04-13 20:00:00,0,56
4558609924,2016-04-13 21:00:00,0,56
4558609924,2016-04-13 22:00:00,0,56
4558609924,2016-04-13 23:00:00,0,56
4558609924,2016-04-14 00:00:00,0,56
4558609924,2016-04-14 01:00:00,0,56
4558609924,2016-04-14 02:00:00,0,56
4558609924,2016-04-14 03:00:00,0,56
4558609924,2016-04-14 04:00:00,0,56
4558609924,2016-04-14 05:00:00,0,56
4558609924,2016-04-14 06:00:00,0,56
4558609924,2016-04-14 07:00:00,0,56
4558609924,2016-04-14 08:00:00,0,56
4558609924,2016-04-14 09:00:00,622,107
4558609924,2016-04-14 10:00:00,280,85
4558609924,2016-04-14 11:00:00,238,79
4558609924,2016-04-14 12:00:00,528,105
4558609924,2016-04-14 13:00:00,688,110
4558609924,2016-04-14 14:00:00,1032,131
4558609924,2016-04-14 15:00:00,71,71
4558609924,2016-04-14 16:00:00,984,127
4558609924,2016-04-14 17:00:00,966,125
4558609924,2016-04-14 18:00:00,216,81
4558609924,2016-04-14 19:00:00,431,99
4558609924,2016-04-14 20:00:00,576,114
4558609924,2016-04-14 21:00:00,112,69
4558609924,2016-04-14 22:00:00,55,62
4558609924,2016-04-14 23:00:00,0,56
4558609924,2016-04-15 00:00:00,0,56
4558609924,2016-04-15 01:00:00,0,56
4558609924,2016-04-15 02:00:00,0,56
4558609924,2016-04-15 03:00:00,0,56
4558609924,2016-04-15 04:00:00,0,56
4558609924,2016-04-15 05:00:00,0,56
4558609924,2016-04-15 06:00:00,0,56
4558609924,2016-04-15 07:00:00,0,56
4558609924,2016-04-15 08:00:00,110,69
4558609924,2016-04-15 09:00:00,269,96
4558609924,2016-04-15 10:00:00,411,99
4558609924,2016-04-15 11:00:00,468,108
4558609924,2016-04-15 12:00:00,459,100
4558609924,2016-04-15 13:00:00,1578,203
4558609924,2016-04-15 14:00:00,962,169
4558609924,2016-04-15 15:00:00,237,96
4558609924,2016-04-15 16:00:00,414,103
4558609924,2016-04-15 17:00:00,932,137
4558609924,2016-04-15 18:00:00,259,82
4558609924,2016-04-15 19:00:00,1238,139
4558609924,2016-04-15 20:00:00,234,81
4558609924,2016-04-15 21:00:00,10,57
4558609924,2016-04-15 22:00:00,150,72
4558609924,2016-04-15 23:00:00,64,65
4558609924,2016-04-16 00:00:00,89,68
4558609924,2016-04-16 01:00:00,0,57
4558609924,2016-04-16 02:00:00,11,57
4558609924,2016-04-16 03:00:00,0,56
4558609924,2016-04-16 04:00:00,0,56
4558609924,2016-04-16 05:00:00,0,56
4558609924,2016-04-16 06:00:00,0,56
4558609924,2016-04-16 07:00:00,0,56
4558609924,2016-04-16 08:00:00,0,56
4558609924,2016-04-16 09:00:00,270,82
4558609924,2016-04-16 10:00:00,604,114
4558609924,2016-04-16 11:00:00,128,73
4558609924,2016-04-16 12:00:00,514,110
4558609924,2016-04-16 13:00:00,464,108
4558609924,2016-04-16 14:00:00,917,142
4558609924,2016-04-16 15:00:00,573,112
4558609924,2016-04-16 16:00:00,465,103
4558609924,2016-04-16 17:00:00,279,86
4558609924,2016-04-16 18:00:00,364,98
4558609924,2016-04-16 19:00:00,2036,170
4558609924,2016-04-16 20:00:00,384,84
4558609924,2016-04-16 21:00:00,30,61
4558609924,2016-04-16 22:00:00,29,61
4558609924,2016-04-16 23:00:00,108,71
4558609924,2016-04-17 00:00:00,32,60
4558609924,2016-04-17 01:00:00,0,56
4558609924,2016-04-17 02:00:00,0,56
4558609924,2016-04-17 03:00:00,0,56
4558609924,2016-04-17 04:00:00,0,56
4558609924,2016-04-17 05:00:00,0,56
4558609924,2016-04-17 06:00:00,0,56
4558609924,2016-04-17 07:00:00,0,56
4558609924,2016-04-17 08:00:00,0,56
4558609924,2016-04-17 09:00:00,360,102
4558609924,2016-04-17 10:00:00,661,113
4558609924,2016-04-17 11:00:00,2127,178
4558609924,2016-04-17 12:00:00,2483,204
4558609924,2016-04-17 13:00:00,258,90
4558609924,2016-04-17 14:00:00,717,115
4558609924,2016-04-17 15:00:00,246,92
4558609924,2016-04-17 16:00:00,336,97
4558609924,2016-04-17 17:00:00,800,135
4558609924,2016-04-17 18:00:00,45,65
4558609924,2016-04-17 19:00:00,659,107
4558609924,2016-04-17 20:00:00,272,86
4558609924,2016-04-17 21:00:00,349,89
4558609924,2016-04-17 22:00:00,284,81
4558609924,2016-04-17 23:00:00,5,57
4558609924,2016-04-18 00:00:00,0,56
4558609924,2016-04-18 01:00:00,0,56
4558609924,2016-04-18 02:00:00,0,56
4558609924,2016-04-18 03:00:00,0,56
4558609924,2016-04-18 04:00:00,0,56
4558609924,2016-04-18 05:00:00,0,56
4558609924,2016-04-18 06:00:00,0,56
4558609924,2016-04-18 07:00:00,120,78
4558609924,2016-04-18 08:00:00,401,108
4558609924,2016-04-18 09:00:00,329,91
4558609924,2016-04-18 10:00:00,292,85
4558609924,2016-04-18 11:00:00,893,135
4558609924,2016-04-18 12:00:00,309,92
4558609924,2016-04-18 13:00:00,487,112
4558609924,2016-04-18 14:00:00,243,86
4558609924,2016-04-18 15:00:00,292,91
4558609924,2016-04-18 16:00:00,3396,228
4558609924,2016-04-18 17:00:00,547,116
4558609924,2016-04-18 18:00:00,463,112
4558609924,2016-04-18 19:00:00,596,115
4558609924,2016-04-18 20:00:00,471,96
4558609924,2016-04-18 21:00:00,92,67
4558609924,2016-04-18 22:00:00,9,59
4558609924,2016-04-18 23:00:00,0,56
4558609924,2016-04-19 00:00:00,0,56
4558609924,2016-04-19 01:00:00,0,56
4558609924,2016-04-19 02:00:00,0,56
4558609924,2016-04-19 03:00:00,0,56
4558609924,2016-04-19 04:00:00,0,56
4558609924,2016-04-19 05:00:00,0,56
4558609924,2016-04-19 06:00:00,0,56
4558609924,2016-04-19 07:00:00,0,56
4558609924,2016-04-19 08:00:00,0,56
4558609924,2016-04-19 09:00:00,0,56
4558609924,2016-04-19 10:00:00,0,56
4558609924,2016-04-19 11:00:00,0,56
4558609924,2016-04-19 12:00:00,27,58
4558609924,2016-04-19 13:00:00,480,113
4558609924,2016-04-19 14:00:00,444,111
4558609924,2016-04-19 15:00:00,197,82
4558609924,2016-04-19 16:00:00,386,92
4558609924,2016-04-19 17:00:00,1134,145
4558609924,2016-04-19 18:00:00,503,118
4558609924,2016-04-19 19:00:00,882,130
4558609924,2016-04-19 20:00:00,501,103
4558609924,2016-04-19 21:00:00,278,78
4558609924,2016-04-19 22:00:00,539,113
4558609924,2016-04-19 23:00:00,30,63
4558609924,2016-04-20 00:00:00,29,60
4558609924,2016-04-20 01:00:00,0,56
4558609924,2016-04-20 02:00:00,0,56
4558609924,2016-04-20 03:00:00,0,56
4558609924,2016-04-20 04:00:00,0,56
4558609924,2016-04-20 05:00:00,0,56
4558609924,2016-04-20 06:00:00,0,56
4558609924,2016-04-20 07:00:00,0,56
4558609924,2016-04-20 08:00:00,0,56
4558609924,2016-04-20 09:00:00,0,56
4558609924,2016-04-20 10:00:00,69,68
4558609924,2016-04-20 11:00:00,442,99
4558609924,2016-04-20 12:00:00,305,86
4558609924,2016-04-20 13:00:00,442,90
4558609924,2016-04-20 14:00:00,315,87
4558609924,2016-04-20 15:00:00,252,81
4558609924,2016-04-20 16:00:00,190,69
4558609924,2016-04-20 17:00:00,453,102
4558609924,2016-04-20 18:00:00,723,126
4558609924,2016-04-20 19:00:00,640,98
4558609924,2016-04-20 20:00:00,499,101
4558609924,2016-04-20 21:00:00,100,70
4558609924,2016-04-20 22:00:00,139,76
4558609924,2016-04-20 23:00:00,205,71
4558609924,2016-04-21 00:00:00,58,64
4558609924,2016-04-21 01:00:00,0,56
4558609924,2016-04-21 02:00:00,11,57
4558609924,2016-04-21 03:00:00,0,56
4558609924,2016-04-21 04:00:00,0,56
4558609924,2016-04-21 05:00:00,0,56
4558609924,2016-04-21 06:00:00,0,56
4558609924,2016-04-21 07:00:00,188,80
4558609924,2016-04-21 08:00:00,1190,149
4558609924,2016-04-21 09:00:00,1096,172
4558609924,2016-04-21 10:00:00,1954,188
4558609924,2016-04-21 11:00:00,1449,166
4558609924,2016-04-21 12:00:00,1045,158
4558609924,2016-04-21 13:00:00,556,116
4558609924,2016-04-21 14:00:00,548,110
4558609924,2016-04-21 15:00:00,446,97
4558609924,2016-04-21 16:00:00,803,119
4558609924,2016-04-21 17:00:00,1498,151
4558609924,2016-04-21 18:00:00,1686,163
4558609924,2016-04-21 19:00:00,422,95
4558609924,2016-04-21 20:00:00,212,83
4558609924,2016-04-21 21:00:00,271,88
4558609924,2016-04-21 22:00:00,208,82
4558609924,2016-04-21 23:00:00,102,70
4558609924,2016-04-22 00:00:00,32,61
4558609924,2016-04-22 01:00:00,62,63
4558609924,2016-04-22 02:00:00,0,56
4558609924,2016-04-22 03:00:00,0,56
4558609924,2016-04-22 04:00:00,0,56
4558609924,2016-04-22 05:00:00,0,56
4558609924,2016-04-22 06:00:00,0,56
4558609924,2016-04-22 07:00:00,0,56
4558609924,2016-04-22 08:00:00,0,56
4558609924,2016-04-22 09:00:00,235,86
4558609924,2016-04-22 10:00:00,487,110
4558609924,2016-04-22 11:00:00,387,91
4558609924,2016-04-22 12:00:00,147,72
4558609924,2016-04-22 13:00:00,365,84
4558609924,2016-04-22 14:00:00,438,100
4558609924,2016-04-22 15:00:00,829,139
4558609924,2016-04-22 16:00:00,367,102
4558609924,2016-04-22 17:00:00,317,93
4558609924,2016-04-22 18:00:00,4688,285
4558609924,2016-04-22 19:00:00,73,73
4558609924,2016-04-22 20:00:00,520,107
4558609924,2016-04-22 21:00:00,173,76
4558609924,2016-04-22 22:00:00,454,103
4558609924,2016-04-22 23:00:00,27,59
4558609924,2016-04-23 00:00:00,489,110
4558609924,2016-04-23 01:00:00,56,64
4558609924,2016-04-23 02:00:00,0,56
4558609924,2016-04-23 03:00:00,0,56
4558609924,2016-04-23 04:00:00,0,56
4558609924,2016-04-23 05:00:00,0,56
4558609924,2016-04-23 06:00:00,0,56
4558609924,2016-04-23 07:00:00,0,56
4558609924,2016-04-23 08:00:00,0,56
4558609924,2016-04-23 09:00:00,385,101
4558609924,2016-04-23 10:00:00,269,97
4558609924,2016-04-23 11:00:00,145,82
4558609924,2016-04-23 12:00:00,187,88
4558609924,2016-04-23 13:00:00,387,98
4558609924,2016-04-23 14:00:00,1265,146
4558609924,2016-04-23 15:00:00,838,130
4558609924,2016-04-23 16:00:00,551,128
4558609924,2016-04-23 17:00:00,350,108
4558609924,2016-04-23 18:00:00,640,122
4558609924,2016-04-23 19:00:00,516,111
4558609924,2016-04-23 20:00:00,256,80
4558609924,2016-04-23 21:00:00,399,96
4558609924,2016-04-23 22:00:00,8,58
4558609924,2016-04-23 23:00:00,149,71
4558609924,2016-04-24 00:00:00,0,56
4558609924,2016-04-24 01:00:00,0,56
4558609924,2016-04-24 02:00:00,0,56
4558609924,2016-04-24 03:00:00,0,56
4558609924,2016-04-24 04:00:00,0,56
4558609924,2016-04-24 05:00:00,0,56
4558609924,2016-04-24 06:00:00,0,56
4558609924,2016-04-24 07:00:00,0,56
4558609924,2016-04-24 08:00:00,522,112
4558609924,2016-04-24 09:00:00,422,99
4558609924,2016-04-24 10:00:00,1081,140
4558609924,2016-04-24 11:00:00,420,103
4558609924,2016-04-24 12:00:00,1046,138
4558609924,2016-04-24 13:00:00,214,89
4558609924,2016-04-24 14:00:00,657,120
4558609924,2016-04-24 15:00:00,1136,158
4558609924,2016-04-24 16:00:00,484,111
4558609924,2016-04-24 17:00:00,563,115
4558609924,2016-04-24 18:00:00,401,88
4558609924,2016-04-24 19:00:00,395,93
4558609924,2016-04-24 20:00:00,219,80
4558609924,2016-04-24 21:00:00,239,86
4558609924,2016-04-24 22:00:00,271,90
4558609924,2016-04-24 23:00:00,483,97
4558609924,2016-04-25 00:00:00,98,65
4558609924,2016-04-25 01:00:00,54,60
4558609924,2016-04-25 02:00:00,0,56
4558609924,2016-04-25 03:00:00,0,56
4558609924,2016-04-25 04:00:00,0,56
4558609924,2016-04-25 05:00:00,0,56
4558609924,2016-04-25 06:00:00,0,56
4558609924,2016-04-25 07:00:00,0,56
4558609924,2016-04-25 08:00:00,0,56
4558609924,2016-04-25 09:00:00,359,94
4558609924,2016-04-25 10:00:00,476,121
4558609924,2016-04-25 11:00:00,289,93
4558609924,2016-04-25 12:00:00,272,85
4558609924,2016-04-25 13:00:00,499,113
4558609924,2016-04-25 14:00:00,570,114
4558609924,2016-04-25 15:00:00,670,111
4558609924,2016-04-25 16:00:00,1641,249
4558609924,2016-04-25 17:00:00,358,134
4558609924,2016-04-25 18:00:00,433,118
4558609924,2016-04-25 19:00:00,654,123
4558609924,2016-04-25 20:00:00,449,98
4558609924,2016-04-25 21:00:00,990,122
4558609924,2016-04-25 22:00:00,283,79
4558609924,2016-04-25 23:00:00,0,56
4558609924,2016-04-26 00:00:00,0,56
4558609924,2016-04-26 01:00:00,0,56
4558609924,2016-04-26 02:00:00,0,56
4558609924,2016-04-26 03:00:00,0,56
4558609924,2016-04-26 04:00:00,0,56
4558609924,2016-04-26 05:00:00,0,56
4558609924,2016-04-26 06:00:00,0,56
4558609924,2016-04-26 07:00:00,0,56
4558609924,2016-04-26 08:00:00,192,77
4558609924,2016-04-26 09:00:00,491,108
4558609924,2016-04-26 10:00:00,303,100
4558609924,2016-04-26 11:00:00,628,114
4558609924,2016-04-26 12:00:00,334,95
4558609924,2016-04-26 13:00:00,228,85
4558609924,2016-04-26 14:00:00,150,75
4558609924,2016-04-26 15:00:00,1319,190
4558609924,2016-04-26 16:00:00,152,120
4558609924,2016-04-26 17:00:00,2600,211
4558609924,2016-04-26 18:00:00,1500,140
4558609924,2016-04-26 19:00:00,124,87
4558609924,2016-04-26 20:00:00,651,137
4558609924,2016-04-26 21:00:00,187,90
4558609924,2016-04-26 22:00:00,64,61
4558609924,2016-04-26 23:00:00,225,82
4558609924,2016-04-27 00:00:00,72,65
4558609924,2016-04-27 01:00:00,0,56
4558609924,2016-04-27 02:00:00,0,56
4558609924,2016-04-27 03:00:00,0,56
4558609924,2016-04-27 04:00:00,0,56
4558609924,2016-04-27 05:00:00,0,56
4558609924,2016-04-27 06:00:00,0,56
4558609924,2016-04-27 07:00:00,0,56
4558609924,2016-04-27 08:00:00,0,56
4558609924,2016-04-27 09:00:00,263,85
4558609924,2016-04-27 10:00:00,601,119
4558609924,2016-04-27 11:00:00,242,86
4558609924,2016-04-27 12:00:00,598,114
4558609924,2016-04-27 13:00:00,233,89
4558609924,2016-04-27 14:00:00,201,81
4558609924,2016-04-27 15:00:00,720,118
4558609924,2016-04-27 16:00:00,264,100
4558609924,2016-04-27 17:00:00,346,98
4558609924,2016-04-27 18:00:00,3807,231
4558609924,2016-04-27 19:00:00,1113,132
4558609924,2016-04-27 20:00:00,602,110
4558609924,2016-04-27 21:00:00,351,92
4558609924,2016-04-27 22:00:00,144,74
4558609924,2016-04-27 23:00:00,0,56
4558609924,2016-04-28 00:00:00,0,56
4558609924,2016-04-28 01:00:00,0,56
4558609924,2016-04-28 02:00:00,0,56
4558609924,2016-04-28 03:00:00,0,56
4558609924,2016-04-28 04:00:00,0,56
4558609924,2016-04-28 05:00:00,0,56
4558609924,2016-04-28 06:00:00,480,96
4558609924,2016-04-28 07:00:00,840,129
4558609924,2016-04-28 08:00:00,875,127
4558609924,2016-04-28 09:00:00,770,123
4558609924,2016-04-28 10:00:00,566,108
4558609924,2016-04-28 11:00:00,515,93
4558609924,2016-04-28 12:00:00,459,87
4558609924,2016-04-28 13:00:00,797,116
4558609924,2016-04-28 14:00:00,565,118
4558609924,2016-04-28 15:00:00,821,145
4558609924,2016-04-28 16:00:00,1606,158
4558609924,2016-04-28 17:00:00,498,125
4558609924,2016-04-28 18:00:00,110,73
4558609924,2016-04-28 19:00:00,156,77
4558609924,2016-04-28 20:00:00,178,75
4558609924,2016-04-28 21:00:00,143,75
4558609924,2016-04-28 22:00:00,67,68
4558609924,2016-04-28 23:00:00,5,58
4558609924,2016-04-29 00:00:00,0,56
4558609924,2016-04-29 01:00:00,0,56
4558609924,2016-04-29 02:00:00,0,56
4558609924,2016-04-29 03:00:00,0,56
4558609924,2016-04-29 04:00:00,0,56
4558609924,2016-04-29 05:00:00,0,56
4558609924,2016-04-29 06:00:00,0,56
4558609924,2016-04-29 07:00:00,0,56
4558609924,2016-04-29 08:00:00,0,56
4558609924,2016-04-29 09:00:00,41,62
4558609924,2016-04-29 10:00:00,416,95
4558609924,2016-04-29 11:00:00,213,82
4558609924,2016-04-29 12:00:00,411,93
4558609924,2016-04-29 13:00:00,612,109
4558609924,2016-04-29 14:00:00,66,70
4558609924,2016-04-29 15:00:00,2190,165
4558609924,2016-04-29 16:00:00,2660,186
4558609924,2016-04-29 17:00:00,93,72
4558609924,2016-04-29 18:00:00,95,70
4558609924,2016-04-29 19:00:00,279,84
4558609924,2016-04-29 20:00:00,164,85
4558609924,2016-04-29 21:00:00,410,104
4558609924,2016-04-29 22:00:00,86,67
4558609924,2016-04-29 23:00:00,97,73
4558609924,2016-04-30 00:00:00,0,57
4558609924,2016-04-30 01:00:00,105,64
4558609924,2016-04-30 02:00:00,0,56
4558609924,2016-04-30 03:00:00,0,56
4558609924,2016-04-30 04:00:00,0,56
4558609924,2016-04-30 05:00:00,0,56
4558609924,2016-04-30 06:00:00,303,82
4558609924,2016-04-30 07:00:00,218,73
4558609924,2016-04-30 08:00:00,155,69
4558609924,2016-04-30 09:00:00,360,96
4558609924,2016-04-30 10:00:00,365,102
4558609924,2016-04-30 11:00:00,117,75
4558609924,2016-04-30 12:00:00,273,92
4558609924,2016-04-30 13:00:00,360,90
4558609924,2016-04-30 14:00:00,1721,171
4558609924,2016-04-30 15:00:00,410,96
4558609924,2016-04-30 16:00:00,142,75
4558609924,2016-04-30 17:00:00,812,116
4558609924,2016-04-30 18:00:00,3370,233
4558609924,2016-04-30 19:00:00,1239,115
4558609924,2016-04-30 20:00:00,15,61
4558609924,2016-04-30 21:00:00,143,83
4558609924,2016-04-30 22:00:00,156,72
4558609924,2016-04-30 23:00:00,46,60
4558609924,2016-05-01 00:00:00,0,56
4558609924,2016-05-01 01:00:00,0,56
4558609924,2016-05-01 02:00:00,0,56
4558609924,2016-05-01 03:00:00,0,56
4558609924,2016-05-01 04:00:00,0,56
4558609924,2016-05-01 05:00:00,0,56
4558609924,2016-05-01 06:00:00,0,56
4558609924,2016-05-01 07:00:00,0,56
4558609924,2016-05-01 08:00:00,0,56
4558609924,2016-05-01 09:00:00,361,98
4558609924,2016-05-01 10:00:00,594,101
4558609924,2016-05-01 11:00:00,117,70
4558609924,2016-05-01 12:00:00,305,92
4558609924,2016-05-01 13:00:00,287,87
4558609924,2016-05-01 14:00:00,409,94
4558609924,2016-05-01 15:00:00,433,85
4558609924,2016-05-01 16:00:00,25,60
4558609924,2016-05-01 17:00:00,282,88
4558609924,2016-05-01 18:00:00,190,82
4558609924,2016-05-01 19:00:00,343,93
4558609924,2016-05-01 20:00:00,50,64
4558609924,2016-05-01 21:00:00,32,62
4558609924,2016-05-01 22:00:00,0,56
4558609924,2016-05-01 23:00:00,0,56
4558609924,2016-05-02 00:00:00,0,56
4558609924,2016-05-02 01:00:00,0,56
4558609924,2016-05-02 02:00:00,0,56
4558609924,2016-05-02 03:00:00,0,56
4558609924,2016-05-02 04:00:00,0,56
4558609924,2016-05-02 05:00:00,0,56
4558609924,2016-05-02 06:00:00,0,56
4558609924,2016-05-02 07:00:00,0,56
4558609924,2016-05-02 08:00:00,623,115
4558609924,2016-05-02 09:00:00,452,93
4558609924,2016-05-02 10:00:00,902,132
4558609924,2016-05-02 11:00:00,1036,133
4558609924,2016-05-02 12:00:00,308,90
4558609924,2016-05-02 13:00:00,180,80
4558609924,2016-05-02 14:00:00,362,103
4558609924,2016-05-02 15:00:00,356,97
4558609924,2016-05-02 16:00:00,532,101
4558609924,2016-05-02 17:00:00,283,91
4558609924,2016-05-02 18:00:00,582,109
4558609924,2016-05-02 19:00:00,515,102
4558609924,2016-05-02 20:00:00,746,117
4558609924,2016-05-02 21:00:00,849,124
4558609924,2016-05-02 22:00:00,131,72
4558609924,2016-05-02 23:00:00,34,63
4558609924,2016-05-03 00:00:00,36,58
4558609924,2016-05-03 01:00:00,48,62
4558609924,2016-05-03 02:00:00,2,57
4558609924,2016-05-03 03:00:00,0,56
4558609924,2016-05-03 04:00:00,0,56
4558609924,2016-05-03 05:00:00,0,56
4558609924,2016-05-03 06:00:00,0,56
4558609924,2016-05-03 07:00:00,0,56
4558609924,2016-05-03 08:00:00,0,56
4558609924,2016-05-03 09:00:00,245,81
4558609924,2016-05-03 10:00:00,301,91
4558609924,2016-05-03 11:00:00,367,103
4558609924,2016-05-03 12:00:00,253,99
4558609924,2016-05-03 13:00:00,200,82
4558609924,2016-05-03 14:00:00,266,89
4558609924,2016-05-03 15:00:00,86,69
4558609924,2016-05-03 16:00:00,758,114
4558609924,2016-05-03 17:00:00,337,97
4558609924,2016-05-03 18:00:00,1714,261
4558609924,2016-05-03 19:00:00,44,65
4558609924,2016-05-03 20:00:00,29,62
4558609924,2016-05-03 21:00:00,307,92
4558609924,2016-05-03 22:00:00,229,79
4558609924,2016-05-03 23:00:00,45,60
4558609924,2016-05-04 00:00:00,0,56
4558609924,2016-05-04 01:00:00,0,56
4558609924,2016-05-04 02:00:00,0,56
4558609924,2016-05-04 03:00:00,0,56
4558609924,2016-05-04 04:00:00,0,56
4558609924,2016-05-04 05:00:00,0,56
4558609924,2016-05-04 06:00:00,0,56
4558609924,2016-05-04 07:00:00,0,56
4558609924,2016-05-04 08:00:00,0,56
4558609924,2016-05-04 09:00:00,0,56
4558609924,2016-05-04 10:00:00,243,88
4558609924,2016-05-04 11:00:00,261,90
4558609924,2016-05-04 12:00:00,203,83
4558609924,2016-05-04 13:00:00,51,63
4558609924,2016-05-04 14:00:00,195,69
4558609924,2016-05-04 15:00:00,893,112
4558609924,2016-05-04 16:00:00,166,82
4558609924,2016-05-04 17:00:00,1119,142
4558609924,2016-05-04 18:00:00,287,92
4558609924,2016-05-04 19:00:00,390,100
4558609924,2016-05-04 20:00:00,434,93
4558609924,2016-05-04 21:00:00,502,105
4558609924,2016-05-04 22:00:00,212,80
4558609924,2016-05-04 23:00:00,276,87
4558609924,2016-05-05 00:00:00,0,56
4558609924,2016-05-05 01:00:00,0,56
4558609924,2016-05-05 02:00:00,0,56
4558609924,2016-05-05 03:00:00,0,56
4558609924,2016-05-05 04:00:00,0,56
4558609924,2016-05-05 05:00:00,0,56
4558609924,2016-05-05 06:00:00,0,56
4558609924,2016-05-05 07:00:00,140,83
4558609924,2016-05-05 08:00:00,420,104
4558609924,2016-05-05 09:00:00,1240,174
4558609924,2016-05-05 10:00:00,237,83
4558609924,2016-05-05 11:00:00,2975,199
4558609924,2016-05-05 12:00:00,887,144
4558609924,2016-05-05 13:00:00,244,86
4558609924,2016-05-05 14:00:00,127,77
4558609924,2016-05-05 15:00:00,451,104
4558609924,2016-05-05 16:00:00,1183,142
4558609924,2016-05-05 17:00:00,768,127
4558609924,2016-05-05 18:00:00,520,110
4558609924,2016-05-05 19:00:00,444,109
4558609924,2016-05-05 20:00:00,447,114
4558609924,2016-05-05 21:00:00,325,88
4558609924,2016-05-05 22:00:00,186,70
4558609924,2016-05-05 23:00:00,17,59
4558609924,2016-05-06 00:00:00,9,57
4558609924,2016-05-06 01:00:00,0,56
4558609924,2016-05-06 02:00:00,0,56
4558609924,2016-05-06 03:00:00,0,56
4558609924,2016-05-06 04:00:00,0,56
4558609924,2016-05-06 05:00:00,0,56
4558609924,2016-05-06 06:00:00,0,56
4558609924,2016-05-06 07:00:00,0,56
4558609924,2016-05-06 08:00:00,0,56
4558609924,2016-05-06 09:00:00,571,96
4558609924,2016-05-06 10:00:00,596,112
4558609924,2016-05-06 11:00:00,366,96
4558609924,2016-05-06 12:00:00,547,111
4558609924,2016-05-06 13:00:00,331,89
4558609924,2016-05-06 14:00:00,212,78
4558609924,2016-05-06 15:00:00,183,79
4558609924,2016-05-06 16:00:00,348,91
4558609924,2016-05-06 17:00:00,57,63
4558609924,2016-05-06 18:00:00,49,63
4558609924,2016-05-06 19:00:00,43,61
4558609924,2016-05-06 20:00:00,70,65
4558609924,2016-05-06 21:00:00,321,99
4558609924,2016-05-06 22:00:00,42,62
4558609924,2016-05-06 23:00:00,10,57
4558609924,2016-05-07 00:00:00,0,56
4558609924,2016-05-07 01:00:00,0,56
4558609924,2016-05-07 02:00:00,0,56
4558609924,2016-05-07 03:00:00,0,56
4558609924,2016-05-07 04:00:00,0,56
4558609924,2016-05-07 05:00:00,0,56
4558609924,2016-05-07 06:00:00,0,56
4558609924,2016-05-07 07:00:00,0,56
4558609924,2016-05-07 08:00:00,49,60
4558609924,2016-05-07 09:00:00,292,84
4558609924,2016-05-07 10:00:00,263,85
4558609924,2016-05-07 11:00:00,382,103
4558609924,2016-05-07 12:00:00,97,68
4558609924,2016-05-07 13:00:00,79,66
4558609924,2016-05-07 14:00:00,361,93
4558609924,2016-05-07 15:00:00,602,124
4558609924,2016-05-07 16:00:00,4281,265
4558609924,2016-05-07 17:00:00,121,74
4558609924,2016-05-07 18:00:00,241,80
4558609924,2016-05-07 19:00:00,428,98
4558609924,2016-05-07 20:00:00,495,102
4558609924,2016-05-07 21:00:00,169,74
4558609924,2016-05-07 22:00:00,370,97
4558609924,2016-05-07 23:00:00,7,57
4558609924,2016-05-08 00:00:00,0,56
4558609924,2016-05-08 01:00:00,0,56
4558609924,2016-05-08 02:00:00,0,56
4558609924,2016-05-08 03:00:00,0,56
4558609924,2016-05-08 04:00:00,0,56
4558609924,2016-05-08 05:00:00,0,56
4558609924,2016-05-08 06:00:00,0,56
4558609924,2016-05-08 07:00:00,0,56
4558609924,2016-05-08 08:00:00,0,56
4558609924,2016-05-08 09:00:00,0,56
4558609924,2016-05-08 10:00:00,0,56
4558609924,2016-05-08 11:00:00,0,56
4558609924,2016-05-08 12:00:00,0,56
4558609924,2016-05-08 13:00:00,2136,386
4558609924,2016-05-08 14:00:00,1782,258
4558609924,2016-05-08 15:00:00,882,179
4558609924,2016-05-08 16:00:00,481,202
4558609924,2016-05-08 17:00:00,100,161
4558609924,2016-05-08 18:00:00,182,126
4558609924,2016-05-08 19:00:00,118,131
4558609924,2016-05-08 20:00:00,838,297
4558609924,2016-05-08 21:00:00,24,92
4558609924,2016-05-08 22:00:00,0,56
4558609924,2016-05-08 23:00:00,0,56
4558609924,2016-05-09 00:00:00,0,56
4558609924,2016-05-09 01:00:00,0,56
4558609924,2016-05-09 02:00:00,0,56
4558609924,2016-05-09 03:00:00,0,56
4558609924,2016-05-09 04:00:00,0,56
4558609924,2016-05-09 05:00:00,0,56
4558609924,2016-05-09 06:00:00,0,56
4558609924,2016-05-09 07:00:00,127,80
4558609924,2016-05-09 08:00:00,390,101
4558609924,2016-05-09 09:00:00,705,136
4558609924,2016-05-09 10:00:00,485,99
4558609924,2016-05-09 11:00:00,1760,155
4558609924,2016-05-09 12:00:00,175,81
4558609924,2016-05-09 13:00:00,3432,229
4558609924,2016-05-09 14:00:00,976,131
4558609924,2016-05-09 15:00:00,444,100
4558609924,2016-05-09 16:00:00,575,106
4558609924,2016-05-09 17:00:00,139,74
4558609924,2016-05-09 18:00:00,92,70
4558609924,2016-05-09 19:00:00,496,99
4558609924,2016-05-09 20:00:00,503,96
4558609924,2016-05-09 21:00:00,785,127
4558609924,2016-05-09 22:00:00,348,91
4558609924,2016-05-09 23:00:00,19,61
4558609924,2016-05-10 00:00:00,37,65
4558609924,2016-05-10 01:00:00,92,72
4558609924,2016-05-10 02:00:00,0,56
4558609924,2016-05-10 03:00:00,0,56
4558609924,2016-05-10 04:00:00,0,56
4558609924,2016-05-10 05:00:00,0,56
4558609924,2016-05-10 06:00:00,0,56
4558609924,2016-05-10 07:00:00,0,56
4558609924,2016-05-10 08:00:00,0,56
4558609924,2016-05-10 09:00:00,0,56
4558609924,2016-05-10 10:00:00,0,56
4558609924,2016-05-10 11:00:00,101,72
4558609924,2016-05-10 12:00:00,209,87
4558609924,2016-05-10 13:00:00,150,75
4558609924,2016-05-10 14:00:00,313,90
4558609924,2016-05-10 15:00:00,43,63
4558609924,2016-05-10 16:00:00,257,92
4558609924,2016-05-10 17:00:00,314,99
4558609924,2016-05-10 18:00:00,271,104
4558609924,2016-05-10 19:00:00,3420,230
4558609924,2016-05-10 20:00:00,92,66
4558609924,2016-05-10 21:00:00,419,92
4558609924,2016-05-10 22:00:00,631,117
4558609924,2016-05-10 23:00:00,86,66
4558609924,2016-05-11 00:00:00,63,67
4558609924,2016-05-11 01:00:00,70,81
4558609924,2016-05-11 02:00:00,0,56
4558609924,2016-05-11 03:00:00,0,56
4558609924,2016-05-11 04:00:00,0,56
4558609924,2016-05-11 05:00:00,0,56
4558609924,2016-05-11 06:00:00,0,56
4558609924,2016-05-11 07:00:00,0,56
4558609924,2016-05-11 08:00:00,0,56
4558609924,2016-05-11 09:00:00,382,94
4558609924,2016-05-11 10:00:00,380,101
4558609924,2016-05-11 11:00:00,360,83
4558609924,2016-05-11 12:00:00,160,73
4558609924,2016-05-11 13:00:00,326,87
4558609924,2016-05-11 14:00:00,3580,237
4558609924,2016-05-11 15:00:00,527,118
4558609924,2016-05-11 16:00:00,374,108
4558609924,2016-05-11 17:00:00,170,81
4558609924,2016-05-11 18:00:00,627,113
4558609924,2016-05-11 19:00:00,504,116
4558609924,2016-05-11 20:00:00,272,83
4558609924,2016-05-11 21:00:00,596,122
4558609924,2016-05-11 22:00:00,285,86
4558609924,2016-05-11 23:00:00,432,90
4558609924,2016-05-12 00:00:00,0,56
4558609924,2016-05-12 01:00:00,0,56
4558609924,2016-05-12 02:00:00,0,56
4558609924,2016-05-12 03:00:00,0,56
4558609924,2016-05-12 04:00:00,0,56
4558609924,2016-05-12 05:00:00,0,56
4558609924,2016-05-12 06:00:00,0,56
4558609924,2016-05-12 07:00:00,49,63
4558609924,2016-05-12 08:00:00,246,87
4558609924,2016-05-12 09:00:00,700,134
4558609924,2016-05-12 10:00:00,826,122
4558609924,2016-05-12 11:00:00,440,102
4558609924,2016-05-12 12:00:00,698,110
4558609924,2016-05-12 13:00:00,1233,145
4558609924,2016-05-12 14:00:00,1332,141
4558609924,2016-05-12 15:00:00,496,111
4702921684,2016-04-12 00:00:00,0,84
4702921684,2016-04-12 01:00:00,0,85
4702921684,2016-04-12 02:00:00,0,85
4702921684,2016-04-12 03:00:00,4,87
4702921684,2016-04-12 04:00:00,0,84
4702921684,2016-04-12 05:00:00,0,85
4702921684,2016-04-12 06:00:00,558,149
4702921684,2016-04-12 07:00:00,177,115
4702921684,2016-04-12 08:00:00,446,157
4702921684,2016-04-12 09:00:00,1264,204
4702921684,2016-04-12 10:00:00,353,147
4702921684,2016-04-12 11:00:00,209,110
4702921684,2016-04-12 12:00:00,937,162
4702921684,2016-04-12 13:00:00,20,94
4702921684,2016-04-12 14:00:00,257,113
4702921684,2016-04-12 15:00:00,6,90
4702921684,2016-04-12 16:00:00,130,111
4702921684,2016-04-12 17:00:00,890,178
4702921684,2016-04-12 18:00:00,620,171
4702921684,2016-04-12 19:00:00,46,93
4702921684,2016-04-12 20:00:00,480,165
4702921684,2016-04-12 21:00:00,659,177
4702921684,2016-04-12 22:00:00,157,119
4702921684,2016-04-12 23:00:00,0,84
4702921684,2016-04-13 00:00:00,0,85
4702921684,2016-04-13 01:00:00,0,85
4702921684,2016-04-13 02:00:00,185,109
4702921684,2016-04-13 03:00:00,0,85
4702921684,2016-04-13 04:00:00,0,85
4702921684,2016-04-13 05:00:00,0,85
4702921684,2016-04-13 06:00:00,409,132
4702921684,2016-04-13 07:00:00,256,118
4702921684,2016-04-13 08:00:00,223,114
4702921684,2016-04-13 09:00:00,125,102
4702921684,2016-04-13 10:00:00,122,104
4702921684,2016-04-13 11:00:00,167,104
4702921684,2016-04-13 12:00:00,253,120
4702921684,2016-04-13 13:00:00,71,97
4702921684,2016-04-13 14:00:00,182,112
4702921684,2016-04-13 15:00:00,57,94
4702921684,2016-04-13 16:00:00,38,95
4702921684,2016-04-13 17:00:00,840,177
4702921684,2016-04-13 18:00:00,474,151
4702921684,2016-04-13 19:00:00,725,184
4702921684,2016-04-13 20:00:00,329,137
4702921684,2016-04-13 21:00:00,1416,235
4702921684,2016-04-13 22:00:00,999,196
4702921684,2016-04-13 23:00:00,6,88
4702921684,2016-04-14 00:00:00,0,85
4702921684,2016-04-14 01:00:00,0,85
4702921684,2016-04-14 02:00:00,0,85
4702921684,2016-04-14 03:00:00,0,86
4702921684,2016-04-14 04:00:00,0,85
4702921684,2016-04-14 05:00:00,5,87
4702921684,2016-04-14 06:00:00,618,163
4702921684,2016-04-14 07:00:00,239,116
4702921684,2016-04-14 08:00:00,0,87
4702921684,2016-04-14 09:00:00,1377,202
4702921684,2016-04-14 10:00:00,204,114
4702921684,2016-04-14 11:00:00,157,101
4702921684,2016-04-14 12:00:00,210,114
4702921684,2016-04-14 13:00:00,795,171
4702921684,2016-04-14 14:00:00,528,148
4702921684,2016-04-14 15:00:00,191,120
4702921684,2016-04-14 16:00:00,226,122
4702921684,2016-04-14 17:00:00,543,152
4702921684,2016-04-14 18:00:00,948,192
4702921684,2016-04-14 19:00:00,554,159
4702921684,2016-04-14 20:00:00,127,120
4702921684,2016-04-14 21:00:00,417,154
4702921684,2016-04-14 22:00:00,721,153
4702921684,2016-04-14 23:00:00,0,85
4702921684,2016-04-15 00:00:00,0,84
4702921684,2016-04-15 01:00:00,0,84
4702921684,2016-04-15 02:00:00,0,84
4702921684,2016-04-15 03:00:00,0,84
4702921684,2016-04-15 04:00:00,0,84
4702921684,2016-04-15 05:00:00,0,84
4702921684,2016-04-15 06:00:00,0,84
4702921684,2016-04-15 07:00:00,550,152
4702921684,2016-04-15 08:00:00,351,132
4702921684,2016-04-15 09:00:00,0,84
4702921684,2016-04-15 10:00:00,118,98
4702921684,2016-04-15 11:00:00,58,96
4702921684,2016-04-15 12:00:00,337,132
4702921684,2016-04-15 13:00:00,109,102
4702921684,2016-04-15 14:00:00,105,113
4702921684,2016-04-15 15:00:00,101,102
4702921684,2016-04-15 16:00:00,1006,177
4702921684,2016-04-15 17:00:00,406,151
4702921684,2016-04-15 18:00:00,755,180
4702921684,2016-04-15 19:00:00,553,149
4702921684,2016-04-15 20:00:00,623,182
4702921684,2016-04-15 21:00:00,794,205
4702921684,2016-04-15 22:00:00,562,154
4702921684,2016-04-15 23:00:00,78,99
4702921684,2016-04-16 00:00:00,0,85
4702921684,2016-04-16 01:00:00,0,84
4702921684,2016-04-16 02:00:00,0,85
4702921684,2016-04-16 03:00:00,0,85
4702921684,2016-04-16 04:00:00,33,93
4702921684,2016-04-16 05:00:00,28,92
4702921684,2016-04-16 06:00:00,0,85
4702921684,2016-04-16 07:00:00,365,137
4702921684,2016-04-16 08:00:00,385,132
4702921684,2016-04-16 09:00:00,187,121
4702921684,2016-04-16 10:00:00,1383,227
4702921684,2016-04-16 11:00:00,1657,234
4702921684,2016-04-16 12:00:00,754,157
4702921684,2016-04-16 13:00:00,1463,234
4702921684,2016-04-16 14:00:00,744,172
4702921684,2016-04-16 15:00:00,191,134
4702921684,2016-04-16 16:00:00,843,178
4702921684,2016-04-16 17:00:00,452,155
4702921684,2016-04-16 18:00:00,194,125
4702921684,2016-04-16 19:00:00,848,184
4702921684,2016-04-16 20:00:00,634,162
4702921684,2016-04-16 21:00:00,973,192
4702921684,2016-04-16 22:00:00,0,84
4702921684,2016-04-16 23:00:00,0,84
4702921684,2016-04-17 00:00:00,0,85
4702921684,2016-04-17 01:00:00,0,85
4702921684,2016-04-17 02:00:00,0,84
4702921684,2016-04-17 03:00:00,0,84
4702921684,2016-04-17 04:00:00,0,84
4702921684,2016-04-17 05:00:00,0,85
4702921684,2016-04-17 06:00:00,0,85
4702921684,2016-04-17 07:00:00,9,87
4702921684,2016-04-17 08:00:00,551,146
4702921684,2016-04-17 09:00:00,1105,198
4702921684,2016-04-17 10:00:00,805,179
4702921684,2016-04-17 11:00:00,440,142
4702921684,2016-04-17 12:00:00,1417,249
4702921684,2016-04-17 13:00:00,1214,191
4702921684,2016-04-17 14:00:00,3926,399
4702921684,2016-04-17 15:00:00,1724,261
4702921684,2016-04-17 16:00:00,0,90
4702921684,2016-04-17 17:00:00,363,147
4702921684,2016-04-17 18:00:00,222,133
4702921684,2016-04-17 19:00:00,414,162
4702921684,2016-04-17 20:00:00,271,128
4702921684,2016-04-17 21:00:00,231,120
4702921684,2016-04-17 22:00:00,0,84
4702921684,2016-04-17 23:00:00,0,85
4702921684,2016-04-18 00:00:00,0,85
4702921684,2016-04-18 01:00:00,0,86
4702921684,2016-04-18 02:00:00,0,84
4702921684,2016-04-18 03:00:00,0,84
4702921684,2016-04-18 04:00:00,0,84
4702921684,2016-04-18 05:00:00,0,84
4702921684,2016-04-18 06:00:00,81,91
4702921684,2016-04-18 07:00:00,837,173
4702921684,2016-04-18 08:00:00,99,95
4702921684,2016-04-18 09:00:00,1272,193
4702921684,2016-04-18 10:00:00,110,101
4702921684,2016-04-18 11:00:00,0,87
4702921684,2016-04-18 12:00:00,961,166
4702921684,2016-04-18 13:00:00,230,126
4702921684,2016-04-18 14:00:00,253,127
4702921684,2016-04-18 15:00:00,116,113
4702921684,2016-04-18 16:00:00,221,125
4702921684,2016-04-18 17:00:00,338,131
4702921684,2016-04-18 18:00:00,2146,270
4702921684,2016-04-18 19:00:00,1263,214
4702921684,2016-04-18 20:00:00,865,179
4702921684,2016-04-18 21:00:00,313,143
4702921684,2016-04-18 22:00:00,0,86
4702921684,2016-04-18 23:00:00,0,85
4702921684,2016-04-19 00:00:00,0,85
4702921684,2016-04-19 01:00:00,0,87
4702921684,2016-04-19 02:00:00,0,85
4702921684,2016-04-19 03:00:00,0,85
4702921684,2016-04-19 04:00:00,0,84
4702921684,2016-04-19 05:00:00,7,88
4702921684,2016-04-19 06:00:00,680,162
4702921684,2016-04-19 07:00:00,217,114
4702921684,2016-04-19 08:00:00,324,120
4702921684,2016-04-19 09:00:00,1168,187
4702921684,2016-04-19 10:00:00,0,87
4702921684,2016-04-19 11:00:00,102,99
4702921684,2016-04-19 12:00:00,1000,173
4702921684,2016-04-19 13:00:00,49,105
4702921684,2016-04-19 14:00:00,216,111
4702921684,2016-04-19 15:00:00,37,100
4702921684,2016-04-19 16:00:00,395,132
4702921684,2016-04-19 17:00:00,860,164
4702921684,2016-04-19 18:00:00,483,157
4702921684,2016-04-19 19:00:00,248,137
4702921684,2016-04-19 20:00:00,336,127
4702921684,2016-04-19 21:00:00,586,156
4702921684,2016-04-19 22:00:00,0,84
4702921684,2016-04-19 23:00:00,0,84
4702921684,2016-04-20 00:00:00,0,84
4702921684,2016-04-20 01:00:00,7,87
4702921684,2016-04-20 02:00:00,0,84
4702921684,2016-04-20 03:00:00,0,85
4702921684,2016-04-20 04:00:00,0,85
4702921684,2016-04-20 05:00:00,15,88
4702921684,2016-04-20 06:00:00,1047,187
4702921684,2016-04-20 07:00:00,494,148
4702921684,2016-04-20 08:00:00,2,88
4702921684,2016-04-20 09:00:00,662,143
4702921684,2016-04-20 10:00:00,26,101
4702921684,2016-04-20 11:00:00,903,174
4702921684,2016-04-20 12:00:00,136,111
4702921684,2016-04-20 13:00:00,139,105
4702921684,2016-04-20 14:00:00,97,103
4702921684,2016-04-20 15:00:00,168,117
4702921684,2016-04-20 16:00:00,123,113
4702921684,2016-04-20 17:00:00,943,178
4702921684,2016-04-20 18:00:00,552,165
4702921684,2016-04-20 19:00:00,886,177
4702921684,2016-04-20 20:00:00,1072,214
4702921684,2016-04-20 21:00:00,935,201
4702921684,2016-04-20 22:00:00,586,141
4702921684,2016-04-20 23:00:00,0,84
4702921684,2016-04-21 00:00:00,0,84
4702921684,2016-04-21 01:00:00,0,85
4702921684,2016-04-21 02:00:00,0,84
4702921684,2016-04-21 03:00:00,0,84
4702921684,2016-04-21 04:00:00,7,86
4702921684,2016-04-21 05:00:00,28,90
4702921684,2016-04-21 06:00:00,1407,212
4702921684,2016-04-21 07:00:00,760,158
4702921684,2016-04-21 08:00:00,82,95
4702921684,2016-04-21 09:00:00,0,84
4702921684,2016-04-21 10:00:00,0,85
4702921684,2016-04-21 11:00:00,0,85
4702921684,2016-04-21 12:00:00,214,117
4702921684,2016-04-21 13:00:00,112,101
4702921684,2016-04-21 14:00:00,185,111
4702921684,2016-04-21 15:00:00,124,106
4702921684,2016-04-21 16:00:00,215,115
4702921684,2016-04-21 17:00:00,1439,208
4702921684,2016-04-21 18:00:00,608,159
4702921684,2016-04-21 19:00:00,806,181
4702921684,2016-04-21 20:00:00,543,146
4702921684,2016-04-21 21:00:00,0,84
4702921684,2016-04-21 22:00:00,0,84
4702921684,2016-04-21 23:00:00,0,84
4702921684,2016-04-22 00:00:00,0,84
4702921684,2016-04-22 01:00:00,0,84
4702921684,2016-04-22 02:00:00,0,84
4702921684,2016-04-22 03:00:00,0,84
4702921684,2016-04-22 04:00:00,0,84
4702921684,2016-04-22 05:00:00,0,84
4702921684,2016-04-22 06:00:00,0,84
4702921684,2016-04-22 07:00:00,0,84
4702921684,2016-04-22 08:00:00,0,84
4702921684,2016-04-22 09:00:00,0,84
4702921684,2016-04-22 10:00:00,0,84
4702921684,2016-04-22 11:00:00,0,84
4702921684,2016-04-22 12:00:00,0,84
4702921684,2016-04-22 13:00:00,0,84
4702921684,2016-04-22 14:00:00,0,84
4702921684,2016-04-22 15:00:00,0,84
4702921684,2016-04-22 16:00:00,0,84
4702921684,2016-04-22 17:00:00,0,84
4702921684,2016-04-22 18:00:00,0,84
4702921684,2016-04-22 19:00:00,0,84
4702921684,2016-04-22 20:00:00,368,148
4702921684,2016-04-22 21:00:00,939,192
4702921684,2016-04-22 22:00:00,357,134
4702921684,2016-04-22 23:00:00,0,87
4702921684,2016-04-23 00:00:00,0,84
4702921684,2016-04-23 01:00:00,0,85
4702921684,2016-04-23 02:00:00,0,85
4702921684,2016-04-23 03:00:00,0,85
4702921684,2016-04-23 04:00:00,0,85
4702921684,2016-04-23 05:00:00,0,85
4702921684,2016-04-23 06:00:00,0,84
4702921684,2016-04-23 07:00:00,156,110
4702921684,2016-04-23 08:00:00,247,120
4702921684,2016-04-23 09:00:00,1616,234
4702921684,2016-04-23 10:00:00,786,184
4702921684,2016-04-23 11:00:00,2196,277
4702921684,2016-04-23 12:00:00,1615,240
4702921684,2016-04-23 13:00:00,1259,205
4702921684,2016-04-23 14:00:00,964,203
4702921684,2016-04-23 15:00:00,1411,228
4702921684,2016-04-23 16:00:00,856,196
4702921684,2016-04-23 17:00:00,869,178
4702921684,2016-04-23 18:00:00,337,137
4702921684,2016-04-23 19:00:00,652,174
4702921684,2016-04-23 20:00:00,616,167
4702921684,2016-04-23 21:00:00,1272,223
4702921684,2016-04-23 22:00:00,274,138
4702921684,2016-04-23 23:00:00,0,84
4702921684,2016-04-24 00:00:00,0,85
4702921684,2016-04-24 01:00:00,0,84
4702921684,2016-04-24 02:00:00,0,85
4702921684,2016-04-24 03:00:00,4,87
4702921684,2016-04-24 04:00:00,0,85
4702921684,2016-04-24 05:00:00,0,84
4702921684,2016-04-24 06:00:00,23,90
4702921684,2016-04-24 07:00:00,214,110
4702921684,2016-04-24 08:00:00,272,130
4702921684,2016-04-24 09:00:00,684,158
4702921684,2016-04-24 10:00:00,864,184
4702921684,2016-04-24 11:00:00,490,141
4702921684,2016-04-24 12:00:00,3023,335
4702921684,2016-04-24 13:00:00,3962,393
4702921684,2016-04-24 14:00:00,1248,200
4702921684,2016-04-24 15:00:00,102,111
4702921684,2016-04-24 16:00:00,9,92
4702921684,2016-04-24 17:00:00,574,163
4702921684,2016-04-24 18:00:00,1726,237
4702921684,2016-04-24 19:00:00,1045,207
4702921684,2016-04-24 20:00:00,554,169
4702921684,2016-04-24 21:00:00,132,116
4702921684,2016-04-24 22:00:00,124,108
4702921684,2016-04-24 23:00:00,0,85
4702921684,2016-04-25 00:00:00,0,84
4702921684,2016-04-25 01:00:00,0,85
4702921684,2016-04-25 02:00:00,0,85
4702921684,2016-04-25 03:00:00,0,85
4702921684,2016-04-25 04:00:00,0,84
4702921684,2016-04-25 05:00:00,162,104
4702921684,2016-04-25 06:00:00,719,163
4702921684,2016-04-25 07:00:00,249,114
4702921684,2016-04-25 08:00:00,161,102
4702921684,2016-04-25 09:00:00,15,91
4702921684,2016-04-25 10:00:00,203,108
4702921684,2016-04-25 11:00:00,157,110
4702921684,2016-04-25 12:00:00,149,113
4702921684,2016-04-25 13:00:00,273,123
4702921684,2016-04-25 14:00:00,248,127
4702921684,2016-04-25 15:00:00,209,111
4702921684,2016-04-25 16:00:00,182,118
4702921684,2016-04-25 17:00:00,1087,187
4702921684,2016-04-25 18:00:00,577,151
4702921684,2016-04-25 19:00:00,2019,262
4702921684,2016-04-25 20:00:00,691,180
4702921684,2016-04-25 21:00:00,1395,233
4702921684,2016-04-25 22:00:00,644,156
4702921684,2016-04-25 23:00:00,0,84
4702921684,2016-04-26 00:00:00,0,84
4702921684,2016-04-26 01:00:00,0,84
4702921684,2016-04-26 02:00:00,0,85
4702921684,2016-04-26 03:00:00,0,84
4702921684,2016-04-26 04:00:00,0,85
4702921684,2016-04-26 05:00:00,57,92
4702921684,2016-04-26 06:00:00,924,184
4702921684,2016-04-26 07:00:00,263,122
4702921684,2016-04-26 08:00:00,0,84
4702921684,2016-04-26 09:00:00,0,84
4702921684,2016-04-26 10:00:00,0,86
4702921684,2016-04-26 11:00:00,155,106
4702921684,2016-04-26 12:00:00,286,119
4702921684,2016-04-26 13:00:00,86,99
4702921684,2016-04-26 14:00:00,241,113
4702921684,2016-04-26 15:00:00,131,105
4702921684,2016-04-26 16:00:00,31,95
4702921684,2016-04-26 17:00:00,974,176
4702921684,2016-04-26 18:00:00,936,185
4702921684,2016-04-26 19:00:00,741,180
4702921684,2016-04-26 20:00:00,505,159
4702921684,2016-04-26 21:00:00,606,172
4702921684,2016-04-26 22:00:00,172,117
4702921684,2016-04-26 23:00:00,0,84
4702921684,2016-04-27 00:00:00,0,85
4702921684,2016-04-27 01:00:00,0,85
4702921684,2016-04-27 02:00:00,0,85
4702921684,2016-04-27 03:00:00,0,85
4702921684,2016-04-27 04:00:00,0,84
4702921684,2016-04-27 05:00:00,36,91
4702921684,2016-04-27 06:00:00,1249,201
4702921684,2016-04-27 07:00:00,432,146
4702921684,2016-04-27 08:00:00,64,97
4702921684,2016-04-27 09:00:00,40,105
4702921684,2016-04-27 10:00:00,144,104
4702921684,2016-04-27 11:00:00,158,105
4702921684,2016-04-27 12:00:00,226,115
4702921684,2016-04-27 13:00:00,130,110
4702921684,2016-04-27 14:00:00,103,103
4702921684,2016-04-27 15:00:00,205,118
4702921684,2016-04-27 16:00:00,268,122
4702921684,2016-04-27 17:00:00,529,147
4702921684,2016-04-27 18:00:00,594,159
4702921684,2016-04-27 19:00:00,375,154
4702921684,2016-04-27 20:00:00,1649,253
4702921684,2016-04-27 21:00:00,686,171
4702921684,2016-04-27 22:00:00,88,94
4702921684,2016-04-27 23:00:00,0,84
4702921684,2016-04-28 00:00:00,0,84
4702921684,2016-04-28 01:00:00,0,85
4702921684,2016-04-28 02:00:00,0,86
4702921684,2016-04-28 03:00:00,0,85
4702921684,2016-04-28 04:00:00,0,84
4702921684,2016-04-28 05:00:00,6,87
4702921684,2016-04-28 06:00:00,744,163
4702921684,2016-04-28 07:00:00,174,111
4702921684,2016-04-28 08:00:00,107,102
4702921684,2016-04-28 09:00:00,1455,214
4702921684,2016-04-28 10:00:00,89,104
4702921684,2016-04-28 11:00:00,151,102
4702921684,2016-04-28 12:00:00,996,177
4702921684,2016-04-28 13:00:00,104,103
4702921684,2016-04-28 14:00:00,101,105
4702921684,2016-04-28 15:00:00,191,112
4702921684,2016-04-28 16:00:00,156,110
4702921684,2016-04-28 17:00:00,900,171
4702921684,2016-04-28 18:00:00,211,134
4702921684,2016-04-28 19:00:00,1962,268
4702921684,2016-04-28 20:00:00,614,163
4702921684,2016-04-28 21:00:00,612,169
4702921684,2016-04-28 22:00:00,450,129
4702921684,2016-04-28 23:00:00,0,85
4702921684,2016-04-29 00:00:00,0,85
4702921684,2016-04-29 01:00:00,0,86
4702921684,2016-04-29 02:00:00,0,85
4702921684,2016-04-29 03:00:00,0,84
4702921684,2016-04-29 04:00:00,0,84
4702921684,2016-04-29 05:00:00,0,85
4702921684,2016-04-29 06:00:00,816,181
4702921684,2016-04-29 07:00:00,483,140
4702921684,2016-04-29 08:00:00,151,105
4702921684,2016-04-29 09:00:00,901,163
4702921684,2016-04-29 10:00:00,162,105
4702921684,2016-04-29 11:00:00,175,115
4702921684,2016-04-29 12:00:00,1079,186
4702921684,2016-04-29 13:00:00,261,125
4702921684,2016-04-29 14:00:00,155,116
4702921684,2016-04-29 15:00:00,302,133
4702921684,2016-04-29 16:00:00,281,126
4702921684,2016-04-29 17:00:00,1223,200
4702921684,2016-04-29 18:00:00,1123,199
4702921684,2016-04-29 19:00:00,1278,211
4702921684,2016-04-29 20:00:00,678,176
4702921684,2016-04-29 21:00:00,533,163
4702921684,2016-04-29 22:00:00,329,127
4702921684,2016-04-29 23:00:00,0,84
4702921684,2016-04-30 00:00:00,0,84
4702921684,2016-04-30 01:00:00,0,84
4702921684,2016-04-30 02:00:00,0,85
4702921684,2016-04-30 03:00:00,0,85
4702921684,2016-04-30 04:00:00,0,85
4702921684,2016-04-30 05:00:00,0,85
4702921684,2016-04-30 06:00:00,138,104
4702921684,2016-04-30 07:00:00,261,129
4702921684,2016-04-30 08:00:00,545,148
4702921684,2016-04-30 09:00:00,494,158
4702921684,2016-04-30 10:00:00,392,141
4702921684,2016-04-30 11:00:00,2135,267
4702921684,2016-04-30 12:00:00,1083,192
4702921684,2016-04-30 13:00:00,1623,235
4702921684,2016-04-30 14:00:00,1757,254
4702921684,2016-04-30 15:00:00,1009,203
4702921684,2016-04-30 16:00:00,392,152
4702921684,2016-04-30 17:00:00,315,120
4702921684,2016-04-30 18:00:00,0,84
4702921684,2016-04-30 19:00:00,0,84
4702921684,2016-04-30 20:00:00,0,84
4702921684,2016-04-30 21:00:00,0,84
4702921684,2016-04-30 22:00:00,0,84
4702921684,2016-04-30 23:00:00,0,84
4702921684,2016-05-01 00:00:00,0,84
4702921684,2016-05-01 01:00:00,0,84
4702921684,2016-05-01 02:00:00,0,84
4702921684,2016-05-01 03:00:00,0,84
4702921684,2016-05-01 04:00:00,0,84
4702921684,2016-05-01 05:00:00,0,84
4702921684,2016-05-01 06:00:00,0,84
4702921684,2016-05-01 07:00:00,0,84
4702921684,2016-05-01 08:00:00,0,84
4702921684,2016-05-01 09:00:00,0,84
4702921684,2016-05-01 10:00:00,0,84
4702921684,2016-05-01 11:00:00,0,84
4702921684,2016-05-01 12:00:00,0,84
4702921684,2016-05-01 13:00:00,0,84
4702921684,2016-05-01 14:00:00,0,84
4702921684,2016-05-01 15:00:00,0,84
4702921684,2016-05-01 16:00:00,0,84
4702921684,2016-05-01 17:00:00,0,84
4702921684,2016-05-01 18:00:00,0,84
4702921684,2016-05-01 19:00:00,0,84
4702921684,2016-05-01 20:00:00,0,84
4702921684,2016-05-01 21:00:00,0,84
4702921684,2016-05-01 22:00:00,0,84
4702921684,2016-05-01 23:00:00,0,84
4702921684,2016-05-02 00:00:00,0,84
4702921684,2016-05-02 01:00:00,0,84
4702921684,2016-05-02 02:00:00,0,84
4702921684,2016-05-02 03:00:00,0,84
4702921684,2016-05-02 04:00:00,0,84
4702921684,2016-05-02 05:00:00,0,84
4702921684,2016-05-02 06:00:00,0,84
4702921684,2016-05-02 07:00:00,0,84
4702921684,2016-05-02 08:00:00,0,84
4702921684,2016-05-02 09:00:00,0,84
4702921684,2016-05-02 10:00:00,0,85
4702921684,2016-05-02 11:00:00,0,84
4702921684,2016-05-02 12:00:00,212,122
4702921684,2016-05-02 13:00:00,179,122
4702921684,2016-05-02 14:00:00,148,110
4702921684,2016-05-02 15:00:00,75,112
4702921684,2016-05-02 16:00:00,237,124
4702921684,2016-05-02 17:00:00,1507,224
4702921684,2016-05-02 18:00:00,614,163
4702921684,2016-05-02 19:00:00,1848,258
4702921684,2016-05-02 20:00:00,483,153
4702921684,2016-05-02 21:00:00,1507,233
4702921684,2016-05-02 22:00:00,435,144
4702921684,2016-05-02 23:00:00,0,85
4702921684,2016-05-03 00:00:00,0,85
4702921684,2016-05-03 01:00:00,0,85
4702921684,2016-05-03 02:00:00,0,85
4702921684,2016-05-03 03:00:00,13,91
4702921684,2016-05-03 04:00:00,24,92
4702921684,2016-05-03 05:00:00,617,143
4702921684,2016-05-03 06:00:00,1604,233
4702921684,2016-05-03 07:00:00,424,136
4702921684,2016-05-03 08:00:00,169,102
4702921684,2016-05-03 09:00:00,1321,201
4702921684,2016-05-03 10:00:00,54,97
4702921684,2016-05-03 11:00:00,113,102
4702921684,2016-05-03 12:00:00,272,117
4702921684,2016-05-03 13:00:00,176,118
4702921684,2016-05-03 14:00:00,320,127
4702921684,2016-05-03 15:00:00,351,137
4702921684,2016-05-03 16:00:00,163,115
4702921684,2016-05-03 17:00:00,1046,184
4702921684,2016-05-03 18:00:00,539,151
4702921684,2016-05-03 19:00:00,560,164
4702921684,2016-05-03 20:00:00,518,171
4702921684,2016-05-03 21:00:00,656,182
4702921684,2016-05-03 22:00:00,514,142
4702921684,2016-05-03 23:00:00,0,85
4702921684,2016-05-04 00:00:00,0,85
4702921684,2016-05-04 01:00:00,15,89
4702921684,2016-05-04 02:00:00,0,85
4702921684,2016-05-04 03:00:00,0,84
4702921684,2016-05-04 04:00:00,0,86
4702921684,2016-05-04 05:00:00,45,92
4702921684,2016-05-04 06:00:00,713,163
4702921684,2016-05-04 07:00:00,263,120
4702921684,2016-05-04 08:00:00,0,87
4702921684,2016-05-04 09:00:00,783,153
4702921684,2016-05-04 10:00:00,847,164
4702921684,2016-05-04 11:00:00,0,92
4702921684,2016-05-04 12:00:00,273,128
4702921684,2016-05-04 13:00:00,168,115
4702921684,2016-05-04 14:00:00,259,128
4702921684,2016-05-04 15:00:00,0,84
4702921684,2016-05-04 16:00:00,11,89
4702921684,2016-05-04 17:00:00,1353,215
4702921684,2016-05-04 18:00:00,730,170
4702921684,2016-05-04 19:00:00,876,178
4702921684,2016-05-04 20:00:00,537,166
4702921684,2016-05-04 21:00:00,915,203
4702921684,2016-05-04 22:00:00,373,143
4702921684,2016-05-04 23:00:00,0,84
4702921684,2016-05-05 00:00:00,0,85
4702921684,2016-05-05 01:00:00,0,85
4702921684,2016-05-05 02:00:00,11,87
4702921684,2016-05-05 03:00:00,0,85
4702921684,2016-05-05 04:00:00,0,86
4702921684,2016-05-05 05:00:00,11,87
4702921684,2016-05-05 06:00:00,1006,189
4702921684,2016-05-05 07:00:00,160,112
4702921684,2016-05-05 08:00:00,157,106
4702921684,2016-05-05 09:00:00,1326,204
4702921684,2016-05-05 10:00:00,143,110
4702921684,2016-05-05 11:00:00,117,106
4702921684,2016-05-05 12:00:00,1184,193
4702921684,2016-05-05 13:00:00,45,98
4702921684,2016-05-05 14:00:00,119,104
4702921684,2016-05-05 15:00:00,0,90
4702921684,2016-05-05 16:00:00,129,102
4702921684,2016-05-05 17:00:00,901,181
4702921684,2016-05-05 18:00:00,635,164
4702921684,2016-05-05 19:00:00,652,160
4702921684,2016-05-05 20:00:00,789,178
4702921684,2016-05-05 21:00:00,961,187
4702921684,2016-05-05 22:00:00,268,122
4702921684,2016-05-05 23:00:00,0,84
4702921684,2016-05-06 00:00:00,7,87
4702921684,2016-05-06 01:00:00,0,85
4702921684,2016-05-06 02:00:00,12,91
4702921684,2016-05-06 03:00:00,10,89
4702921684,2016-05-06 04:00:00,0,85
4702921684,2016-05-06 05:00:00,0,85
4702921684,2016-05-06 06:00:00,880,173
4702921684,2016-05-06 07:00:00,359,135
4702921684,2016-05-06 08:00:00,252,111
4702921684,2016-05-06 09:00:00,1163,185
4702921684,2016-05-06 10:00:00,113,101
4702921684,2016-05-06 11:00:00,177,113
4702921684,2016-05-06 12:00:00,407,135
4702921684,2016-05-06 13:00:00,126,108
4702921684,2016-05-06 14:00:00,227,114
4702921684,2016-05-06 15:00:00,125,108
4702921684,2016-05-06 16:00:00,695,161
4702921684,2016-05-06 17:00:00,676,164
4702921684,2016-05-06 18:00:00,732,172
4702921684,2016-05-06 19:00:00,575,155
4702921684,2016-05-06 20:00:00,152,122
4702921684,2016-05-06 21:00:00,222,109
4702921684,2016-05-06 22:00:00,0,85
4702921684,2016-05-06 23:00:00,0,84
4702921684,2016-05-07 00:00:00,8,87
4702921684,2016-05-07 01:00:00,0,85
4702921684,2016-05-07 02:00:00,0,85
4702921684,2016-05-07 03:00:00,0,85
4702921684,2016-05-07 04:00:00,0,84
4702921684,2016-05-07 05:00:00,0,85
4702921684,2016-05-07 06:00:00,306,128
4702921684,2016-05-07 07:00:00,742,178
4702921684,2016-05-07 08:00:00,1007,212
4702921684,2016-05-07 09:00:00,509,160
4702921684,2016-05-07 10:00:00,1441,214
4702921684,2016-05-07 11:00:00,1628,231
4702921684,2016-05-07 12:00:00,1598,239
4702921684,2016-05-07 13:00:00,714,179
4702921684,2016-05-07 14:00:00,910,194
4702921684,2016-05-07 15:00:00,1019,199
4702921684,2016-05-07 16:00:00,955,183
4702921684,2016-05-07 17:00:00,506,156
4702921684,2016-05-07 18:00:00,1140,210
4702921684,2016-05-07 19:00:00,266,135
4702921684,2016-05-07 20:00:00,1367,240
4702921684,2016-05-07 21:00:00,249,137
4702921684,2016-05-07 22:00:00,5,92
4702921684,2016-05-07 23:00:00,0,85
4702921684,2016-05-08 00:00:00,0,84
4702921684,2016-05-08 01:00:00,0,84
4702921684,2016-05-08 02:00:00,0,84
4702921684,2016-05-08 03:00:00,0,84
4702921684,2016-05-08 04:00:00,0,84
4702921684,2016-05-08 05:00:00,0,84
4702921684,2016-05-08 06:00:00,0,84
4702921684,2016-05-08 07:00:00,0,84
4702921684,2016-05-08 08:00:00,0,84
4702921684,2016-05-08 09:00:00,39,94
4702921684,2016-05-08 10:00:00,227,131
4702921684,2016-05-08 11:00:00,1570,233
4702921684,2016-05-08 12:00:00,3016,340
4702921684,2016-05-08 13:00:00,1236,207
4702921684,2016-05-08 14:00:00,2336,281
4702921684,2016-05-08 15:00:00,1050,184
4702921684,2016-05-08 16:00:00,2315,280
4702921684,2016-05-08 17:00:00,145,123
4702921684,2016-05-08 18:00:00,347,141
4702921684,2016-05-08 19:00:00,344,136
4702921684,2016-05-08 20:00:00,120,104
4702921684,2016-05-08 21:00:00,38,96
4702921684,2016-05-08 22:00:00,74,97
4702921684,2016-05-08 23:00:00,0,85
4702921684,2016-05-09 00:00:00,0,86
4702921684,2016-05-09 01:00:00,0,84
4702921684,2016-05-09 02:00:00,0,84
4702921684,2016-05-09 03:00:00,0,85
4702921684,2016-05-09 04:00:00,0,84
4702921684,2016-05-09 05:00:00,0,86
4702921684,2016-05-09 06:00:00,1112,184
4702921684,2016-05-09 07:00:00,509,146
4702921684,2016-05-09 08:00:00,0,86
4702921684,2016-05-09 09:00:00,1269,195
4702921684,2016-05-09 10:00:00,105,112
4702921684,2016-05-09 11:00:00,153,106
4702921684,2016-05-09 12:00:00,256,125
4702921684,2016-05-09 13:00:00,298,117
4702921684,2016-05-09 14:00:00,107,106
4702921684,2016-05-09 15:00:00,228,122
4702921684,2016-05-09 16:00:00,237,123
4702921684,2016-05-09 17:00:00,1077,190
4702921684,2016-05-09 18:00:00,1058,192
4702921684,2016-05-09 19:00:00,388,141
4702921684,2016-05-09 20:00:00,683,171
4702921684,2016-05-09 21:00:00,535,156
4702921684,2016-05-09 22:00:00,212,122
4702921684,2016-05-09 23:00:00,5,88
4702921684,2016-05-10 00:00:00,0,85
4702921684,2016-05-10 01:00:00,0,85
4702921684,2016-05-10 02:00:00,0,85
4702921684,2016-05-10 03:00:00,0,84
4702921684,2016-05-10 04:00:00,0,85
4702921684,2016-05-10 05:00:00,0,85
4702921684,2016-05-10 06:00:00,1421,214
4702921684,2016-05-10 07:00:00,280,129
4702921684,2016-05-10 08:00:00,1297,199
4702921684,2016-05-10 09:00:00,149,103
4702921684,2016-05-10 10:00:00,151,101
4702921684,2016-05-10 11:00:00,120,103
4702921684,2016-05-10 12:00:00,1310,199
4702921684,2016-05-10 13:00:00,82,101
4702921684,2016-05-10 14:00:00,75,98
4702921684,2016-05-10 15:00:00,163,111
4702921684,2016-05-10 16:00:00,232,110
4702921684,2016-05-10 17:00:00,820,172
4702921684,2016-05-10 18:00:00,298,133
4702921684,2016-05-10 19:00:00,1917,257
4702921684,2016-05-10 20:00:00,549,170
4702921684,2016-05-10 21:00:00,1523,252
4702921684,2016-05-10 22:00:00,226,126
4702921684,2016-05-10 23:00:00,0,84
4702921684,2016-05-11 00:00:00,0,84
4702921684,2016-05-11 01:00:00,0,84
4702921684,2016-05-11 02:00:00,0,86
4702921684,2016-05-11 03:00:00,0,85
4702921684,2016-05-11 04:00:00,0,85
4702921684,2016-05-11 05:00:00,41,94
4702921684,2016-05-11 06:00:00,776,162
4702921684,2016-05-11 07:00:00,102,92
4702921684,2016-05-11 08:00:00,1355,198
4702921684,2016-05-11 09:00:00,71,100
4702921684,2016-05-11 10:00:00,165,106
4702921684,2016-05-11 11:00:00,272,116
4702921684,2016-05-11 12:00:00,145,106
4702921684,2016-05-11 13:00:00,211,111
4702921684,2016-05-11 14:00:00,328,132
4702921684,2016-05-11 15:00:00,109,102
4702921684,2016-05-11 16:00:00,1016,183
4702921684,2016-05-11 17:00:00,527,158
4702921684,2016-05-11 18:00:00,2503,292
4702921684,2016-05-11 19:00:00,578,138
4702921684,2016-05-11 20:00:00,191,122
4702921684,2016-05-11 21:00:00,1013,206
4702921684,2016-05-11 22:00:00,369,141
4702921684,2016-05-11 23:00:00,0,85
4702921684,2016-05-12 00:00:00,0,85
4702921684,2016-05-12 01:00:00,9,88
4702921684,2016-05-12 02:00:00,0,85
4702921684,2016-05-12 03:00:00,0,86
4702921684,2016-05-12 04:00:00,4,87
4702921684,2016-05-12 05:00:00,0,85
4702921684,2016-05-12 06:00:00,707,164
4702921684,2016-05-12 07:00:00,224,110
4702921684,2016-05-12 08:00:00,154,103
4702921684,2016-05-12 09:00:00,814,164
4702921684,2016-05-12 10:00:00,840,163
5553957443,2016-04-12 00:00:00,2,56
5553957443,2016-04-12 01:00:00,0,55
5553957443,2016-04-12 02:00:00,0,56
5553957443,2016-04-12 03:00:00,0,55
5553957443,2016-04-12 04:00:00,0,56
5553957443,2016-04-12 05:00:00,0,55
5553957443,2016-04-12 06:00:00,248,82
5553957443,2016-04-12 07:00:00,2030,157
5553957443,2016-04-12 08:00:00,1168,109
5553957443,2016-04-12 09:00:00,64,61
5553957443,2016-04-12 10:00:00,65,61
5553957443,2016-04-12 11:00:00,52,60
5553957443,2016-04-12 12:00:00,656,92
5553957443,2016-04-12 13:00:00,459,85
5553957443,2016-04-12 14:00:00,0,57
5553957443,2016-04-12 15:00:00,80,61
5553957443,2016-04-12 16:00:00,2192,157
5553957443,2016-04-12 17:00:00,1243,123
5553957443,2016-04-12 18:00:00,321,93
5553957443,2016-04-12 19:00:00,776,101
5553957443,2016-04-12 20:00:00,330,90
5553957443,2016-04-12 21:00:00,740,104
5553957443,2016-04-12 22:00:00,534,89
5553957443,2016-04-12 23:00:00,636,111
5553957443,2016-04-13 00:00:00,61,60
5553957443,2016-04-13 01:00:00,0,55
5553957443,2016-04-13 02:00:00,0,55
5553957443,2016-04-13 03:00:00,0,55
5553957443,2016-04-13 04:00:00,0,56
5553957443,2016-04-13 05:00:00,0,55
5553957443,2016-04-13 06:00:00,0,55
5553957443,2016-04-13 07:00:00,0,55
5553957443,2016-04-13 08:00:00,121,67
5553957443,2016-04-13 09:00:00,138,67
5553957443,2016-04-13 10:00:00,189,74
5553957443,2016-04-13 11:00:00,32,60
5553957443,2016-04-13 12:00:00,120,64
5553957443,2016-04-13 13:00:00,48,63
5553957443,2016-04-13 14:00:00,29,61
5553957443,2016-04-13 15:00:00,481,98
5553957443,2016-04-13 16:00:00,367,86
5553957443,2016-04-13 17:00:00,268,80
5553957443,2016-04-13 18:00:00,119,73
5553957443,2016-04-13 19:00:00,1130,122
5553957443,2016-04-13 20:00:00,1055,129
5553957443,2016-04-13 21:00:00,415,90
5553957443,2016-04-13 22:00:00,259,83
5553957443,2016-04-13 23:00:00,0,55
5553957443,2016-04-14 00:00:00,16,57
5553957443,2016-04-14 01:00:00,12,57
5553957443,2016-04-14 02:00:00,14,58
5553957443,2016-04-14 03:00:00,11,58
5553957443,2016-04-14 04:00:00,8,57
5553957443,2016-04-14 05:00:00,125,69
5553957443,2016-04-14 06:00:00,1258,142
5553957443,2016-04-14 07:00:00,2257,155
5553957443,2016-04-14 08:00:00,0,57
5553957443,2016-04-14 09:00:00,0,56
5553957443,2016-04-14 10:00:00,107,63
5553957443,2016-04-14 11:00:00,0,56
5553957443,2016-04-14 12:00:00,95,62
5553957443,2016-04-14 13:00:00,478,85
5553957443,2016-04-14 14:00:00,2106,248
5553957443,2016-04-14 15:00:00,249,77
5553957443,2016-04-14 16:00:00,1641,136
5553957443,2016-04-14 17:00:00,5808,304
5553957443,2016-04-14 18:00:00,267,77
5553957443,2016-04-14 19:00:00,143,72
5553957443,2016-04-14 20:00:00,624,102
5553957443,2016-04-14 21:00:00,1519,138
5553957443,2016-04-14 22:00:00,247,80
5553957443,2016-04-14 23:00:00,37,60
5553957443,2016-04-15 00:00:00,6,56
5553957443,2016-04-15 01:00:00,0,55
5553957443,2016-04-15 02:00:00,0,55
5553957443,2016-04-15 03:00:00,7,57
5553957443,2016-04-15 04:00:00,0,55
5553957443,2016-04-15 05:00:00,6,57
5553957443,2016-04-15 06:00:00,860,124
5553957443,2016-04-15 07:00:00,1427,132
5553957443,2016-04-15 08:00:00,146,64
5553957443,2016-04-15 09:00:00,123,64
5553957443,2016-04-15 10:00:00,2718,180
5553957443,2016-04-15 11:00:00,1959,144
5553957443,2016-04-15 12:00:00,874,95
5553957443,2016-04-15 13:00:00,9,58
5553957443,2016-04-15 14:00:00,2183,217
5553957443,2016-04-15 15:00:00,261,77
5553957443,2016-04-15 16:00:00,3256,202
5553957443,2016-04-15 17:00:00,1035,111
5553957443,2016-04-15 18:00:00,762,103
5553957443,2016-04-15 19:00:00,484,82
5553957443,2016-04-15 20:00:00,0,55
5553957443,2016-04-15 21:00:00,148,71
5553957443,2016-04-15 22:00:00,280,84
5553957443,2016-04-15 23:00:00,12,57
5553957443,2016-04-16 00:00:00,0,55
5553957443,2016-04-16 01:00:00,8,57
5553957443,2016-04-16 02:00:00,0,56
5553957443,2016-04-16 03:00:00,10,57
5553957443,2016-04-16 04:00:00,15,58
5553957443,2016-04-16 05:00:00,8,57
5553957443,2016-04-16 06:00:00,9,57
5553957443,2016-04-16 07:00:00,9,56
5553957443,2016-04-16 08:00:00,0,55
5553957443,2016-04-16 09:00:00,65,62
5553957443,2016-04-16 10:00:00,501,94
5553957443,2016-04-16 11:00:00,18,59
5553957443,2016-04-16 12:00:00,17,59
5553957443,2016-04-16 13:00:00,280,81
5553957443,2016-04-16 14:00:00,671,104
5553957443,2016-04-16 15:00:00,564,103
5553957443,2016-04-16 16:00:00,1024,125
5553957443,2016-04-16 17:00:00,783,124
5553957443,2016-04-16 18:00:00,377,88
5553957443,2016-04-16 19:00:00,580,93
5553957443,2016-04-16 20:00:00,408,99
5553957443,2016-04-16 21:00:00,88,74
5553957443,2016-04-16 22:00:00,170,79
5553957443,2016-04-16 23:00:00,166,78
5553957443,2016-04-17 00:00:00,22,61
5553957443,2016-04-17 01:00:00,305,87
5553957443,2016-04-17 02:00:00,133,72
5553957443,2016-04-17 03:00:00,0,55
5553957443,2016-04-17 04:00:00,0,55
5553957443,2016-04-17 05:00:00,24,59
5553957443,2016-04-17 06:00:00,0,55
5553957443,2016-04-17 07:00:00,0,56
5553957443,2016-04-17 08:00:00,0,55
5553957443,2016-04-17 09:00:00,40,59
5553957443,2016-04-17 10:00:00,0,55
5553957443,2016-04-17 11:00:00,0,55
5553957443,2016-04-17 12:00:00,0,55
5553957443,2016-04-17 13:00:00,0,55
5553957443,2016-04-17 14:00:00,0,55
5553957443,2016-04-17 15:00:00,0,55
5553957443,2016-04-17 16:00:00,0,55
5553957443,2016-04-17 17:00:00,0,55
5553957443,2016-04-17 18:00:00,0,55
5553957443,2016-04-17 19:00:00,0,55
5553957443,2016-04-17 20:00:00,0,55
5553957443,2016-04-17 21:00:00,0,55
5553957443,2016-04-17 22:00:00,111,66
5553957443,2016-04-17 23:00:00,20,58
5553957443,2016-04-18 00:00:00,0,55
5553957443,2016-04-18 01:00:00,0,55
5553957443,2016-04-18 02:00:00,0,55
5553957443,2016-04-18 03:00:00,9,57
5553957443,2016-04-18 04:00:00,9,56
5553957443,2016-04-18 05:00:00,6,56
5553957443,2016-04-18 06:00:00,83,65
5553957443,2016-04-18 07:00:00,153,71
5553957443,2016-04-18 08:00:00,10,57
5553957443,2016-04-18 09:00:00,103,63
5553957443,2016-04-18 10:00:00,373,86
5553957443,2016-04-18 11:00:00,374,90
5553957443,2016-04-18 12:00:00,454,96
5553957443,2016-04-18 13:00:00,98,66
5553957443,2016-04-18 14:00:00,0,56
5553957443,2016-04-18 15:00:00,425,98
5553957443,2016-04-18 16:00:00,5,61
5553957443,2016-04-18 17:00:00,519,109
5553957443,2016-04-18 18:00:00,373,82
5553957443,2016-04-18 19:00:00,0,55
5553957443,2016-04-18 20:00:00,409,99
5553957443,2016-04-18 21:00:00,317,84
5553957443,2016-04-18 22:00:00,7,56
5553957443,2016-04-18 23:00:00,0,55
5553957443,2016-04-19 00:00:00,0,55
5553957443,2016-04-19 01:00:00,0,56
5553957443,2016-04-19 02:00:00,116,65
5553957443,2016-04-19 03:00:00,0,55
5553957443,2016-04-19 04:00:00,6,57
5553957443,2016-04-19 05:00:00,0,56
5553957443,2016-04-19 06:00:00,525,112
5553957443,2016-04-19 07:00:00,1983,153
5553957443,2016-04-19 08:00:00,950,100
5553957443,2016-04-19 09:00:00,125,69
5553957443,2016-04-19 10:00:00,6,57
5553957443,2016-04-19 11:00:00,70,59
5553957443,2016-04-19 12:00:00,2379,164
5553957443,2016-04-19 13:00:00,2277,163
5553957443,2016-04-19 14:00:00,7,58
5553957443,2016-04-19 15:00:00,2538,244
5553957443,2016-04-19 16:00:00,448,113
5553957443,2016-04-19 17:00:00,2598,174
5553957443,2016-04-19 18:00:00,554,98
5553957443,2016-04-19 19:00:00,217,84
5553957443,2016-04-19 20:00:00,120,70
5553957443,2016-04-19 21:00:00,466,99
5553957443,2016-04-19 22:00:00,97,69
5553957443,2016-04-19 23:00:00,0,55
5553957443,2016-04-20 00:00:00,0,55
5553957443,2016-04-20 01:00:00,4,57
5553957443,2016-04-20 02:00:00,16,58
5553957443,2016-04-20 03:00:00,0,55
5553957443,2016-04-20 04:00:00,17,58
5553957443,2016-04-20 05:00:00,7,57
5553957443,2016-04-20 06:00:00,96,63
5553957443,2016-04-20 07:00:00,0,55
5553957443,2016-04-20 08:00:00,11,58
5553957443,2016-04-20 09:00:00,0,55
5553957443,2016-04-20 10:00:00,144,65
5553957443,2016-04-20 11:00:00,118,65
5553957443,2016-04-20 12:00:00,479,90
5553957443,2016-04-20 13:00:00,534,96
5553957443,2016-04-20 14:00:00,135,71
5553957443,2016-04-20 15:00:00,42,61
5553957443,2016-04-20 16:00:00,114,65
5553957443,2016-04-20 17:00:00,85,64
5553957443,2016-04-20 18:00:00,38,58
5553957443,2016-04-20 19:00:00,46,62
5553957443,2016-04-20 20:00:00,349,90
5553957443,2016-04-20 21:00:00,228,76
5553957443,2016-04-20 22:00:00,239,80
5553957443,2016-04-20 23:00:00,11,57
5553957443,2016-04-21 00:00:00,0,55
5553957443,2016-04-21 01:00:00,0,55
5553957443,2016-04-21 02:00:00,111,65
5553957443,2016-04-21 03:00:00,0,56
5553957443,2016-04-21 04:00:00,0,55
5553957443,2016-04-21 05:00:00,13,58
5553957443,2016-04-21 06:00:00,410,94
5553957443,2016-04-21 07:00:00,644,96
5553957443,2016-04-21 08:00:00,1844,138
5553957443,2016-04-21 09:00:00,99,62
5553957443,2016-04-21 10:00:00,19,58
5553957443,2016-04-21 11:00:00,198,67
5553957443,2016-04-21 12:00:00,243,75
5553957443,2016-04-21 13:00:00,243,70
5553957443,2016-04-21 14:00:00,11,58
5553957443,2016-04-21 15:00:00,0,56
5553957443,2016-04-21 16:00:00,0,56
5553957443,2016-04-21 17:00:00,2325,234
5553957443,2016-04-21 18:00:00,3026,204
5553957443,2016-04-21 19:00:00,1021,102
5553957443,2016-04-21 20:00:00,9,59
5553957443,2016-04-21 21:00:00,1472,135
5553957443,2016-04-21 22:00:00,39,61
5553957443,2016-04-21 23:00:00,619,98
5553957443,2016-04-22 00:00:00,0,55
5553957443,2016-04-22 01:00:00,0,56
5553957443,2016-04-22 02:00:00,14,57
5553957443,2016-04-22 03:00:00,0,55
5553957443,2016-04-22 04:00:00,0,55
5553957443,2016-04-22 05:00:00,126,69
5553957443,2016-04-22 06:00:00,1360,138
5553957443,2016-04-22 07:00:00,1743,133
5553957443,2016-04-22 08:00:00,326,72
5553957443,2016-04-22 09:00:00,290,72
5553957443,2016-04-22 10:00:00,112,62
5553957443,2016-04-22 11:00:00,91,62
5553957443,2016-04-22 12:00:00,335,78
5553957443,2016-04-22 13:00:00,319,80
5553957443,2016-04-22 14:00:00,556,87
5553957443,2016-04-22 15:00:00,1002,132
5553957443,2016-04-22 16:00:00,1603,197
5553957443,2016-04-22 17:00:00,347,86
5553957443,2016-04-22 18:00:00,538,90
5553957443,2016-04-22 19:00:00,1419,133
5553957443,2016-04-22 20:00:00,489,86
5553957443,2016-04-22 21:00:00,736,104
5553957443,2016-04-22 22:00:00,53,67
5553957443,2016-04-22 23:00:00,211,79
5553957443,2016-04-23 00:00:00,258,82
5553957443,2016-04-23 01:00:00,10,58
5553957443,2016-04-23 02:00:00,9,56
5553957443,2016-04-23 03:00:00,0,56
5553957443,2016-04-23 04:00:00,0,56
5553957443,2016-04-23 05:00:00,76,60
5553957443,2016-04-23 06:00:00,8,57
5553957443,2016-04-23 07:00:00,0,56
5553957443,2016-04-23 08:00:00,0,56
5553957443,2016-04-23 09:00:00,10,57
5553957443,2016-04-23 10:00:00,28,58
5553957443,2016-04-23 11:00:00,102,63
5553957443,2016-04-23 12:00:00,88,69
5553957443,2016-04-23 13:00:00,26,58
5553957443,2016-04-23 14:00:00,0,55
5553957443,2016-04-23 15:00:00,66,68
5553957443,2016-04-23 16:00:00,394,100
5553957443,2016-04-23 17:00:00,412,96
5553957443,2016-04-23 18:00:00,501,114
5553957443,2016-04-23 19:00:00,785,114
5553957443,2016-04-23 20:00:00,484,104
5553957443,2016-04-23 21:00:00,237,95
5553957443,2016-04-23 22:00:00,266,87
5553957443,2016-04-23 23:00:00,350,103
5553957443,2016-04-24 00:00:00,154,71
5553957443,2016-04-24 01:00:00,0,55
5553957443,2016-04-24 02:00:00,0,55
5553957443,2016-04-24 03:00:00,25,57
5553957443,2016-04-24 04:00:00,80,63
5553957443,2016-04-24 05:00:00,18,59
5553957443,2016-04-24 06:00:00,23,58
5553957443,2016-04-24 07:00:00,6,57
5553957443,2016-04-24 08:00:00,0,56
5553957443,2016-04-24 09:00:00,10,58
5553957443,2016-04-24 10:00:00,204,74
5553957443,2016-04-24 11:00:00,119,67
5553957443,2016-04-24 12:00:00,89,67
5553957443,2016-04-24 13:00:00,24,59
5553957443,2016-04-24 14:00:00,80,62
5553957443,2016-04-24 15:00:00,0,55
5553957443,2016-04-24 16:00:00,39,59
5553957443,2016-04-24 17:00:00,297,76
5553957443,2016-04-24 18:00:00,59,63
5553957443,2016-04-24 19:00:00,26,59
5553957443,2016-04-24 20:00:00,251,82
5553957443,2016-04-24 21:00:00,282,84
5553957443,2016-04-24 22:00:00,21,57
5553957443,2016-04-24 23:00:00,0,55
5553957443,2016-04-25 00:00:00,0,55
5553957443,2016-04-25 01:00:00,0,55
5553957443,2016-04-25 02:00:00,0,56
5553957443,2016-04-25 03:00:00,0,55
5553957443,2016-04-25 04:00:00,0,55
5553957443,2016-04-25 05:00:00,40,60
5553957443,2016-04-25 06:00:00,572,102
5553957443,2016-04-25 07:00:00,2715,178
5553957443,2016-04-25 08:00:00,13,58
5553957443,2016-04-25 09:00:00,19,59
5553957443,2016-04-25 10:00:00,108,62
5553957443,2016-04-25 11:00:00,154,68
5553957443,2016-04-25 12:00:00,34,59
5553957443,2016-04-25 13:00:00,2451,236
5553957443,2016-04-25 14:00:00,601,111
5553957443,2016-04-25 15:00:00,275,73
5553957443,2016-04-25 16:00:00,83,67
5553957443,2016-04-25 17:00:00,1838,141
5553957443,2016-04-25 18:00:00,1149,123
5553957443,2016-04-25 19:00:00,380,90
5553957443,2016-04-25 20:00:00,65,64
5553957443,2016-04-25 21:00:00,423,91
5553957443,2016-04-25 22:00:00,26,61
5553957443,2016-04-25 23:00:00,0,55
5553957443,2016-04-26 00:00:00,0,55
5553957443,2016-04-26 01:00:00,0,55
5553957443,2016-04-26 02:00:00,5,57
5553957443,2016-04-26 03:00:00,10,57
5553957443,2016-04-26 04:00:00,0,56
5553957443,2016-04-26 05:00:00,11,57
5553957443,2016-04-26 06:00:00,888,124
5553957443,2016-04-26 07:00:00,2641,172
5553957443,2016-04-26 08:00:00,20,59
5553957443,2016-04-26 09:00:00,161,68
5553957443,2016-04-26 10:00:00,55,64
5553957443,2016-04-26 11:00:00,114,63
5553957443,2016-04-26 12:00:00,2595,231
5553957443,2016-04-26 13:00:00,834,123
5553957443,2016-04-26 14:00:00,74,63
5553957443,2016-04-26 15:00:00,0,55
5553957443,2016-04-26 16:00:00,0,55
5553957443,2016-04-26 17:00:00,2411,165
5553957443,2016-04-26 18:00:00,517,95
5553957443,2016-04-26 19:00:00,406,89
5553957443,2016-04-26 20:00:00,184,83
5553957443,2016-04-26 21:00:00,204,76
5553957443,2016-04-26 22:00:00,691,112
5553957443,2016-04-26 23:00:00,65,64
5553957443,2016-04-27 00:00:00,0,55
5553957443,2016-04-27 01:00:00,0,55
5553957443,2016-04-27 02:00:00,8,57
5553957443,2016-04-27 03:00:00,0,55
5553957443,2016-04-27 04:00:00,4,57
5553957443,2016-04-27 05:00:00,7,56
5553957443,2016-04-27 06:00:00,942,126
5553957443,2016-04-27 07:00:00,1267,124
5553957443,2016-04-27 08:00:00,466,77
5553957443,2016-04-27 09:00:00,177,66
5553957443,2016-04-27 10:00:00,142,64
5553957443,2016-04-27 11:00:00,423,82
5553957443,2016-04-27 12:00:00,480,84
5553957443,2016-04-27 13:00:00,395,78
5553957443,2016-04-27 14:00:00,106,64
5553957443,2016-04-27 15:00:00,542,84
5553957443,2016-04-27 16:00:00,95,62
5553957443,2016-04-27 17:00:00,3605,217
5553957443,2016-04-27 18:00:00,1341,127
5553957443,2016-04-27 19:00:00,4,58
5553957443,2016-04-27 20:00:00,276,85
5553957443,2016-04-27 21:00:00,258,78
5553957443,2016-04-27 22:00:00,0,56
5553957443,2016-04-27 23:00:00,0,55
5553957443,2016-04-28 00:00:00,0,55
5553957443,2016-04-28 01:00:00,0,55
5553957443,2016-04-28 02:00:00,9,57
5553957443,2016-04-28 03:00:00,15,58
5553957443,2016-04-28 04:00:00,0,55
5553957443,2016-04-28 05:00:00,0,55
5553957443,2016-04-28 06:00:00,107,65
5553957443,2016-04-28 07:00:00,2046,160
5553957443,2016-04-28 08:00:00,861,97
5553957443,2016-04-28 09:00:00,170,69
5553957443,2016-04-28 10:00:00,164,70
5553957443,2016-04-28 11:00:00,80,64
5553957443,2016-04-28 12:00:00,118,66
5553957443,2016-04-28 13:00:00,456,87
5553957443,2016-04-28 14:00:00,3729,284
5553957443,2016-04-28 15:00:00,42,59
5553957443,2016-04-28 16:00:00,1999,148
5553957443,2016-04-28 17:00:00,1157,116
5553957443,2016-04-28 18:00:00,31,60
5553957443,2016-04-28 19:00:00,96,66
5553957443,2016-04-28 20:00:00,95,65
5553957443,2016-04-28 21:00:00,210,77
5553957443,2016-04-28 22:00:00,0,55
5553957443,2016-04-28 23:00:00,8,56
5553957443,2016-04-29 00:00:00,0,55
5553957443,2016-04-29 01:00:00,0,55
5553957443,2016-04-29 02:00:00,8,56
5553957443,2016-04-29 03:00:00,60,62
5553957443,2016-04-29 04:00:00,13,58
5553957443,2016-04-29 05:00:00,0,56
5553957443,2016-04-29 06:00:00,687,116
5553957443,2016-04-29 07:00:00,2761,180
5553957443,2016-04-29 08:00:00,179,66
5553957443,2016-04-29 09:00:00,0,57
5553957443,2016-04-29 10:00:00,305,81
5553957443,2016-04-29 11:00:00,2456,254
5553957443,2016-04-29 12:00:00,469,91
5553957443,2016-04-29 13:00:00,359,82
5553957443,2016-04-29 14:00:00,73,64
5553957443,2016-04-29 15:00:00,247,75
5553957443,2016-04-29 16:00:00,2887,192
5553957443,2016-04-29 17:00:00,803,107
5553957443,2016-04-29 18:00:00,662,105
5553957443,2016-04-29 19:00:00,157,75
5553957443,2016-04-29 20:00:00,139,74
5553957443,2016-04-29 21:00:00,165,67
5553957443,2016-04-29 22:00:00,7,59
5553957443,2016-04-29 23:00:00,327,83
5553957443,2016-04-30 00:00:00,0,55
5553957443,2016-04-30 01:00:00,0,55
5553957443,2016-04-30 02:00:00,0,55
5553957443,2016-04-30 03:00:00,0,55
5553957443,2016-04-30 04:00:00,0,55
5553957443,2016-04-30 05:00:00,9,57
5553957443,2016-04-30 06:00:00,32,58
5553957443,2016-04-30 07:00:00,0,56
5553957443,2016-04-30 08:00:00,0,55
5553957443,2016-04-30 09:00:00,0,55
5553957443,2016-04-30 10:00:00,8,57
5553957443,2016-04-30 11:00:00,127,68
5553957443,2016-04-30 12:00:00,143,70
5553957443,2016-04-30 13:00:00,0,56
5553957443,2016-04-30 14:00:00,41,60
5553957443,2016-04-30 15:00:00,38,59
5553957443,2016-04-30 16:00:00,13,57
5553957443,2016-04-30 17:00:00,22,59
5553957443,2016-04-30 18:00:00,61,62
5553957443,2016-04-30 19:00:00,297,92
5553957443,2016-04-30 20:00:00,49,61
5553957443,2016-04-30 21:00:00,113,66
5553957443,2016-04-30 22:00:00,179,76
5553957443,2016-04-30 23:00:00,70,64
5553957443,2016-05-01 00:00:00,0,55
5553957443,2016-05-01 01:00:00,0,55
5553957443,2016-05-01 02:00:00,0,55
5553957443,2016-05-01 03:00:00,0,56
5553957443,2016-05-01 04:00:00,0,55
5553957443,2016-05-01 05:00:00,53,62
5553957443,2016-05-01 06:00:00,5,57
5553957443,2016-05-01 07:00:00,0,55
5553957443,2016-05-01 08:00:00,13,58
5553957443,2016-05-01 09:00:00,174,76
5553957443,2016-05-01 10:00:00,702,114
5553957443,2016-05-01 11:00:00,418,92
5553957443,2016-05-01 12:00:00,1171,133
5553957443,2016-05-01 13:00:00,605,102
5553957443,2016-05-01 14:00:00,225,71
5553957443,2016-05-01 15:00:00,0,55
5553957443,2016-05-01 16:00:00,105,67
5553957443,2016-05-01 17:00:00,332,85
5553957443,2016-05-01 18:00:00,384,77
5553957443,2016-05-01 19:00:00,504,107
5553957443,2016-05-01 20:00:00,322,80
5553957443,2016-05-01 21:00:00,68,61
5553957443,2016-05-01 22:00:00,83,63
5553957443,2016-05-01 23:00:00,0,55
5553957443,2016-05-02 00:00:00,0,55
5553957443,2016-05-02 01:00:00,0,55
5553957443,2016-05-02 02:00:00,8,56
5553957443,2016-05-02 03:00:00,0,55
5553957443,2016-05-02 04:00:00,0,55
5553957443,2016-05-02 05:00:00,24,58
5553957443,2016-05-02 06:00:00,831,118
5553957443,2016-05-02 07:00:00,1649,136
5553957443,2016-05-02 08:00:00,345,74
5553957443,2016-05-02 09:00:00,338,73
5553957443,2016-05-02 10:00:00,332,75
5553957443,2016-05-02 11:00:00,384,76
5553957443,2016-05-02 12:00:00,143,65
5553957443,2016-05-02 13:00:00,82,63
5553957443,2016-05-02 14:00:00,103,61
5553957443,2016-05-02 15:00:00,108,63
5553957443,2016-05-02 16:00:00,2457,219
5553957443,2016-05-02 17:00:00,1386,186
5553957443,2016-05-02 18:00:00,1181,124
5553957443,2016-05-02 19:00:00,102,75
5553957443,2016-05-02 20:00:00,140,71
5553957443,2016-05-02 21:00:00,126,69
5553957443,2016-05-02 22:00:00,30,58
5553957443,2016-05-02 23:00:00,0,55
5553957443,2016-05-03 00:00:00,24,60
5553957443,2016-05-03 01:00:00,8,56
5553957443,2016-05-03 02:00:00,12,56
5553957443,2016-05-03 03:00:00,5,56
5553957443,2016-05-03 04:00:00,0,55
5553957443,2016-05-03 05:00:00,201,77
5553957443,2016-05-03 06:00:00,1528,147
5553957443,2016-05-03 07:00:00,833,99
5553957443,2016-05-03 08:00:00,0,55
5553957443,2016-05-03 09:00:00,106,64
5553957443,2016-05-03 10:00:00,204,68
5553957443,2016-05-03 11:00:00,70,62
5553957443,2016-05-03 12:00:00,612,92
5553957443,2016-05-03 13:00:00,68,58
5553957443,2016-05-03 14:00:00,0,56
5553957443,2016-05-03 15:00:00,25,58
5553957443,2016-05-03 16:00:00,1613,176
5553957443,2016-05-03 17:00:00,2518,195
5553957443,2016-05-03 18:00:00,797,106
5553957443,2016-05-03 19:00:00,1502,133
5553957443,2016-05-03 20:00:00,1362,136
5553957443,2016-05-03 21:00:00,84,67
5553957443,2016-05-03 22:00:00,986,106
5553957443,2016-05-03 23:00:00,263,76
5553957443,2016-05-04 00:00:00,244,75
5553957443,2016-05-04 01:00:00,0,55
5553957443,2016-05-04 02:00:00,10,56
5553957443,2016-05-04 03:00:00,0,56
5553957443,2016-05-04 04:00:00,0,55
5553957443,2016-05-04 05:00:00,0,55
5553957443,2016-05-04 06:00:00,66,61
5553957443,2016-05-04 07:00:00,0,56
5553957443,2016-05-04 08:00:00,61,64
5553957443,2016-05-04 09:00:00,61,60
5553957443,2016-05-04 10:00:00,83,63
5553957443,2016-05-04 11:00:00,23,57
5553957443,2016-05-04 12:00:00,116,67
5553957443,2016-05-04 13:00:00,118,68
5553957443,2016-05-04 14:00:00,321,87
5553957443,2016-05-04 15:00:00,578,99
5553957443,2016-05-04 16:00:00,454,88
5553957443,2016-05-04 17:00:00,432,100
5553957443,2016-05-04 18:00:00,557,99
5553957443,2016-05-04 19:00:00,566,105
5553957443,2016-05-04 20:00:00,111,66
5553957443,2016-05-04 21:00:00,345,86
5553957443,2016-05-04 22:00:00,103,65
5553957443,2016-05-04 23:00:00,0,55
5553957443,2016-05-05 00:00:00,0,55
5553957443,2016-05-05 01:00:00,10,56
5553957443,2016-05-05 02:00:00,0,55
5553957443,2016-05-05 03:00:00,0,55
5553957443,2016-05-05 04:00:00,0,55
5553957443,2016-05-05 05:00:00,5,56
5553957443,2016-05-05 06:00:00,262,85
5553957443,2016-05-05 07:00:00,1366,129
5553957443,2016-05-05 08:00:00,1683,141
5553957443,2016-05-05 09:00:00,376,77
5553957443,2016-05-05 10:00:00,42,59
5553957443,2016-05-05 11:00:00,51,61
5553957443,2016-05-05 12:00:00,262,73
5553957443,2016-05-05 13:00:00,203,69
5553957443,2016-05-05 14:00:00,585,87
5553957443,2016-05-05 15:00:00,90,61
5553957443,2016-05-05 16:00:00,2951,203
5553957443,2016-05-05 17:00:00,3133,219
5553957443,2016-05-05 18:00:00,874,100
5553957443,2016-05-05 19:00:00,744,98
5553957443,2016-05-05 20:00:00,1061,131
5553957443,2016-05-05 21:00:00,271,85
5553957443,2016-05-05 22:00:00,348,88
5553957443,2016-05-05 23:00:00,14,56
5553957443,2016-05-06 00:00:00,0,55
5553957443,2016-05-06 01:00:00,0,55
5553957443,2016-05-06 02:00:00,0,55
5553957443,2016-05-06 03:00:00,13,57
5553957443,2016-05-06 04:00:00,86,62
5553957443,2016-05-06 05:00:00,7,56
5553957443,2016-05-06 06:00:00,225,75
5553957443,2016-05-06 07:00:00,1506,143
5553957443,2016-05-06 08:00:00,2054,147
5553957443,2016-05-06 09:00:00,21,60
5553957443,2016-05-06 10:00:00,4,58
5553957443,2016-05-06 11:00:00,68,62
5553957443,2016-05-06 12:00:00,280,72
5553957443,2016-05-06 13:00:00,52,59
5553957443,2016-05-06 14:00:00,339,83
5553957443,2016-05-06 15:00:00,75,60
5553957443,2016-05-06 16:00:00,0,55
5553957443,2016-05-06 17:00:00,2042,155
5553957443,2016-05-06 18:00:00,897,119
5553957443,2016-05-06 19:00:00,1142,129
5553957443,2016-05-06 20:00:00,293,89
5553957443,2016-05-06 21:00:00,31,58
5553957443,2016-05-06 22:00:00,497,96
5553957443,2016-05-06 23:00:00,0,55
5553957443,2016-05-07 00:00:00,0,55
5553957443,2016-05-07 01:00:00,7,56
5553957443,2016-05-07 02:00:00,0,55
5553957443,2016-05-07 03:00:00,0,55
5553957443,2016-05-07 04:00:00,0,55
5553957443,2016-05-07 05:00:00,0,55
5553957443,2016-05-07 06:00:00,0,55
5553957443,2016-05-07 07:00:00,102,66
5553957443,2016-05-07 08:00:00,0,55
5553957443,2016-05-07 09:00:00,0,55
5553957443,2016-05-07 10:00:00,0,55
5553957443,2016-05-07 11:00:00,0,55
5553957443,2016-05-07 12:00:00,0,55
5553957443,2016-05-07 13:00:00,0,55
5553957443,2016-05-07 14:00:00,80,60
5553957443,2016-05-07 15:00:00,0,55
5553957443,2016-05-07 16:00:00,0,55
5553957443,2016-05-07 17:00:00,98,74
5553957443,2016-05-07 18:00:00,550,94
5553957443,2016-05-07 19:00:00,144,70
5553957443,2016-05-07 20:00:00,56,66
5553957443,2016-05-07 21:00:00,294,76
5553957443,2016-05-07 22:00:00,336,88
5553957443,2016-05-07 23:00:00,201,75
5553957443,2016-05-08 00:00:00,0,55
5553957443,2016-05-08 01:00:00,0,55
5553957443,2016-05-08 02:00:00,0,55
5553957443,2016-05-08 03:00:00,0,55
5553957443,2016-05-08 04:00:00,42,60
5553957443,2016-05-08 05:00:00,9,56
5553957443,2016-05-08 06:00:00,7,57
5553957443,2016-05-08 07:00:00,0,55
5553957443,2016-05-08 08:00:00,0,55
5553957443,2016-05-08 09:00:00,123,68
5553957443,2016-05-08 10:00:00,350,92
5553957443,2016-05-08 11:00:00,9,58
5553957443,2016-05-08 12:00:00,1969,151
5553957443,2016-05-08 13:00:00,870,102
5553957443,2016-05-08 14:00:00,52,65
5553957443,2016-05-08 15:00:00,111,70
5553957443,2016-05-08 16:00:00,287,86
5553957443,2016-05-08 17:00:00,269,78
5553957443,2016-05-08 18:00:00,638,101
5553957443,2016-05-08 19:00:00,767,121
5553957443,2016-05-08 20:00:00,247,72
5553957443,2016-05-08 21:00:00,324,85
5553957443,2016-05-08 22:00:00,9,56
5553957443,2016-05-08 23:00:00,0,55
5553957443,2016-05-09 00:00:00,43,60
5553957443,2016-05-09 01:00:00,5,56
5553957443,2016-05-09 02:00:00,0,55
5553957443,2016-05-09 03:00:00,8,56
5553957443,2016-05-09 04:00:00,0,55
5553957443,2016-05-09 05:00:00,0,55
5553957443,2016-05-09 06:00:00,539,104
5553957443,2016-05-09 07:00:00,1782,150
5553957443,2016-05-09 08:00:00,1470,123
5553957443,2016-05-09 09:00:00,20,58
5553957443,2016-05-09 10:00:00,232,74
5553957443,2016-05-09 11:00:00,153,67
5553957443,2016-05-09 12:00:00,125,67
5553957443,2016-05-09 13:00:00,17,59
5553957443,2016-05-09 14:00:00,4,57
5553957443,2016-05-09 15:00:00,0,56
5553957443,2016-05-09 16:00:00,1736,233
5553957443,2016-05-09 17:00:00,722,260
5553957443,2016-05-09 18:00:00,2661,178
5553957443,2016-05-09 19:00:00,1283,152
5553957443,2016-05-09 20:00:00,443,97
5553957443,2016-05-09 21:00:00,261,76
5553957443,2016-05-09 22:00:00,107,68
5553957443,2016-05-09 23:00:00,0,55
5553957443,2016-05-10 00:00:00,0,55
5553957443,2016-05-10 01:00:00,0,55
5553957443,2016-05-10 02:00:00,0,55
5553957443,2016-05-10 03:00:00,61,61
5553957443,2016-05-10 04:00:00,0,55
5553957443,2016-05-10 05:00:00,0,55
5553957443,2016-05-10 06:00:00,737,119
5553957443,2016-05-10 07:00:00,2830,179
5553957443,2016-05-10 08:00:00,15,59
5553957443,2016-05-10 09:00:00,0,56
5553957443,2016-05-10 10:00:00,7,57
5553957443,2016-05-10 11:00:00,2690,236
5553957443,2016-05-10 12:00:00,3160,248
5553957443,2016-05-10 13:00:00,97,73
5553957443,2016-05-10 14:00:00,0,56
5553957443,2016-05-10 15:00:00,38,61
5553957443,2016-05-10 16:00:00,152,71
5553957443,2016-05-10 17:00:00,2245,160
5553957443,2016-05-10 18:00:00,969,120
5553957443,2016-05-10 19:00:00,309,86
5553957443,2016-05-10 20:00:00,497,98
5553957443,2016-05-10 21:00:00,1098,116
5553957443,2016-05-10 22:00:00,971,114
5553957443,2016-05-10 23:00:00,439,92
5553957443,2016-05-11 00:00:00,109,64
5553957443,2016-05-11 01:00:00,0,55
5553957443,2016-05-11 02:00:00,6,56
5553957443,2016-05-11 03:00:00,0,55
5553957443,2016-05-11 04:00:00,0,55
5553957443,2016-05-11 05:00:00,0,55
5553957443,2016-05-11 06:00:00,5,56
5553957443,2016-05-11 07:00:00,0,55
5553957443,2016-05-11 08:00:00,407,83
5553957443,2016-05-11 09:00:00,79,64
5553957443,2016-05-11 10:00:00,455,91
5553957443,2016-05-11 11:00:00,69,69
5553957443,2016-05-11 12:00:00,392,90
5553957443,2016-05-11 13:00:00,9,57
5553957443,2016-05-11 14:00:00,532,99
5553957443,2016-05-11 15:00:00,523,91
5553957443,2016-05-11 16:00:00,302,75
5553957443,2016-05-11 17:00:00,10,57
5553957443,2016-05-11 18:00:00,469,93
5553957443,2016-05-11 19:00:00,745,92
5553957443,2016-05-11 20:00:00,441,82
5553957443,2016-05-11 21:00:00,344,88
5553957443,2016-05-11 22:00:00,0,55
5553957443,2016-05-11 23:00:00,29,57
5553957443,2016-05-12 00:00:00,11,56
5553957443,2016-05-12 01:00:00,9,56
5553957443,2016-05-12 02:00:00,24,60
5553957443,2016-05-12 03:00:00,0,55
5553957443,2016-05-12 04:00:00,0,55
5553957443,2016-05-12 05:00:00,55,60
5553957443,2016-05-12 06:00:00,312,89
5553957443,2016-05-12 07:00:00,2710,175
5553957443,2016-05-12 08:00:00,0,55
5553957443,2016-05-12 09:00:00,0,55
5577150313,2016-04-12 00:00:00,0,78
5577150313,2016-04-12 01:00:00,0,78
5577150313,2016-04-12 02:00:00,0,78
5577150313,2016-04-12 03:00:00,0,78
5577150313,2016-04-12 04:00:00,0,78
5577150313,2016-04-12 05:00:00,31,84
5577150313,2016-04-12 06:00:00,2073,456
5577150313,2016-04-12 07:00:00,112,143
5577150313,2016-04-12 08:00:00,339,123
5577150313,2016-04-12 09:00:00,120,121
5577150313,2016-04-12 10:00:00,276,188
5577150313,2016-04-12 11:00:00,1434,263
5577150313,2016-04-12 12:00:00,58,106
5577150313,2016-04-12 13:00:00,142,109
5577150313,2016-04-12 14:00:00,14,100
5577150313,2016-04-12 15:00:00,200,118
5577150313,2016-04-12 16:00:00,1653,263
5577150313,2016-04-12 17:00:00,229,140
5577150313,2016-04-12 18:00:00,222,113
5577150313,2016-04-12 19:00:00,875,303
5577150313,2016-04-12 20:00:00,216,128
5577150313,2016-04-12 21:00:00,105,98
5577150313,2016-04-12 22:00:00,36,83
5577150313,2016-04-12 23:00:00,0,77
5577150313,2016-04-13 00:00:00,0,78
5577150313,2016-04-13 01:00:00,0,78
5577150313,2016-04-13 02:00:00,6,80
5577150313,2016-04-13 03:00:00,8,79
5577150313,2016-04-13 04:00:00,64,84
5577150313,2016-04-13 05:00:00,32,86
5577150313,2016-04-13 06:00:00,1908,241
5577150313,2016-04-13 07:00:00,219,106
5577150313,2016-04-13 08:00:00,366,113
5577150313,2016-04-13 09:00:00,71,92
5577150313,2016-04-13 10:00:00,285,117
5577150313,2016-04-13 11:00:00,467,117
5577150313,2016-04-13 12:00:00,0,77
5577150313,2016-04-13 13:00:00,0,77
5577150313,2016-04-13 14:00:00,0,77
5577150313,2016-04-13 15:00:00,0,77
5577150313,2016-04-13 16:00:00,0,77
5577150313,2016-04-13 17:00:00,420,171
5577150313,2016-04-13 18:00:00,0,90
5577150313,2016-04-13 19:00:00,339,115
5577150313,2016-04-13 20:00:00,869,273
5577150313,2016-04-13 21:00:00,23,92
5577150313,2016-04-13 22:00:00,0,77
5577150313,2016-04-13 23:00:00,0,78
5577150313,2016-04-14 00:00:00,72,85
5577150313,2016-04-14 01:00:00,0,77
5577150313,2016-04-14 02:00:00,0,78
5577150313,2016-04-14 03:00:00,0,78
5577150313,2016-04-14 04:00:00,6,79
5577150313,2016-04-14 05:00:00,158,107
5577150313,2016-04-14 06:00:00,1410,414
5577150313,2016-04-14 07:00:00,430,166
5577150313,2016-04-14 08:00:00,98,110
5577150313,2016-04-14 09:00:00,124,113
5577150313,2016-04-14 10:00:00,0,93
5577150313,2016-04-14 11:00:00,1444,354
5577150313,2016-04-14 12:00:00,267,140
5577150313,2016-04-14 13:00:00,169,122
5577150313,2016-04-14 14:00:00,1489,574
5577150313,2016-04-14 15:00:00,870,303
5577150313,2016-04-14 16:00:00,582,293
5577150313,2016-04-14 17:00:00,205,143
5577150313,2016-04-14 18:00:00,119,107
5577150313,2016-04-14 19:00:00,688,240
5577150313,2016-04-14 20:00:00,351,154
5577150313,2016-04-14 21:00:00,100,107
5577150313,2016-04-14 22:00:00,14,82
5577150313,2016-04-14 23:00:00,0,78
5577150313,2016-04-15 00:00:00,48,83
5577150313,2016-04-15 01:00:00,0,78
5577150313,2016-04-15 02:00:00,5,78
5577150313,2016-04-15 03:00:00,6,78
5577150313,2016-04-15 04:00:00,9,79
5577150313,2016-04-15 05:00:00,787,153
5577150313,2016-04-15 06:00:00,1822,425
5577150313,2016-04-15 07:00:00,239,173
5577150313,2016-04-15 08:00:00,215,118
5577150313,2016-04-15 09:00:00,199,126
5577150313,2016-04-15 10:00:00,291,116
5577150313,2016-04-15 11:00:00,1295,230
5577150313,2016-04-15 12:00:00,255,170
5577150313,2016-04-15 13:00:00,581,158
5577150313,2016-04-15 14:00:00,634,181
5577150313,2016-04-15 15:00:00,1940,284
5577150313,2016-04-15 16:00:00,288,160
5577150313,2016-04-15 17:00:00,106,93
5577150313,2016-04-15 18:00:00,785,229
5577150313,2016-04-15 19:00:00,1431,380
5577150313,2016-04-15 20:00:00,1102,347
5577150313,2016-04-15 21:00:00,4,95
5577150313,2016-04-15 22:00:00,45,93
5577150313,2016-04-15 23:00:00,0,76
5577150313,2016-04-16 00:00:00,68,87
5577150313,2016-04-16 01:00:00,4,78
5577150313,2016-04-16 02:00:00,62,85
5577150313,2016-04-16 03:00:00,5,78
5577150313,2016-04-16 04:00:00,0,77
5577150313,2016-04-16 05:00:00,0,77
5577150313,2016-04-16 06:00:00,2088,284
5577150313,2016-04-16 07:00:00,1525,371
5577150313,2016-04-16 08:00:00,85,94
5577150313,2016-04-16 09:00:00,4,84
5577150313,2016-04-16 10:00:00,1526,335
5577150313,2016-04-16 11:00:00,964,225
5577150313,2016-04-16 12:00:00,316,169
5577150313,2016-04-16 13:00:00,1173,421
5577150313,2016-04-16 14:00:00,3729,612
5577150313,2016-04-16 15:00:00,457,155
5577150313,2016-04-16 16:00:00,173,107
5577150313,2016-04-16 17:00:00,471,157
5577150313,2016-04-16 18:00:00,715,237
5577150313,2016-04-16 19:00:00,648,198
5577150313,2016-04-16 20:00:00,241,111
5577150313,2016-04-16 21:00:00,0,76
5577150313,2016-04-16 22:00:00,7,78
5577150313,2016-04-16 23:00:00,0,76
5577150313,2016-04-17 00:00:00,8,78
5577150313,2016-04-17 01:00:00,0,76
5577150313,2016-04-17 02:00:00,62,83
5577150313,2016-04-17 03:00:00,0,76
5577150313,2016-04-17 04:00:00,7,78
5577150313,2016-04-17 05:00:00,8,78
5577150313,2016-04-17 06:00:00,569,249
5577150313,2016-04-17 07:00:00,2249,464
5577150313,2016-04-17 08:00:00,312,150
5577150313,2016-04-17 09:00:00,807,257
5577150313,2016-04-17 10:00:00,1034,237
5577150313,2016-04-17 11:00:00,1091,355
5577150313,2016-04-17 12:00:00,2035,562
5577150313,2016-04-17 13:00:00,1695,405
5577150313,2016-04-17 14:00:00,401,189
5577150313,2016-04-17 15:00:00,222,140
5577150313,2016-04-17 16:00:00,23,99
5577150313,2016-04-17 17:00:00,6,97
5577150313,2016-04-17 18:00:00,401,172
5577150313,2016-04-17 19:00:00,186,106
5577150313,2016-04-17 20:00:00,382,162
5577150313,2016-04-17 21:00:00,719,284
5577150313,2016-04-17 22:00:00,14,78
5577150313,2016-04-17 23:00:00,0,76
5577150313,2016-04-18 00:00:00,0,76
5577150313,2016-04-18 01:00:00,0,76
5577150313,2016-04-18 02:00:00,0,76
5577150313,2016-04-18 03:00:00,0,76
5577150313,2016-04-18 04:00:00,0,76
5577150313,2016-04-18 05:00:00,11,78
5577150313,2016-04-18 06:00:00,0,77
5577150313,2016-04-18 07:00:00,223,115
5577150313,2016-04-18 08:00:00,41,100
5577150313,2016-04-18 09:00:00,4181,424
5577150313,2016-04-18 10:00:00,2539,544
5577150313,2016-04-18 11:00:00,11,128
5577150313,2016-04-18 12:00:00,53,113
5577150313,2016-04-18 13:00:00,7,81
5577150313,2016-04-18 14:00:00,631,189
5577150313,2016-04-18 15:00:00,56,193
5577150313,2016-04-18 16:00:00,419,149
5577150313,2016-04-18 17:00:00,134,112
5577150313,2016-04-18 18:00:00,866,223
5577150313,2016-04-18 19:00:00,362,268
5577150313,2016-04-18 20:00:00,96,145
5577150313,2016-04-18 21:00:00,248,138
5577150313,2016-04-18 22:00:00,0,83
5577150313,2016-04-18 23:00:00,15,85
5577150313,2016-04-19 00:00:00,0,80
5577150313,2016-04-19 01:00:00,0,79
5577150313,2016-04-19 02:00:00,0,80
5577150313,2016-04-19 03:00:00,0,76
5577150313,2016-04-19 04:00:00,0,77
5577150313,2016-04-19 05:00:00,0,76
5577150313,2016-04-19 06:00:00,38,87
5577150313,2016-04-19 07:00:00,3910,359
5577150313,2016-04-19 08:00:00,1704,247
5577150313,2016-04-19 09:00:00,9,102
5577150313,2016-04-19 10:00:00,176,123
5577150313,2016-04-19 11:00:00,69,106
5577150313,2016-04-19 12:00:00,929,187
5577150313,2016-04-19 13:00:00,257,139
5577150313,2016-04-19 14:00:00,2181,314
5577150313,2016-04-19 15:00:00,393,203
5577150313,2016-04-19 16:00:00,249,167
5577150313,2016-04-19 17:00:00,0,101
5577150313,2016-04-19 18:00:00,142,114
5577150313,2016-04-19 19:00:00,114,102
5577150313,2016-04-19 20:00:00,2303,414
5577150313,2016-04-19 21:00:00,74,104
5577150313,2016-04-19 22:00:00,14,82
5577150313,2016-04-19 23:00:00,12,81
5577150313,2016-04-20 00:00:00,0,78
5577150313,2016-04-20 01:00:00,0,76
5577150313,2016-04-20 02:00:00,6,78
5577150313,2016-04-20 03:00:00,4,78
5577150313,2016-04-20 04:00:00,9,78
5577150313,2016-04-20 05:00:00,0,76
5577150313,2016-04-20 06:00:00,0,76
5577150313,2016-04-20 07:00:00,0,76
5577150313,2016-04-20 08:00:00,4000,430
5577150313,2016-04-20 09:00:00,702,240
5577150313,2016-04-20 10:00:00,536,218
5577150313,2016-04-20 11:00:00,307,149
5577150313,2016-04-20 12:00:00,283,169
5577150313,2016-04-20 13:00:00,499,148
5577150313,2016-04-20 14:00:00,343,138
5577150313,2016-04-20 15:00:00,5,95
5577150313,2016-04-20 16:00:00,353,149
5577150313,2016-04-20 17:00:00,60,106
5577150313,2016-04-20 18:00:00,342,147
5577150313,2016-04-20 19:00:00,435,190
5577150313,2016-04-20 20:00:00,281,135
5577150313,2016-04-20 21:00:00,27,83
5577150313,2016-04-20 22:00:00,83,96
5577150313,2016-04-20 23:00:00,55,82
5577150313,2016-04-21 00:00:00,0,79
5577150313,2016-04-21 01:00:00,0,76
5577150313,2016-04-21 02:00:00,5,79
5577150313,2016-04-21 03:00:00,6,78
5577150313,2016-04-21 04:00:00,0,76
5577150313,2016-04-21 05:00:00,5,79
5577150313,2016-04-21 06:00:00,2017,511
5577150313,2016-04-21 07:00:00,326,182
5577150313,2016-04-21 08:00:00,382,136
5577150313,2016-04-21 09:00:00,230,131
5577150313,2016-04-21 10:00:00,0,97
5577150313,2016-04-21 11:00:00,1738,334
5577150313,2016-04-21 12:00:00,64,108
5577150313,2016-04-21 13:00:00,236,149
5577150313,2016-04-21 14:00:00,1409,241
5577150313,2016-04-21 15:00:00,2020,336
5577150313,2016-04-21 16:00:00,477,288
5577150313,2016-04-21 17:00:00,640,265
5577150313,2016-04-21 18:00:00,101,112
5577150313,2016-04-21 19:00:00,788,272
5577150313,2016-04-21 20:00:00,239,131
5577150313,2016-04-21 21:00:00,8,80
5577150313,2016-04-21 22:00:00,139,102
5577150313,2016-04-21 23:00:00,0,77
5577150313,2016-04-22 00:00:00,9,78
5577150313,2016-04-22 01:00:00,0,77
5577150313,2016-04-22 02:00:00,0,77
5577150313,2016-04-22 03:00:00,206,97
5577150313,2016-04-22 04:00:00,0,76
5577150313,2016-04-22 05:00:00,608,137
5577150313,2016-04-22 06:00:00,2196,456
5577150313,2016-04-22 07:00:00,432,163
5577150313,2016-04-22 08:00:00,315,152
5577150313,2016-04-22 09:00:00,293,140
5577150313,2016-04-22 10:00:00,271,132
5577150313,2016-04-22 11:00:00,335,155
5577150313,2016-04-22 12:00:00,540,154
5577150313,2016-04-22 13:00:00,49,85
5577150313,2016-04-22 14:00:00,37,83
5577150313,2016-04-22 15:00:00,9,81
5577150313,2016-04-22 16:00:00,88,90
5577150313,2016-04-22 17:00:00,316,131
5577150313,2016-04-22 18:00:00,663,164
5577150313,2016-04-22 19:00:00,714,162
5577150313,2016-04-22 20:00:00,874,185
5577150313,2016-04-22 21:00:00,92,82
5577150313,2016-04-22 22:00:00,536,221
5577150313,2016-04-22 23:00:00,117,105
5577150313,2016-04-23 00:00:00,6,78
5577150313,2016-04-23 01:00:00,0,79
5577150313,2016-04-23 02:00:00,9,78
5577150313,2016-04-23 03:00:00,0,78
5577150313,2016-04-23 04:00:00,41,82
5577150313,2016-04-23 05:00:00,0,76
5577150313,2016-04-23 06:00:00,193,111
5577150313,2016-04-23 07:00:00,325,185
5577150313,2016-04-23 08:00:00,56,89
5577150313,2016-04-23 09:00:00,346,121
5577150313,2016-04-23 10:00:00,973,243
5577150313,2016-04-23 11:00:00,550,160
5577150313,2016-04-23 12:00:00,376,122
5577150313,2016-04-23 13:00:00,407,154
5577150313,2016-04-23 14:00:00,63,88
5577150313,2016-04-23 15:00:00,1764,263
5577150313,2016-04-23 16:00:00,175,117
5577150313,2016-04-23 17:00:00,854,199
5577150313,2016-04-23 18:00:00,628,217
5577150313,2016-04-23 19:00:00,267,206
5577150313,2016-04-23 20:00:00,556,163
5577150313,2016-04-23 21:00:00,31,87
5577150313,2016-04-23 22:00:00,7,79
5577150313,2016-04-23 23:00:00,11,78
5577150313,2016-04-24 00:00:00,0,77
5577150313,2016-04-24 01:00:00,44,89
5577150313,2016-04-24 02:00:00,58,84
5577150313,2016-04-24 03:00:00,0,77
5577150313,2016-04-24 04:00:00,0,77
5577150313,2016-04-24 05:00:00,0,76
5577150313,2016-04-24 06:00:00,10,78
5577150313,2016-04-24 07:00:00,206,134
5577150313,2016-04-24 08:00:00,175,136
5577150313,2016-04-24 09:00:00,329,122
5577150313,2016-04-24 10:00:00,2833,370
5577150313,2016-04-24 11:00:00,3857,512
5577150313,2016-04-24 12:00:00,191,130
5577150313,2016-04-24 13:00:00,280,130
5577150313,2016-04-24 14:00:00,399,187
5577150313,2016-04-24 15:00:00,3393,525
5577150313,2016-04-24 16:00:00,1512,335
5577150313,2016-04-24 17:00:00,1154,447
5577150313,2016-04-24 18:00:00,399,189
5577150313,2016-04-24 19:00:00,629,239
5577150313,2016-04-24 20:00:00,138,114
5577150313,2016-04-24 21:00:00,108,102
5577150313,2016-04-24 22:00:00,17,81
5577150313,2016-04-24 23:00:00,32,81
5577150313,2016-04-25 00:00:00,7,78
5577150313,2016-04-25 01:00:00,0,76
5577150313,2016-04-25 02:00:00,0,76
5577150313,2016-04-25 03:00:00,7,78
5577150313,2016-04-25 04:00:00,11,78
5577150313,2016-04-25 05:00:00,99,90
5577150313,2016-04-25 06:00:00,1597,408
5577150313,2016-04-25 07:00:00,657,183
5577150313,2016-04-25 08:00:00,304,120
5577150313,2016-04-25 09:00:00,83,108
5577150313,2016-04-25 10:00:00,253,290
5577150313,2016-04-25 11:00:00,568,191
5577150313,2016-04-25 12:00:00,236,195
5577150313,2016-04-25 13:00:00,202,194
5577150313,2016-04-25 14:00:00,211,120
5577150313,2016-04-25 15:00:00,190,114
5577150313,2016-04-25 16:00:00,365,166
5577150313,2016-04-25 17:00:00,449,129
5577150313,2016-04-25 18:00:00,86,97
5577150313,2016-04-25 19:00:00,734,213
5577150313,2016-04-25 20:00:00,229,118
5577150313,2016-04-25 21:00:00,95,93
5577150313,2016-04-25 22:00:00,10,83
5577150313,2016-04-25 23:00:00,0,76
5577150313,2016-04-26 00:00:00,42,79
5577150313,2016-04-26 01:00:00,0,76
5577150313,2016-04-26 02:00:00,0,77
5577150313,2016-04-26 03:00:00,0,76
5577150313,2016-04-26 04:00:00,20,81
5577150313,2016-04-26 05:00:00,884,230
5577150313,2016-04-26 06:00:00,1128,296
5577150313,2016-04-26 07:00:00,212,124
5577150313,2016-04-26 08:00:00,129,155
5577150313,2016-04-26 09:00:00,10,102
5577150313,2016-04-26 10:00:00,168,112
5577150313,2016-04-26 11:00:00,280,128
5577150313,2016-04-26 12:00:00,596,169
5577150313,2016-04-26 13:00:00,125,197
5577150313,2016-04-26 14:00:00,265,148
5577150313,2016-04-26 15:00:00,117,111
5577150313,2016-04-26 16:00:00,205,114
5577150313,2016-04-26 17:00:00,0,86
5577150313,2016-04-26 18:00:00,298,115
5577150313,2016-04-26 19:00:00,368,152
5577150313,2016-04-26 20:00:00,370,212
5577150313,2016-04-26 21:00:00,77,93
5577150313,2016-04-26 22:00:00,0,76
5577150313,2016-04-26 23:00:00,31,79
5577150313,2016-04-27 00:00:00,0,76
5577150313,2016-04-27 01:00:00,5,78
5577150313,2016-04-27 02:00:00,0,77
5577150313,2016-04-27 03:00:00,0,76
5577150313,2016-04-27 04:00:00,0,76
5577150313,2016-04-27 05:00:00,313,108
5577150313,2016-04-27 06:00:00,2153,430
5577150313,2016-04-27 07:00:00,286,141
5577150313,2016-04-27 08:00:00,290,128
5577150313,2016-04-27 09:00:00,429,167
5577150313,2016-04-27 10:00:00,92,107
5577150313,2016-04-27 11:00:00,207,137
5577150313,2016-04-27 12:00:00,168,116
5577150313,2016-04-27 13:00:00,117,109
5577150313,2016-04-27 14:00:00,15,98
5577150313,2016-04-27 15:00:00,382,188
5577150313,2016-04-27 16:00:00,350,150
5577150313,2016-04-27 17:00:00,252,113
5577150313,2016-04-27 18:00:00,418,172
5577150313,2016-04-27 19:00:00,939,387
5577150313,2016-04-27 20:00:00,61,90
5577150313,2016-04-27 21:00:00,203,99
5577150313,2016-04-27 22:00:00,118,91
5577150313,2016-04-27 23:00:00,7,78
5577150313,2016-04-28 00:00:00,10,80
5577150313,2016-04-28 01:00:00,0,79
5577150313,2016-04-28 02:00:00,4,78
5577150313,2016-04-28 03:00:00,0,76
5577150313,2016-04-28 04:00:00,0,76
5577150313,2016-04-28 05:00:00,1064,169
5577150313,2016-04-28 06:00:00,1556,381
5577150313,2016-04-28 07:00:00,356,213
5577150313,2016-04-28 08:00:00,238,144
5577150313,2016-04-28 09:00:00,117,100
5577150313,2016-04-28 10:00:00,100,111
5577150313,2016-04-28 11:00:00,1635,312
5577150313,2016-04-28 12:00:00,0,76
5577150313,2016-04-28 13:00:00,1001,189
5577150313,2016-04-28 14:00:00,1076,199
5577150313,2016-04-28 15:00:00,511,187
5577150313,2016-04-28 16:00:00,106,110
5577150313,2016-04-28 17:00:00,526,174
5577150313,2016-04-28 18:00:00,153,105
5577150313,2016-04-28 19:00:00,1035,331
5577150313,2016-04-28 20:00:00,241,132
5577150313,2016-04-28 21:00:00,112,106
5577150313,2016-04-28 22:00:00,0,76
5577150313,2016-04-28 23:00:00,0,77
5577150313,2016-04-29 00:00:00,0,76
5577150313,2016-04-29 01:00:00,58,82
5577150313,2016-04-29 02:00:00,0,76
5577150313,2016-04-29 03:00:00,0,77
5577150313,2016-04-29 04:00:00,0,76
5577150313,2016-04-29 05:00:00,31,81
5577150313,2016-04-29 06:00:00,1744,411
5577150313,2016-04-29 07:00:00,562,239
5577150313,2016-04-29 08:00:00,148,117
5577150313,2016-04-29 09:00:00,383,153
5577150313,2016-04-29 10:00:00,158,136
5577150313,2016-04-29 11:00:00,252,154
5577150313,2016-04-29 12:00:00,353,150
5577150313,2016-04-29 13:00:00,86,87
5577150313,2016-04-29 14:00:00,68,93
5577150313,2016-04-29 15:00:00,80,102
5577150313,2016-04-29 16:00:00,119,112
5577150313,2016-04-29 17:00:00,143,91
5577150313,2016-04-29 18:00:00,413,142
5577150313,2016-04-29 19:00:00,1014,372
5577150313,2016-04-29 20:00:00,2206,463
5577150313,2016-04-29 21:00:00,28,88
5577150313,2016-04-29 22:00:00,78,89
5577150313,2016-04-29 23:00:00,0,76
5577150313,2016-04-30 00:00:00,0,77
5577150313,2016-04-30 01:00:00,0,76
5577150313,2016-04-30 02:00:00,0,77
5577150313,2016-04-30 03:00:00,0,76
5577150313,2016-04-30 04:00:00,0,76
5577150313,2016-04-30 05:00:00,9,79
5577150313,2016-04-30 06:00:00,86,90
5577150313,2016-04-30 07:00:00,199,112
5577150313,2016-04-30 08:00:00,256,125
5577150313,2016-04-30 09:00:00,72,98
5577150313,2016-04-30 10:00:00,1228,390
5577150313,2016-04-30 11:00:00,2444,519
5577150313,2016-04-30 12:00:00,952,253
5577150313,2016-04-30 13:00:00,1031,332
5577150313,2016-04-30 14:00:00,621,299
5577150313,2016-04-30 15:00:00,240,130
5577150313,2016-04-30 16:00:00,36,87
5577150313,2016-04-30 17:00:00,390,154
5577150313,2016-04-30 18:00:00,2249,586
5577150313,2016-04-30 19:00:00,1832,410
5577150313,2016-04-30 20:00:00,278,139
5577150313,2016-04-30 21:00:00,259,126
5577150313,2016-04-30 22:00:00,125,102
5577150313,2016-04-30 23:00:00,56,89
5577150313,2016-05-01 00:00:00,0,76
5577150313,2016-05-01 01:00:00,8,78
5577150313,2016-05-01 02:00:00,11,80
5577150313,2016-05-01 03:00:00,0,78
5577150313,2016-05-01 04:00:00,0,76
5577150313,2016-05-01 05:00:00,0,76
5577150313,2016-05-01 06:00:00,133,105
5577150313,2016-05-01 07:00:00,21,86
5577150313,2016-05-01 08:00:00,1404,335
5577150313,2016-05-01 09:00:00,2010,374
5577150313,2016-05-01 10:00:00,2161,524
5577150313,2016-05-01 11:00:00,2110,467
5577150313,2016-05-01 12:00:00,230,159
5577150313,2016-05-01 13:00:00,369,155
5577150313,2016-05-01 14:00:00,643,177
5577150313,2016-05-01 15:00:00,281,137
5577150313,2016-05-01 16:00:00,1028,308
5577150313,2016-05-01 17:00:00,288,130
5577150313,2016-05-01 18:00:00,1098,371
5577150313,2016-05-01 19:00:00,1388,395
5577150313,2016-05-01 20:00:00,108,106
5577150313,2016-05-01 21:00:00,71,96
5577150313,2016-05-01 22:00:00,0,76
5577150313,2016-05-01 23:00:00,6,80
5577150313,2016-05-02 00:00:00,0,76
5577150313,2016-05-02 01:00:00,0,76
5577150313,2016-05-02 02:00:00,67,84
5577150313,2016-05-02 03:00:00,0,76
5577150313,2016-05-02 04:00:00,0,76
5577150313,2016-05-02 05:00:00,8,79
5577150313,2016-05-02 06:00:00,1856,413
5577150313,2016-05-02 07:00:00,556,244
5577150313,2016-05-02 08:00:00,210,116
5577150313,2016-05-02 09:00:00,74,106
5577150313,2016-05-02 10:00:00,448,186
5577150313,2016-05-02 11:00:00,391,129
5577150313,2016-05-02 12:00:00,259,105
5577150313,2016-05-02 13:00:00,610,136
5577150313,2016-05-02 14:00:00,564,135
5577150313,2016-05-02 15:00:00,495,145
5577150313,2016-05-02 16:00:00,297,115
5577150313,2016-05-02 17:00:00,146,94
5577150313,2016-05-02 18:00:00,345,107
5577150313,2016-05-02 19:00:00,255,109
5577150313,2016-05-02 20:00:00,695,146
5577150313,2016-05-02 21:00:00,63,86
5577150313,2016-05-02 22:00:00,43,83
5577150313,2016-05-02 23:00:00,32,89
5577150313,2016-05-03 00:00:00,582,200
5577150313,2016-05-03 01:00:00,1719,286
5577150313,2016-05-03 02:00:00,203,213
5577150313,2016-05-03 03:00:00,101,106
5577150313,2016-05-03 04:00:00,1036,209
5577150313,2016-05-03 05:00:00,717,201
5577150313,2016-05-03 06:00:00,419,141
5577150313,2016-05-03 07:00:00,520,173
5577150313,2016-05-03 08:00:00,271,160
5577150313,2016-05-03 09:00:00,1775,244
5577150313,2016-05-03 10:00:00,2557,495
5577150313,2016-05-03 11:00:00,129,108
5577150313,2016-05-03 12:00:00,10,81
5577150313,2016-05-03 13:00:00,10,78
5577150313,2016-05-03 14:00:00,0,76
5577150313,2016-05-03 15:00:00,12,81
5577150313,2016-05-03 16:00:00,0,76
5577150313,2016-05-03 17:00:00,0,76
5577150313,2016-05-03 18:00:00,0,77
5577150313,2016-05-03 19:00:00,9,78
5577150313,2016-05-03 20:00:00,21,82
5577150313,2016-05-03 21:00:00,394,186
5577150313,2016-05-03 22:00:00,540,257
5577150313,2016-05-03 23:00:00,20,112
5577150313,2016-05-04 00:00:00,342,148
5577150313,2016-05-04 01:00:00,36,94
5577150313,2016-05-04 02:00:00,316,131
5577150313,2016-05-04 03:00:00,40,99
5577150313,2016-05-04 04:00:00,390,162
5577150313,2016-05-04 05:00:00,287,126
5577150313,2016-05-04 06:00:00,77,131
5577150313,2016-05-04 07:00:00,354,136
5577150313,2016-05-04 08:00:00,450,180
5577150313,2016-05-04 09:00:00,1673,231
5577150313,2016-05-04 10:00:00,476,154
5577150313,2016-05-04 11:00:00,0,76
5577150313,2016-05-04 12:00:00,9,79
5577150313,2016-05-04 13:00:00,0,77
5577150313,2016-05-04 14:00:00,0,76
5577150313,2016-05-04 15:00:00,0,78
5577150313,2016-05-04 16:00:00,0,76
5577150313,2016-05-04 17:00:00,0,76
5577150313,2016-05-04 18:00:00,0,77
5577150313,2016-05-04 19:00:00,0,77
5577150313,2016-05-04 20:00:00,6,78
5577150313,2016-05-04 21:00:00,110,112
5577150313,2016-05-04 22:00:00,616,174
5577150313,2016-05-04 23:00:00,24,109
5577150313,2016-05-05 00:00:00,297,152
5577150313,2016-05-05 01:00:00,0,76
5577150313,2016-05-05 02:00:00,0,76
5577150313,2016-05-05 03:00:00,0,76
5577150313,2016-05-05 04:00:00,0,76
5577150313,2016-05-05 05:00:00,0,76
5577150313,2016-05-05 06:00:00,0,76
5577150313,2016-05-05 07:00:00,0,76
5577150313,2016-05-05 08:00:00,0,76
5577150313,2016-05-05 09:00:00,0,77
5577150313,2016-05-05 10:00:00,243,121
5577150313,2016-05-05 11:00:00,828,168
5577150313,2016-05-05 12:00:00,2089,276
5577150313,2016-05-05 13:00:00,7,84
5577150313,2016-05-05 14:00:00,523,178
5577150313,2016-05-05 15:00:00,12,92
5577150313,2016-05-05 16:00:00,57,104
5577150313,2016-05-05 17:00:00,668,191
5577150313,2016-05-05 18:00:00,145,101
5577150313,2016-05-05 19:00:00,1142,235
5577150313,2016-05-05 20:00:00,226,183
5577150313,2016-05-05 21:00:00,1313,286
5577150313,2016-05-05 22:00:00,0,76
5577150313,2016-05-05 23:00:00,0,76
5577150313,2016-05-06 00:00:00,0,76
5577150313,2016-05-06 01:00:00,0,76
5577150313,2016-05-06 02:00:00,0,76
5577150313,2016-05-06 03:00:00,0,76
5577150313,2016-05-06 04:00:00,0,76
5577150313,2016-05-06 05:00:00,0,76
5577150313,2016-05-06 06:00:00,5,81
5577150313,2016-05-06 07:00:00,923,319
5577150313,2016-05-06 08:00:00,798,190
5577150313,2016-05-06 09:00:00,4,83
5577150313,2016-05-06 10:00:00,770,185
5577150313,2016-05-06 11:00:00,1537,261
5577150313,2016-05-06 12:00:00,511,179
5577150313,2016-05-06 13:00:00,69,94
5577150313,2016-05-06 14:00:00,180,97
5577150313,2016-05-06 15:00:00,0,78
5577150313,2016-05-06 16:00:00,153,90
5577150313,2016-05-06 17:00:00,0,76
5577150313,2016-05-06 18:00:00,0,76
5577150313,2016-05-06 19:00:00,0,76
5577150313,2016-05-06 20:00:00,0,76
5577150313,2016-05-06 21:00:00,0,76
5577150313,2016-05-06 22:00:00,0,76
5577150313,2016-05-06 23:00:00,0,76
5577150313,2016-05-07 00:00:00,0,76
5577150313,2016-05-07 01:00:00,0,76
5577150313,2016-05-07 02:00:00,0,76
5577150313,2016-05-07 03:00:00,0,76
5577150313,2016-05-07 04:00:00,0,76
5577150313,2016-05-07 05:00:00,0,76
5577150313,2016-05-07 06:00:00,0,76
5577150313,2016-05-07 07:00:00,0,76
5577150313,2016-05-07 08:00:00,0,76
5577150313,2016-05-07 09:00:00,0,76
5577150313,2016-05-07 10:00:00,0,76
5577150313,2016-05-07 11:00:00,0,76
5577150313,2016-05-07 12:00:00,0,76
5577150313,2016-05-07 13:00:00,0,76
5577150313,2016-05-07 14:00:00,0,76
5577150313,2016-05-07 15:00:00,0,76
5577150313,2016-05-07 16:00:00,0,76
5577150313,2016-05-07 17:00:00,0,76
5577150313,2016-05-07 18:00:00,0,76
5577150313,2016-05-07 19:00:00,0,76
5577150313,2016-05-07 20:00:00,0,76
5577150313,2016-05-07 21:00:00,0,76
5577150313,2016-05-07 22:00:00,0,76
5577150313,2016-05-07 23:00:00,0,76
5577150313,2016-05-08 00:00:00,0,76
5577150313,2016-05-08 01:00:00,0,76
5577150313,2016-05-08 02:00:00,0,76
5577150313,2016-05-08 03:00:00,0,76
5577150313,2016-05-08 04:00:00,0,76
5577150313,2016-05-08 05:00:00,0,76
5577150313,2016-05-08 06:00:00,0,76
5577150313,2016-05-08 07:00:00,0,76
5577150313,2016-05-08 08:00:00,0,76
5577150313,2016-05-08 09:00:00,0,76
5577150313,2016-05-08 10:00:00,0,76
5577150313,2016-05-08 11:00:00,0,76
5577150313,2016-05-08 12:00:00,0,76
5577150313,2016-05-08 13:00:00,0,76
5577150313,2016-05-08 14:00:00,0,76
5577150313,2016-05-08 15:00:00,0,76
5577150313,2016-05-08 16:00:00,0,76
5577150313,2016-05-08 17:00:00,0,76
5577150313,2016-05-08 18:00:00,0,76
5577150313,2016-05-08 19:00:00,0,76
5577150313,2016-05-08 20:00:00,0,76
5577150313,2016-05-08 21:00:00,0,76
5577150313,2016-05-08 22:00:00,0,76
5577150313,2016-05-08 23:00:00,0,76
5577150313,2016-05-09 00:00:00,0,76
5577150313,2016-05-09 01:00:00,0,76
5577150313,2016-05-09 02:00:00,0,76
5577150313,2016-05-09 03:00:00,0,76
5577150313,2016-05-09 04:00:00,0,76
5577150313,2016-05-09 05:00:00,0,76
5577150313,2016-05-09 06:00:00,0,76
5577150313,2016-05-09 07:00:00,0,76
5577150313,2016-05-09 08:00:00,0,76
5577150313,2016-05-09 09:00:00,0,76
5577150313,2016-05-09 10:00:00,0,76
5577150313,2016-05-09 11:00:00,57,84
5577150313,2016-05-09 12:00:00,1305,198
5577150313,2016-05-09 13:00:00,166,110
5577150313,2016-05-09 14:00:00,217,198
5577150313,2016-05-09 15:00:00,250,131
5577150313,2016-05-09 16:00:00,82,98
5577150313,2016-05-09 17:00:00,252,116
5577150313,2016-05-09 18:00:00,175,118
5577150313,2016-05-09 19:00:00,652,254
5577150313,2016-05-09 20:00:00,144,95
5577150313,2016-05-09 21:00:00,68,90
5577150313,2016-05-09 22:00:00,0,76
5577150313,2016-05-09 23:00:00,53,86
5577150313,2016-05-10 00:00:00,8,79
5577150313,2016-05-10 01:00:00,0,76
5577150313,2016-05-10 02:00:00,4,78
5577150313,2016-05-10 03:00:00,0,76
5577150313,2016-05-10 04:00:00,0,76
5577150313,2016-05-10 05:00:00,182,96
5577150313,2016-05-10 06:00:00,1559,397
5577150313,2016-05-10 07:00:00,163,161
5577150313,2016-05-10 08:00:00,183,241
5577150313,2016-05-10 09:00:00,578,208
5577150313,2016-05-10 10:00:00,119,121
5577150313,2016-05-10 11:00:00,1572,307
5577150313,2016-05-10 12:00:00,61,102
5577150313,2016-05-10 13:00:00,319,129
5577150313,2016-05-10 14:00:00,1911,330
5577150313,2016-05-10 15:00:00,241,191
5577150313,2016-05-10 16:00:00,268,138
5577150313,2016-05-10 17:00:00,460,191
5577150313,2016-05-10 18:00:00,148,120
5577150313,2016-05-10 19:00:00,848,322
5577150313,2016-05-10 20:00:00,102,129
5577150313,2016-05-10 21:00:00,82,110
5577150313,2016-05-10 22:00:00,4,80
5577150313,2016-05-10 23:00:00,57,84
5577150313,2016-05-11 00:00:00,0,77
5577150313,2016-05-11 01:00:00,0,79
5577150313,2016-05-11 02:00:00,14,80
5577150313,2016-05-11 03:00:00,0,76
5577150313,2016-05-11 04:00:00,14,79
5577150313,2016-05-11 05:00:00,42,84
5577150313,2016-05-11 06:00:00,1589,415
5577150313,2016-05-11 07:00:00,187,160
5577150313,2016-05-11 08:00:00,248,115
5577150313,2016-05-11 09:00:00,255,134
5577150313,2016-05-11 10:00:00,304,109
5577150313,2016-05-11 11:00:00,1276,242
6117666160,2016-04-12 00:00:00,0,62
6117666160,2016-04-12 01:00:00,0,62
6117666160,2016-04-12 02:00:00,0,62
6117666160,2016-04-12 03:00:00,0,62
6117666160,2016-04-12 04:00:00,0,62
6117666160,2016-04-12 05:00:00,0,62
6117666160,2016-04-12 06:00:00,0,62
6117666160,2016-04-12 07:00:00,0,62
6117666160,2016-04-12 08:00:00,0,62
6117666160,2016-04-12 09:00:00,0,62
6117666160,2016-04-12 10:00:00,0,62
6117666160,2016-04-12 11:00:00,0,62
6117666160,2016-04-12 12:00:00,0,62
6117666160,2016-04-12 13:00:00,0,62
6117666160,2016-04-12 14:00:00,0,62
6117666160,2016-04-12 15:00:00,0,62
6117666160,2016-04-12 16:00:00,0,62
6117666160,2016-04-12 17:00:00,0,62
6117666160,2016-04-12 18:00:00,0,62
6117666160,2016-04-12 19:00:00,0,62
6117666160,2016-04-12 20:00:00,0,62
6117666160,2016-04-12 21:00:00,0,62
6117666160,2016-04-12 22:00:00,0,62
6117666160,2016-04-12 23:00:00,0,62
6117666160,2016-04-13 00:00:00,0,62
6117666160,2016-04-13 01:00:00,0,62
6117666160,2016-04-13 02:00:00,0,62
6117666160,2016-04-13 03:00:00,0,62
6117666160,2016-04-13 04:00:00,0,62
6117666160,2016-04-13 05:00:00,0,62
6117666160,2016-04-13 06:00:00,0,62
6117666160,2016-04-13 07:00:00,0,62
6117666160,2016-04-13 08:00:00,0,62
6117666160,2016-04-13 09:00:00,0,62
6117666160,2016-04-13 10:00:00,0,62
6117666160,2016-04-13 11:00:00,0,62
6117666160,2016-04-13 12:00:00,0,62
6117666160,2016-04-13 13:00:00,0,62
6117666160,2016-04-13 14:00:00,0,62
6117666160,2016-04-13 15:00:00,0,62
6117666160,2016-04-13 16:00:00,0,62
6117666160,2016-04-13 17:00:00,0,62
6117666160,2016-04-13 18:00:00,0,62
6117666160,2016-04-13 19:00:00,0,62
6117666160,2016-04-13 20:00:00,0,62
6117666160,2016-04-13 21:00:00,0,62
6117666160,2016-04-13 22:00:00,0,62
6117666160,2016-04-13 23:00:00,0,62
6117666160,2016-04-14 00:00:00,0,62
6117666160,2016-04-14 01:00:00,0,62
6117666160,2016-04-14 02:00:00,0,62
6117666160,2016-04-14 03:00:00,0,62
6117666160,2016-04-14 04:00:00,0,62
6117666160,2016-04-14 05:00:00,0,62
6117666160,2016-04-14 06:00:00,0,62
6117666160,2016-04-14 07:00:00,0,62
6117666160,2016-04-14 08:00:00,0,62
6117666160,2016-04-14 09:00:00,0,62
6117666160,2016-04-14 10:00:00,0,62
6117666160,2016-04-14 11:00:00,0,62
6117666160,2016-04-14 12:00:00,0,62
6117666160,2016-04-14 13:00:00,0,62
6117666160,2016-04-14 14:00:00,0,62
6117666160,2016-04-14 15:00:00,0,62
6117666160,2016-04-14 16:00:00,0,62
6117666160,2016-04-14 17:00:00,0,62
6117666160,2016-04-14 18:00:00,0,62
6117666160,2016-04-14 19:00:00,0,62
6117666160,2016-04-14 20:00:00,0,62
6117666160,2016-04-14 21:00:00,0,62
6117666160,2016-04-14 22:00:00,0,62
6117666160,2016-04-14 23:00:00,0,62
6117666160,2016-04-15 00:00:00,0,62
6117666160,2016-04-15 01:00:00,0,62
6117666160,2016-04-15 02:00:00,0,62
6117666160,2016-04-15 03:00:00,0,62
6117666160,2016-04-15 04:00:00,0,62
6117666160,2016-04-15 05:00:00,0,62
6117666160,2016-04-15 06:00:00,0,62
6117666160,2016-04-15 07:00:00,0,62
6117666160,2016-04-15 08:00:00,0,62
6117666160,2016-04-15 09:00:00,0,62
6117666160,2016-04-15 10:00:00,0,62
6117666160,2016-04-15 11:00:00,1201,148
6117666160,2016-04-15 12:00:00,2175,205
6117666160,2016-04-15 13:00:00,1020,172
6117666160,2016-04-15 14:00:00,1000,174
6117666160,2016-04-15 15:00:00,831,173
6117666160,2016-04-15 16:00:00,1427,193
6117666160,2016-04-15 17:00:00,1313,213
6117666160,2016-04-15 18:00:00,1195,184
6117666160,2016-04-15 19:00:00,1277,185
6117666160,2016-04-15 20:00:00,1523,218
6117666160,2016-04-15 21:00:00,550,127
6117666160,2016-04-15 22:00:00,190,82
6117666160,2016-04-15 23:00:00,317,105
6117666160,2016-04-16 00:00:00,131,75
6117666160,2016-04-16 01:00:00,0,62
6117666160,2016-04-16 02:00:00,9,65
6117666160,2016-04-16 03:00:00,15,65
6117666160,2016-04-16 04:00:00,0,63
6117666160,2016-04-16 05:00:00,0,62
6117666160,2016-04-16 06:00:00,0,63
6117666160,2016-04-16 07:00:00,268,84
6117666160,2016-04-16 08:00:00,1274,181
6117666160,2016-04-16 09:00:00,982,151
6117666160,2016-04-16 10:00:00,1549,183
6117666160,2016-04-16 11:00:00,1019,168
6117666160,2016-04-16 12:00:00,1297,182
6117666160,2016-04-16 13:00:00,1196,174
6117666160,2016-04-16 14:00:00,740,122
6117666160,2016-04-16 15:00:00,1030,164
6117666160,2016-04-16 16:00:00,548,126
6117666160,2016-04-16 17:00:00,570,129
6117666160,2016-04-16 18:00:00,491,113
6117666160,2016-04-16 19:00:00,370,101
6117666160,2016-04-16 20:00:00,1513,164
6117666160,2016-04-16 21:00:00,62,77
6117666160,2016-04-16 22:00:00,893,145
6117666160,2016-04-16 23:00:00,493,110
6117666160,2016-04-17 00:00:00,169,94
6117666160,2016-04-17 01:00:00,671,121
6117666160,2016-04-17 02:00:00,19,72
6117666160,2016-04-17 03:00:00,182,81
6117666160,2016-04-17 04:00:00,0,64
6117666160,2016-04-17 05:00:00,7,66
6117666160,2016-04-17 06:00:00,0,65
6117666160,2016-04-17 07:00:00,0,64
6117666160,2016-04-17 08:00:00,167,86
6117666160,2016-04-17 09:00:00,178,80
6117666160,2016-04-17 10:00:00,80,73
6117666160,2016-04-17 11:00:00,271,92
6117666160,2016-04-17 12:00:00,172,101
6117666160,2016-04-17 13:00:00,1772,192
6117666160,2016-04-17 14:00:00,434,111
6117666160,2016-04-17 15:00:00,366,107
6117666160,2016-04-17 16:00:00,0,62
6117666160,2016-04-17 17:00:00,911,147
6117666160,2016-04-17 18:00:00,499,109
6117666160,2016-04-17 19:00:00,30,69
6117666160,2016-04-17 20:00:00,5,65
6117666160,2016-04-17 21:00:00,723,129
6117666160,2016-04-17 22:00:00,494,110
6117666160,2016-04-17 23:00:00,0,62
6117666160,2016-04-18 00:00:00,317,93
6117666160,2016-04-18 01:00:00,7,64
6117666160,2016-04-18 02:00:00,4,64
6117666160,2016-04-18 03:00:00,0,63
6117666160,2016-04-18 04:00:00,0,62
6117666160,2016-04-18 05:00:00,0,63
6117666160,2016-04-18 06:00:00,0,63
6117666160,2016-04-18 07:00:00,391,102
6117666160,2016-04-18 08:00:00,561,116
6117666160,2016-04-18 09:00:00,235,84
6117666160,2016-04-18 10:00:00,0,62
6117666160,2016-04-18 11:00:00,0,62
6117666160,2016-04-18 12:00:00,0,62
6117666160,2016-04-18 13:00:00,631,119
6117666160,2016-04-18 14:00:00,36,74
6117666160,2016-04-18 15:00:00,237,93
6117666160,2016-04-18 16:00:00,299,103
6117666160,2016-04-18 17:00:00,643,121
6117666160,2016-04-18 18:00:00,333,94
6117666160,2016-04-18 19:00:00,927,136
6117666160,2016-04-18 20:00:00,133,80
6117666160,2016-04-18 21:00:00,0,64
6117666160,2016-04-18 22:00:00,212,90
6117666160,2016-04-18 23:00:00,187,84
6117666160,2016-04-19 00:00:00,0,63
6117666160,2016-04-19 01:00:00,4,64
6117666160,2016-04-19 02:00:00,0,62
6117666160,2016-04-19 03:00:00,7,64
6117666160,2016-04-19 04:00:00,0,63
6117666160,2016-04-19 05:00:00,0,63
6117666160,2016-04-19 06:00:00,0,63
6117666160,2016-04-19 07:00:00,0,63
6117666160,2016-04-19 08:00:00,521,117
6117666160,2016-04-19 09:00:00,361,102
6117666160,2016-04-19 10:00:00,933,147
6117666160,2016-04-19 11:00:00,908,131
6117666160,2016-04-19 12:00:00,316,101
6117666160,2016-04-19 13:00:00,615,133
6117666160,2016-04-19 14:00:00,902,145
6117666160,2016-04-19 15:00:00,800,155
6117666160,2016-04-19 16:00:00,1148,166
6117666160,2016-04-19 17:00:00,1202,171
6117666160,2016-04-19 18:00:00,841,154
6117666160,2016-04-19 19:00:00,1063,171
6117666160,2016-04-19 20:00:00,739,145
6117666160,2016-04-19 21:00:00,264,91
6117666160,2016-04-19 22:00:00,174,81
6117666160,2016-04-19 23:00:00,337,89
6117666160,2016-04-20 00:00:00,0,63
6117666160,2016-04-20 01:00:00,0,64
6117666160,2016-04-20 02:00:00,8,64
6117666160,2016-04-20 03:00:00,0,63
6117666160,2016-04-20 04:00:00,8,64
6117666160,2016-04-20 05:00:00,0,62
6117666160,2016-04-20 06:00:00,0,63
6117666160,2016-04-20 07:00:00,327,93
6117666160,2016-04-20 08:00:00,458,107
6117666160,2016-04-20 09:00:00,686,124
6117666160,2016-04-20 10:00:00,624,133
6117666160,2016-04-20 11:00:00,567,119
6117666160,2016-04-20 12:00:00,741,139
6117666160,2016-04-20 13:00:00,627,128
6117666160,2016-04-20 14:00:00,984,144
6117666160,2016-04-20 15:00:00,1850,206
6117666160,2016-04-20 16:00:00,2448,249
6117666160,2016-04-20 17:00:00,366,116
6117666160,2016-04-20 18:00:00,6,101
6117666160,2016-04-20 19:00:00,295,120
6117666160,2016-04-20 20:00:00,274,97
6117666160,2016-04-20 21:00:00,24,68
6117666160,2016-04-20 22:00:00,0,64
6117666160,2016-04-20 23:00:00,156,83
6117666160,2016-04-21 00:00:00,0,63
6117666160,2016-04-21 01:00:00,10,64
6117666160,2016-04-21 02:00:00,0,63
6117666160,2016-04-21 03:00:00,0,63
6117666160,2016-04-21 04:00:00,0,63
6117666160,2016-04-21 05:00:00,0,63
6117666160,2016-04-21 06:00:00,0,64
6117666160,2016-04-21 07:00:00,23,65
6117666160,2016-04-21 08:00:00,15,64
6117666160,2016-04-21 09:00:00,550,113
6117666160,2016-04-21 10:00:00,1798,194
6117666160,2016-04-21 11:00:00,0,67
6117666160,2016-04-21 12:00:00,1122,147
6117666160,2016-04-21 13:00:00,1240,159
6117666160,2016-04-21 14:00:00,999,142
6117666160,2016-04-21 15:00:00,807,139
6117666160,2016-04-21 16:00:00,149,83
6117666160,2016-04-21 17:00:00,100,80
6117666160,2016-04-21 18:00:00,824,191
6117666160,2016-04-21 19:00:00,744,142
6117666160,2016-04-21 20:00:00,49,74
6117666160,2016-04-21 21:00:00,411,99
6117666160,2016-04-21 22:00:00,152,86
6117666160,2016-04-21 23:00:00,100,77
6117666160,2016-04-22 00:00:00,80,81
6117666160,2016-04-22 01:00:00,0,72
6117666160,2016-04-22 02:00:00,0,62
6117666160,2016-04-22 03:00:00,4,64
6117666160,2016-04-22 04:00:00,0,63
6117666160,2016-04-22 05:00:00,0,63
6117666160,2016-04-22 06:00:00,26,67
6117666160,2016-04-22 07:00:00,126,72
6117666160,2016-04-22 08:00:00,0,63
6117666160,2016-04-22 09:00:00,284,85
6117666160,2016-04-22 10:00:00,275,99
6117666160,2016-04-22 11:00:00,336,91
6117666160,2016-04-22 12:00:00,551,119
6117666160,2016-04-22 13:00:00,526,123
6117666160,2016-04-22 14:00:00,542,122
6117666160,2016-04-22 15:00:00,646,143
6117666160,2016-04-22 16:00:00,707,122
6117666160,2016-04-22 17:00:00,890,154
6117666160,2016-04-22 18:00:00,617,137
6117666160,2016-04-22 19:00:00,678,166
6117666160,2016-04-22 20:00:00,976,162
6117666160,2016-04-22 21:00:00,557,119
6117666160,2016-04-22 22:00:00,323,93
6117666160,2016-04-22 23:00:00,62,68
6117666160,2016-04-23 00:00:00,7,64
6117666160,2016-04-23 01:00:00,0,62
6117666160,2016-04-23 02:00:00,166,77
6117666160,2016-04-23 03:00:00,8,64
6117666160,2016-04-23 04:00:00,0,63
6117666160,2016-04-23 05:00:00,0,62
6117666160,2016-04-23 06:00:00,0,63
6117666160,2016-04-23 07:00:00,143,81
6117666160,2016-04-23 08:00:00,542,114
6117666160,2016-04-23 09:00:00,1023,164
6117666160,2016-04-23 10:00:00,839,151
6117666160,2016-04-23 11:00:00,1042,163
6117666160,2016-04-23 12:00:00,877,161
6117666160,2016-04-23 13:00:00,957,145
6117666160,2016-04-23 14:00:00,820,155
6117666160,2016-04-23 15:00:00,1048,158
6117666160,2016-04-23 16:00:00,977,151
6117666160,2016-04-23 17:00:00,1211,170
6117666160,2016-04-23 18:00:00,662,130
6117666160,2016-04-23 19:00:00,77,82
6117666160,2016-04-23 20:00:00,478,113
6117666160,2016-04-23 21:00:00,26,71
6117666160,2016-04-23 22:00:00,39,73
6117666160,2016-04-23 23:00:00,553,115
6117666160,2016-04-24 00:00:00,162,98
6117666160,2016-04-24 01:00:00,234,95
6117666160,2016-04-24 02:00:00,8,64
6117666160,2016-04-24 03:00:00,0,62
6117666160,2016-04-24 04:00:00,10,64
6117666160,2016-04-24 05:00:00,0,62
6117666160,2016-04-24 06:00:00,0,63
6117666160,2016-04-24 07:00:00,0,63
6117666160,2016-04-24 08:00:00,262,96
6117666160,2016-04-24 09:00:00,775,139
6117666160,2016-04-24 10:00:00,1147,182
6117666160,2016-04-24 11:00:00,518,128
6117666160,2016-04-24 12:00:00,1069,157
6117666160,2016-04-24 13:00:00,1249,167
6117666160,2016-04-24 14:00:00,700,133
6117666160,2016-04-24 15:00:00,737,143
6117666160,2016-04-24 16:00:00,301,101
6117666160,2016-04-24 17:00:00,383,108
6117666160,2016-04-24 18:00:00,68,67
6117666160,2016-04-24 19:00:00,0,62
6117666160,2016-04-24 20:00:00,0,62
6117666160,2016-04-24 21:00:00,0,62
6117666160,2016-04-24 22:00:00,0,62
6117666160,2016-04-24 23:00:00,0,62
6117666160,2016-04-25 00:00:00,0,62
6117666160,2016-04-25 01:00:00,0,62
6117666160,2016-04-25 02:00:00,0,62
6117666160,2016-04-25 03:00:00,0,62
6117666160,2016-04-25 04:00:00,0,62
6117666160,2016-04-25 05:00:00,0,62
6117666160,2016-04-25 06:00:00,0,62
6117666160,2016-04-25 07:00:00,0,62
6117666160,2016-04-25 08:00:00,0,62
6117666160,2016-04-25 09:00:00,0,62
6117666160,2016-04-25 10:00:00,0,62
6117666160,2016-04-25 11:00:00,0,62
6117666160,2016-04-25 12:00:00,0,62
6117666160,2016-04-25 13:00:00,0,62
6117666160,2016-04-25 14:00:00,0,62
6117666160,2016-04-25 15:00:00,0,62
6117666160,2016-04-25 16:00:00,0,62
6117666160,2016-04-25 17:00:00,0,62
6117666160,2016-04-25 18:00:00,0,62
6117666160,2016-04-25 19:00:00,0,62
6117666160,2016-04-25 20:00:00,0,62
6117666160,2016-04-25 21:00:00,0,62
6117666160,2016-04-25 22:00:00,0,62
6117666160,2016-04-25 23:00:00,0,62
6117666160,2016-04-26 00:00:00,0,62
6117666160,2016-04-26 01:00:00,0,62
6117666160,2016-04-26 02:00:00,0,62
6117666160,2016-04-26 03:00:00,0,62
6117666160,2016-04-26 04:00:00,0,62
6117666160,2016-04-26 05:00:00,0,62
6117666160,2016-04-26 06:00:00,0,62
6117666160,2016-04-26 07:00:00,51,68
6117666160,2016-04-26 08:00:00,428,109
6117666160,2016-04-26 09:00:00,241,82
6117666160,2016-04-26 10:00:00,9,67
6117666160,2016-04-26 11:00:00,559,103
6117666160,2016-04-26 12:00:00,972,163
6117666160,2016-04-26 13:00:00,572,122
6117666160,2016-04-26 14:00:00,174,87
6117666160,2016-04-26 15:00:00,867,147
6117666160,2016-04-26 16:00:00,715,170
6117666160,2016-04-26 17:00:00,1049,174
6117666160,2016-04-26 18:00:00,1070,162
6117666160,2016-04-26 19:00:00,1098,144
6117666160,2016-04-26 20:00:00,1078,156
6117666160,2016-04-26 21:00:00,195,81
6117666160,2016-04-26 22:00:00,195,88
6117666160,2016-04-26 23:00:00,270,91
6117666160,2016-04-27 00:00:00,8,64
6117666160,2016-04-27 01:00:00,0,63
6117666160,2016-04-27 02:00:00,0,63
6117666160,2016-04-27 03:00:00,0,63
6117666160,2016-04-27 04:00:00,5,64
6117666160,2016-04-27 05:00:00,0,63
6117666160,2016-04-27 06:00:00,0,62
6117666160,2016-04-27 07:00:00,0,63
6117666160,2016-04-27 08:00:00,0,63
6117666160,2016-04-27 09:00:00,219,93
6117666160,2016-04-27 10:00:00,0,63
6117666160,2016-04-27 11:00:00,779,136
6117666160,2016-04-27 12:00:00,715,144
6117666160,2016-04-27 13:00:00,1072,181
6117666160,2016-04-27 14:00:00,720,153
6117666160,2016-04-27 15:00:00,1076,162
6117666160,2016-04-27 16:00:00,934,137
6117666160,2016-04-27 17:00:00,978,172
6117666160,2016-04-27 18:00:00,670,171
6117666160,2016-04-27 19:00:00,635,152
6117666160,2016-04-27 20:00:00,663,154
6117666160,2016-04-27 21:00:00,373,114
6117666160,2016-04-27 22:00:00,306,92
6117666160,2016-04-27 23:00:00,258,88
6117666160,2016-04-28 00:00:00,0,63
6117666160,2016-04-28 01:00:00,0,62
6117666160,2016-04-28 02:00:00,0,63
6117666160,2016-04-28 03:00:00,19,67
6117666160,2016-04-28 04:00:00,0,63
6117666160,2016-04-28 05:00:00,0,63
6117666160,2016-04-28 06:00:00,6,65
6117666160,2016-04-28 07:00:00,16,64
6117666160,2016-04-28 08:00:00,315,101
6117666160,2016-04-28 09:00:00,130,77
6117666160,2016-04-28 10:00:00,818,143
6117666160,2016-04-28 11:00:00,0,64
6117666160,2016-04-28 12:00:00,0,65
6117666160,2016-04-28 13:00:00,212,85
6117666160,2016-04-28 14:00:00,0,64
6117666160,2016-04-28 15:00:00,0,68
6117666160,2016-04-28 16:00:00,719,124
6117666160,2016-04-28 17:00:00,811,146
6117666160,2016-04-28 18:00:00,56,76
6117666160,2016-04-28 19:00:00,206,92
6117666160,2016-04-28 20:00:00,6,66
6117666160,2016-04-28 21:00:00,89,73
6117666160,2016-04-28 22:00:00,0,62
6117666160,2016-04-28 23:00:00,0,64
6117666160,2016-04-29 00:00:00,0,62
6117666160,2016-04-29 01:00:00,0,63
6117666160,2016-04-29 02:00:00,0,62
6117666160,2016-04-29 03:00:00,0,63
6117666160,2016-04-29 04:00:00,0,63
6117666160,2016-04-29 05:00:00,0,63
6117666160,2016-04-29 06:00:00,0,63
6117666160,2016-04-29 07:00:00,0,63
6117666160,2016-04-29 08:00:00,190,84
6117666160,2016-04-29 09:00:00,71,72
6117666160,2016-04-29 10:00:00,386,112
6117666160,2016-04-29 11:00:00,369,116
6117666160,2016-04-29 12:00:00,1147,180
6117666160,2016-04-29 13:00:00,1062,171
6117666160,2016-04-29 14:00:00,1134,169
6117666160,2016-04-29 15:00:00,774,157
6117666160,2016-04-29 16:00:00,1065,155
6117666160,2016-04-29 17:00:00,653,155
6117666160,2016-04-29 18:00:00,660,143
6117666160,2016-04-29 19:00:00,1029,162
6117666160,2016-04-29 20:00:00,592,140
6117666160,2016-04-29 21:00:00,116,81
6117666160,2016-04-29 22:00:00,235,86
6117666160,2016-04-29 23:00:00,109,78
6117666160,2016-04-30 00:00:00,13,70
6117666160,2016-04-30 01:00:00,0,62
6117666160,2016-04-30 02:00:00,0,62
6117666160,2016-04-30 03:00:00,0,62
6117666160,2016-04-30 04:00:00,0,62
6117666160,2016-04-30 05:00:00,0,62
6117666160,2016-04-30 06:00:00,0,62
6117666160,2016-04-30 07:00:00,0,62
6117666160,2016-04-30 08:00:00,0,62
6117666160,2016-04-30 09:00:00,0,62
6117666160,2016-04-30 10:00:00,432,105
6117666160,2016-04-30 11:00:00,418,106
6117666160,2016-04-30 12:00:00,542,117
6117666160,2016-04-30 13:00:00,712,131
6117666160,2016-04-30 14:00:00,468,114
6117666160,2016-04-30 15:00:00,1104,150
6117666160,2016-04-30 16:00:00,550,125
6117666160,2016-04-30 17:00:00,547,128
6117666160,2016-04-30 18:00:00,501,122
6117666160,2016-04-30 19:00:00,521,127
6117666160,2016-04-30 20:00:00,613,137
6117666160,2016-04-30 21:00:00,295,127
6117666160,2016-04-30 22:00:00,271,94
6117666160,2016-04-30 23:00:00,0,63
6117666160,2016-05-01 00:00:00,0,63
6117666160,2016-05-01 01:00:00,7,65
6117666160,2016-05-01 02:00:00,378,105
6117666160,2016-05-01 03:00:00,5,64
6117666160,2016-05-01 04:00:00,0,63
6117666160,2016-05-01 05:00:00,0,62
6117666160,2016-05-01 06:00:00,0,62
6117666160,2016-05-01 07:00:00,0,62
6117666160,2016-05-01 08:00:00,0,64
6117666160,2016-05-01 09:00:00,633,114
6117666160,2016-05-01 10:00:00,864,132
6117666160,2016-05-01 11:00:00,1252,170
6117666160,2016-05-01 12:00:00,683,145
6117666160,2016-05-01 13:00:00,947,158
6117666160,2016-05-01 14:00:00,851,135
6117666160,2016-05-01 15:00:00,426,114
6117666160,2016-05-01 16:00:00,419,116
6117666160,2016-05-01 17:00:00,707,131
6117666160,2016-05-01 18:00:00,1203,165
6117666160,2016-05-01 19:00:00,450,112
6117666160,2016-05-01 20:00:00,90,71
6117666160,2016-05-01 21:00:00,0,62
6117666160,2016-05-01 22:00:00,0,62
6117666160,2016-05-01 23:00:00,0,62
6117666160,2016-05-02 00:00:00,0,62
6117666160,2016-05-02 01:00:00,0,62
6117666160,2016-05-02 02:00:00,0,62
6117666160,2016-05-02 03:00:00,332,99
6117666160,2016-05-02 04:00:00,801,136
6117666160,2016-05-02 05:00:00,870,157
6117666160,2016-05-02 06:00:00,778,142
6117666160,2016-05-02 07:00:00,854,161
6117666160,2016-05-02 08:00:00,903,179
6117666160,2016-05-02 09:00:00,389,108
6117666160,2016-05-02 10:00:00,0,62
6117666160,2016-05-02 11:00:00,0,62
6117666160,2016-05-02 12:00:00,0,62
6117666160,2016-05-02 13:00:00,0,62
6117666160,2016-05-02 14:00:00,0,62
6117666160,2016-05-02 15:00:00,0,62
6117666160,2016-05-02 16:00:00,0,62
6117666160,2016-05-02 17:00:00,0,62
6117666160,2016-05-02 18:00:00,0,62
6117666160,2016-05-02 19:00:00,0,62
6117666160,2016-05-02 20:00:00,0,62
6117666160,2016-05-02 21:00:00,0,62
6117666160,2016-05-02 22:00:00,0,62
6117666160,2016-05-02 23:00:00,0,62
6117666160,2016-05-03 00:00:00,0,62
6117666160,2016-05-03 01:00:00,0,62
6117666160,2016-05-03 02:00:00,0,62
6117666160,2016-05-03 03:00:00,0,62
6117666160,2016-05-03 04:00:00,0,62
6117666160,2016-05-03 05:00:00,0,62
6117666160,2016-05-03 06:00:00,0,62
6117666160,2016-05-03 07:00:00,0,62
6117666160,2016-05-03 08:00:00,0,62
6117666160,2016-05-03 09:00:00,0,62
6117666160,2016-05-03 10:00:00,0,62
6117666160,2016-05-03 11:00:00,0,62
6117666160,2016-05-03 12:00:00,0,62
6117666160,2016-05-03 13:00:00,0,62
6117666160,2016-05-03 14:00:00,0,62
6117666160,2016-05-03 15:00:00,0,62
6117666160,2016-05-03 16:00:00,0,62
6117666160,2016-05-03 17:00:00,0,62
6117666160,2016-05-03 18:00:00,0,62
6117666160,2016-05-03 19:00:00,0,62
6117666160,2016-05-03 20:00:00,0,62
6117666160,2016-05-03 21:00:00,0,62
6117666160,2016-05-03 22:00:00,0,62
6117666160,2016-05-03 23:00:00,0,62
6117666160,2016-05-04 00:00:00,0,62
6117666160,2016-05-04 01:00:00,0,62
6117666160,2016-05-04 02:00:00,0,62
6117666160,2016-05-04 03:00:00,0,62
6117666160,2016-05-04 04:00:00,0,62
6117666160,2016-05-04 05:00:00,0,62
6117666160,2016-05-04 06:00:00,0,62
6117666160,2016-05-04 07:00:00,0,62
6117666160,2016-05-04 08:00:00,0,62
6117666160,2016-05-04 09:00:00,0,62
6117666160,2016-05-04 10:00:00,0,62
6117666160,2016-05-04 11:00:00,0,62
6117666160,2016-05-04 12:00:00,0,62
6117666160,2016-05-04 13:00:00,0,62
6117666160,2016-05-04 14:00:00,0,62
6117666160,2016-05-04 15:00:00,0,62
6117666160,2016-05-04 16:00:00,0,62
6117666160,2016-05-04 17:00:00,0,62
6117666160,2016-05-04 18:00:00,620,152
6117666160,2016-05-04 19:00:00,907,199
6117666160,2016-05-04 20:00:00,720,149
6117666160,2016-05-04 21:00:00,384,115
6117666160,2016-05-04 22:00:00,13,69
6117666160,2016-05-04 23:00:00,353,96
6117666160,2016-05-05 00:00:00,0,63
6117666160,2016-05-05 01:00:00,0,63
6117666160,2016-05-05 02:00:00,0,63
6117666160,2016-05-05 03:00:00,6,64
6117666160,2016-05-05 04:00:00,0,63
6117666160,2016-05-05 05:00:00,0,63
6117666160,2016-05-05 06:00:00,6,65
6117666160,2016-05-05 07:00:00,516,124
6117666160,2016-05-05 08:00:00,395,106
6117666160,2016-05-05 09:00:00,836,163
6117666160,2016-05-05 10:00:00,880,155
6117666160,2016-05-05 11:00:00,688,159
6117666160,2016-05-05 12:00:00,750,135
6117666160,2016-05-05 13:00:00,733,130
6117666160,2016-05-05 14:00:00,795,147
6117666160,2016-05-05 15:00:00,796,155
6117666160,2016-05-05 16:00:00,772,154
6117666160,2016-05-05 17:00:00,441,131
6117666160,2016-05-05 18:00:00,634,123
6117666160,2016-05-05 19:00:00,451,121
6117666160,2016-05-05 20:00:00,443,123
6117666160,2016-05-05 21:00:00,27,69
6117666160,2016-05-05 22:00:00,630,136
6117666160,2016-05-05 23:00:00,0,62
6117666160,2016-05-06 00:00:00,0,63
6117666160,2016-05-06 01:00:00,0,63
6117666160,2016-05-06 02:00:00,0,63
6117666160,2016-05-06 03:00:00,0,63
6117666160,2016-05-06 04:00:00,0,63
6117666160,2016-05-06 05:00:00,0,63
6117666160,2016-05-06 06:00:00,11,65
6117666160,2016-05-06 07:00:00,0,63
6117666160,2016-05-06 08:00:00,0,63
6117666160,2016-05-06 09:00:00,353,94
6117666160,2016-05-06 10:00:00,200,85
6117666160,2016-05-06 11:00:00,0,63
6117666160,2016-05-06 12:00:00,103,77
6117666160,2016-05-06 13:00:00,0,64
6117666160,2016-05-06 14:00:00,0,63
6117666160,2016-05-06 15:00:00,765,130
6117666160,2016-05-06 16:00:00,1149,148
6117666160,2016-05-06 17:00:00,0,62
6117666160,2016-05-06 18:00:00,421,111
6117666160,2016-05-06 19:00:00,146,86
6117666160,2016-05-06 20:00:00,32,72
6117666160,2016-05-06 21:00:00,127,86
6117666160,2016-05-06 22:00:00,58,67
6117666160,2016-05-06 23:00:00,0,63
6117666160,2016-05-07 00:00:00,447,106
6117666160,2016-05-07 01:00:00,0,62
6117666160,2016-05-07 02:00:00,0,63
6117666160,2016-05-07 03:00:00,0,63
6117666160,2016-05-07 04:00:00,0,62
6117666160,2016-05-07 05:00:00,0,62
6117666160,2016-05-07 06:00:00,0,63
6117666160,2016-05-07 07:00:00,126,75
6117666160,2016-05-07 08:00:00,462,116
6117666160,2016-05-07 09:00:00,557,132
6117666160,2016-05-07 10:00:00,642,149
6117666160,2016-05-07 11:00:00,754,175
6117666160,2016-05-07 12:00:00,399,133
6117666160,2016-05-07 13:00:00,694,163
6117666160,2016-05-07 14:00:00,878,183
6117666160,2016-05-07 15:00:00,558,133
6117666160,2016-05-07 16:00:00,548,130
6117666160,2016-05-07 17:00:00,522,132
6117666160,2016-05-07 18:00:00,296,97
6117666160,2016-05-07 19:00:00,187,85
6117666160,2016-05-07 20:00:00,15,67
6117666160,2016-05-07 21:00:00,247,90
6117666160,2016-05-07 22:00:00,4,64
6117666160,2016-05-07 23:00:00,0,63
6117666160,2016-05-08 00:00:00,149,77
6117666160,2016-05-08 01:00:00,0,63
6117666160,2016-05-08 02:00:00,0,63
6117666160,2016-05-08 03:00:00,0,63
6117666160,2016-05-08 04:00:00,12,65
6117666160,2016-05-08 05:00:00,0,63
6117666160,2016-05-08 06:00:00,0,63
6117666160,2016-05-08 07:00:00,0,63
6117666160,2016-05-08 08:00:00,0,63
6117666160,2016-05-08 09:00:00,543,122
6117666160,2016-05-08 10:00:00,373,113
6117666160,2016-05-08 11:00:00,375,108
6117666160,2016-05-08 12:00:00,362,121
6117666160,2016-05-08 13:00:00,419,115
6117666160,2016-05-08 14:00:00,267,99
6117666160,2016-05-08 15:00:00,868,154
6117666160,2016-05-08 16:00:00,651,121
6117666160,2016-05-08 17:00:00,1197,166
6117666160,2016-05-08 18:00:00,1569,164
6117666160,2016-05-08 19:00:00,240,86
6117666160,2016-05-08 20:00:00,4,66
6117666160,2016-05-08 21:00:00,9,71
6117666160,2016-05-08 22:00:00,290,103
6117666160,2016-05-08 23:00:00,0,63
6117666160,2016-05-09 00:00:00,0,63
6117666160,2016-05-09 01:00:00,0,63
6117666160,2016-05-09 02:00:00,7,64
6117666160,2016-05-09 03:00:00,0,63
6117666160,2016-05-09 04:00:00,0,62
6117666160,2016-05-09 05:00:00,4,64
6117666160,2016-05-09 06:00:00,17,66
6117666160,2016-05-09 07:00:00,408,104
6117666160,2016-05-09 08:00:00,615,118
6117666160,2016-05-09 09:00:00,729,142
6117666160,2016-05-09 10:00:00,860,142
6117666160,2016-05-09 11:00:00,657,134
6290855005,2016-04-12 00:00:00,0,86
6290855005,2016-04-12 01:00:00,0,86
6290855005,2016-04-12 02:00:00,0,86
6290855005,2016-04-12 03:00:00,0,86
6290855005,2016-04-12 04:00:00,0,86
6290855005,2016-04-12 05:00:00,0,86
6290855005,2016-04-12 06:00:00,54,94
6290855005,2016-04-12 07:00:00,517,140
6290855005,2016-04-12 08:00:00,371,124
6290855005,2016-04-12 09:00:00,410,145
6290855005,2016-04-12 10:00:00,1002,155
6290855005,2016-04-12 11:00:00,520,136
6290855005,2016-04-12 12:00:00,215,112
6290855005,2016-04-12 13:00:00,633,148
6290855005,2016-04-12 14:00:00,248,134
6290855005,2016-04-12 15:00:00,502,135
6290855005,2016-04-12 16:00:00,90,122
6290855005,2016-04-12 17:00:00,0,86
6290855005,2016-04-12 18:00:00,0,86
6290855005,2016-04-12 19:00:00,0,86
6290855005,2016-04-12 20:00:00,0,86
6290855005,2016-04-12 21:00:00,0,86
6290855005,2016-04-12 22:00:00,0,86
6290855005,2016-04-12 23:00:00,0,86
6290855005,2016-04-13 00:00:00,0,86
6290855005,2016-04-13 01:00:00,0,86
6290855005,2016-04-13 02:00:00,0,86
6290855005,2016-04-13 03:00:00,0,86
6290855005,2016-04-13 04:00:00,0,86
6290855005,2016-04-13 05:00:00,0,86
6290855005,2016-04-13 06:00:00,161,114
6290855005,2016-04-13 07:00:00,564,146
6290855005,2016-04-13 08:00:00,686,154
6290855005,2016-04-13 09:00:00,1061,179
6290855005,2016-04-13 10:00:00,469,141
6290855005,2016-04-13 11:00:00,355,136
6290855005,2016-04-13 12:00:00,417,158
6290855005,2016-04-13 13:00:00,649,159
6290855005,2016-04-13 14:00:00,618,157
6290855005,2016-04-13 15:00:00,313,144
6290855005,2016-04-13 16:00:00,874,166
6290855005,2016-04-13 17:00:00,126,121
6290855005,2016-04-13 18:00:00,685,157
6290855005,2016-04-13 19:00:00,120,109
6290855005,2016-04-13 20:00:00,44,93
6290855005,2016-04-13 21:00:00,0,86
6290855005,2016-04-13 22:00:00,0,86
6290855005,2016-04-13 23:00:00,0,86
6290855005,2016-04-14 00:00:00,0,86
6290855005,2016-04-14 01:00:00,0,86
6290855005,2016-04-14 02:00:00,0,86
6290855005,2016-04-14 03:00:00,0,86
6290855005,2016-04-14 04:00:00,0,86
6290855005,2016-04-14 05:00:00,0,86
6290855005,2016-04-14 06:00:00,159,117
6290855005,2016-04-14 07:00:00,570,157
6290855005,2016-04-14 08:00:00,262,146
6290855005,2016-04-14 09:00:00,548,145
6290855005,2016-04-14 10:00:00,261,144
6290855005,2016-04-14 11:00:00,582,161
6290855005,2016-04-14 12:00:00,807,174
6290855005,2016-04-14 13:00:00,111,121
6290855005,2016-04-14 14:00:00,271,127
6290855005,2016-04-14 15:00:00,563,131
6290855005,2016-04-14 16:00:00,0,115
6290855005,2016-04-14 17:00:00,851,156
6290855005,2016-04-14 18:00:00,739,151
6290855005,2016-04-14 19:00:00,293,121
6290855005,2016-04-14 20:00:00,349,114
6290855005,2016-04-14 21:00:00,740,140
6290855005,2016-04-14 22:00:00,560,123
6290855005,2016-04-14 23:00:00,5,93
6290855005,2016-04-15 00:00:00,0,86
6290855005,2016-04-15 01:00:00,0,86
6290855005,2016-04-15 02:00:00,0,86
6290855005,2016-04-15 03:00:00,0,86
6290855005,2016-04-15 04:00:00,0,86
6290855005,2016-04-15 05:00:00,0,86
6290855005,2016-04-15 06:00:00,0,86
6290855005,2016-04-15 07:00:00,468,116
6290855005,2016-04-15 08:00:00,195,115
6290855005,2016-04-15 09:00:00,330,143
6290855005,2016-04-15 10:00:00,791,145
6290855005,2016-04-15 11:00:00,786,153
6290855005,2016-04-15 12:00:00,382,124
6290855005,2016-04-15 13:00:00,926,151
6290855005,2016-04-15 14:00:00,390,123
6290855005,2016-04-15 15:00:00,106,104
6290855005,2016-04-15 16:00:00,796,144
6290855005,2016-04-15 17:00:00,540,130
6290855005,2016-04-15 18:00:00,936,170
6290855005,2016-04-15 19:00:00,859,165
6290855005,2016-04-15 20:00:00,81,117
6290855005,2016-04-15 21:00:00,652,138
6290855005,2016-04-15 22:00:00,629,126
6290855005,2016-04-15 23:00:00,634,131
6290855005,2016-04-16 00:00:00,0,86
6290855005,2016-04-16 01:00:00,0,86
6290855005,2016-04-16 02:00:00,0,86
6290855005,2016-04-16 03:00:00,0,86
6290855005,2016-04-16 04:00:00,0,86
6290855005,2016-04-16 05:00:00,0,86
6290855005,2016-04-16 06:00:00,0,86
6290855005,2016-04-16 07:00:00,0,86
6290855005,2016-04-16 08:00:00,1727,231
6290855005,2016-04-16 09:00:00,1841,193
6290855005,2016-04-16 10:00:00,568,136
6290855005,2016-04-16 11:00:00,1092,162
6290855005,2016-04-16 12:00:00,7,96
6290855005,2016-04-16 13:00:00,1583,193
6290855005,2016-04-16 14:00:00,839,182
6290855005,2016-04-16 15:00:00,139,124
6290855005,2016-04-16 16:00:00,164,116
6290855005,2016-04-16 17:00:00,219,116
6290855005,2016-04-16 18:00:00,103,112
6290855005,2016-04-16 19:00:00,19,94
6290855005,2016-04-16 20:00:00,0,86
6290855005,2016-04-16 21:00:00,0,86
6290855005,2016-04-16 22:00:00,0,86
6290855005,2016-04-16 23:00:00,0,86
6290855005,2016-04-17 00:00:00,0,86
6290855005,2016-04-17 01:00:00,0,86
6290855005,2016-04-17 02:00:00,0,86
6290855005,2016-04-17 03:00:00,0,86
6290855005,2016-04-17 04:00:00,0,86
6290855005,2016-04-17 05:00:00,0,86
6290855005,2016-04-17 06:00:00,0,86
6290855005,2016-04-17 07:00:00,59,113
6290855005,2016-04-17 08:00:00,40,111
6290855005,2016-04-17 09:00:00,956,531
6290855005,2016-04-17 10:00:00,584,173
6290855005,2016-04-17 11:00:00,76,103
6290855005,2016-04-17 12:00:00,1558,213
6290855005,2016-04-17 13:00:00,2033,255
6290855005,2016-04-17 14:00:00,1608,176
6290855005,2016-04-17 15:00:00,132,100
6290855005,2016-04-17 16:00:00,224,114
6290855005,2016-04-17 17:00:00,314,126
6290855005,2016-04-17 18:00:00,154,112
6290855005,2016-04-17 19:00:00,113,100
6290855005,2016-04-17 20:00:00,0,86
6290855005,2016-04-17 21:00:00,0,86
6290855005,2016-04-17 22:00:00,0,86
6290855005,2016-04-17 23:00:00,0,86
6290855005,2016-04-18 00:00:00,0,86
6290855005,2016-04-18 01:00:00,0,86
6290855005,2016-04-18 02:00:00,0,86
6290855005,2016-04-18 03:00:00,0,86
6290855005,2016-04-18 04:00:00,0,86
6290855005,2016-04-18 05:00:00,0,88
6290855005,2016-04-18 06:00:00,312,133
6290855005,2016-04-18 07:00:00,595,144
6290855005,2016-04-18 08:00:00,599,140
6290855005,2016-04-18 09:00:00,1051,170
6290855005,2016-04-18 10:00:00,895,182
6290855005,2016-04-18 11:00:00,291,140
6290855005,2016-04-18 12:00:00,644,159
6290855005,2016-04-18 13:00:00,903,149
6290855005,2016-04-18 14:00:00,432,129
6290855005,2016-04-18 15:00:00,868,151
6290855005,2016-04-18 16:00:00,205,124
6290855005,2016-04-18 17:00:00,90,112
6290855005,2016-04-18 18:00:00,0,86
6290855005,2016-04-18 19:00:00,0,86
6290855005,2016-04-18 20:00:00,0,86
6290855005,2016-04-18 21:00:00,0,86
6290855005,2016-04-18 22:00:00,0,86
6290855005,2016-04-18 23:00:00,0,86
6290855005,2016-04-19 00:00:00,0,86
6290855005,2016-04-19 01:00:00,0,86
6290855005,2016-04-19 02:00:00,0,86
6290855005,2016-04-19 03:00:00,0,86
6290855005,2016-04-19 04:00:00,0,86
6290855005,2016-04-19 05:00:00,0,86
6290855005,2016-04-19 06:00:00,273,121
6290855005,2016-04-19 07:00:00,584,131
6290855005,2016-04-19 08:00:00,549,133
6290855005,2016-04-19 09:00:00,525,164
6290855005,2016-04-19 10:00:00,548,168
6290855005,2016-04-19 11:00:00,850,176
6290855005,2016-04-19 12:00:00,966,161
6290855005,2016-04-19 13:00:00,490,150
6290855005,2016-04-19 14:00:00,759,180
6290855005,2016-04-19 15:00:00,764,143
6290855005,2016-04-19 16:00:00,561,129
6290855005,2016-04-19 17:00:00,99,98
6290855005,2016-04-19 18:00:00,13,109
6290855005,2016-04-19 19:00:00,95,110
6290855005,2016-04-19 20:00:00,66,96
6290855005,2016-04-19 21:00:00,0,86
6290855005,2016-04-19 22:00:00,0,86
6290855005,2016-04-19 23:00:00,0,86
6290855005,2016-04-20 00:00:00,0,86
6290855005,2016-04-20 01:00:00,0,86
6290855005,2016-04-20 02:00:00,0,86
6290855005,2016-04-20 03:00:00,0,86
6290855005,2016-04-20 04:00:00,0,86
6290855005,2016-04-20 05:00:00,0,86
6290855005,2016-04-20 06:00:00,254,127
6290855005,2016-04-20 07:00:00,903,173
6290855005,2016-04-20 08:00:00,626,144
6290855005,2016-04-20 09:00:00,322,114
6290855005,2016-04-20 10:00:00,567,136
6290855005,2016-04-20 11:00:00,314,120
6290855005,2016-04-20 12:00:00,549,136
6290855005,2016-04-20 13:00:00,1030,169
6290855005,2016-04-20 14:00:00,605,144
6290855005,2016-04-20 15:00:00,843,151
6290855005,2016-04-20 16:00:00,228,137
6290855005,2016-04-20 17:00:00,120,120
6290855005,2016-04-20 18:00:00,0,86
6290855005,2016-04-20 19:00:00,0,86
6290855005,2016-04-20 20:00:00,0,86
6290855005,2016-04-20 21:00:00,0,86
6290855005,2016-04-20 22:00:00,0,86
6290855005,2016-04-20 23:00:00,0,86
6290855005,2016-04-21 00:00:00,0,86
6290855005,2016-04-21 01:00:00,0,86
6290855005,2016-04-21 02:00:00,0,86
6290855005,2016-04-21 03:00:00,0,86
6290855005,2016-04-21 04:00:00,0,86
6290855005,2016-04-21 05:00:00,0,86
6290855005,2016-04-21 06:00:00,0,86
6290855005,2016-04-21 07:00:00,0,86
6290855005,2016-04-21 08:00:00,0,86
6290855005,2016-04-21 09:00:00,0,86
6290855005,2016-04-21 10:00:00,0,86
6290855005,2016-04-21 11:00:00,0,86
6290855005,2016-04-21 12:00:00,0,86
6290855005,2016-04-21 13:00:00,0,86
6290855005,2016-04-21 14:00:00,0,86
6290855005,2016-04-21 15:00:00,0,86
6290855005,2016-04-21 16:00:00,0,86
6290855005,2016-04-21 17:00:00,0,86
6290855005,2016-04-21 18:00:00,0,86
6290855005,2016-04-21 19:00:00,0,86
6290855005,2016-04-21 20:00:00,0,86
6290855005,2016-04-21 21:00:00,0,86
6290855005,2016-04-21 22:00:00,0,86
6290855005,2016-04-21 23:00:00,0,86
6290855005,2016-04-22 00:00:00,0,86
6290855005,2016-04-22 01:00:00,0,86
6290855005,2016-04-22 02:00:00,0,86
6290855005,2016-04-22 03:00:00,0,86
6290855005,2016-04-22 04:00:00,0,86
6290855005,2016-04-22 05:00:00,0,86
6290855005,2016-04-22 06:00:00,202,136
6290855005,2016-04-22 07:00:00,757,160
6290855005,2016-04-22 08:00:00,419,145
6290855005,2016-04-22 09:00:00,715,163
6290855005,2016-04-22 10:00:00,264,129
6290855005,2016-04-22 11:00:00,688,154
6290855005,2016-04-22 12:00:00,636,161
6290855005,2016-04-22 13:00:00,218,133
6290855005,2016-04-22 14:00:00,1071,173
6290855005,2016-04-22 15:00:00,56,99
6290855005,2016-04-22 16:00:00,875,153
6290855005,2016-04-22 17:00:00,330,153
6290855005,2016-04-22 18:00:00,7,93
6290855005,2016-04-22 19:00:00,0,86
6290855005,2016-04-22 20:00:00,0,86
6290855005,2016-04-22 21:00:00,0,86
6290855005,2016-04-22 22:00:00,0,86
6290855005,2016-04-22 23:00:00,0,86
6290855005,2016-04-23 00:00:00,0,86
6290855005,2016-04-23 01:00:00,0,86
6290855005,2016-04-23 02:00:00,0,86
6290855005,2016-04-23 03:00:00,0,86
6290855005,2016-04-23 04:00:00,0,86
6290855005,2016-04-23 05:00:00,0,86
6290855005,2016-04-23 06:00:00,0,86
6290855005,2016-04-23 07:00:00,0,86
6290855005,2016-04-23 08:00:00,0,86
6290855005,2016-04-23 09:00:00,0,525
6290855005,2016-04-23 10:00:00,0,251
6290855005,2016-04-23 11:00:00,0,86
6290855005,2016-04-23 12:00:00,0,86
6290855005,2016-04-23 13:00:00,0,86
6290855005,2016-04-23 14:00:00,0,86
6290855005,2016-04-23 15:00:00,0,86
6290855005,2016-04-23 16:00:00,0,86
6290855005,2016-04-23 17:00:00,0,86
6290855005,2016-04-23 18:00:00,0,86
6290855005,2016-04-23 19:00:00,0,86
6290855005,2016-04-23 20:00:00,0,86
6290855005,2016-04-23 21:00:00,0,86
6290855005,2016-04-23 22:00:00,0,86
6290855005,2016-04-23 23:00:00,0,86
6290855005,2016-04-24 00:00:00,0,86
6290855005,2016-04-24 01:00:00,0,86
6290855005,2016-04-24 02:00:00,0,86
6290855005,2016-04-24 03:00:00,0,86
6290855005,2016-04-24 04:00:00,0,86
6290855005,2016-04-24 05:00:00,0,86
6290855005,2016-04-24 06:00:00,0,86
6290855005,2016-04-24 07:00:00,0,86
6290855005,2016-04-24 08:00:00,0,86
6290855005,2016-04-24 09:00:00,207,112
6290855005,2016-04-24 10:00:00,2029,211
6290855005,2016-04-24 11:00:00,415,159
6290855005,2016-04-24 12:00:00,1125,194
6290855005,2016-04-24 13:00:00,107,120
6290855005,2016-04-24 14:00:00,136,130
6290855005,2016-04-24 15:00:00,84,118
6290855005,2016-04-24 16:00:00,104,113
6290855005,2016-04-24 17:00:00,851,162
6290855005,2016-04-24 18:00:00,224,105
6290855005,2016-04-24 19:00:00,219,116
6290855005,2016-04-24 20:00:00,363,127
6290855005,2016-04-24 21:00:00,32,92
6290855005,2016-04-24 22:00:00,0,86
6290855005,2016-04-24 23:00:00,0,86
6290855005,2016-04-25 00:00:00,0,86
6290855005,2016-04-25 01:00:00,0,86
6290855005,2016-04-25 02:00:00,0,86
6290855005,2016-04-25 03:00:00,0,86
6290855005,2016-04-25 04:00:00,0,86
6290855005,2016-04-25 05:00:00,0,86
6290855005,2016-04-25 06:00:00,195,127
6290855005,2016-04-25 07:00:00,827,161
6290855005,2016-04-25 08:00:00,1935,223
6290855005,2016-04-25 09:00:00,752,165
6290855005,2016-04-25 10:00:00,587,142
6290855005,2016-04-25 11:00:00,591,134
6290855005,2016-04-25 12:00:00,244,120
6290855005,2016-04-25 13:00:00,618,139
6290855005,2016-04-25 14:00:00,667,145
6290855005,2016-04-25 15:00:00,492,131
6290855005,2016-04-25 16:00:00,838,144
6290855005,2016-04-25 17:00:00,56,111
6290855005,2016-04-25 18:00:00,0,86
6290855005,2016-04-25 19:00:00,0,86
6290855005,2016-04-25 20:00:00,0,86
6290855005,2016-04-25 21:00:00,0,86
6290855005,2016-04-25 22:00:00,0,86
6290855005,2016-04-25 23:00:00,0,86
6290855005,2016-04-26 00:00:00,0,86
6290855005,2016-04-26 01:00:00,0,86
6290855005,2016-04-26 02:00:00,0,86
6290855005,2016-04-26 03:00:00,0,86
6290855005,2016-04-26 04:00:00,0,86
6290855005,2016-04-26 05:00:00,0,86
6290855005,2016-04-26 06:00:00,0,86
6290855005,2016-04-26 07:00:00,0,86
6290855005,2016-04-26 08:00:00,0,86
6290855005,2016-04-26 09:00:00,0,86
6290855005,2016-04-26 10:00:00,0,86
6290855005,2016-04-26 11:00:00,0,86
6290855005,2016-04-26 12:00:00,0,86
6290855005,2016-04-26 13:00:00,0,86
6290855005,2016-04-26 14:00:00,0,86
6290855005,2016-04-26 15:00:00,0,86
6290855005,2016-04-26 16:00:00,0,86
6290855005,2016-04-26 17:00:00,0,86
6290855005,2016-04-26 18:00:00,0,86
6290855005,2016-04-26 19:00:00,0,86
6290855005,2016-04-26 20:00:00,0,86
6290855005,2016-04-26 21:00:00,0,86
6290855005,2016-04-26 22:00:00,0,86
6290855005,2016-04-26 23:00:00,0,86
6290855005,2016-04-27 00:00:00,0,86
6290855005,2016-04-27 01:00:00,0,86
6290855005,2016-04-27 02:00:00,0,86
6290855005,2016-04-27 03:00:00,0,86
6290855005,2016-04-27 04:00:00,0,86
6290855005,2016-04-27 05:00:00,0,86
6290855005,2016-04-27 06:00:00,136,118
6290855005,2016-04-27 07:00:00,795,157
6290855005,2016-04-27 08:00:00,934,180
6290855005,2016-04-27 09:00:00,236,130
6290855005,2016-04-27 10:00:00,154,114
6290855005,2016-04-27 11:00:00,634,150
6290855005,2016-04-27 12:00:00,164,138
6290855005,2016-04-27 13:00:00,675,139
6290855005,2016-04-27 14:00:00,388,156
6290855005,2016-04-27 15:00:00,277,133
6290855005,2016-04-27 16:00:00,885,148
6290855005,2016-04-27 17:00:00,164,116
6290855005,2016-04-27 18:00:00,123,121
6290855005,2016-04-27 19:00:00,0,86
6290855005,2016-04-27 20:00:00,0,86
6290855005,2016-04-27 21:00:00,0,86
6290855005,2016-04-27 22:00:00,0,86
6290855005,2016-04-27 23:00:00,0,86
6290855005,2016-04-28 00:00:00,0,86
6290855005,2016-04-28 01:00:00,0,86
6290855005,2016-04-28 02:00:00,0,86
6290855005,2016-04-28 03:00:00,0,86
6290855005,2016-04-28 04:00:00,0,86
6290855005,2016-04-28 05:00:00,0,86
6290855005,2016-04-28 06:00:00,87,112
6290855005,2016-04-28 07:00:00,779,159
6290855005,2016-04-28 08:00:00,154,113
6290855005,2016-04-28 09:00:00,230,127
6290855005,2016-04-28 10:00:00,33,92
6290855005,2016-04-28 11:00:00,768,160
6290855005,2016-04-28 12:00:00,1121,180
6290855005,2016-04-28 13:00:00,97,122
6290855005,2016-04-28 14:00:00,815,157
6290855005,2016-04-28 15:00:00,756,149
6290855005,2016-04-28 16:00:00,812,158
6290855005,2016-04-28 17:00:00,79,129
6290855005,2016-04-28 18:00:00,0,86
6290855005,2016-04-28 19:00:00,0,86
6290855005,2016-04-28 20:00:00,0,86
6290855005,2016-04-28 21:00:00,0,86
6290855005,2016-04-28 22:00:00,0,86
6290855005,2016-04-28 23:00:00,0,86
6290855005,2016-04-29 00:00:00,0,86
6290855005,2016-04-29 01:00:00,0,86
6290855005,2016-04-29 02:00:00,0,86
6290855005,2016-04-29 03:00:00,0,86
6290855005,2016-04-29 04:00:00,0,86
6290855005,2016-04-29 05:00:00,0,86
6290855005,2016-04-29 06:00:00,0,86
6290855005,2016-04-29 07:00:00,0,86
6290855005,2016-04-29 08:00:00,0,86
6290855005,2016-04-29 09:00:00,0,86
6290855005,2016-04-29 10:00:00,0,86
6290855005,2016-04-29 11:00:00,0,86
6290855005,2016-04-29 12:00:00,0,86
6290855005,2016-04-29 13:00:00,0,86
6290855005,2016-04-29 14:00:00,0,86
6290855005,2016-04-29 15:00:00,0,86
6290855005,2016-04-29 16:00:00,0,86
6290855005,2016-04-29 17:00:00,0,86
6290855005,2016-04-29 18:00:00,0,86
6290855005,2016-04-29 19:00:00,0,86
6290855005,2016-04-29 20:00:00,0,86
6290855005,2016-04-29 21:00:00,0,86
6290855005,2016-04-29 22:00:00,0,86
6290855005,2016-04-29 23:00:00,0,86
6290855005,2016-04-30 00:00:00,0,86
6290855005,2016-04-30 01:00:00,0,86
6290855005,2016-04-30 02:00:00,0,86
6290855005,2016-04-30 03:00:00,0,86
6290855005,2016-04-30 04:00:00,0,86
6290855005,2016-04-30 05:00:00,0,86
6290855005,2016-04-30 06:00:00,0,86
6290855005,2016-04-30 07:00:00,70,116
6290855005,2016-04-30 08:00:00,111,133
6290855005,2016-04-30 09:00:00,899,174
6290855005,2016-04-30 10:00:00,944,187
6290855005,2016-04-30 11:00:00,1937,220
6290855005,2016-04-30 12:00:00,319,149
6290855005,2016-04-30 13:00:00,420,167
6290855005,2016-04-30 14:00:00,546,164
6290855005,2016-04-30 15:00:00,239,143
6290855005,2016-04-30 16:00:00,1259,187
6290855005,2016-04-30 17:00:00,0,86
6290855005,2016-04-30 18:00:00,0,86
6290855005,2016-04-30 19:00:00,0,86
6290855005,2016-04-30 20:00:00,0,88
6290855005,2016-04-30 21:00:00,0,86
6290855005,2016-04-30 22:00:00,0,86
6290855005,2016-04-30 23:00:00,0,86
6290855005,2016-05-01 00:00:00,0,86
6290855005,2016-05-01 01:00:00,0,86
6290855005,2016-05-01 02:00:00,0,86
6290855005,2016-05-01 03:00:00,0,86
6290855005,2016-05-01 04:00:00,0,86
6290855005,2016-05-01 05:00:00,0,86
6290855005,2016-05-01 06:00:00,0,86
6290855005,2016-05-01 07:00:00,0,86
6290855005,2016-05-01 08:00:00,0,86
6290855005,2016-05-01 09:00:00,3258,286
6290855005,2016-05-01 10:00:00,3251,262
6290855005,2016-05-01 11:00:00,387,140
6290855005,2016-05-01 12:00:00,781,151
6290855005,2016-05-01 13:00:00,497,152
6290855005,2016-05-01 14:00:00,557,156
6290855005,2016-05-01 15:00:00,427,137
6290855005,2016-05-01 16:00:00,8,114
6290855005,2016-05-01 17:00:00,172,139
6290855005,2016-05-01 18:00:00,250,161
6290855005,2016-05-01 19:00:00,170,126
6290855005,2016-05-01 20:00:00,79,176
6290855005,2016-05-01 21:00:00,0,382
6290855005,2016-05-01 22:00:00,0,86
6290855005,2016-05-01 23:00:00,0,86
6290855005,2016-05-02 00:00:00,0,86
6290855005,2016-05-02 01:00:00,0,86
6290855005,2016-05-02 02:00:00,0,86
6290855005,2016-05-02 03:00:00,0,86
6290855005,2016-05-02 04:00:00,0,86
6290855005,2016-05-02 05:00:00,0,86
6290855005,2016-05-02 06:00:00,206,128
6290855005,2016-05-02 07:00:00,788,159
6290855005,2016-05-02 08:00:00,183,111
6290855005,2016-05-02 09:00:00,783,149
6290855005,2016-05-02 10:00:00,578,147
6290855005,2016-05-02 11:00:00,372,134
6290855005,2016-05-02 12:00:00,543,150
6290855005,2016-05-02 13:00:00,789,145
6290855005,2016-05-02 14:00:00,574,127
6290855005,2016-05-02 15:00:00,1178,183
6290855005,2016-05-02 16:00:00,676,148
6290855005,2016-05-02 17:00:00,111,112
6290855005,2016-05-02 18:00:00,0,86
6290855005,2016-05-02 19:00:00,0,86
6290855005,2016-05-02 20:00:00,0,86
6290855005,2016-05-02 21:00:00,0,86
6290855005,2016-05-02 22:00:00,0,86
6290855005,2016-05-02 23:00:00,0,86
6290855005,2016-05-03 00:00:00,0,86
6290855005,2016-05-03 01:00:00,0,86
6290855005,2016-05-03 02:00:00,0,86
6290855005,2016-05-03 03:00:00,0,86
6290855005,2016-05-03 04:00:00,0,86
6290855005,2016-05-03 05:00:00,0,86
6290855005,2016-05-03 06:00:00,393,123
6290855005,2016-05-03 07:00:00,663,142
6290855005,2016-05-03 08:00:00,341,131
6290855005,2016-05-03 09:00:00,630,163
6290855005,2016-05-03 10:00:00,582,142
6290855005,2016-05-03 11:00:00,405,133
6290855005,2016-05-03 12:00:00,400,127
6290855005,2016-05-03 13:00:00,1014,178
6290855005,2016-05-03 14:00:00,259,122
6290855005,2016-05-03 15:00:00,770,149
6290855005,2016-05-03 16:00:00,273,114
6290855005,2016-05-03 17:00:00,317,118
6290855005,2016-05-03 18:00:00,0,86
6290855005,2016-05-03 19:00:00,0,86
6290855005,2016-05-03 20:00:00,0,86
6290855005,2016-05-03 21:00:00,0,86
6290855005,2016-05-03 22:00:00,0,86
6290855005,2016-05-03 23:00:00,0,86
6290855005,2016-05-04 00:00:00,0,86
6290855005,2016-05-04 01:00:00,0,86
6290855005,2016-05-04 02:00:00,0,86
6290855005,2016-05-04 03:00:00,0,86
6290855005,2016-05-04 04:00:00,0,86
6290855005,2016-05-04 05:00:00,0,86
6290855005,2016-05-04 06:00:00,152,100
6290855005,2016-05-04 07:00:00,735,163
6290855005,2016-05-04 08:00:00,281,121
6290855005,2016-05-04 09:00:00,945,168
6290855005,2016-05-04 10:00:00,356,124
6290855005,2016-05-04 11:00:00,743,165
6290855005,2016-05-04 12:00:00,347,136
6290855005,2016-05-04 13:00:00,427,120
6290855005,2016-05-04 14:00:00,416,132
6290855005,2016-05-04 15:00:00,603,139
6290855005,2016-05-04 16:00:00,241,119
6290855005,2016-05-04 17:00:00,258,140
6290855005,2016-05-04 18:00:00,169,124
6290855005,2016-05-04 19:00:00,159,109
6290855005,2016-05-04 20:00:00,0,86
6290855005,2016-05-04 21:00:00,0,86
6290855005,2016-05-04 22:00:00,0,86
6290855005,2016-05-04 23:00:00,0,86
6290855005,2016-05-05 00:00:00,0,86
6290855005,2016-05-05 01:00:00,0,86
6290855005,2016-05-05 02:00:00,0,86
6290855005,2016-05-05 03:00:00,0,86
6290855005,2016-05-05 04:00:00,0,86
6290855005,2016-05-05 05:00:00,72,101
6290855005,2016-05-05 06:00:00,136,104
6290855005,2016-05-05 07:00:00,786,149
6290855005,2016-05-05 08:00:00,478,141
6290855005,2016-05-05 09:00:00,543,133
6290855005,2016-05-05 10:00:00,366,139
6290855005,2016-05-05 11:00:00,421,120
6290855005,2016-05-05 12:00:00,886,165
6290855005,2016-05-05 13:00:00,102,115
6290855005,2016-05-05 14:00:00,1189,190
6290855005,2016-05-05 15:00:00,1070,168
6290855005,2016-05-05 16:00:00,4,88
6290855005,2016-05-05 17:00:00,253,121
6290855005,2016-05-05 18:00:00,33,91
6290855005,2016-05-05 19:00:00,0,86
6290855005,2016-05-05 20:00:00,0,86
6290855005,2016-05-05 21:00:00,0,86
6290855005,2016-05-05 22:00:00,0,86
6290855005,2016-05-05 23:00:00,0,86
6290855005,2016-05-06 00:00:00,0,86
6290855005,2016-05-06 01:00:00,0,86
6290855005,2016-05-06 02:00:00,0,86
6290855005,2016-05-06 03:00:00,0,86
6290855005,2016-05-06 04:00:00,0,86
6290855005,2016-05-06 05:00:00,21,96
6290855005,2016-05-06 06:00:00,134,124
6290855005,2016-05-06 07:00:00,1200,176
6290855005,2016-05-06 08:00:00,374,133
6290855005,2016-05-06 09:00:00,357,142
6290855005,2016-05-06 10:00:00,125,108
6290855005,2016-05-06 11:00:00,716,152
6290855005,2016-05-06 12:00:00,374,126
6290855005,2016-05-06 13:00:00,325,133
6290855005,2016-05-06 14:00:00,281,127
6290855005,2016-05-06 15:00:00,421,131
6290855005,2016-05-06 16:00:00,604,159
6290855005,2016-05-06 17:00:00,916,166
6290855005,2016-05-06 18:00:00,29,118
6290855005,2016-05-06 19:00:00,34,112
6290855005,2016-05-06 20:00:00,205,116
6290855005,2016-05-06 21:00:00,0,86
6290855005,2016-05-06 22:00:00,0,86
6290855005,2016-05-06 23:00:00,0,86
6290855005,2016-05-07 00:00:00,0,86
6290855005,2016-05-07 01:00:00,0,86
6290855005,2016-05-07 02:00:00,0,86
6290855005,2016-05-07 03:00:00,0,86
6290855005,2016-05-07 04:00:00,0,86
6290855005,2016-05-07 05:00:00,0,86
6290855005,2016-05-07 06:00:00,0,86
6290855005,2016-05-07 07:00:00,0,86
6290855005,2016-05-07 08:00:00,0,86
6290855005,2016-05-07 09:00:00,0,86
6290855005,2016-05-07 10:00:00,283,130
6290855005,2016-05-07 11:00:00,361,150
6290855005,2016-05-07 12:00:00,1242,168
6290855005,2016-05-07 13:00:00,682,169
6290855005,2016-05-07 14:00:00,496,137
6290855005,2016-05-07 15:00:00,1259,179
6290855005,2016-05-07 16:00:00,492,119
6290855005,2016-05-07 17:00:00,129,119
6290855005,2016-05-07 18:00:00,417,137
6290855005,2016-05-07 19:00:00,149,104
6290855005,2016-05-07 20:00:00,0,86
6290855005,2016-05-07 21:00:00,0,86
6290855005,2016-05-07 22:00:00,0,86
6290855005,2016-05-07 23:00:00,0,86
6290855005,2016-05-08 00:00:00,0,86
6290855005,2016-05-08 01:00:00,0,86
6290855005,2016-05-08 02:00:00,0,86
6290855005,2016-05-08 03:00:00,0,86
6290855005,2016-05-08 04:00:00,0,86
6290855005,2016-05-08 05:00:00,0,86
6290855005,2016-05-08 06:00:00,0,86
6290855005,2016-05-08 07:00:00,0,86
6290855005,2016-05-08 08:00:00,0,86
6290855005,2016-05-08 09:00:00,308,122
6290855005,2016-05-08 10:00:00,2117,200
6290855005,2016-05-08 11:00:00,1937,204
6290855005,2016-05-08 12:00:00,368,134
6290855005,2016-05-08 13:00:00,889,166
6290855005,2016-05-08 14:00:00,1218,189
6290855005,2016-05-08 15:00:00,247,132
6290855005,2016-05-08 16:00:00,57,99
6290855005,2016-05-08 17:00:00,368,131
6290855005,2016-05-08 18:00:00,87,112
6290855005,2016-05-08 19:00:00,110,104
6290855005,2016-05-08 20:00:00,0,88
6290855005,2016-05-08 21:00:00,0,86
6290855005,2016-05-08 22:00:00,0,86
6290855005,2016-05-08 23:00:00,0,86
6290855005,2016-05-09 00:00:00,0,86
6290855005,2016-05-09 01:00:00,0,86
6290855005,2016-05-09 02:00:00,0,86
6290855005,2016-05-09 03:00:00,0,86
6290855005,2016-05-09 04:00:00,0,86
6290855005,2016-05-09 05:00:00,0,86
6290855005,2016-05-09 06:00:00,296,121
6290855005,2016-05-09 07:00:00,650,134
6290855005,2016-05-09 08:00:00,812,159
6290855005,2016-05-09 09:00:00,686,142
6290855005,2016-05-09 10:00:00,194,126
6290855005,2016-05-09 11:00:00,235,142
6290855005,2016-05-09 12:00:00,358,165
6290855005,2016-05-09 13:00:00,1255,175
6290855005,2016-05-09 14:00:00,343,138
6290855005,2016-05-09 15:00:00,922,163
6290855005,2016-05-09 16:00:00,367,116
6775888955,2016-04-12 00:00:00,0,77
6775888955,2016-04-12 01:00:00,0,77
6775888955,2016-04-12 02:00:00,0,77
6775888955,2016-04-12 03:00:00,0,77
6775888955,2016-04-12 04:00:00,0,77
6775888955,2016-04-12 05:00:00,0,77
6775888955,2016-04-12 06:00:00,0,77
6775888955,2016-04-12 07:00:00,0,77
6775888955,2016-04-12 08:00:00,0,77
6775888955,2016-04-12 09:00:00,0,77
6775888955,2016-04-12 10:00:00,0,77
6775888955,2016-04-12 11:00:00,0,77
6775888955,2016-04-12 12:00:00,0,77
6775888955,2016-04-12 13:00:00,0,77
6775888955,2016-04-12 14:00:00,0,77
6775888955,2016-04-12 15:00:00,0,77
6775888955,2016-04-12 16:00:00,0,77
6775888955,2016-04-12 17:00:00,0,77
6775888955,2016-04-12 18:00:00,0,77
6775888955,2016-04-12 19:00:00,0,77
6775888955,2016-04-12 20:00:00,0,77
6775888955,2016-04-12 21:00:00,0,77
6775888955,2016-04-12 22:00:00,0,77
6775888955,2016-04-12 23:00:00,0,77
6775888955,2016-04-13 00:00:00,0,77
6775888955,2016-04-13 01:00:00,0,77
6775888955,2016-04-13 02:00:00,147,93
6775888955,2016-04-13 03:00:00,0,77
6775888955,2016-04-13 04:00:00,32,83
6775888955,2016-04-13 05:00:00,0,77
6775888955,2016-04-13 06:00:00,10,80
6775888955,2016-04-13 07:00:00,268,109
6775888955,2016-04-13 08:00:00,395,175
6775888955,2016-04-13 09:00:00,74,86
6775888955,2016-04-13 10:00:00,21,84
6775888955,2016-04-13 11:00:00,0,77
6775888955,2016-04-13 12:00:00,0,77
6775888955,2016-04-13 13:00:00,0,77
6775888955,2016-04-13 14:00:00,0,77
6775888955,2016-04-13 15:00:00,0,77
6775888955,2016-04-13 16:00:00,0,77
6775888955,2016-04-13 17:00:00,0,77
6775888955,2016-04-13 18:00:00,0,77
6775888955,2016-04-13 19:00:00,183,111
6775888955,2016-04-13 20:00:00,1131,190
6775888955,2016-04-13 21:00:00,119,118
6775888955,2016-04-13 22:00:00,1200,195
6775888955,2016-04-13 23:00:00,473,153
6775888955,2016-04-14 00:00:00,0,77
6775888955,2016-04-14 01:00:00,0,77
6775888955,2016-04-14 02:00:00,7,79
6775888955,2016-04-14 03:00:00,0,77
6775888955,2016-04-14 04:00:00,8,79
6775888955,2016-04-14 05:00:00,0,77
6775888955,2016-04-14 06:00:00,0,77
6775888955,2016-04-14 07:00:00,277,112
6775888955,2016-04-14 08:00:00,1196,182
6775888955,2016-04-14 09:00:00,55,86
6775888955,2016-04-14 10:00:00,241,111
6775888955,2016-04-14 11:00:00,44,83
6775888955,2016-04-14 12:00:00,650,152
6775888955,2016-04-14 13:00:00,0,77
6775888955,2016-04-14 14:00:00,0,77
6775888955,2016-04-14 15:00:00,0,77
6775888955,2016-04-14 16:00:00,0,77
6775888955,2016-04-14 17:00:00,0,77
6775888955,2016-04-14 18:00:00,0,77
6775888955,2016-04-14 19:00:00,0,77
6775888955,2016-04-14 20:00:00,1112,237
6775888955,2016-04-14 21:00:00,998,188
6775888955,2016-04-14 22:00:00,259,128
6775888955,2016-04-14 23:00:00,315,147
6775888955,2016-04-15 00:00:00,37,94
6775888955,2016-04-15 01:00:00,9,90
6775888955,2016-04-15 02:00:00,0,80
6775888955,2016-04-15 03:00:00,0,77
6775888955,2016-04-15 04:00:00,0,77
6775888955,2016-04-15 05:00:00,0,77
6775888955,2016-04-15 06:00:00,20,81
6775888955,2016-04-15 07:00:00,648,196
6775888955,2016-04-15 08:00:00,480,185
6775888955,2016-04-15 09:00:00,88,96
6775888955,2016-04-15 10:00:00,0,77
6775888955,2016-04-15 11:00:00,0,77
6775888955,2016-04-15 12:00:00,0,77
6775888955,2016-04-15 13:00:00,0,77
6775888955,2016-04-15 14:00:00,0,77
6775888955,2016-04-15 15:00:00,0,77
6775888955,2016-04-15 16:00:00,0,77
6775888955,2016-04-15 17:00:00,0,77
6775888955,2016-04-15 18:00:00,0,77
6775888955,2016-04-15 19:00:00,0,77
6775888955,2016-04-15 20:00:00,0,77
6775888955,2016-04-15 21:00:00,0,77
6775888955,2016-04-15 22:00:00,0,77
6775888955,2016-04-15 23:00:00,0,77
6775888955,2016-04-16 00:00:00,0,77
6775888955,2016-04-16 01:00:00,0,77
6775888955,2016-04-16 02:00:00,0,77
6775888955,2016-04-16 03:00:00,0,77
6775888955,2016-04-16 04:00:00,0,77
6775888955,2016-04-16 05:00:00,0,77
6775888955,2016-04-16 06:00:00,0,77
6775888955,2016-04-16 07:00:00,0,77
6775888955,2016-04-16 08:00:00,0,77
6775888955,2016-04-16 09:00:00,0,77
6775888955,2016-04-16 10:00:00,0,77
6775888955,2016-04-16 11:00:00,0,77
6775888955,2016-04-16 12:00:00,0,77
6775888955,2016-04-16 13:00:00,0,77
6775888955,2016-04-16 14:00:00,0,77
6775888955,2016-04-16 15:00:00,0,77
6775888955,2016-04-16 16:00:00,0,77
6775888955,2016-04-16 17:00:00,0,77
6775888955,2016-04-16 18:00:00,3629,350
6775888955,2016-04-16 19:00:00,1103,187
6775888955,2016-04-16 20:00:00,0,77
6775888955,2016-04-16 21:00:00,0,77
6775888955,2016-04-16 22:00:00,0,77
6775888955,2016-04-16 23:00:00,0,77
6775888955,2016-04-17 00:00:00,0,77
6775888955,2016-04-17 01:00:00,0,77
6775888955,2016-04-17 02:00:00,0,77
6775888955,2016-04-17 03:00:00,0,77
6775888955,2016-04-17 04:00:00,0,77
6775888955,2016-04-17 05:00:00,0,77
6775888955,2016-04-17 06:00:00,0,77
6775888955,2016-04-17 07:00:00,0,77
6775888955,2016-04-17 08:00:00,2303,276
6775888955,2016-04-17 09:00:00,194,104
6775888955,2016-04-17 10:00:00,0,77
6775888955,2016-04-17 11:00:00,0,77
6775888955,2016-04-17 12:00:00,0,77
6775888955,2016-04-17 13:00:00,0,77
6775888955,2016-04-17 14:00:00,0,77
6775888955,2016-04-17 15:00:00,0,77
6775888955,2016-04-17 16:00:00,0,77
6775888955,2016-04-17 17:00:00,0,77
6775888955,2016-04-17 18:00:00,0,77
6775888955,2016-04-17 19:00:00,0,77
6775888955,2016-04-17 20:00:00,0,77
6775888955,2016-04-17 21:00:00,0,77
6775888955,2016-04-17 22:00:00,0,77
6775888955,2016-04-17 23:00:00,0,77
6775888955,2016-04-18 00:00:00,0,77
6775888955,2016-04-18 01:00:00,0,77
6775888955,2016-04-18 02:00:00,0,77
6775888955,2016-04-18 03:00:00,0,77
6775888955,2016-04-18 04:00:00,0,77
6775888955,2016-04-18 05:00:00,0,77
6775888955,2016-04-18 06:00:00,0,77
6775888955,2016-04-18 07:00:00,0,77
6775888955,2016-04-18 08:00:00,0,77
6775888955,2016-04-18 09:00:00,9,82
6775888955,2016-04-18 10:00:00,311,115
6775888955,2016-04-18 11:00:00,1369,320
6775888955,2016-04-18 12:00:00,2492,299
6775888955,2016-04-18 13:00:00,1687,263
6775888955,2016-04-18 14:00:00,1652,252
6775888955,2016-04-18 15:00:00,774,163
6775888955,2016-04-18 16:00:00,0,77
6775888955,2016-04-18 17:00:00,0,77
6775888955,2016-04-18 18:00:00,0,77
6775888955,2016-04-18 19:00:00,0,77
6775888955,2016-04-18 20:00:00,0,77
6775888955,2016-04-18 21:00:00,0,77
6775888955,2016-04-18 22:00:00,0,77
6775888955,2016-04-18 23:00:00,0,77
6775888955,2016-04-19 00:00:00,0,77
6775888955,2016-04-19 01:00:00,0,77
6775888955,2016-04-19 02:00:00,0,77
6775888955,2016-04-19 03:00:00,0,77
6775888955,2016-04-19 04:00:00,0,77
6775888955,2016-04-19 05:00:00,0,77
6775888955,2016-04-19 06:00:00,0,77
6775888955,2016-04-19 07:00:00,0,77
6775888955,2016-04-19 08:00:00,0,77
6775888955,2016-04-19 09:00:00,0,77
6775888955,2016-04-19 10:00:00,0,77
6775888955,2016-04-19 11:00:00,0,77
6775888955,2016-04-19 12:00:00,0,77
6775888955,2016-04-19 13:00:00,0,77
6775888955,2016-04-19 14:00:00,0,77
6775888955,2016-04-19 15:00:00,0,77
6775888955,2016-04-19 16:00:00,0,77
6775888955,2016-04-19 17:00:00,0,77
6775888955,2016-04-19 18:00:00,0,77
6775888955,2016-04-19 19:00:00,0,77
6775888955,2016-04-19 20:00:00,0,77
6775888955,2016-04-19 21:00:00,0,77
6775888955,2016-04-19 22:00:00,0,77
6775888955,2016-04-19 23:00:00,0,77
6775888955,2016-04-20 00:00:00,0,77
6775888955,2016-04-20 01:00:00,0,77
6775888955,2016-04-20 02:00:00,0,77
6775888955,2016-04-20 03:00:00,0,77
6775888955,2016-04-20 04:00:00,0,77
6775888955,2016-04-20 05:00:00,0,77
6775888955,2016-04-20 06:00:00,858,170
6775888955,2016-04-20 07:00:00,1012,253
6775888955,2016-04-20 08:00:00,806,229
6775888955,2016-04-20 09:00:00,410,184
6775888955,2016-04-20 10:00:00,711,168
6775888955,2016-04-20 11:00:00,1135,327
6775888955,2016-04-20 12:00:00,1008,228
6775888955,2016-04-20 13:00:00,1334,274
6775888955,2016-04-20 14:00:00,990,216
6775888955,2016-04-20 15:00:00,392,232
6775888955,2016-04-20 16:00:00,1707,318
6775888955,2016-04-20 17:00:00,222,148
6775888955,2016-04-20 18:00:00,186,137
6775888955,2016-04-20 19:00:00,0,77
6775888955,2016-04-20 20:00:00,0,77
6775888955,2016-04-20 21:00:00,0,77
6775888955,2016-04-20 22:00:00,0,77
6775888955,2016-04-20 23:00:00,0,77
6775888955,2016-04-21 00:00:00,0,77
6775888955,2016-04-21 01:00:00,0,77
6775888955,2016-04-21 02:00:00,0,77
6775888955,2016-04-21 03:00:00,0,77
6775888955,2016-04-21 04:00:00,0,77
6775888955,2016-04-21 05:00:00,0,77
6775888955,2016-04-21 06:00:00,0,77
6775888955,2016-04-21 07:00:00,0,77
6775888955,2016-04-21 08:00:00,0,77
6775888955,2016-04-21 09:00:00,0,77
6775888955,2016-04-21 10:00:00,0,77
6775888955,2016-04-21 11:00:00,0,77
6775888955,2016-04-21 12:00:00,0,77
6775888955,2016-04-21 13:00:00,0,77
6775888955,2016-04-21 14:00:00,0,77
6775888955,2016-04-21 15:00:00,0,77
6775888955,2016-04-21 16:00:00,0,77
6775888955,2016-04-21 17:00:00,0,77
6775888955,2016-04-21 18:00:00,0,77
6775888955,2016-04-21 19:00:00,0,77
6775888955,2016-04-21 20:00:00,0,77
6775888955,2016-04-21 21:00:00,0,77
6775888955,2016-04-21 22:00:00,0,77
6775888955,2016-04-21 23:00:00,0,77
6775888955,2016-04-22 00:00:00,0,77
6775888955,2016-04-22 01:00:00,0,77
6775888955,2016-04-22 02:00:00,0,77
6775888955,2016-04-22 03:00:00,0,77
6775888955,2016-04-22 04:00:00,0,77
6775888955,2016-04-22 05:00:00,0,77
6775888955,2016-04-22 06:00:00,0,77
6775888955,2016-04-22 07:00:00,43,86
6775888955,2016-04-22 08:00:00,594,149
6775888955,2016-04-22 09:00:00,0,77
6775888955,2016-04-22 10:00:00,0,77
6775888955,2016-04-22 11:00:00,0,77
6775888955,2016-04-22 12:00:00,0,77
6775888955,2016-04-22 13:00:00,0,77
6775888955,2016-04-22 14:00:00,0,77
6775888955,2016-04-22 15:00:00,0,77
6775888955,2016-04-22 16:00:00,0,77
6775888955,2016-04-22 17:00:00,0,77
6775888955,2016-04-22 18:00:00,0,77
6775888955,2016-04-22 19:00:00,0,77
6775888955,2016-04-22 20:00:00,0,77
6775888955,2016-04-22 21:00:00,0,77
6775888955,2016-04-22 22:00:00,0,77
6775888955,2016-04-22 23:00:00,0,77
6775888955,2016-04-23 00:00:00,0,77
6775888955,2016-04-23 01:00:00,0,77
6775888955,2016-04-23 02:00:00,0,77
6775888955,2016-04-23 03:00:00,0,77
6775888955,2016-04-23 04:00:00,0,77
6775888955,2016-04-23 05:00:00,0,77
6775888955,2016-04-23 06:00:00,0,77
6775888955,2016-04-23 07:00:00,0,77
6775888955,2016-04-23 08:00:00,0,77
6775888955,2016-04-23 09:00:00,0,77
6775888955,2016-04-23 10:00:00,0,77
6775888955,2016-04-23 11:00:00,0,77
6775888955,2016-04-23 12:00:00,0,77
6775888955,2016-04-23 13:00:00,0,77
6775888955,2016-04-23 14:00:00,0,77
6775888955,2016-04-23 15:00:00,0,77
6775888955,2016-04-23 16:00:00,0,77
6775888955,2016-04-23 17:00:00,0,77
6775888955,2016-04-23 18:00:00,0,77
6775888955,2016-04-23 19:00:00,0,77
6775888955,2016-04-23 20:00:00,0,77
6775888955,2016-04-23 21:00:00,0,77
6775888955,2016-04-23 22:00:00,0,77
6775888955,2016-04-23 23:00:00,0,77
6775888955,2016-04-24 00:00:00,0,77
6775888955,2016-04-24 01:00:00,0,77
6775888955,2016-04-24 02:00:00,0,77
6775888955,2016-04-24 03:00:00,0,77
6775888955,2016-04-24 04:00:00,0,77
6775888955,2016-04-24 05:00:00,0,77
6775888955,2016-04-24 06:00:00,0,77
6775888955,2016-04-24 07:00:00,0,77
6775888955,2016-04-24 08:00:00,0,77
6775888955,2016-04-24 09:00:00,0,77
6775888955,2016-04-24 10:00:00,0,77
6775888955,2016-04-24 11:00:00,742,174
6775888955,2016-04-24 12:00:00,0,77
6775888955,2016-04-24 13:00:00,0,77
6775888955,2016-04-24 14:00:00,0,77
6775888955,2016-04-24 15:00:00,0,77
6775888955,2016-04-24 16:00:00,0,77
6775888955,2016-04-24 17:00:00,0,77
6775888955,2016-04-24 18:00:00,1411,191
6775888955,2016-04-24 19:00:00,0,77
6775888955,2016-04-24 20:00:00,0,77
6775888955,2016-04-24 21:00:00,0,77
6775888955,2016-04-24 22:00:00,0,77
6775888955,2016-04-24 23:00:00,0,77
6775888955,2016-04-25 00:00:00,0,77
6775888955,2016-04-25 01:00:00,0,77
6775888955,2016-04-25 02:00:00,0,77
6775888955,2016-04-25 03:00:00,0,77
6775888955,2016-04-25 04:00:00,0,77
6775888955,2016-04-25 05:00:00,0,77
6775888955,2016-04-25 06:00:00,0,77
6775888955,2016-04-25 07:00:00,0,77
6775888955,2016-04-25 08:00:00,0,77
6775888955,2016-04-25 09:00:00,1272,193
6775888955,2016-04-25 10:00:00,719,191
6775888955,2016-04-25 11:00:00,1008,181
6775888955,2016-04-25 12:00:00,2719,292
6775888955,2016-04-25 13:00:00,745,167
6775888955,2016-04-25 14:00:00,0,77
6775888955,2016-04-25 15:00:00,0,77
6775888955,2016-04-25 16:00:00,0,77
6775888955,2016-04-25 17:00:00,0,77
6775888955,2016-04-25 18:00:00,0,77
6775888955,2016-04-25 19:00:00,0,77
6775888955,2016-04-25 20:00:00,0,77
6775888955,2016-04-25 21:00:00,0,77
6775888955,2016-04-25 22:00:00,0,77
6775888955,2016-04-25 23:00:00,0,77
6775888955,2016-04-26 00:00:00,0,77
6775888955,2016-04-26 01:00:00,0,77
6775888955,2016-04-26 02:00:00,0,77
6775888955,2016-04-26 03:00:00,0,77
6775888955,2016-04-26 04:00:00,0,77
6775888955,2016-04-26 05:00:00,2127,273
6775888955,2016-04-26 06:00:00,3241,322
6775888955,2016-04-26 07:00:00,0,77
6775888955,2016-04-26 08:00:00,755,227
6775888955,2016-04-26 09:00:00,74,104
6775888955,2016-04-26 10:00:00,0,77
6775888955,2016-04-26 11:00:00,0,77
6775888955,2016-04-26 12:00:00,0,78
6775888955,2016-04-26 13:00:00,0,77
6775888955,2016-04-26 14:00:00,0,77
6775888955,2016-04-26 15:00:00,0,77
6775888955,2016-04-26 16:00:00,0,77
6775888955,2016-04-26 17:00:00,0,77
6775888955,2016-04-26 18:00:00,281,126
6775888955,2016-04-26 19:00:00,613,151
6775888955,2016-04-26 20:00:00,0,77
6775888955,2016-04-26 21:00:00,0,77
6775888955,2016-04-26 22:00:00,0,77
6775888955,2016-04-26 23:00:00,0,77
6775888955,2016-04-27 00:00:00,0,77
6775888955,2016-04-27 01:00:00,0,77
6775888955,2016-04-27 02:00:00,0,77
6775888955,2016-04-27 03:00:00,0,77
6775888955,2016-04-27 04:00:00,0,77
6775888955,2016-04-27 05:00:00,0,77
6775888955,2016-04-27 06:00:00,0,77
6775888955,2016-04-27 07:00:00,0,77
6775888955,2016-04-27 08:00:00,0,77
6775888955,2016-04-27 09:00:00,0,77
6775888955,2016-04-27 10:00:00,0,77
6775888955,2016-04-27 11:00:00,0,77
6775888955,2016-04-27 12:00:00,0,77
6775888955,2016-04-27 13:00:00,0,77
6775888955,2016-04-27 14:00:00,0,77
6775888955,2016-04-27 15:00:00,0,77
6775888955,2016-04-27 16:00:00,0,77
6775888955,2016-04-27 17:00:00,0,77
6775888955,2016-04-27 18:00:00,0,77
6775888955,2016-04-27 19:00:00,0,77
6775888955,2016-04-27 20:00:00,0,77
6775888955,2016-04-27 21:00:00,0,77
6775888955,2016-04-27 22:00:00,0,77
6775888955,2016-04-27 23:00:00,0,77
6775888955,2016-04-28 00:00:00,0,77
6775888955,2016-04-28 01:00:00,0,77
6775888955,2016-04-28 02:00:00,0,77
6775888955,2016-04-28 03:00:00,0,77
6775888955,2016-04-28 04:00:00,0,77
6775888955,2016-04-28 05:00:00,0,77
6775888955,2016-04-28 06:00:00,0,77
6775888955,2016-04-28 07:00:00,0,77
6775888955,2016-04-28 08:00:00,0,77
6775888955,2016-04-28 09:00:00,0,77
6775888955,2016-04-28 10:00:00,0,77
6775888955,2016-04-28 11:00:00,0,77
6775888955,2016-04-28 12:00:00,0,77
6775888955,2016-04-28 13:00:00,88,103
6775888955,2016-04-28 14:00:00,615,203
6775888955,2016-04-28 15:00:00,0,77
6775888955,2016-04-28 16:00:00,0,77
6775888955,2016-04-28 17:00:00,0,77
6775888955,2016-04-28 18:00:00,0,77
6775888955,2016-04-28 19:00:00,0,77
6775888955,2016-04-28 20:00:00,0,77
6775888955,2016-04-28 21:00:00,0,77
6775888955,2016-04-28 22:00:00,0,77
6775888955,2016-04-28 23:00:00,0,77
6775888955,2016-04-29 00:00:00,0,77
6775888955,2016-04-29 01:00:00,0,77
6775888955,2016-04-29 02:00:00,0,77
6775888955,2016-04-29 03:00:00,0,77
6775888955,2016-04-29 04:00:00,0,77
6775888955,2016-04-29 05:00:00,0,77
6775888955,2016-04-29 06:00:00,0,77
6775888955,2016-04-29 07:00:00,0,77
6775888955,2016-04-29 08:00:00,0,77
6775888955,2016-04-29 09:00:00,0,77
6775888955,2016-04-29 10:00:00,0,77
6775888955,2016-04-29 11:00:00,0,77
6775888955,2016-04-29 12:00:00,0,77
6775888955,2016-04-29 13:00:00,0,77
6775888955,2016-04-29 14:00:00,0,77
6775888955,2016-04-29 15:00:00,0,77
6775888955,2016-04-29 16:00:00,0,77
6775888955,2016-04-29 17:00:00,0,77
6775888955,2016-04-29 18:00:00,0,77
6775888955,2016-04-29 19:00:00,0,77
6775888955,2016-04-29 20:00:00,0,77
6775888955,2016-04-29 21:00:00,0,77
6775888955,2016-04-29 22:00:00,0,77
6775888955,2016-04-29 23:00:00,0,77
6775888955,2016-04-30 00:00:00,0,77
6775888955,2016-04-30 01:00:00,0,77
6775888955,2016-04-30 02:00:00,0,77
6775888955,2016-04-30 03:00:00,0,77
6775888955,2016-04-30 04:00:00,0,77
6775888955,2016-04-30 05:00:00,0,77
6775888955,2016-04-30 06:00:00,0,77
6775888955,2016-04-30 07:00:00,0,77
6775888955,2016-04-30 08:00:00,0,77
6775888955,2016-04-30 09:00:00,0,77
6775888955,2016-04-30 10:00:00,0,77
6775888955,2016-04-30 11:00:00,0,77
6775888955,2016-04-30 12:00:00,0,77
6775888955,2016-04-30 13:00:00,0,77
6775888955,2016-04-30 14:00:00,0,77
6775888955,2016-04-30 15:00:00,0,77
6775888955,2016-04-30 16:00:00,0,77
6775888955,2016-04-30 17:00:00,0,77
6775888955,2016-04-30 18:00:00,0,77
6775888955,2016-04-30 19:00:00,715,214
6775888955,2016-04-30 20:00:00,5,98
6775888955,2016-04-30 21:00:00,828,187
6775888955,2016-04-30 22:00:00,270,151
6775888955,2016-04-30 23:00:00,685,173
6775888955,2016-05-01 00:00:00,422,158
6775888955,2016-05-01 01:00:00,0,77
6775888955,2016-05-01 02:00:00,0,77
6775888955,2016-05-01 03:00:00,0,77
6775888955,2016-05-01 04:00:00,0,77
6775888955,2016-05-01 05:00:00,0,77
6775888955,2016-05-01 06:00:00,0,77
6775888955,2016-05-01 07:00:00,0,77
6775888955,2016-05-01 08:00:00,0,77
6775888955,2016-05-01 09:00:00,0,77
6775888955,2016-05-01 10:00:00,0,77
6775888955,2016-05-01 11:00:00,0,77
6775888955,2016-05-01 12:00:00,550,182
6775888955,2016-05-01 13:00:00,305,163
6775888955,2016-05-01 14:00:00,0,77
6775888955,2016-05-01 15:00:00,0,77
6775888955,2016-05-01 16:00:00,208,135
6775888955,2016-05-01 17:00:00,1002,224
6775888955,2016-05-01 18:00:00,0,77
6775888955,2016-05-01 19:00:00,0,77
6775888955,2016-05-01 20:00:00,0,77
6775888955,2016-05-01 21:00:00,0,77
6775888955,2016-05-01 22:00:00,0,77
6775888955,2016-05-01 23:00:00,0,77
6775888955,2016-05-02 00:00:00,0,77
6775888955,2016-05-02 01:00:00,0,77
6775888955,2016-05-02 02:00:00,0,77
6775888955,2016-05-02 03:00:00,0,77
6775888955,2016-05-02 04:00:00,0,77
6775888955,2016-05-02 05:00:00,0,77
6775888955,2016-05-02 06:00:00,0,77
6775888955,2016-05-02 07:00:00,0,77
6775888955,2016-05-02 08:00:00,0,77
6775888955,2016-05-02 09:00:00,0,77
6775888955,2016-05-02 10:00:00,0,77
6775888955,2016-05-02 11:00:00,0,77
6775888955,2016-05-02 12:00:00,0,77
6775888955,2016-05-02 13:00:00,0,77
6775888955,2016-05-02 14:00:00,0,77
6775888955,2016-05-02 15:00:00,0,77
6775888955,2016-05-02 16:00:00,0,77
6775888955,2016-05-02 17:00:00,0,77
6775888955,2016-05-02 18:00:00,0,77
6775888955,2016-05-02 19:00:00,0,77
6775888955,2016-05-02 20:00:00,0,77
6775888955,2016-05-02 21:00:00,0,77
6775888955,2016-05-02 22:00:00,0,77
6775888955,2016-05-02 23:00:00,0,77
6775888955,2016-05-03 00:00:00,0,77
6775888955,2016-05-03 01:00:00,0,77
6775888955,2016-05-03 02:00:00,0,77
6775888955,2016-05-03 03:00:00,0,77
6775888955,2016-05-03 04:00:00,0,77
6775888955,2016-05-03 05:00:00,0,77
6775888955,2016-05-03 06:00:00,0,77
6775888955,2016-05-03 07:00:00,0,77
6775888955,2016-05-03 08:00:00,0,77
6775888955,2016-05-03 09:00:00,0,77
6775888955,2016-05-03 10:00:00,0,77
6775888955,2016-05-03 11:00:00,0,77
6775888955,2016-05-03 12:00:00,0,77
6775888955,2016-05-03 13:00:00,0,77
6775888955,2016-05-03 14:00:00,0,77
6775888955,2016-05-03 15:00:00,0,77
6775888955,2016-05-03 16:00:00,0,77
6775888955,2016-05-03 17:00:00,0,77
6775888955,2016-05-03 18:00:00,0,77
6775888955,2016-05-03 19:00:00,0,77
6775888955,2016-05-03 20:00:00,0,77
6775888955,2016-05-03 21:00:00,0,77
6775888955,2016-05-03 22:00:00,9,79
6775888955,2016-05-03 23:00:00,0,77
6775888955,2016-05-04 00:00:00,0,77
6775888955,2016-05-04 01:00:00,0,77
6775888955,2016-05-04 02:00:00,0,77
6775888955,2016-05-04 03:00:00,0,77
6775888955,2016-05-04 04:00:00,0,77
6775888955,2016-05-04 05:00:00,0,77
6775888955,2016-05-04 06:00:00,0,77
6775888955,2016-05-04 07:00:00,0,77
6775888955,2016-05-04 08:00:00,0,77
6775888955,2016-05-04 09:00:00,0,77
6775888955,2016-05-04 10:00:00,0,77
6775888955,2016-05-04 11:00:00,0,77
6775888955,2016-05-04 12:00:00,0,77
6775888955,2016-05-04 13:00:00,0,77
6775888955,2016-05-04 14:00:00,0,77
6775888955,2016-05-04 15:00:00,0,77
6775888955,2016-05-04 16:00:00,0,77
6775888955,2016-05-04 17:00:00,0,77
6775888955,2016-05-04 18:00:00,0,77
6775888955,2016-05-04 19:00:00,0,77
6775888955,2016-05-04 20:00:00,0,77
6775888955,2016-05-04 21:00:00,0,77
6775888955,2016-05-04 22:00:00,0,77
6775888955,2016-05-04 23:00:00,0,77
6775888955,2016-05-05 00:00:00,0,77
6775888955,2016-05-05 01:00:00,0,77
6775888955,2016-05-05 02:00:00,0,77
6775888955,2016-05-05 03:00:00,0,77
6775888955,2016-05-05 04:00:00,0,77
6775888955,2016-05-05 05:00:00,0,77
6775888955,2016-05-05 06:00:00,0,77
6775888955,2016-05-05 07:00:00,0,77
6775888955,2016-05-05 08:00:00,0,77
6775888955,2016-05-05 09:00:00,0,77
6775888955,2016-05-05 10:00:00,0,77
6775888955,2016-05-05 11:00:00,0,77
6775888955,2016-05-05 12:00:00,0,77
6775888955,2016-05-05 13:00:00,0,77
6775888955,2016-05-05 14:00:00,0,77
6775888955,2016-05-05 15:00:00,0,77
6775888955,2016-05-05 16:00:00,0,77
6775888955,2016-05-05 17:00:00,0,77
6775888955,2016-05-05 18:00:00,0,77
6775888955,2016-05-05 19:00:00,0,77
6775888955,2016-05-05 20:00:00,0,77
6775888955,2016-05-05 21:00:00,0,77
6775888955,2016-05-05 22:00:00,0,77
6775888955,2016-05-05 23:00:00,0,77
6775888955,2016-05-06 00:00:00,0,77
6775888955,2016-05-06 01:00:00,0,77
6775888955,2016-05-06 02:00:00,0,77
6775888955,2016-05-06 03:00:00,0,77
6775888955,2016-05-06 04:00:00,0,77
6775888955,2016-05-06 05:00:00,0,77
6775888955,2016-05-06 06:00:00,0,77
6775888955,2016-05-06 07:00:00,0,77
6775888955,2016-05-06 08:00:00,0,77
6775888955,2016-05-06 09:00:00,0,77
6775888955,2016-05-06 10:00:00,0,77
6775888955,2016-05-06 11:00:00,0,77
6775888955,2016-05-06 12:00:00,0,77
6775888955,2016-05-06 13:00:00,0,77
6775888955,2016-05-06 14:00:00,0,77
6775888955,2016-05-06 15:00:00,0,77
6775888955,2016-05-06 16:00:00,0,77
6775888955,2016-05-06 17:00:00,0,77
6775888955,2016-05-06 18:00:00,614,184
6775888955,2016-05-06 19:00:00,338,154
6775888955,2016-05-06 20:00:00,596,210
6775888955,2016-05-06 21:00:00,1500,226
6775888955,2016-05-06 22:00:00,1021,178
6775888955,2016-05-06 23:00:00,573,163
6775888955,2016-05-07 00:00:00,557,133
6775888955,2016-05-07 01:00:00,0,77
6775888955,2016-05-07 02:00:00,0,77
6775888955,2016-05-07 03:00:00,0,77
6775888955,2016-05-07 04:00:00,0,77
6775888955,2016-05-07 05:00:00,0,77
6775888955,2016-05-07 06:00:00,0,77
6775888955,2016-05-07 07:00:00,585,143
6775888955,2016-05-07 08:00:00,738,183
6775888955,2016-05-07 09:00:00,12,92
6962181067,2016-04-12 00:00:00,32,58
6962181067,2016-04-12 01:00:00,0,55
6962181067,2016-04-12 02:00:00,0,55
6962181067,2016-04-12 03:00:00,0,55
6962181067,2016-04-12 04:00:00,0,55
6962181067,2016-04-12 05:00:00,0,55
6962181067,2016-04-12 06:00:00,21,59
6962181067,2016-04-12 07:00:00,412,95
6962181067,2016-04-12 08:00:00,156,75
6962181067,2016-04-12 09:00:00,2812,186
6962181067,2016-04-12 10:00:00,2477,201
6962181067,2016-04-12 11:00:00,431,92
6962181067,2016-04-12 12:00:00,128,69
6962181067,2016-04-12 13:00:00,26,59
6962181067,2016-04-12 14:00:00,76,65
6962181067,2016-04-12 15:00:00,214,71
6962181067,2016-04-12 16:00:00,382,91
6962181067,2016-04-12 17:00:00,333,93
6962181067,2016-04-12 18:00:00,936,122
6962181067,2016-04-12 19:00:00,1717,159
6962181067,2016-04-12 20:00:00,0,54
6962181067,2016-04-12 21:00:00,0,54
6962181067,2016-04-12 22:00:00,4,61
6962181067,2016-04-12 23:00:00,42,59
6962181067,2016-04-13 00:00:00,16,56
6962181067,2016-04-13 01:00:00,34,58
6962181067,2016-04-13 02:00:00,0,55
6962181067,2016-04-13 03:00:00,9,57
6962181067,2016-04-13 04:00:00,27,59
6962181067,2016-04-13 05:00:00,0,55
6962181067,2016-04-13 06:00:00,0,55
6962181067,2016-04-13 07:00:00,0,54
6962181067,2016-04-13 08:00:00,54,62
6962181067,2016-04-13 09:00:00,51,59
6962181067,2016-04-13 10:00:00,0,54
6962181067,2016-04-13 11:00:00,0,54
6962181067,2016-04-13 12:00:00,108,68
6962181067,2016-04-13 13:00:00,81,65
6962181067,2016-04-13 14:00:00,45,62
6962181067,2016-04-13 15:00:00,616,109
6962181067,2016-04-13 16:00:00,197,82
6962181067,2016-04-13 17:00:00,1754,153
6962181067,2016-04-13 18:00:00,1696,144
6962181067,2016-04-13 19:00:00,78,68
6962181067,2016-04-13 20:00:00,658,98
6962181067,2016-04-13 21:00:00,18,58
6962181067,2016-04-13 22:00:00,185,75
6962181067,2016-04-13 23:00:00,25,57
6962181067,2016-04-14 00:00:00,0,54
6962181067,2016-04-14 01:00:00,29,58
6962181067,2016-04-14 02:00:00,0,54
6962181067,2016-04-14 03:00:00,8,55
6962181067,2016-04-14 04:00:00,0,54
6962181067,2016-04-14 05:00:00,0,54
6962181067,2016-04-14 06:00:00,34,59
6962181067,2016-04-14 07:00:00,0,54
6962181067,2016-04-14 08:00:00,116,65
6962181067,2016-04-14 09:00:00,293,75
6962181067,2016-04-14 10:00:00,4,56
6962181067,2016-04-14 11:00:00,54,62
6962181067,2016-04-14 12:00:00,171,74
6962181067,2016-04-14 13:00:00,33,59
6962181067,2016-04-14 14:00:00,30,59
6962181067,2016-04-14 15:00:00,177,71
6962181067,2016-04-14 16:00:00,60,60
6962181067,2016-04-14 17:00:00,215,74
6962181067,2016-04-14 18:00:00,24,59
6962181067,2016-04-14 19:00:00,24,59
6962181067,2016-04-14 20:00:00,107,69
6962181067,2016-04-14 21:00:00,0,56
6962181067,2016-04-14 22:00:00,165,72
6962181067,2016-04-14 23:00:00,7,56
6962181067,2016-04-15 00:00:00,36,57
6962181067,2016-04-15 01:00:00,0,54
6962181067,2016-04-15 02:00:00,0,54
6962181067,2016-04-15 03:00:00,7,55
6962181067,2016-04-15 04:00:00,0,54
6962181067,2016-04-15 05:00:00,0,54
6962181067,2016-04-15 06:00:00,26,57
6962181067,2016-04-15 07:00:00,1158,133
6962181067,2016-04-15 08:00:00,551,116
6962181067,2016-04-15 09:00:00,1109,153
6962181067,2016-04-15 10:00:00,19,58
6962181067,2016-04-15 11:00:00,1151,127
6962181067,2016-04-15 12:00:00,444,85
6962181067,2016-04-15 13:00:00,0,55
6962181067,2016-04-15 14:00:00,207,70
6962181067,2016-04-15 15:00:00,43,60
6962181067,2016-04-15 16:00:00,0,56
6962181067,2016-04-15 17:00:00,82,65
6962181067,2016-04-15 18:00:00,557,101
6962181067,2016-04-15 19:00:00,41,61
6962181067,2016-04-15 20:00:00,61,60
6962181067,2016-04-15 21:00:00,0,54
6962181067,2016-04-15 22:00:00,47,60
6962181067,2016-04-15 23:00:00,24,56
6962181067,2016-04-16 00:00:00,6,56
6962181067,2016-04-16 01:00:00,22,58
6962181067,2016-04-16 02:00:00,0,54
6962181067,2016-04-16 03:00:00,6,55
6962181067,2016-04-16 04:00:00,0,54
6962181067,2016-04-16 05:00:00,0,54
6962181067,2016-04-16 06:00:00,0,54
6962181067,2016-04-16 07:00:00,79,64
6962181067,2016-04-16 08:00:00,902,132
6962181067,2016-04-16 09:00:00,5692,316
6962181067,2016-04-16 10:00:00,837,118
6962181067,2016-04-16 11:00:00,925,125
6962181067,2016-04-16 12:00:00,632,96
6962181067,2016-04-16 13:00:00,187,69
6962181067,2016-04-16 14:00:00,17,58
6962181067,2016-04-16 15:00:00,504,103
6962181067,2016-04-16 16:00:00,273,87
6962181067,2016-04-16 17:00:00,538,100
6962181067,2016-04-16 18:00:00,569,109
6962181067,2016-04-16 19:00:00,1274,144
6962181067,2016-04-16 20:00:00,635,90
6962181067,2016-04-16 21:00:00,0,55
6962181067,2016-04-16 22:00:00,72,60
6962181067,2016-04-16 23:00:00,47,60
6962181067,2016-04-17 00:00:00,5,55
6962181067,2016-04-17 01:00:00,0,54
6962181067,2016-04-17 02:00:00,30,58
6962181067,2016-04-17 03:00:00,0,54
6962181067,2016-04-17 04:00:00,0,54
6962181067,2016-04-17 05:00:00,0,54
6962181067,2016-04-17 06:00:00,0,54
6962181067,2016-04-17 07:00:00,201,74
6962181067,2016-04-17 08:00:00,1055,126
6962181067,2016-04-17 09:00:00,112,82
6962181067,2016-04-17 10:00:00,1095,114
6962181067,2016-04-17 11:00:00,353,86
6962181067,2016-04-17 12:00:00,1095,124
6962181067,2016-04-17 13:00:00,292,83
6962181067,2016-04-17 14:00:00,153,66
6962181067,2016-04-17 15:00:00,2012,170
6962181067,2016-04-17 16:00:00,1125,139
6962181067,2016-04-17 17:00:00,502,111
6962181067,2016-04-17 18:00:00,1035,122
6962181067,2016-04-17 19:00:00,1038,119
6962181067,2016-04-17 20:00:00,0,54
6962181067,2016-04-17 21:00:00,0,60
6962181067,2016-04-17 22:00:00,42,61
6962181067,2016-04-17 23:00:00,0,54
6962181067,2016-04-18 00:00:00,0,54
6962181067,2016-04-18 01:00:00,0,54
6962181067,2016-04-18 02:00:00,0,54
6962181067,2016-04-18 03:00:00,22,56
6962181067,2016-04-18 04:00:00,0,54
6962181067,2016-04-18 05:00:00,0,54
6962181067,2016-04-18 06:00:00,12,56
6962181067,2016-04-18 07:00:00,586,113
6962181067,2016-04-18 08:00:00,456,88
6962181067,2016-04-18 09:00:00,215,71
6962181067,2016-04-18 10:00:00,304,78
6962181067,2016-04-18 11:00:00,4988,287
6962181067,2016-04-18 12:00:00,1276,136
6962181067,2016-04-18 13:00:00,67,62
6962181067,2016-04-18 14:00:00,0,56
6962181067,2016-04-18 15:00:00,687,107
6962181067,2016-04-18 16:00:00,1162,140
6962181067,2016-04-18 17:00:00,696,106
6962181067,2016-04-18 18:00:00,278,89
6962181067,2016-04-18 19:00:00,602,95
6962181067,2016-04-18 20:00:00,0,54
6962181067,2016-04-18 21:00:00,0,54
6962181067,2016-04-18 22:00:00,48,67
6962181067,2016-04-18 23:00:00,5,55
6962181067,2016-04-19 00:00:00,6,55
6962181067,2016-04-19 01:00:00,0,54
6962181067,2016-04-19 02:00:00,23,57
6962181067,2016-04-19 03:00:00,0,54
6962181067,2016-04-19 04:00:00,0,55
6962181067,2016-04-19 05:00:00,0,54
6962181067,2016-04-19 06:00:00,0,54
6962181067,2016-04-19 07:00:00,0,54
6962181067,2016-04-19 08:00:00,659,113
6962181067,2016-04-19 09:00:00,1360,156
6962181067,2016-04-19 10:00:00,4083,255
6962181067,2016-04-19 11:00:00,94,69
6962181067,2016-04-19 12:00:00,45,59
6962181067,2016-04-19 13:00:00,258,78
6962181067,2016-04-19 14:00:00,40,62
6962181067,2016-04-19 15:00:00,921,132
6962181067,2016-04-19 16:00:00,1510,151
6962181067,2016-04-19 17:00:00,1284,147
6962181067,2016-04-19 18:00:00,170,76
6962181067,2016-04-19 19:00:00,143,73
6962181067,2016-04-19 20:00:00,87,66
6962181067,2016-04-19 21:00:00,22,58
6962181067,2016-04-19 22:00:00,6,56
6962181067,2016-04-19 23:00:00,31,58
6962181067,2016-04-20 00:00:00,0,54
6962181067,2016-04-20 01:00:00,0,54
6962181067,2016-04-20 02:00:00,0,54
6962181067,2016-04-20 03:00:00,0,54
6962181067,2016-04-20 04:00:00,0,54
6962181067,2016-04-20 05:00:00,0,54
6962181067,2016-04-20 06:00:00,0,54
6962181067,2016-04-20 07:00:00,625,112
6962181067,2016-04-20 08:00:00,735,108
6962181067,2016-04-20 09:00:00,3837,246
6962181067,2016-04-20 10:00:00,3089,193
6962181067,2016-04-20 11:00:00,693,111
6962181067,2016-04-20 12:00:00,2022,171
6962181067,2016-04-20 13:00:00,0,56
6962181067,2016-04-20 14:00:00,194,76
6962181067,2016-04-20 15:00:00,1397,133
6962181067,2016-04-20 16:00:00,4,56
6962181067,2016-04-20 17:00:00,254,77
6962181067,2016-04-20 18:00:00,411,96
6962181067,2016-04-20 19:00:00,65,68
6962181067,2016-04-20 20:00:00,525,117
6962181067,2016-04-20 21:00:00,14,59
6962181067,2016-04-20 22:00:00,51,60
6962181067,2016-04-20 23:00:00,12,57
6962181067,2016-04-21 00:00:00,0,54
6962181067,2016-04-21 01:00:00,0,54
6962181067,2016-04-21 02:00:00,0,54
6962181067,2016-04-21 03:00:00,0,54
6962181067,2016-04-21 04:00:00,0,54
6962181067,2016-04-21 05:00:00,4,55
6962181067,2016-04-21 06:00:00,0,54
6962181067,2016-04-21 07:00:00,815,122
6962181067,2016-04-21 08:00:00,240,87
6962181067,2016-04-21 09:00:00,1802,174
6962181067,2016-04-21 10:00:00,3120,256
6962181067,2016-04-21 11:00:00,667,116
6962181067,2016-04-21 12:00:00,3935,316
6962181067,2016-04-21 13:00:00,0,68
6962181067,2016-04-21 14:00:00,95,63
6962181067,2016-04-21 15:00:00,9,57
6962181067,2016-04-21 16:00:00,564,104
6962181067,2016-04-21 17:00:00,155,70
6962181067,2016-04-21 18:00:00,383,88
6962181067,2016-04-21 19:00:00,6,56
6962181067,2016-04-21 20:00:00,20,57
6962181067,2016-04-21 21:00:00,0,56
6962181067,2016-04-21 22:00:00,20,56
6962181067,2016-04-21 23:00:00,0,54
6962181067,2016-04-22 00:00:00,0,54
6962181067,2016-04-22 01:00:00,0,54
6962181067,2016-04-22 02:00:00,0,54
6962181067,2016-04-22 03:00:00,0,54
6962181067,2016-04-22 04:00:00,0,54
6962181067,2016-04-22 05:00:00,0,54
6962181067,2016-04-22 06:00:00,7,55
6962181067,2016-04-22 07:00:00,818,138
6962181067,2016-04-22 08:00:00,180,81
6962181067,2016-04-22 09:00:00,3301,239
6962181067,2016-04-22 10:00:00,755,93
6962181067,2016-04-22 11:00:00,788,117
6962181067,2016-04-22 12:00:00,2193,220
6962181067,2016-04-22 13:00:00,17,62
6962181067,2016-04-22 14:00:00,271,78
6962181067,2016-04-22 15:00:00,170,73
6962181067,2016-04-22 16:00:00,716,111
6962181067,2016-04-22 17:00:00,579,97
6962181067,2016-04-22 18:00:00,338,84
6962181067,2016-04-22 19:00:00,495,86
6962181067,2016-04-22 20:00:00,29,57
6962181067,2016-04-22 21:00:00,36,61
6962181067,2016-04-22 22:00:00,32,58
6962181067,2016-04-22 23:00:00,0,54
6962181067,2016-04-23 00:00:00,0,54
6962181067,2016-04-23 01:00:00,0,54
6962181067,2016-04-23 02:00:00,0,54
6962181067,2016-04-23 03:00:00,0,54
6962181067,2016-04-23 04:00:00,0,54
6962181067,2016-04-23 05:00:00,0,54
6962181067,2016-04-23 06:00:00,0,54
6962181067,2016-04-23 07:00:00,7,56
6962181067,2016-04-23 08:00:00,650,120
6962181067,2016-04-23 09:00:00,5890,349
6962181067,2016-04-23 10:00:00,292,98
6962181067,2016-04-23 11:00:00,189,75
6962181067,2016-04-23 12:00:00,445,94
6962181067,2016-04-23 13:00:00,250,81
6962181067,2016-04-23 14:00:00,1209,142
6962181067,2016-04-23 15:00:00,884,126
6962181067,2016-04-23 16:00:00,2124,178
6962181067,2016-04-23 17:00:00,3353,233
6962181067,2016-04-23 18:00:00,619,100
6962181067,2016-04-23 19:00:00,1858,162
6962181067,2016-04-23 20:00:00,790,113
6962181067,2016-04-23 21:00:00,713,105
6962181067,2016-04-23 22:00:00,87,65
6962181067,2016-04-23 23:00:00,671,97
6962181067,2016-04-24 00:00:00,0,54
6962181067,2016-04-24 01:00:00,0,54
6962181067,2016-04-24 02:00:00,0,54
6962181067,2016-04-24 03:00:00,0,54
6962181067,2016-04-24 04:00:00,0,54
6962181067,2016-04-24 05:00:00,0,54
6962181067,2016-04-24 06:00:00,0,54
6962181067,2016-04-24 07:00:00,9,55
6962181067,2016-04-24 08:00:00,22,57
6962181067,2016-04-24 09:00:00,572,102
6962181067,2016-04-24 10:00:00,614,102
6962181067,2016-04-24 11:00:00,372,86
6962181067,2016-04-24 12:00:00,546,96
6962181067,2016-04-24 13:00:00,135,66
6962181067,2016-04-24 14:00:00,42,61
6962181067,2016-04-24 15:00:00,4,55
6962181067,2016-04-24 16:00:00,869,107
6962181067,2016-04-24 17:00:00,621,102
6962181067,2016-04-24 18:00:00,378,95
6962181067,2016-04-24 19:00:00,225,81
6962181067,2016-04-24 20:00:00,300,79
6962181067,2016-04-24 21:00:00,219,67
6962181067,2016-04-24 22:00:00,101,62
6962181067,2016-04-24 23:00:00,0,54
6962181067,2016-04-25 00:00:00,0,54
6962181067,2016-04-25 01:00:00,0,54
6962181067,2016-04-25 02:00:00,0,54
6962181067,2016-04-25 03:00:00,0,54
6962181067,2016-04-25 04:00:00,11,56
6962181067,2016-04-25 05:00:00,0,54
6962181067,2016-04-25 06:00:00,0,54
6962181067,2016-04-25 07:00:00,1330,149
6962181067,2016-04-25 08:00:00,1225,147
6962181067,2016-04-25 09:00:00,868,130
6962181067,2016-04-25 10:00:00,3636,238
6962181067,2016-04-25 11:00:00,521,89
6962181067,2016-04-25 12:00:00,895,139
6962181067,2016-04-25 13:00:00,0,57
6962181067,2016-04-25 14:00:00,253,76
6962181067,2016-04-25 15:00:00,293,85
6962181067,2016-04-25 16:00:00,857,126
6962181067,2016-04-25 17:00:00,2818,190
6962181067,2016-04-25 18:00:00,285,83
6962181067,2016-04-25 19:00:00,130,70
6962181067,2016-04-25 20:00:00,14,57
6962181067,2016-04-25 21:00:00,8,57
6962181067,2016-04-25 22:00:00,95,66
6962181067,2016-04-25 23:00:00,0,54
6962181067,2016-04-26 00:00:00,0,54
6962181067,2016-04-26 01:00:00,7,55
6962181067,2016-04-26 02:00:00,0,54
6962181067,2016-04-26 03:00:00,0,54
6962181067,2016-04-26 04:00:00,0,54
6962181067,2016-04-26 05:00:00,0,54
6962181067,2016-04-26 06:00:00,188,69
6962181067,2016-04-26 07:00:00,514,106
6962181067,2016-04-26 08:00:00,429,93
6962181067,2016-04-26 09:00:00,501,102
6962181067,2016-04-26 10:00:00,665,113
6962181067,2016-04-26 11:00:00,832,125
6962181067,2016-04-26 12:00:00,5110,294
6962181067,2016-04-26 13:00:00,22,63
6962181067,2016-04-26 14:00:00,58,61
6962181067,2016-04-26 15:00:00,323,82
6962181067,2016-04-26 16:00:00,251,81
6962181067,2016-04-26 17:00:00,161,72
6962181067,2016-04-26 18:00:00,857,107
6962181067,2016-04-26 19:00:00,299,86
6962181067,2016-04-26 20:00:00,216,77
6962181067,2016-04-26 21:00:00,0,54
6962181067,2016-04-26 22:00:00,0,54
6962181067,2016-04-26 23:00:00,0,54
6962181067,2016-04-27 00:00:00,0,54
6962181067,2016-04-27 01:00:00,0,54
6962181067,2016-04-27 02:00:00,0,54
6962181067,2016-04-27 03:00:00,8,55
6962181067,2016-04-27 04:00:00,0,54
6962181067,2016-04-27 05:00:00,0,54
6962181067,2016-04-27 06:00:00,77,61
6962181067,2016-04-27 07:00:00,660,115
6962181067,2016-04-27 08:00:00,588,100
6962181067,2016-04-27 09:00:00,259,81
6962181067,2016-04-27 10:00:00,441,93
6962181067,2016-04-27 11:00:00,3081,209
6962181067,2016-04-27 12:00:00,371,87
6962181067,2016-04-27 13:00:00,23,58
6962181067,2016-04-27 14:00:00,71,62
6962181067,2016-04-27 15:00:00,0,56
6962181067,2016-04-27 16:00:00,816,120
6962181067,2016-04-27 17:00:00,620,109
6962181067,2016-04-27 18:00:00,799,135
6962181067,2016-04-27 19:00:00,1229,127
6962181067,2016-04-27 20:00:00,1106,112
6962181067,2016-04-27 21:00:00,50,65
6962181067,2016-04-27 22:00:00,6,55
6962181067,2016-04-27 23:00:00,115,66
6962181067,2016-04-28 00:00:00,0,54
6962181067,2016-04-28 01:00:00,4,55
6962181067,2016-04-28 02:00:00,38,57
6962181067,2016-04-28 03:00:00,0,54
6962181067,2016-04-28 04:00:00,0,54
6962181067,2016-04-28 05:00:00,0,54
6962181067,2016-04-28 06:00:00,0,54
6962181067,2016-04-28 07:00:00,0,54
6962181067,2016-04-28 08:00:00,632,110
6962181067,2016-04-28 09:00:00,901,123
6962181067,2016-04-28 10:00:00,775,106
6962181067,2016-04-28 11:00:00,1226,140
6962181067,2016-04-28 12:00:00,3769,274
6962181067,2016-04-28 13:00:00,1469,168
6962181067,2016-04-28 14:00:00,168,74
6962181067,2016-04-28 15:00:00,851,111
6962181067,2016-04-28 16:00:00,394,81
6962181067,2016-04-28 17:00:00,1313,147
6962181067,2016-04-28 18:00:00,410,90
6962181067,2016-04-28 19:00:00,543,95
6962181067,2016-04-28 20:00:00,134,68
6962181067,2016-04-28 21:00:00,0,54
6962181067,2016-04-28 22:00:00,0,54
6962181067,2016-04-28 23:00:00,0,54
6962181067,2016-04-29 00:00:00,0,54
6962181067,2016-04-29 01:00:00,0,54
6962181067,2016-04-29 02:00:00,0,54
6962181067,2016-04-29 03:00:00,0,54
6962181067,2016-04-29 04:00:00,0,54
6962181067,2016-04-29 05:00:00,0,54
6962181067,2016-04-29 06:00:00,82,62
6962181067,2016-04-29 07:00:00,582,110
6962181067,2016-04-29 08:00:00,649,112
6962181067,2016-04-29 09:00:00,1162,168
6962181067,2016-04-29 10:00:00,1345,232
6962181067,2016-04-29 11:00:00,697,107
6962181067,2016-04-29 12:00:00,2129,175
6962181067,2016-04-29 13:00:00,100,68
6962181067,2016-04-29 14:00:00,89,69
6962181067,2016-04-29 15:00:00,587,102
6962181067,2016-04-29 16:00:00,737,109
6962181067,2016-04-29 17:00:00,526,113
6962181067,2016-04-29 18:00:00,979,133
6962181067,2016-04-29 19:00:00,433,102
6962181067,2016-04-29 20:00:00,560,94
6962181067,2016-04-29 21:00:00,77,62
6962181067,2016-04-29 22:00:00,0,54
6962181067,2016-04-29 23:00:00,28,57
6962181067,2016-04-30 00:00:00,0,55
6962181067,2016-04-30 01:00:00,7,55
6962181067,2016-04-30 02:00:00,0,54
6962181067,2016-04-30 03:00:00,0,54
6962181067,2016-04-30 04:00:00,0,54
6962181067,2016-04-30 05:00:00,0,54
6962181067,2016-04-30 06:00:00,0,54
6962181067,2016-04-30 07:00:00,0,54
6962181067,2016-04-30 08:00:00,10,56
6962181067,2016-04-30 09:00:00,572,98
6962181067,2016-04-30 10:00:00,3293,222
6962181067,2016-04-30 11:00:00,736,125
6962181067,2016-04-30 12:00:00,613,111
6962181067,2016-04-30 13:00:00,824,124
6962181067,2016-04-30 14:00:00,676,107
6962181067,2016-04-30 15:00:00,271,85
6962181067,2016-04-30 16:00:00,0,56
6962181067,2016-04-30 17:00:00,407,95
6962181067,2016-04-30 18:00:00,686,115
6962181067,2016-04-30 19:00:00,384,85
6962181067,2016-04-30 20:00:00,1602,129
6962181067,2016-04-30 21:00:00,0,54
6962181067,2016-04-30 22:00:00,0,54
6962181067,2016-04-30 23:00:00,0,54
6962181067,2016-05-01 00:00:00,0,56
6962181067,2016-05-01 01:00:00,0,54
6962181067,2016-05-01 02:00:00,0,54
6962181067,2016-05-01 03:00:00,16,56
6962181067,2016-05-01 04:00:00,0,54
6962181067,2016-05-01 05:00:00,0,54
6962181067,2016-05-01 06:00:00,0,54
6962181067,2016-05-01 07:00:00,0,55
6962181067,2016-05-01 08:00:00,667,108
6962181067,2016-05-01 09:00:00,289,80
6962181067,2016-05-01 10:00:00,1647,144
6962181067,2016-05-01 11:00:00,295,76
6962181067,2016-05-01 12:00:00,205,82
6962181067,2016-05-01 13:00:00,139,78
6962181067,2016-05-01 14:00:00,181,77
6962181067,2016-05-01 15:00:00,163,69
6962181067,2016-05-01 16:00:00,25,59
6962181067,2016-05-01 17:00:00,468,96
6962181067,2016-05-01 18:00:00,544,106
6962181067,2016-05-01 19:00:00,740,103
6962181067,2016-05-01 20:00:00,31,58
6962181067,2016-05-01 21:00:00,40,58
6962181067,2016-05-01 22:00:00,4,56
6962181067,2016-05-01 23:00:00,0,54
6962181067,2016-05-02 00:00:00,0,54
6962181067,2016-05-02 01:00:00,6,55
6962181067,2016-05-02 02:00:00,0,54
6962181067,2016-05-02 03:00:00,0,54
6962181067,2016-05-02 04:00:00,29,57
6962181067,2016-05-02 05:00:00,0,54
6962181067,2016-05-02 06:00:00,68,61
6962181067,2016-05-02 07:00:00,1123,129
6962181067,2016-05-02 08:00:00,517,100
6962181067,2016-05-02 09:00:00,1469,136
6962181067,2016-05-02 10:00:00,752,93
6962181067,2016-05-02 11:00:00,528,99
6962181067,2016-05-02 12:00:00,1937,165
6962181067,2016-05-02 13:00:00,20,60
6962181067,2016-05-02 14:00:00,149,70
6962181067,2016-05-02 15:00:00,430,93
6962181067,2016-05-02 16:00:00,737,111
6962181067,2016-05-02 17:00:00,1006,128
6962181067,2016-05-02 18:00:00,1385,143
6962181067,2016-05-02 19:00:00,2368,187
6962181067,2016-05-02 20:00:00,50,60
6962181067,2016-05-02 21:00:00,44,60
6962181067,2016-05-02 22:00:00,178,73
6962181067,2016-05-02 23:00:00,116,65
6962181067,2016-05-03 00:00:00,0,54
6962181067,2016-05-03 01:00:00,28,57
6962181067,2016-05-03 02:00:00,0,54
6962181067,2016-05-03 03:00:00,0,54
6962181067,2016-05-03 04:00:00,67,59
6962181067,2016-05-03 05:00:00,0,54
6962181067,2016-05-03 06:00:00,6,55
6962181067,2016-05-03 07:00:00,1058,132
6962181067,2016-05-03 08:00:00,1083,132
6962181067,2016-05-03 09:00:00,111,65
6962181067,2016-05-03 10:00:00,1181,110
6962181067,2016-05-03 11:00:00,1729,150
6962181067,2016-05-03 12:00:00,3053,208
6962181067,2016-05-03 13:00:00,1702,136
6962181067,2016-05-03 14:00:00,213,71
6962181067,2016-05-03 15:00:00,577,112
6962181067,2016-05-03 16:00:00,391,86
6962181067,2016-05-03 17:00:00,88,68
6962181067,2016-05-03 18:00:00,306,85
6962181067,2016-05-03 19:00:00,121,72
6962181067,2016-05-03 20:00:00,308,83
6962181067,2016-05-03 21:00:00,74,66
6962181067,2016-05-03 22:00:00,13,57
6962181067,2016-05-03 23:00:00,0,54
6962181067,2016-05-04 00:00:00,0,54
6962181067,2016-05-04 01:00:00,23,56
6962181067,2016-05-04 02:00:00,10,55
6962181067,2016-05-04 03:00:00,0,54
6962181067,2016-05-04 04:00:00,9,55
6962181067,2016-05-04 05:00:00,0,54
6962181067,2016-05-04 06:00:00,58,60
6962181067,2016-05-04 07:00:00,628,110
6962181067,2016-05-04 08:00:00,710,107
6962181067,2016-05-04 09:00:00,1066,151
6962181067,2016-05-04 10:00:00,1809,193
6962181067,2016-05-04 11:00:00,1621,146
6962181067,2016-05-04 12:00:00,455,86
6962181067,2016-05-04 13:00:00,0,55
6962181067,2016-05-04 14:00:00,61,65
6962181067,2016-05-04 15:00:00,294,85
6962181067,2016-05-04 16:00:00,308,78
6962181067,2016-05-04 17:00:00,521,113
6962181067,2016-05-04 18:00:00,731,105
6962181067,2016-05-04 19:00:00,1094,134
6962181067,2016-05-04 20:00:00,602,92
6962181067,2016-05-04 21:00:00,0,59
6962181067,2016-05-04 22:00:00,91,61
6962181067,2016-05-04 23:00:00,56,58
6962181067,2016-05-05 00:00:00,0,54
6962181067,2016-05-05 01:00:00,10,56
6962181067,2016-05-05 02:00:00,0,54
6962181067,2016-05-05 03:00:00,0,54
6962181067,2016-05-05 04:00:00,0,54
6962181067,2016-05-05 05:00:00,0,54
6962181067,2016-05-05 06:00:00,33,57
6962181067,2016-05-05 07:00:00,7,55
6962181067,2016-05-05 08:00:00,817,121
6962181067,2016-05-05 09:00:00,663,123
6962181067,2016-05-05 10:00:00,730,109
6962181067,2016-05-05 11:00:00,606,105
6962181067,2016-05-05 12:00:00,769,123
6962181067,2016-05-05 13:00:00,16,59
6962181067,2016-05-05 14:00:00,157,72
6962181067,2016-05-05 15:00:00,446,93
6962181067,2016-05-05 16:00:00,727,113
6962181067,2016-05-05 17:00:00,731,110
6962181067,2016-05-05 18:00:00,819,113
6962181067,2016-05-05 19:00:00,3673,242
6962181067,2016-05-05 20:00:00,320,83
6962181067,2016-05-05 21:00:00,0,54
6962181067,2016-05-05 22:00:00,0,54
6962181067,2016-05-05 23:00:00,0,54
6962181067,2016-05-06 00:00:00,7,55
6962181067,2016-05-06 01:00:00,0,54
6962181067,2016-05-06 02:00:00,0,54
6962181067,2016-05-06 03:00:00,0,54
6962181067,2016-05-06 04:00:00,0,54
6962181067,2016-05-06 05:00:00,0,54
6962181067,2016-05-06 06:00:00,0,54
6962181067,2016-05-06 07:00:00,493,101
6962181067,2016-05-06 08:00:00,897,121
6962181067,2016-05-06 09:00:00,422,93
6962181067,2016-05-06 10:00:00,58,67
6962181067,2016-05-06 11:00:00,145,72
6962181067,2016-05-06 12:00:00,297,82
6962181067,2016-05-06 13:00:00,252,74
6962181067,2016-05-06 14:00:00,93,70
6962181067,2016-05-06 15:00:00,7,57
6962181067,2016-05-06 16:00:00,258,87
6962181067,2016-05-06 17:00:00,417,90
6962181067,2016-05-06 18:00:00,682,106
6962181067,2016-05-06 19:00:00,67,61
6962181067,2016-05-06 20:00:00,587,105
6962181067,2016-05-06 21:00:00,480,95
6962181067,2016-05-06 22:00:00,584,113
6962181067,2016-05-06 23:00:00,162,77
6962181067,2016-05-07 00:00:00,13,59
6962181067,2016-05-07 01:00:00,175,76
6962181067,2016-05-07 02:00:00,285,85
6962181067,2016-05-07 03:00:00,75,62
6962181067,2016-05-07 04:00:00,56,59
6962181067,2016-05-07 05:00:00,0,54
6962181067,2016-05-07 06:00:00,101,60
6962181067,2016-05-07 07:00:00,0,54
6962181067,2016-05-07 08:00:00,49,60
6962181067,2016-05-07 09:00:00,573,121
6962181067,2016-05-07 10:00:00,153,73
6962181067,2016-05-07 11:00:00,763,118
6962181067,2016-05-07 12:00:00,125,74
6962181067,2016-05-07 13:00:00,462,96
6962181067,2016-05-07 14:00:00,264,80
6962181067,2016-05-07 15:00:00,0,54
6962181067,2016-05-07 16:00:00,387,94
6962181067,2016-05-07 17:00:00,318,81
6962181067,2016-05-07 18:00:00,681,114
6962181067,2016-05-07 19:00:00,1026,139
6962181067,2016-05-07 20:00:00,502,104
6962181067,2016-05-07 21:00:00,294,73
6962181067,2016-05-07 22:00:00,319,85
6962181067,2016-05-07 23:00:00,194,72
6962181067,2016-05-08 00:00:00,0,55
6962181067,2016-05-08 01:00:00,0,54
6962181067,2016-05-08 02:00:00,0,54
6962181067,2016-05-08 03:00:00,0,54
6962181067,2016-05-08 04:00:00,87,61
6962181067,2016-05-08 05:00:00,4,55
6962181067,2016-05-08 06:00:00,0,54
6962181067,2016-05-08 07:00:00,0,54
6962181067,2016-05-08 08:00:00,5,55
6962181067,2016-05-08 09:00:00,48,62
6962181067,2016-05-08 10:00:00,771,113
6962181067,2016-05-08 11:00:00,569,105
6962181067,2016-05-08 12:00:00,429,92
6962181067,2016-05-08 13:00:00,53,65
6962181067,2016-05-08 14:00:00,106,73
6962181067,2016-05-08 15:00:00,196,75
6962181067,2016-05-08 16:00:00,1465,157
6962181067,2016-05-08 17:00:00,396,90
6962181067,2016-05-08 18:00:00,36,58
6962181067,2016-05-08 19:00:00,0,54
6962181067,2016-05-08 20:00:00,0,54
6962181067,2016-05-08 21:00:00,0,54
6962181067,2016-05-08 22:00:00,0,55
6962181067,2016-05-08 23:00:00,23,57
6962181067,2016-05-09 00:00:00,0,54
6962181067,2016-05-09 01:00:00,0,55
6962181067,2016-05-09 02:00:00,0,54
6962181067,2016-05-09 03:00:00,0,55
6962181067,2016-05-09 04:00:00,0,54
6962181067,2016-05-09 05:00:00,0,54
6962181067,2016-05-09 06:00:00,0,55
6962181067,2016-05-09 07:00:00,15,56
6962181067,2016-05-09 08:00:00,886,120
6962181067,2016-05-09 09:00:00,1322,144
6962181067,2016-05-09 10:00:00,4203,266
6962181067,2016-05-09 11:00:00,690,113
6962181067,2016-05-09 12:00:00,383,90
6962181067,2016-05-09 13:00:00,106,64
6962181067,2016-05-09 14:00:00,169,73
6962181067,2016-05-09 15:00:00,14,59
6962181067,2016-05-09 16:00:00,116,70
6962181067,2016-05-09 17:00:00,890,147
6962181067,2016-05-09 18:00:00,100,68
6962181067,2016-05-09 19:00:00,3269,211
6962181067,2016-05-09 20:00:00,52,65
6962181067,2016-05-09 21:00:00,52,62
6962181067,2016-05-09 22:00:00,75,62
6962181067,2016-05-09 23:00:00,0,54
6962181067,2016-05-10 00:00:00,35,57
6962181067,2016-05-10 01:00:00,11,56
6962181067,2016-05-10 02:00:00,6,55
6962181067,2016-05-10 03:00:00,0,54
6962181067,2016-05-10 04:00:00,0,54
6962181067,2016-05-10 05:00:00,0,54
6962181067,2016-05-10 06:00:00,36,58
6962181067,2016-05-10 07:00:00,2175,198
6962181067,2016-05-10 08:00:00,445,100
6962181067,2016-05-10 09:00:00,2491,212
6962181067,2016-05-10 10:00:00,4269,310
6962181067,2016-05-10 11:00:00,888,124
6962181067,2016-05-10 12:00:00,129,69
6962181067,2016-05-10 13:00:00,17,60
6962181067,2016-05-10 14:00:00,122,66
6962181067,2016-05-10 15:00:00,250,79
6962181067,2016-05-10 16:00:00,1460,160
6962181067,2016-05-10 17:00:00,1740,146
6962181067,2016-05-10 18:00:00,750,119
6962181067,2016-05-10 19:00:00,532,104
6962181067,2016-05-10 20:00:00,0,54
6962181067,2016-05-10 21:00:00,13,57
6962181067,2016-05-10 22:00:00,72,59
6962181067,2016-05-10 23:00:00,7,56
6962181067,2016-05-11 00:00:00,0,54
6962181067,2016-05-11 01:00:00,0,54
6962181067,2016-05-11 02:00:00,0,54
6962181067,2016-05-11 03:00:00,0,54
6962181067,2016-05-11 04:00:00,0,54
6962181067,2016-05-11 05:00:00,22,57
6962181067,2016-05-11 06:00:00,0,54
6962181067,2016-05-11 07:00:00,50,60
6962181067,2016-05-11 08:00:00,713,125
6962181067,2016-05-11 09:00:00,2873,230
6962181067,2016-05-11 10:00:00,481,100
6962181067,2016-05-11 11:00:00,403,85
6962181067,2016-05-11 12:00:00,394,96
6962181067,2016-05-11 13:00:00,0,56
6962181067,2016-05-11 14:00:00,31,59
6962181067,2016-05-11 15:00:00,421,87
6962181067,2016-05-11 16:00:00,440,94
6962181067,2016-05-11 17:00:00,152,73
6962181067,2016-05-11 18:00:00,79,63
6962181067,2016-05-11 19:00:00,265,73
6962181067,2016-05-11 20:00:00,134,76
6962181067,2016-05-11 21:00:00,156,74
6962181067,2016-05-11 22:00:00,99,67
6962181067,2016-05-11 23:00:00,9,56
6962181067,2016-05-12 00:00:00,0,54
6962181067,2016-05-12 01:00:00,41,57
6962181067,2016-05-12 02:00:00,0,54
6962181067,2016-05-12 03:00:00,0,54
6962181067,2016-05-12 04:00:00,0,55
6962181067,2016-05-12 05:00:00,0,54
6962181067,2016-05-12 06:00:00,0,54
6962181067,2016-05-12 07:00:00,0,54
6962181067,2016-05-12 08:00:00,644,112
6962181067,2016-05-12 09:00:00,585,116
6962181067,2016-05-12 10:00:00,1599,149
6962181067,2016-05-12 11:00:00,700,112
7007744171,2016-04-12 00:00:00,0,65
7007744171,2016-04-12 01:00:00,0,65
7007744171,2016-04-12 02:00:00,0,65
7007744171,2016-04-12 03:00:00,0,65
7007744171,2016-04-12 04:00:00,0,65
7007744171,2016-04-12 05:00:00,0,65
7007744171,2016-04-12 06:00:00,881,154
7007744171,2016-04-12 07:00:00,3855,292
7007744171,2016-04-12 08:00:00,3383,300
7007744171,2016-04-12 09:00:00,706,159
7007744171,2016-04-12 10:00:00,972,175
7007744171,2016-04-12 11:00:00,491,175
7007744171,2016-04-12 12:00:00,153,115
7007744171,2016-04-12 13:00:00,375,118
7007744171,2016-04-12 14:00:00,123,93
7007744171,2016-04-12 15:00:00,397,131
7007744171,2016-04-12 16:00:00,1363,217
7007744171,2016-04-12 17:00:00,914,146
7007744171,2016-04-12 18:00:00,268,109
7007744171,2016-04-12 19:00:00,291,106
7007744171,2016-04-12 20:00:00,0,65
7007744171,2016-04-12 21:00:00,0,65
7007744171,2016-04-12 22:00:00,0,65
7007744171,2016-04-12 23:00:00,0,65
7007744171,2016-04-13 00:00:00,0,65
7007744171,2016-04-13 01:00:00,0,65
7007744171,2016-04-13 02:00:00,0,65
7007744171,2016-04-13 03:00:00,0,65
7007744171,2016-04-13 04:00:00,0,65
7007744171,2016-04-13 05:00:00,7,67
7007744171,2016-04-13 06:00:00,1329,171
7007744171,2016-04-13 07:00:00,448,123
7007744171,2016-04-13 08:00:00,5806,426
7007744171,2016-04-13 09:00:00,1169,232
7007744171,2016-04-13 10:00:00,281,100
7007744171,2016-04-13 11:00:00,693,147
7007744171,2016-04-13 12:00:00,332,108
7007744171,2016-04-13 13:00:00,283,104
7007744171,2016-04-13 14:00:00,163,94
7007744171,2016-04-13 15:00:00,352,110
7007744171,2016-04-13 16:00:00,1391,179
7007744171,2016-04-13 17:00:00,229,110
7007744171,2016-04-13 18:00:00,233,96
7007744171,2016-04-13 19:00:00,89,84
7007744171,2016-04-13 20:00:00,57,73
7007744171,2016-04-13 21:00:00,0,65
7007744171,2016-04-13 22:00:00,0,65
7007744171,2016-04-13 23:00:00,0,65
7007744171,2016-04-14 00:00:00,0,65
7007744171,2016-04-14 01:00:00,0,65
7007744171,2016-04-14 02:00:00,0,65
7007744171,2016-04-14 03:00:00,0,65
7007744171,2016-04-14 04:00:00,0,65
7007744171,2016-04-14 05:00:00,0,65
7007744171,2016-04-14 06:00:00,1349,178
7007744171,2016-04-14 07:00:00,427,110
7007744171,2016-04-14 08:00:00,4014,317
7007744171,2016-04-14 09:00:00,627,144
7007744171,2016-04-14 10:00:00,93,83
7007744171,2016-04-14 11:00:00,772,146
7007744171,2016-04-14 12:00:00,364,124
7007744171,2016-04-14 13:00:00,25,78
7007744171,2016-04-14 14:00:00,24,78
7007744171,2016-04-14 15:00:00,366,128
7007744171,2016-04-14 16:00:00,276,109
7007744171,2016-04-14 17:00:00,157,90
7007744171,2016-04-14 18:00:00,952,165
7007744171,2016-04-14 19:00:00,1452,219
7007744171,2016-04-14 20:00:00,238,111
7007744171,2016-04-14 21:00:00,43,70
7007744171,2016-04-14 22:00:00,0,65
7007744171,2016-04-14 23:00:00,0,65
7007744171,2016-04-15 00:00:00,0,65
7007744171,2016-04-15 01:00:00,0,65
7007744171,2016-04-15 02:00:00,0,65
7007744171,2016-04-15 03:00:00,0,65
7007744171,2016-04-15 04:00:00,0,65
7007744171,2016-04-15 05:00:00,0,65
7007744171,2016-04-15 06:00:00,934,143
7007744171,2016-04-15 07:00:00,832,142
7007744171,2016-04-15 08:00:00,832,148
7007744171,2016-04-15 09:00:00,342,100
7007744171,2016-04-15 10:00:00,741,122
7007744171,2016-04-15 11:00:00,634,130
7007744171,2016-04-15 12:00:00,319,113
7007744171,2016-04-15 13:00:00,43,82
7007744171,2016-04-15 14:00:00,24,71
7007744171,2016-04-15 15:00:00,105,85
7007744171,2016-04-15 16:00:00,168,83
7007744171,2016-04-15 17:00:00,270,98
7007744171,2016-04-15 18:00:00,29,67
7007744171,2016-04-15 19:00:00,0,65
7007744171,2016-04-15 20:00:00,0,65
7007744171,2016-04-15 21:00:00,0,65
7007744171,2016-04-15 22:00:00,0,65
7007744171,2016-04-15 23:00:00,0,65
7007744171,2016-04-16 00:00:00,0,65
7007744171,2016-04-16 01:00:00,0,65
7007744171,2016-04-16 02:00:00,0,65
7007744171,2016-04-16 03:00:00,0,65
7007744171,2016-04-16 04:00:00,0,65
7007744171,2016-04-16 05:00:00,0,65
7007744171,2016-04-16 06:00:00,70,70
7007744171,2016-04-16 07:00:00,662,135
7007744171,2016-04-16 08:00:00,107,85
7007744171,2016-04-16 09:00:00,350,98
7007744171,2016-04-16 10:00:00,196,86
7007744171,2016-04-16 11:00:00,254,96
7007744171,2016-04-16 12:00:00,67,76
7007744171,2016-04-16 13:00:00,165,87
7007744171,2016-04-16 14:00:00,0,65
7007744171,2016-04-16 15:00:00,164,85
7007744171,2016-04-16 16:00:00,590,126
7007744171,2016-04-16 17:00:00,833,149
7007744171,2016-04-16 18:00:00,592,129
7007744171,2016-04-16 19:00:00,325,108
7007744171,2016-04-16 20:00:00,231,90
7007744171,2016-04-16 21:00:00,25,72
7007744171,2016-04-16 22:00:00,0,65
7007744171,2016-04-16 23:00:00,0,65
7007744171,2016-04-17 00:00:00,0,65
7007744171,2016-04-17 01:00:00,0,65
7007744171,2016-04-17 02:00:00,0,65
7007744171,2016-04-17 03:00:00,0,65
7007744171,2016-04-17 04:00:00,0,65
7007744171,2016-04-17 05:00:00,0,65
7007744171,2016-04-17 06:00:00,422,99
7007744171,2016-04-17 07:00:00,1818,205
7007744171,2016-04-17 08:00:00,850,162
7007744171,2016-04-17 09:00:00,1575,207
7007744171,2016-04-17 10:00:00,618,131
7007744171,2016-04-17 11:00:00,343,106
7007744171,2016-04-17 12:00:00,112,82
7007744171,2016-04-17 13:00:00,224,92
7007744171,2016-04-17 14:00:00,0,65
7007744171,2016-04-17 15:00:00,188,92
7007744171,2016-04-17 16:00:00,608,139
7007744171,2016-04-17 17:00:00,476,118
7007744171,2016-04-17 18:00:00,410,119
7007744171,2016-04-17 19:00:00,336,107
7007744171,2016-04-17 20:00:00,79,74
7007744171,2016-04-17 21:00:00,0,65
7007744171,2016-04-17 22:00:00,0,65
7007744171,2016-04-17 23:00:00,0,65
7007744171,2016-04-18 00:00:00,0,65
7007744171,2016-04-18 01:00:00,0,65
7007744171,2016-04-18 02:00:00,0,65
7007744171,2016-04-18 03:00:00,0,65
7007744171,2016-04-18 04:00:00,0,65
7007744171,2016-04-18 05:00:00,0,65
7007744171,2016-04-18 06:00:00,885,154
7007744171,2016-04-18 07:00:00,477,119
7007744171,2016-04-18 08:00:00,5974,389
7007744171,2016-04-18 09:00:00,1536,229
7007744171,2016-04-18 10:00:00,2724,279
7007744171,2016-04-18 11:00:00,261,105
7007744171,2016-04-18 12:00:00,215,98
7007744171,2016-04-18 13:00:00,147,87
7007744171,2016-04-18 14:00:00,234,100
7007744171,2016-04-18 15:00:00,832,160
7007744171,2016-04-18 16:00:00,1002,154
7007744171,2016-04-18 17:00:00,91,88
7007744171,2016-04-18 18:00:00,17,77
7007744171,2016-04-18 19:00:00,291,106
7007744171,2016-04-18 20:00:00,47,85
7007744171,2016-04-18 21:00:00,44,78
7007744171,2016-04-18 22:00:00,39,71
7007744171,2016-04-18 23:00:00,0,65
7007744171,2016-04-19 00:00:00,0,65
7007744171,2016-04-19 01:00:00,0,65
7007744171,2016-04-19 02:00:00,0,65
7007744171,2016-04-19 03:00:00,0,65
7007744171,2016-04-19 04:00:00,0,65
7007744171,2016-04-19 05:00:00,0,65
7007744171,2016-04-19 06:00:00,493,119
7007744171,2016-04-19 07:00:00,2076,226
7007744171,2016-04-19 08:00:00,5287,376
7007744171,2016-04-19 09:00:00,823,167
7007744171,2016-04-19 10:00:00,526,126
7007744171,2016-04-19 11:00:00,601,137
7007744171,2016-04-19 12:00:00,186,92
7007744171,2016-04-19 13:00:00,0,70
7007744171,2016-04-19 14:00:00,187,102
7007744171,2016-04-19 15:00:00,310,113
7007744171,2016-04-19 16:00:00,301,116
7007744171,2016-04-19 17:00:00,1127,176
7007744171,2016-04-19 18:00:00,678,149
7007744171,2016-04-19 19:00:00,1396,167
7007744171,2016-04-19 20:00:00,171,88
7007744171,2016-04-19 21:00:00,32,68
7007744171,2016-04-19 22:00:00,0,65
7007744171,2016-04-19 23:00:00,0,65
7007744171,2016-04-20 00:00:00,0,65
7007744171,2016-04-20 01:00:00,0,65
7007744171,2016-04-20 02:00:00,0,65
7007744171,2016-04-20 03:00:00,0,65
7007744171,2016-04-20 04:00:00,0,65
7007744171,2016-04-20 05:00:00,0,65
7007744171,2016-04-20 06:00:00,819,142
7007744171,2016-04-20 07:00:00,591,124
7007744171,2016-04-20 08:00:00,6017,493
7007744171,2016-04-20 09:00:00,1066,261
7007744171,2016-04-20 10:00:00,77,79
7007744171,2016-04-20 11:00:00,707,140
7007744171,2016-04-20 12:00:00,473,122
7007744171,2016-04-20 13:00:00,885,134
7007744171,2016-04-20 14:00:00,502,136
7007744171,2016-04-20 15:00:00,101,75
7007744171,2016-04-20 16:00:00,435,130
7007744171,2016-04-20 17:00:00,434,137
7007744171,2016-04-20 18:00:00,1025,190
7007744171,2016-04-20 19:00:00,1301,196
7007744171,2016-04-20 20:00:00,1133,154
7007744171,2016-04-20 21:00:00,0,65
7007744171,2016-04-20 22:00:00,0,65
7007744171,2016-04-20 23:00:00,0,65
7007744171,2016-04-21 00:00:00,0,65
7007744171,2016-04-21 01:00:00,0,65
7007744171,2016-04-21 02:00:00,0,65
7007744171,2016-04-21 03:00:00,0,65
7007744171,2016-04-21 04:00:00,0,65
7007744171,2016-04-21 05:00:00,0,65
7007744171,2016-04-21 06:00:00,1097,166
7007744171,2016-04-21 07:00:00,701,136
7007744171,2016-04-21 08:00:00,5377,361
7007744171,2016-04-21 09:00:00,1512,233
7007744171,2016-04-21 10:00:00,915,142
7007744171,2016-04-21 11:00:00,187,97
7007744171,2016-04-21 12:00:00,364,115
7007744171,2016-04-21 13:00:00,1038,181
7007744171,2016-04-21 14:00:00,413,120
7007744171,2016-04-21 15:00:00,570,111
7007744171,2016-04-21 16:00:00,555,137
7007744171,2016-04-21 17:00:00,411,108
7007744171,2016-04-21 18:00:00,252,95
7007744171,2016-04-21 19:00:00,246,95
7007744171,2016-04-21 20:00:00,36,74
7007744171,2016-04-21 21:00:00,70,74
7007744171,2016-04-21 22:00:00,0,65
7007744171,2016-04-21 23:00:00,0,65
7007744171,2016-04-22 00:00:00,0,65
7007744171,2016-04-22 01:00:00,0,65
7007744171,2016-04-22 02:00:00,0,65
7007744171,2016-04-22 03:00:00,0,65
7007744171,2016-04-22 04:00:00,0,65
7007744171,2016-04-22 05:00:00,0,65
7007744171,2016-04-22 06:00:00,424,103
7007744171,2016-04-22 07:00:00,390,102
7007744171,2016-04-22 08:00:00,5545,383
7007744171,2016-04-22 09:00:00,1489,178
7007744171,2016-04-22 10:00:00,62,74
7007744171,2016-04-22 11:00:00,367,110
7007744171,2016-04-22 12:00:00,301,106
7007744171,2016-04-22 13:00:00,236,114
7007744171,2016-04-22 14:00:00,190,97
7007744171,2016-04-22 15:00:00,266,94
7007744171,2016-04-22 16:00:00,1780,233
7007744171,2016-04-22 17:00:00,1623,224
7007744171,2016-04-22 18:00:00,383,103
7007744171,2016-04-22 19:00:00,1624,267
7007744171,2016-04-22 20:00:00,619,118
7007744171,2016-04-22 21:00:00,0,65
7007744171,2016-04-22 22:00:00,0,65
7007744171,2016-04-22 23:00:00,0,65
7007744171,2016-04-23 00:00:00,0,65
7007744171,2016-04-23 01:00:00,0,65
7007744171,2016-04-23 02:00:00,0,65
7007744171,2016-04-23 03:00:00,0,65
7007744171,2016-04-23 04:00:00,0,65
7007744171,2016-04-23 05:00:00,0,65
7007744171,2016-04-23 06:00:00,465,118
7007744171,2016-04-23 07:00:00,813,141
7007744171,2016-04-23 08:00:00,1600,211
7007744171,2016-04-23 09:00:00,124,84
7007744171,2016-04-23 10:00:00,281,99
7007744171,2016-04-23 11:00:00,2567,248
7007744171,2016-04-23 12:00:00,695,147
7007744171,2016-04-23 13:00:00,1548,198
7007744171,2016-04-23 14:00:00,0,65
7007744171,2016-04-23 15:00:00,0,65
7007744171,2016-04-23 16:00:00,0,65
7007744171,2016-04-23 17:00:00,0,65
7007744171,2016-04-23 18:00:00,0,65
7007744171,2016-04-23 19:00:00,0,65
7007744171,2016-04-23 20:00:00,0,65
7007744171,2016-04-23 21:00:00,0,65
7007744171,2016-04-23 22:00:00,0,65
7007744171,2016-04-23 23:00:00,0,65
7007744171,2016-04-24 00:00:00,0,65
7007744171,2016-04-24 01:00:00,0,65
7007744171,2016-04-24 02:00:00,0,65
7007744171,2016-04-24 03:00:00,0,65
7007744171,2016-04-24 04:00:00,0,65
7007744171,2016-04-24 05:00:00,0,65
7007744171,2016-04-24 06:00:00,472,113
7007744171,2016-04-24 07:00:00,784,140
7007744171,2016-04-24 08:00:00,757,144
7007744171,2016-04-24 09:00:00,1425,202
7007744171,2016-04-24 10:00:00,1487,213
7007744171,2016-04-24 11:00:00,451,121
7007744171,2016-04-24 12:00:00,825,167
7007744171,2016-04-24 13:00:00,1831,223
7007744171,2016-04-24 14:00:00,1364,188
7007744171,2016-04-24 15:00:00,1349,194
7007744171,2016-04-24 16:00:00,340,117
7007744171,2016-04-24 17:00:00,0,65
7007744171,2016-04-24 18:00:00,0,65
7007744171,2016-04-24 19:00:00,0,65
7007744171,2016-04-24 20:00:00,0,65
7007744171,2016-04-24 21:00:00,0,65
7007744171,2016-04-24 22:00:00,0,65
7007744171,2016-04-24 23:00:00,0,65
7007744171,2016-04-25 00:00:00,0,65
7007744171,2016-04-25 01:00:00,0,65
7007744171,2016-04-25 02:00:00,0,65
7007744171,2016-04-25 03:00:00,0,65
7007744171,2016-04-25 04:00:00,0,65
7007744171,2016-04-25 05:00:00,0,65
7007744171,2016-04-25 06:00:00,1036,152
7007744171,2016-04-25 07:00:00,2993,270
7007744171,2016-04-25 08:00:00,3802,313
7007744171,2016-04-25 09:00:00,2186,259
7007744171,2016-04-25 10:00:00,1929,240
7007744171,2016-04-25 11:00:00,163,95
7007744171,2016-04-25 12:00:00,1430,192
7007744171,2016-04-25 13:00:00,2023,201
7007744171,2016-04-25 14:00:00,319,105
7007744171,2016-04-25 15:00:00,301,104
7007744171,2016-04-25 16:00:00,58,74
7007744171,2016-04-25 17:00:00,453,108
7007744171,2016-04-25 18:00:00,784,143
7007744171,2016-04-25 19:00:00,73,78
7007744171,2016-04-25 20:00:00,679,136
7007744171,2016-04-25 21:00:00,0,65
7007744171,2016-04-25 22:00:00,0,65
7007744171,2016-04-25 23:00:00,0,65
7007744171,2016-04-26 00:00:00,0,65
7007744171,2016-04-26 01:00:00,0,65
7007744171,2016-04-26 02:00:00,0,65
7007744171,2016-04-26 03:00:00,0,65
7007744171,2016-04-26 04:00:00,0,65
7007744171,2016-04-26 05:00:00,0,65
7007744171,2016-04-26 06:00:00,923,156
7007744171,2016-04-26 07:00:00,844,143
7007744171,2016-04-26 08:00:00,153,82
7007744171,2016-04-26 09:00:00,1635,187
7007744171,2016-04-26 10:00:00,2111,233
7007744171,2016-04-26 11:00:00,1750,200
7007744171,2016-04-26 12:00:00,2674,276
7007744171,2016-04-26 13:00:00,321,108
7007744171,2016-04-26 14:00:00,190,87
7007744171,2016-04-26 15:00:00,1000,149
7007744171,2016-04-26 16:00:00,1180,175
7007744171,2016-04-26 17:00:00,640,150
7007744171,2016-04-26 18:00:00,629,134
7007744171,2016-04-26 19:00:00,97,79
7007744171,2016-04-26 20:00:00,37,76
7007744171,2016-04-26 21:00:00,160,90
7007744171,2016-04-26 22:00:00,733,155
7007744171,2016-04-26 23:00:00,13,69
7007744171,2016-04-27 00:00:00,0,65
7007744171,2016-04-27 01:00:00,0,65
7007744171,2016-04-27 02:00:00,0,65
7007744171,2016-04-27 03:00:00,0,65
7007744171,2016-04-27 04:00:00,0,65
7007744171,2016-04-27 05:00:00,0,65
7007744171,2016-04-27 06:00:00,1021,152
7007744171,2016-04-27 07:00:00,591,132
7007744171,2016-04-27 08:00:00,5165,363
7007744171,2016-04-27 09:00:00,1518,205
7007744171,2016-04-27 10:00:00,280,94
7007744171,2016-04-27 11:00:00,386,123
7007744171,2016-04-27 12:00:00,578,139
7007744171,2016-04-27 13:00:00,692,147
7007744171,2016-04-27 14:00:00,239,100
7007744171,2016-04-27 15:00:00,912,188
7007744171,2016-04-27 16:00:00,562,131
7007744171,2016-04-27 17:00:00,1067,194
7007744171,2016-04-27 18:00:00,297,108
7007744171,2016-04-27 19:00:00,143,91
7007744171,2016-04-27 20:00:00,90,79
7007744171,2016-04-27 21:00:00,0,65
7007744171,2016-04-27 22:00:00,0,65
7007744171,2016-04-27 23:00:00,0,65
7007744171,2016-04-28 00:00:00,0,65
7007744171,2016-04-28 01:00:00,0,65
7007744171,2016-04-28 02:00:00,0,65
7007744171,2016-04-28 03:00:00,0,65
7007744171,2016-04-28 04:00:00,0,65
7007744171,2016-04-28 05:00:00,0,65
7007744171,2016-04-28 06:00:00,805,136
7007744171,2016-04-28 07:00:00,715,142
7007744171,2016-04-28 08:00:00,1156,170
7007744171,2016-04-28 09:00:00,1921,233
7007744171,2016-04-28 10:00:00,3163,293
7007744171,2016-04-28 11:00:00,2669,237
7007744171,2016-04-28 12:00:00,482,126
7007744171,2016-04-28 13:00:00,897,161
7007744171,2016-04-28 14:00:00,249,105
7007744171,2016-04-28 15:00:00,152,85
7007744171,2016-04-28 16:00:00,358,103
7007744171,2016-04-28 17:00:00,203,88
7007744171,2016-04-28 18:00:00,363,104
7007744171,2016-04-28 19:00:00,1134,144
7007744171,2016-04-28 20:00:00,803,121
7007744171,2016-04-28 21:00:00,58,71
7007744171,2016-04-28 22:00:00,0,65
7007744171,2016-04-28 23:00:00,0,65
7007744171,2016-04-29 00:00:00,0,65
7007744171,2016-04-29 01:00:00,0,65
7007744171,2016-04-29 02:00:00,0,65
7007744171,2016-04-29 03:00:00,0,65
7007744171,2016-04-29 04:00:00,0,65
7007744171,2016-04-29 05:00:00,0,65
7007744171,2016-04-29 06:00:00,637,121
7007744171,2016-04-29 07:00:00,3274,270
7007744171,2016-04-29 08:00:00,3939,325
7007744171,2016-04-29 09:00:00,642,143
7007744171,2016-04-29 10:00:00,399,101
7007744171,2016-04-29 11:00:00,274,104
7007744171,2016-04-29 12:00:00,630,143
7007744171,2016-04-29 13:00:00,193,96
7007744171,2016-04-29 14:00:00,2050,212
7007744171,2016-04-29 15:00:00,616,127
7007744171,2016-04-29 16:00:00,547,133
7007744171,2016-04-29 17:00:00,1857,223
7007744171,2016-04-29 18:00:00,1051,164
7007744171,2016-04-29 19:00:00,2151,228
7007744171,2016-04-29 20:00:00,1094,143
7007744171,2016-04-29 21:00:00,713,130
7007744171,2016-04-29 22:00:00,0,65
7007744171,2016-04-29 23:00:00,0,65
7007744171,2016-04-30 00:00:00,0,65
7007744171,2016-04-30 01:00:00,0,65
7007744171,2016-04-30 02:00:00,0,65
7007744171,2016-04-30 03:00:00,0,65
7007744171,2016-04-30 04:00:00,0,65
7007744171,2016-04-30 05:00:00,0,65
7007744171,2016-04-30 06:00:00,0,65
7007744171,2016-04-30 07:00:00,197,92
7007744171,2016-04-30 08:00:00,802,143
7007744171,2016-04-30 09:00:00,485,169
7007744171,2016-04-30 10:00:00,417,108
7007744171,2016-04-30 11:00:00,298,100
7007744171,2016-04-30 12:00:00,190,90
7007744171,2016-04-30 13:00:00,513,112
7007744171,2016-04-30 14:00:00,75,77
7007744171,2016-04-30 15:00:00,21,70
7007744171,2016-04-30 16:00:00,26,72
7007744171,2016-04-30 17:00:00,339,111
7007744171,2016-04-30 18:00:00,85,80
7007744171,2016-04-30 19:00:00,82,78
7007744171,2016-04-30 20:00:00,78,78
7007744171,2016-04-30 21:00:00,130,82
7007744171,2016-04-30 22:00:00,23,69
7007744171,2016-04-30 23:00:00,0,65
7007744171,2016-05-01 00:00:00,0,65
7007744171,2016-05-01 01:00:00,0,65
7007744171,2016-05-01 02:00:00,0,65
7007744171,2016-05-01 03:00:00,0,65
7007744171,2016-05-01 04:00:00,0,65
7007744171,2016-05-01 05:00:00,0,65
7007744171,2016-05-01 06:00:00,0,65
7007744171,2016-05-01 07:00:00,649,120
7007744171,2016-05-01 08:00:00,452,112
7007744171,2016-05-01 09:00:00,651,125
7007744171,2016-05-01 10:00:00,247,89
7007744171,2016-05-01 11:00:00,36,69
7007744171,2016-05-01 12:00:00,189,94
7007744171,2016-05-01 13:00:00,1186,251
7007744171,2016-05-01 14:00:00,321,101
7007744171,2016-05-01 15:00:00,613,117
7007744171,2016-05-01 16:00:00,738,154
7007744171,2016-05-01 17:00:00,231,96
7007744171,2016-05-01 18:00:00,51,84
7007744171,2016-05-01 19:00:00,236,101
7007744171,2016-05-01 20:00:00,0,65
7007744171,2016-05-01 21:00:00,0,65
7007744171,2016-05-01 22:00:00,0,65
7007744171,2016-05-01 23:00:00,0,65
7007744171,2016-05-02 00:00:00,0,65
7007744171,2016-05-02 01:00:00,0,65
7007744171,2016-05-02 02:00:00,0,65
7007744171,2016-05-02 03:00:00,0,65
7007744171,2016-05-02 04:00:00,0,65
7007744171,2016-05-02 05:00:00,0,65
7007744171,2016-05-02 06:00:00,823,149
7007744171,2016-05-02 07:00:00,485,112
7007744171,2016-05-02 08:00:00,4937,357
7007744171,2016-05-02 09:00:00,2409,263
7007744171,2016-05-02 10:00:00,2312,257
7007744171,2016-05-02 11:00:00,426,120
7007744171,2016-05-02 12:00:00,145,86
7007744171,2016-05-02 13:00:00,93,77
7007744171,2016-05-02 14:00:00,120,86
7007744171,2016-05-02 15:00:00,180,87
7007744171,2016-05-02 16:00:00,122,87
7007744171,2016-05-02 17:00:00,693,139
7007744171,2016-05-02 18:00:00,114,79
7007744171,2016-05-02 19:00:00,152,85
7007744171,2016-05-02 20:00:00,6,69
7007744171,2016-05-02 21:00:00,24,69
7007744171,2016-05-02 22:00:00,0,65
7007744171,2016-05-02 23:00:00,0,65
7007744171,2016-05-03 00:00:00,0,65
7007744171,2016-05-03 01:00:00,0,65
7007744171,2016-05-03 02:00:00,0,65
7007744171,2016-05-03 03:00:00,0,65
7007744171,2016-05-03 04:00:00,0,65
7007744171,2016-05-03 05:00:00,0,65
7007744171,2016-05-03 06:00:00,1050,160
7007744171,2016-05-03 07:00:00,3671,306
7007744171,2016-05-03 08:00:00,2965,287
7007744171,2016-05-03 09:00:00,650,157
7007744171,2016-05-03 10:00:00,299,98
7007744171,2016-05-03 11:00:00,802,158
7007744171,2016-05-03 12:00:00,557,133
7007744171,2016-05-03 13:00:00,1509,223
7007744171,2016-05-03 14:00:00,384,112
7007744171,2016-05-03 15:00:00,718,126
7007744171,2016-05-03 16:00:00,406,119
7007744171,2016-05-03 17:00:00,1016,178
7007744171,2016-05-03 18:00:00,232,99
7007744171,2016-05-03 19:00:00,84,77
7007744171,2016-05-03 20:00:00,73,142
7007744171,2016-05-03 21:00:00,94,85
7007744171,2016-05-03 22:00:00,0,65
7007744171,2016-05-03 23:00:00,0,65
7007744171,2016-05-04 00:00:00,0,65
7007744171,2016-05-04 01:00:00,0,65
7007744171,2016-05-04 02:00:00,0,65
7007744171,2016-05-04 03:00:00,0,65
7007744171,2016-05-04 04:00:00,0,65
7007744171,2016-05-04 05:00:00,0,65
7007744171,2016-05-04 06:00:00,0,65
7007744171,2016-05-04 07:00:00,0,65
7007744171,2016-05-04 08:00:00,0,65
7007744171,2016-05-04 09:00:00,0,65
7007744171,2016-05-04 10:00:00,0,65
7007744171,2016-05-04 11:00:00,0,65
7007744171,2016-05-04 12:00:00,0,65
7007744171,2016-05-04 13:00:00,0,65
7007744171,2016-05-04 14:00:00,0,65
7007744171,2016-05-04 15:00:00,0,65
7007744171,2016-05-04 16:00:00,0,65
7007744171,2016-05-04 17:00:00,0,65
7007744171,2016-05-04 18:00:00,0,65
7007744171,2016-05-04 19:00:00,0,65
7007744171,2016-05-04 20:00:00,0,65
7007744171,2016-05-04 21:00:00,0,65
7007744171,2016-05-04 22:00:00,0,65
7007744171,2016-05-04 23:00:00,0,65
7007744171,2016-05-05 00:00:00,0,65
7007744171,2016-05-05 01:00:00,0,65
7007744171,2016-05-05 02:00:00,0,65
7007744171,2016-05-05 03:00:00,0,65
7007744171,2016-05-05 04:00:00,0,65
7007744171,2016-05-05 05:00:00,0,65
7007744171,2016-05-05 06:00:00,752,147
7007744171,2016-05-05 07:00:00,2793,258
7007744171,2016-05-05 08:00:00,4094,327
7007744171,2016-05-05 09:00:00,2361,282
7007744171,2016-05-05 10:00:00,1294,211
7007744171,2016-05-05 11:00:00,130,96
7007744171,2016-05-05 12:00:00,192,97
7007744171,2016-05-05 13:00:00,562,118
7007744171,2016-05-05 14:00:00,326,138
7007744171,2016-05-05 15:00:00,662,157
7007744171,2016-05-05 16:00:00,781,141
7007744171,2016-05-05 17:00:00,385,110
7007744171,2016-05-05 18:00:00,595,123
7007744171,2016-05-05 19:00:00,83,80
7007744171,2016-05-05 20:00:00,0,65
7007744171,2016-05-05 21:00:00,0,65
7007744171,2016-05-05 22:00:00,0,65
7007744171,2016-05-05 23:00:00,0,65
7007744171,2016-05-06 00:00:00,0,65
7007744171,2016-05-06 01:00:00,0,65
7007744171,2016-05-06 02:00:00,0,65
7007744171,2016-05-06 03:00:00,0,65
7007744171,2016-05-06 04:00:00,0,65
7007744171,2016-05-06 05:00:00,43,68
7007744171,2016-05-06 06:00:00,5742,408
7007744171,2016-05-06 07:00:00,1164,182
7007744171,2016-05-06 08:00:00,907,177
7007744171,2016-05-06 09:00:00,806,156
7007744171,2016-05-06 10:00:00,90,78
7007744171,2016-05-06 11:00:00,441,110
7007744171,2016-05-06 12:00:00,301,98
7007744171,2016-05-06 13:00:00,324,110
7007744171,2016-05-06 14:00:00,37,71
7007744171,2016-05-06 15:00:00,361,111
7007744171,2016-05-06 16:00:00,69,80
7007744171,2016-05-06 17:00:00,135,85
7007744171,2016-05-06 18:00:00,453,107
7007744171,2016-05-06 19:00:00,374,105
7007744171,2016-05-06 20:00:00,212,89
7007744171,2016-05-06 21:00:00,0,65
7007744171,2016-05-06 22:00:00,0,65
7007744171,2016-05-06 23:00:00,0,65
7007744171,2016-05-07 00:00:00,0,65
7086361926,2016-04-12 00:00:00,0,68
7086361926,2016-04-12 01:00:00,0,68
7086361926,2016-04-12 02:00:00,0,68
7086361926,2016-04-12 03:00:00,0,68
7086361926,2016-04-12 04:00:00,0,68
7086361926,2016-04-12 05:00:00,0,68
7086361926,2016-04-12 06:00:00,0,69
7086361926,2016-04-12 07:00:00,422,117
7086361926,2016-04-12 08:00:00,0,69
7086361926,2016-04-12 09:00:00,234,93
7086361926,2016-04-12 10:00:00,26,72
7086361926,2016-04-12 11:00:00,121,80
7086361926,2016-04-12 12:00:00,156,84
7086361926,2016-04-12 13:00:00,1494,170
7086361926,2016-04-12 14:00:00,0,69
7086361926,2016-04-12 15:00:00,201,83
7086361926,2016-04-12 16:00:00,850,138
7086361926,2016-04-12 17:00:00,5921,596
7086361926,2016-04-12 18:00:00,995,205
7086361926,2016-04-12 19:00:00,297,145
7086361926,2016-04-12 20:00:00,407,131
7086361926,2016-04-12 21:00:00,0,76
7086361926,2016-04-12 22:00:00,181,96
7086361926,2016-04-12 23:00:00,4,72
7086361926,2016-04-13 00:00:00,0,68
7086361926,2016-04-13 01:00:00,0,68
7086361926,2016-04-13 02:00:00,0,68
7086361926,2016-04-13 03:00:00,0,68
7086361926,2016-04-13 04:00:00,0,68
7086361926,2016-04-13 05:00:00,0,68
7086361926,2016-04-13 06:00:00,12,72
7086361926,2016-04-13 07:00:00,475,138
7086361926,2016-04-13 08:00:00,150,87
7086361926,2016-04-13 09:00:00,0,69
7086361926,2016-04-13 10:00:00,152,82
7086361926,2016-04-13 11:00:00,91,76
7086361926,2016-04-13 12:00:00,49,74
7086361926,2016-04-13 13:00:00,1444,168
7086361926,2016-04-13 14:00:00,0,69
7086361926,2016-04-13 15:00:00,36,73
7086361926,2016-04-13 16:00:00,773,130
7086361926,2016-04-13 17:00:00,723,372
7086361926,2016-04-13 18:00:00,1182,229
7086361926,2016-04-13 19:00:00,327,133
7086361926,2016-04-13 20:00:00,255,111
7086361926,2016-04-13 21:00:00,4,72
7086361926,2016-04-13 22:00:00,140,86
7086361926,2016-04-13 23:00:00,0,68
7086361926,2016-04-14 00:00:00,0,68
7086361926,2016-04-14 01:00:00,14,70
7086361926,2016-04-14 02:00:00,0,68
7086361926,2016-04-14 03:00:00,0,68
7086361926,2016-04-14 04:00:00,0,68
7086361926,2016-04-14 05:00:00,0,68
7086361926,2016-04-14 06:00:00,0,70
7086361926,2016-04-14 07:00:00,362,129
7086361926,2016-04-14 08:00:00,607,146
7086361926,2016-04-14 09:00:00,438,103
7086361926,2016-04-14 10:00:00,156,83
7086361926,2016-04-14 11:00:00,427,99
7086361926,2016-04-14 12:00:00,58,82
7086361926,2016-04-14 13:00:00,1219,157
7086361926,2016-04-14 14:00:00,8,72
7086361926,2016-04-14 15:00:00,181,86
7086361926,2016-04-14 16:00:00,664,119
7086361926,2016-04-14 17:00:00,956,293
7086361926,2016-04-14 18:00:00,2604,355
7086361926,2016-04-14 19:00:00,370,122
7086361926,2016-04-14 20:00:00,249,102
7086361926,2016-04-14 21:00:00,56,85
7086361926,2016-04-14 22:00:00,34,78
7086361926,2016-04-14 23:00:00,595,138
7086361926,2016-04-15 00:00:00,428,128
7086361926,2016-04-15 01:00:00,0,69
7086361926,2016-04-15 02:00:00,0,68
7086361926,2016-04-15 03:00:00,0,68
7086361926,2016-04-15 04:00:00,0,68
7086361926,2016-04-15 05:00:00,0,68
7086361926,2016-04-15 06:00:00,0,69
7086361926,2016-04-15 07:00:00,701,150
7086361926,2016-04-15 08:00:00,244,100
7086361926,2016-04-15 09:00:00,169,92
7086361926,2016-04-15 10:00:00,0,69
7086361926,2016-04-15 11:00:00,36,73
7086361926,2016-04-15 12:00:00,421,99
7086361926,2016-04-15 13:00:00,3448,309
7086361926,2016-04-15 14:00:00,309,95
7086361926,2016-04-15 15:00:00,85,78
7086361926,2016-04-15 16:00:00,428,106
7086361926,2016-04-15 17:00:00,93,83
7086361926,2016-04-15 18:00:00,413,118
7086361926,2016-04-15 19:00:00,1714,191
7086361926,2016-04-15 20:00:00,11,77
7086361926,2016-04-15 21:00:00,0,70
7086361926,2016-04-15 22:00:00,85,78
7086361926,2016-04-15 23:00:00,0,70
7086361926,2016-04-16 00:00:00,31,73
7086361926,2016-04-16 01:00:00,0,68
7086361926,2016-04-16 02:00:00,0,68
7086361926,2016-04-16 03:00:00,0,68
7086361926,2016-04-16 04:00:00,0,68
7086361926,2016-04-16 05:00:00,0,68
7086361926,2016-04-16 06:00:00,0,68
7086361926,2016-04-16 07:00:00,0,68
7086361926,2016-04-16 08:00:00,0,68
7086361926,2016-04-16 09:00:00,0,68
7086361926,2016-04-16 10:00:00,0,68
7086361926,2016-04-16 11:00:00,0,68
7086361926,2016-04-16 12:00:00,0,68
7086361926,2016-04-16 13:00:00,0,68
7086361926,2016-04-16 14:00:00,0,68
7086361926,2016-04-16 15:00:00,0,68
7086361926,2016-04-16 16:00:00,0,68
7086361926,2016-04-16 17:00:00,0,68
7086361926,2016-04-16 18:00:00,0,68
7086361926,2016-04-16 19:00:00,0,68
7086361926,2016-04-16 20:00:00,0,68
7086361926,2016-04-16 21:00:00,0,68
7086361926,2016-04-16 22:00:00,0,68
7086361926,2016-04-16 23:00:00,0,68
7086361926,2016-04-17 00:00:00,0,68
7086361926,2016-04-17 01:00:00,0,68
7086361926,2016-04-17 02:00:00,0,68
7086361926,2016-04-17 03:00:00,0,68
7086361926,2016-04-17 04:00:00,0,68
7086361926,2016-04-17 05:00:00,0,68
7086361926,2016-04-17 06:00:00,0,68
7086361926,2016-04-17 07:00:00,0,68
7086361926,2016-04-17 08:00:00,0,68
7086361926,2016-04-17 09:00:00,0,68
7086361926,2016-04-17 10:00:00,0,68
7086361926,2016-04-17 11:00:00,0,68
7086361926,2016-04-17 12:00:00,0,68
7086361926,2016-04-17 13:00:00,0,68
7086361926,2016-04-17 14:00:00,0,68
7086361926,2016-04-17 15:00:00,0,68
7086361926,2016-04-17 16:00:00,0,68
7086361926,2016-04-17 17:00:00,0,68
7086361926,2016-04-17 18:00:00,0,68
7086361926,2016-04-17 19:00:00,0,68
7086361926,2016-04-17 20:00:00,0,68
7086361926,2016-04-17 21:00:00,0,68
7086361926,2016-04-17 22:00:00,0,68
7086361926,2016-04-17 23:00:00,0,68
7086361926,2016-04-18 00:00:00,0,68
7086361926,2016-04-18 01:00:00,0,68
7086361926,2016-04-18 02:00:00,0,68
7086361926,2016-04-18 03:00:00,0,68
7086361926,2016-04-18 04:00:00,0,68
7086361926,2016-04-18 05:00:00,0,68
7086361926,2016-04-18 06:00:00,0,68
7086361926,2016-04-18 07:00:00,593,131
7086361926,2016-04-18 08:00:00,356,109
7086361926,2016-04-18 09:00:00,56,79
7086361926,2016-04-18 10:00:00,193,82
7086361926,2016-04-18 11:00:00,0,69
7086361926,2016-04-18 12:00:00,3837,306
7086361926,2016-04-18 13:00:00,0,71
7086361926,2016-04-18 14:00:00,237,87
7086361926,2016-04-18 15:00:00,0,69
7086361926,2016-04-18 16:00:00,826,138
7086361926,2016-04-18 17:00:00,1128,404
7086361926,2016-04-18 18:00:00,2455,324
7086361926,2016-04-18 19:00:00,73,91
7086361926,2016-04-18 20:00:00,0,82
7086361926,2016-04-18 21:00:00,67,81
7086361926,2016-04-18 22:00:00,6,76
7086361926,2016-04-18 23:00:00,0,69
7086361926,2016-04-19 00:00:00,14,70
7086361926,2016-04-19 01:00:00,0,68
7086361926,2016-04-19 02:00:00,0,68
7086361926,2016-04-19 03:00:00,0,68
7086361926,2016-04-19 04:00:00,0,68
7086361926,2016-04-19 05:00:00,0,68
7086361926,2016-04-19 06:00:00,0,69
7086361926,2016-04-19 07:00:00,282,116
7086361926,2016-04-19 08:00:00,159,88
7086361926,2016-04-19 09:00:00,0,70
7086361926,2016-04-19 10:00:00,197,84
7086361926,2016-04-19 11:00:00,31,73
7086361926,2016-04-19 12:00:00,158,86
7086361926,2016-04-19 13:00:00,4141,328
7086361926,2016-04-19 14:00:00,0,79
7086361926,2016-04-19 15:00:00,34,74
7086361926,2016-04-19 16:00:00,777,135
7086361926,2016-04-19 17:00:00,955,383
7086361926,2016-04-19 18:00:00,2766,344
7086361926,2016-04-19 19:00:00,973,281
7086361926,2016-04-19 20:00:00,0,87
7086361926,2016-04-19 21:00:00,88,84
7086361926,2016-04-19 22:00:00,106,83
7086361926,2016-04-19 23:00:00,7,71
7086361926,2016-04-20 00:00:00,0,68
7086361926,2016-04-20 01:00:00,0,68
7086361926,2016-04-20 02:00:00,0,68
7086361926,2016-04-20 03:00:00,0,68
7086361926,2016-04-20 04:00:00,0,68
7086361926,2016-04-20 05:00:00,0,68
7086361926,2016-04-20 06:00:00,10,72
7086361926,2016-04-20 07:00:00,372,129
7086361926,2016-04-20 08:00:00,133,91
7086361926,2016-04-20 09:00:00,194,89
7086361926,2016-04-20 10:00:00,180,81
7086361926,2016-04-20 11:00:00,30,73
7086361926,2016-04-20 12:00:00,167,88
7086361926,2016-04-20 13:00:00,4286,332
7086361926,2016-04-20 14:00:00,101,82
7086361926,2016-04-20 15:00:00,197,87
7086361926,2016-04-20 16:00:00,816,141
7086361926,2016-04-20 17:00:00,6357,633
7086361926,2016-04-20 18:00:00,863,182
7086361926,2016-04-20 19:00:00,180,128
7086361926,2016-04-20 20:00:00,286,119
7086361926,2016-04-20 21:00:00,98,92
7086361926,2016-04-20 22:00:00,55,90
7086361926,2016-04-20 23:00:00,40,80
7086361926,2016-04-21 00:00:00,48,79
7086361926,2016-04-21 01:00:00,6,70
7086361926,2016-04-21 02:00:00,0,68
7086361926,2016-04-21 03:00:00,0,69
7086361926,2016-04-21 04:00:00,0,68
7086361926,2016-04-21 05:00:00,0,68
7086361926,2016-04-21 06:00:00,34,76
7086361926,2016-04-21 07:00:00,449,123
7086361926,2016-04-21 08:00:00,49,78
7086361926,2016-04-21 09:00:00,42,72
7086361926,2016-04-21 10:00:00,179,81
7086361926,2016-04-21 11:00:00,196,82
7086361926,2016-04-21 12:00:00,80,77
7086361926,2016-04-21 13:00:00,1716,173
7086361926,2016-04-21 14:00:00,2530,233
7086361926,2016-04-21 15:00:00,37,74
7086361926,2016-04-21 16:00:00,956,133
7086361926,2016-04-21 17:00:00,918,139
7086361926,2016-04-21 18:00:00,198,94
7086361926,2016-04-21 19:00:00,8,74
7086361926,2016-04-21 20:00:00,439,122
7086361926,2016-04-21 21:00:00,698,139
7086361926,2016-04-21 22:00:00,629,161
7086361926,2016-04-21 23:00:00,257,112
7086361926,2016-04-22 00:00:00,0,68
7086361926,2016-04-22 01:00:00,0,68
7086361926,2016-04-22 02:00:00,0,68
7086361926,2016-04-22 03:00:00,0,68
7086361926,2016-04-22 04:00:00,0,68
7086361926,2016-04-22 05:00:00,0,68
7086361926,2016-04-22 06:00:00,9,71
7086361926,2016-04-22 07:00:00,729,155
7086361926,2016-04-22 08:00:00,421,112
7086361926,2016-04-22 09:00:00,0,69
7086361926,2016-04-22 10:00:00,545,117
7086361926,2016-04-22 11:00:00,357,107
7086361926,2016-04-22 12:00:00,353,102
7086361926,2016-04-22 13:00:00,125,79
7086361926,2016-04-22 14:00:00,138,79
7086361926,2016-04-22 15:00:00,323,97
7086361926,2016-04-22 16:00:00,955,139
7086361926,2016-04-22 17:00:00,892,384
7086361926,2016-04-22 18:00:00,2810,344
7086361926,2016-04-22 19:00:00,1595,234
7086361926,2016-04-22 20:00:00,59,93
7086361926,2016-04-22 21:00:00,422,116
7086361926,2016-04-22 22:00:00,0,68
7086361926,2016-04-22 23:00:00,0,68
7086361926,2016-04-23 00:00:00,0,68
7086361926,2016-04-23 01:00:00,0,68
7086361926,2016-04-23 02:00:00,0,68
7086361926,2016-04-23 03:00:00,0,68
7086361926,2016-04-23 04:00:00,0,68
7086361926,2016-04-23 05:00:00,0,68
7086361926,2016-04-23 06:00:00,0,68
7086361926,2016-04-23 07:00:00,0,68
7086361926,2016-04-23 08:00:00,0,68
7086361926,2016-04-23 09:00:00,0,68
7086361926,2016-04-23 10:00:00,0,68
7086361926,2016-04-23 11:00:00,0,68
7086361926,2016-04-23 12:00:00,7,73
7086361926,2016-04-23 13:00:00,198,93
7086361926,2016-04-23 14:00:00,1594,183
7086361926,2016-04-23 15:00:00,362,113
7086361926,2016-04-23 16:00:00,347,100
7086361926,2016-04-23 17:00:00,8,84
7086361926,2016-04-23 18:00:00,0,81
7086361926,2016-04-23 19:00:00,24,88
7086361926,2016-04-23 20:00:00,13,84
7086361926,2016-04-23 21:00:00,82,89
7086361926,2016-04-23 22:00:00,122,87
7086361926,2016-04-23 23:00:00,54,75
7086361926,2016-04-24 00:00:00,4,71
7086361926,2016-04-24 01:00:00,0,68
7086361926,2016-04-24 02:00:00,0,68
7086361926,2016-04-24 03:00:00,0,68
7086361926,2016-04-24 04:00:00,0,68
7086361926,2016-04-24 05:00:00,0,68
7086361926,2016-04-24 06:00:00,0,68
7086361926,2016-04-24 07:00:00,0,68
7086361926,2016-04-24 08:00:00,0,68
7086361926,2016-04-24 09:00:00,0,68
7086361926,2016-04-24 10:00:00,0,68
7086361926,2016-04-24 11:00:00,0,68
7086361926,2016-04-24 12:00:00,163,89
7086361926,2016-04-24 13:00:00,0,72
7086361926,2016-04-24 14:00:00,494,138
7086361926,2016-04-24 15:00:00,1454,178
7086361926,2016-04-24 16:00:00,136,90
7086361926,2016-04-24 17:00:00,0,75
7086361926,2016-04-24 18:00:00,517,137
7086361926,2016-04-24 19:00:00,546,144
7086361926,2016-04-24 20:00:00,8,73
7086361926,2016-04-24 21:00:00,69,78
7086361926,2016-04-24 22:00:00,129,86
7086361926,2016-04-24 23:00:00,0,69
7086361926,2016-04-25 00:00:00,0,68
7086361926,2016-04-25 01:00:00,0,69
7086361926,2016-04-25 02:00:00,0,68
7086361926,2016-04-25 03:00:00,0,68
7086361926,2016-04-25 04:00:00,0,68
7086361926,2016-04-25 05:00:00,0,68
7086361926,2016-04-25 06:00:00,0,69
7086361926,2016-04-25 07:00:00,717,152
7086361926,2016-04-25 08:00:00,0,72
7086361926,2016-04-25 09:00:00,41,71
7086361926,2016-04-25 10:00:00,201,83
7086361926,2016-04-25 11:00:00,184,84
7086361926,2016-04-25 12:00:00,90,79
7086361926,2016-04-25 13:00:00,3609,297
7086361926,2016-04-25 14:00:00,0,69
7086361926,2016-04-25 15:00:00,29,74
7086361926,2016-04-25 16:00:00,840,134
7086361926,2016-04-25 17:00:00,1303,379
7086361926,2016-04-25 18:00:00,2679,341
7086361926,2016-04-25 19:00:00,217,108
7086361926,2016-04-25 20:00:00,151,110
7086361926,2016-04-25 21:00:00,7,79
7086361926,2016-04-25 22:00:00,23,76
7086361926,2016-04-25 23:00:00,0,68
7086361926,2016-04-26 00:00:00,0,68
7086361926,2016-04-26 01:00:00,4,70
7086361926,2016-04-26 02:00:00,11,69
7086361926,2016-04-26 03:00:00,0,68
7086361926,2016-04-26 04:00:00,0,68
7086361926,2016-04-26 05:00:00,0,68
7086361926,2016-04-26 06:00:00,9,71
7086361926,2016-04-26 07:00:00,472,136
7086361926,2016-04-26 08:00:00,114,87
7086361926,2016-04-26 09:00:00,0,69
7086361926,2016-04-26 10:00:00,234,86
7086361926,2016-04-26 11:00:00,195,84
7086361926,2016-04-26 12:00:00,392,119
7086361926,2016-04-26 13:00:00,2837,249
7086361926,2016-04-26 14:00:00,1380,154
7086361926,2016-04-26 15:00:00,191,86
7086361926,2016-04-26 16:00:00,967,148
7086361926,2016-04-26 17:00:00,894,341
7086361926,2016-04-26 18:00:00,2459,335
7086361926,2016-04-26 19:00:00,193,108
7086361926,2016-04-26 20:00:00,12,84
7086361926,2016-04-26 21:00:00,0,71
7086361926,2016-04-26 22:00:00,14,73
7086361926,2016-04-26 23:00:00,0,68
7086361926,2016-04-27 00:00:00,0,68
7086361926,2016-04-27 01:00:00,8,70
7086361926,2016-04-27 02:00:00,0,68
7086361926,2016-04-27 03:00:00,0,68
7086361926,2016-04-27 04:00:00,0,68
7086361926,2016-04-27 05:00:00,0,68
7086361926,2016-04-27 06:00:00,0,69
7086361926,2016-04-27 07:00:00,379,127
7086361926,2016-04-27 08:00:00,120,82
7086361926,2016-04-27 09:00:00,202,86
7086361926,2016-04-27 10:00:00,0,69
7086361926,2016-04-27 11:00:00,162,81
7086361926,2016-04-27 12:00:00,149,83
7086361926,2016-04-27 13:00:00,614,106
7086361926,2016-04-27 14:00:00,726,119
7086361926,2016-04-27 15:00:00,39,73
7086361926,2016-04-27 16:00:00,934,134
7086361926,2016-04-27 17:00:00,6025,566
7086361926,2016-04-27 18:00:00,792,186
7086361926,2016-04-27 19:00:00,28,83
7086361926,2016-04-27 20:00:00,376,132
7086361926,2016-04-27 21:00:00,216,111
7086361926,2016-04-27 22:00:00,289,97
7086361926,2016-04-27 23:00:00,48,79
7086361926,2016-04-28 00:00:00,784,138
7086361926,2016-04-28 01:00:00,0,68
7086361926,2016-04-28 02:00:00,0,68
7086361926,2016-04-28 03:00:00,0,68
7086361926,2016-04-28 04:00:00,0,68
7086361926,2016-04-28 05:00:00,0,68
7086361926,2016-04-28 06:00:00,14,72
7086361926,2016-04-28 07:00:00,426,132
7086361926,2016-04-28 08:00:00,214,100
7086361926,2016-04-28 09:00:00,41,78
7086361926,2016-04-28 10:00:00,188,84
7086361926,2016-04-28 11:00:00,0,69
7086361926,2016-04-28 12:00:00,137,88
7086361926,2016-04-28 13:00:00,3859,299
7086361926,2016-04-28 14:00:00,638,129
7086361926,2016-04-28 15:00:00,151,84
7086361926,2016-04-28 16:00:00,902,142
7086361926,2016-04-28 17:00:00,1363,376
7086361926,2016-04-28 18:00:00,2424,288
7086361926,2016-04-28 19:00:00,17,79
7086361926,2016-04-28 20:00:00,85,81
7086361926,2016-04-28 21:00:00,269,105
7086361926,2016-04-28 22:00:00,63,106
7086361926,2016-04-28 23:00:00,0,68
7086361926,2016-04-29 00:00:00,0,68
7086361926,2016-04-29 01:00:00,0,68
7086361926,2016-04-29 02:00:00,0,68
7086361926,2016-04-29 03:00:00,0,68
7086361926,2016-04-29 04:00:00,0,68
7086361926,2016-04-29 05:00:00,0,68
7086361926,2016-04-29 06:00:00,0,68
7086361926,2016-04-29 07:00:00,616,152
7086361926,2016-04-29 08:00:00,172,96
7086361926,2016-04-29 09:00:00,285,101
7086361926,2016-04-29 10:00:00,0,71
7086361926,2016-04-29 11:00:00,199,83
7086361926,2016-04-29 12:00:00,202,88
7086361926,2016-04-29 13:00:00,2225,211
7086361926,2016-04-29 14:00:00,0,69
7086361926,2016-04-29 15:00:00,161,84
7086361926,2016-04-29 16:00:00,1013,143
7086361926,2016-04-29 17:00:00,1093,370
7086361926,2016-04-29 18:00:00,1060,180
7086361926,2016-04-29 19:00:00,198,108
7086361926,2016-04-29 20:00:00,119,91
7086361926,2016-04-29 21:00:00,285,97
7086361926,2016-04-29 22:00:00,245,113
7086361926,2016-04-29 23:00:00,8,82
7086361926,2016-04-30 00:00:00,38,89
7086361926,2016-04-30 01:00:00,291,133
7086361926,2016-04-30 02:00:00,0,70
7086361926,2016-04-30 03:00:00,0,71
7086361926,2016-04-30 04:00:00,0,69
7086361926,2016-04-30 05:00:00,0,68
7086361926,2016-04-30 06:00:00,0,68
7086361926,2016-04-30 07:00:00,0,68
7086361926,2016-04-30 08:00:00,0,68
7086361926,2016-04-30 09:00:00,0,71
7086361926,2016-04-30 10:00:00,627,138
7086361926,2016-04-30 11:00:00,609,132
7086361926,2016-04-30 12:00:00,2636,235
7086361926,2016-04-30 13:00:00,287,114
7086361926,2016-04-30 14:00:00,600,144
7086361926,2016-04-30 15:00:00,2508,233
7086361926,2016-04-30 16:00:00,947,155
7086361926,2016-04-30 17:00:00,726,134
7086361926,2016-04-30 18:00:00,502,119
7086361926,2016-04-30 19:00:00,923,156
7086361926,2016-04-30 20:00:00,1290,173
7086361926,2016-04-30 21:00:00,817,152
7086361926,2016-04-30 22:00:00,295,114
7086361926,2016-04-30 23:00:00,1464,223
7086361926,2016-05-01 00:00:00,68,84
7086361926,2016-05-01 01:00:00,0,68
7086361926,2016-05-01 02:00:00,5,69
7086361926,2016-05-01 03:00:00,0,69
7086361926,2016-05-01 04:00:00,0,68
7086361926,2016-05-01 05:00:00,0,68
7086361926,2016-05-01 06:00:00,0,68
7086361926,2016-05-01 07:00:00,426,112
7086361926,2016-05-01 08:00:00,2824,245
7086361926,2016-05-01 09:00:00,247,104
7086361926,2016-05-01 10:00:00,2391,238
7086361926,2016-05-01 11:00:00,200,93
7086361926,2016-05-01 12:00:00,548,130
7086361926,2016-05-01 13:00:00,1481,187
7086361926,2016-05-01 14:00:00,1305,201
7086361926,2016-05-01 15:00:00,643,134
7086361926,2016-05-01 16:00:00,0,68
7086361926,2016-05-01 17:00:00,0,68
7086361926,2016-05-01 18:00:00,1105,139
7086361926,2016-05-01 19:00:00,293,108
7086361926,2016-05-01 20:00:00,456,152
7086361926,2016-05-01 21:00:00,144,93
7086361926,2016-05-01 22:00:00,133,83
7086361926,2016-05-01 23:00:00,106,78
7086361926,2016-05-02 00:00:00,0,70
7086361926,2016-05-02 01:00:00,0,68
7086361926,2016-05-02 02:00:00,0,68
7086361926,2016-05-02 03:00:00,0,68
7086361926,2016-05-02 04:00:00,0,68
7086361926,2016-05-02 05:00:00,0,68
7086361926,2016-05-02 06:00:00,74,77
7086361926,2016-05-02 07:00:00,508,135
7086361926,2016-05-02 08:00:00,32,76
7086361926,2016-05-02 09:00:00,187,81
7086361926,2016-05-02 10:00:00,92,78
7086361926,2016-05-02 11:00:00,34,73
7086361926,2016-05-02 12:00:00,229,93
7086361926,2016-05-02 13:00:00,3575,292
7086361926,2016-05-02 14:00:00,0,73
7086361926,2016-05-02 15:00:00,219,95
7086361926,2016-05-02 16:00:00,842,141
7086361926,2016-05-02 17:00:00,1426,398
7086361926,2016-05-02 18:00:00,2592,326
7086361926,2016-05-02 19:00:00,130,95
7086361926,2016-05-02 20:00:00,0,83
7086361926,2016-05-02 21:00:00,0,72
7086361926,2016-05-02 22:00:00,106,89
7086361926,2016-05-02 23:00:00,6,70
7086361926,2016-05-03 00:00:00,0,69
7086361926,2016-05-03 01:00:00,0,68
7086361926,2016-05-03 02:00:00,0,69
7086361926,2016-05-03 03:00:00,0,68
7086361926,2016-05-03 04:00:00,0,68
7086361926,2016-05-03 05:00:00,0,68
7086361926,2016-05-03 06:00:00,13,71
7086361926,2016-05-03 07:00:00,229,108
7086361926,2016-05-03 08:00:00,0,73
7086361926,2016-05-03 09:00:00,213,85
7086361926,2016-05-03 10:00:00,160,84
7086361926,2016-05-03 11:00:00,139,79
7086361926,2016-05-03 12:00:00,151,86
7086361926,2016-05-03 13:00:00,3619,290
7086361926,2016-05-03 14:00:00,210,85
7086361926,2016-05-03 15:00:00,227,91
7086361926,2016-05-03 16:00:00,819,135
7086361926,2016-05-03 17:00:00,1219,390
7086361926,2016-05-03 18:00:00,1889,252
7086361926,2016-05-03 19:00:00,42,88
7086361926,2016-05-03 20:00:00,267,102
7086361926,2016-05-03 21:00:00,628,135
7086361926,2016-05-03 22:00:00,135,82
7086361926,2016-05-03 23:00:00,328,109
7086361926,2016-05-04 00:00:00,0,68
7086361926,2016-05-04 01:00:00,0,68
7086361926,2016-05-04 02:00:00,0,68
7086361926,2016-05-04 03:00:00,0,68
7086361926,2016-05-04 04:00:00,0,68
7086361926,2016-05-04 05:00:00,0,68
7086361926,2016-05-04 06:00:00,20,72
7086361926,2016-05-04 07:00:00,309,109
7086361926,2016-05-04 08:00:00,141,80
7086361926,2016-05-04 09:00:00,48,74
7086361926,2016-05-04 10:00:00,165,84
7086361926,2016-05-04 11:00:00,34,74
7086361926,2016-05-04 12:00:00,317,99
7086361926,2016-05-04 13:00:00,1398,159
7086361926,2016-05-04 14:00:00,39,73
7086361926,2016-05-04 15:00:00,218,84
7086361926,2016-05-04 16:00:00,904,141
7086361926,2016-05-04 17:00:00,6091,590
7086361926,2016-05-04 18:00:00,877,172
7086361926,2016-05-04 19:00:00,262,113
7086361926,2016-05-04 20:00:00,0,81
7086361926,2016-05-04 21:00:00,30,85
7086361926,2016-05-04 22:00:00,127,87
7086361926,2016-05-04 23:00:00,8,70
7086361926,2016-05-05 00:00:00,0,68
7086361926,2016-05-05 01:00:00,0,68
7086361926,2016-05-05 02:00:00,0,68
7086361926,2016-05-05 03:00:00,0,68
7086361926,2016-05-05 04:00:00,0,68
7086361926,2016-05-05 05:00:00,0,68
7086361926,2016-05-05 06:00:00,0,68
7086361926,2016-05-05 07:00:00,389,123
7086361926,2016-05-05 08:00:00,387,109
7086361926,2016-05-05 09:00:00,0,70
7086361926,2016-05-05 10:00:00,157,85
7086361926,2016-05-05 11:00:00,265,89
7086361926,2016-05-05 12:00:00,66,79
7086361926,2016-05-05 13:00:00,4946,384
7086361926,2016-05-05 14:00:00,25,87
7086361926,2016-05-05 15:00:00,71,82
7086361926,2016-05-05 16:00:00,519,116
7086361926,2016-05-05 17:00:00,556,130
7086361926,2016-05-05 18:00:00,187,97
7086361926,2016-05-05 19:00:00,143,91
7086361926,2016-05-05 20:00:00,451,114
7086361926,2016-05-05 21:00:00,82,78
7086361926,2016-05-05 22:00:00,181,88
7086361926,2016-05-05 23:00:00,100,84
7086361926,2016-05-06 00:00:00,45,75
7086361926,2016-05-06 01:00:00,205,90
7086361926,2016-05-06 02:00:00,0,68
7086361926,2016-05-06 03:00:00,0,69
7086361926,2016-05-06 04:00:00,0,68
7086361926,2016-05-06 05:00:00,0,68
7086361926,2016-05-06 06:00:00,17,72
7086361926,2016-05-06 07:00:00,1298,168
7086361926,2016-05-06 08:00:00,255,92
7086361926,2016-05-06 09:00:00,166,83
7086361926,2016-05-06 10:00:00,52,79
7086361926,2016-05-06 11:00:00,67,74
7086361926,2016-05-06 12:00:00,159,92
7086361926,2016-05-06 13:00:00,4869,353
7086361926,2016-05-06 14:00:00,539,104
7086361926,2016-05-06 15:00:00,76,81
7086361926,2016-05-06 16:00:00,1048,151
7086361926,2016-05-06 17:00:00,983,421
7086361926,2016-05-06 18:00:00,2024,270
7086361926,2016-05-06 19:00:00,351,126
7086361926,2016-05-06 20:00:00,288,106
7086361926,2016-05-06 21:00:00,19,75
7086361926,2016-05-06 22:00:00,0,71
7086361926,2016-05-06 23:00:00,0,68
7086361926,2016-05-07 00:00:00,20,75
7086361926,2016-05-07 01:00:00,0,68
7086361926,2016-05-07 02:00:00,0,69
7086361926,2016-05-07 03:00:00,0,68
7086361926,2016-05-07 04:00:00,0,68
7086361926,2016-05-07 05:00:00,0,68
7086361926,2016-05-07 06:00:00,0,72
7086361926,2016-05-07 07:00:00,0,69
7086361926,2016-05-07 08:00:00,0,69
7086361926,2016-05-07 09:00:00,47,84
7086361926,2016-05-07 10:00:00,286,124
7086361926,2016-05-07 11:00:00,544,141
7086361926,2016-05-07 12:00:00,3925,308
7086361926,2016-05-07 13:00:00,1330,170
7086361926,2016-05-07 14:00:00,1724,201
7086361926,2016-05-07 15:00:00,538,132
7086361926,2016-05-07 16:00:00,434,130
7086361926,2016-05-07 17:00:00,886,125
7086361926,2016-05-07 18:00:00,865,145
7086361926,2016-05-07 19:00:00,7,72
7086361926,2016-05-07 20:00:00,336,95
7086361926,2016-05-07 21:00:00,1746,211
7086361926,2016-05-07 22:00:00,133,100
7086361926,2016-05-07 23:00:00,6,74
7086361926,2016-05-08 00:00:00,25,78
7086361926,2016-05-08 01:00:00,0,68
7086361926,2016-05-08 02:00:00,0,68
7086361926,2016-05-08 03:00:00,0,68
7086361926,2016-05-08 04:00:00,0,68
7086361926,2016-05-08 05:00:00,0,68
7086361926,2016-05-08 06:00:00,0,68
7086361926,2016-05-08 07:00:00,7,70
7086361926,2016-05-08 08:00:00,0,70
7086361926,2016-05-08 09:00:00,542,138
7086361926,2016-05-08 10:00:00,0,73
7086361926,2016-05-08 11:00:00,26,76
7086361926,2016-05-08 12:00:00,370,108
7086361926,2016-05-08 13:00:00,86,88
7086361926,2016-05-08 14:00:00,184,97
7086361926,2016-05-08 15:00:00,3428,267
7086361926,2016-05-08 16:00:00,2870,251
7086361926,2016-05-08 17:00:00,1164,147
7086361926,2016-05-08 18:00:00,0,69
7086361926,2016-05-08 19:00:00,377,111
7086361926,2016-05-08 20:00:00,987,162
7086361926,2016-05-08 21:00:00,123,94
7086361926,2016-05-08 22:00:00,121,93
7086361926,2016-05-08 23:00:00,367,132
7086361926,2016-05-09 00:00:00,0,68
7086361926,2016-05-09 01:00:00,0,68
7086361926,2016-05-09 02:00:00,0,69
7086361926,2016-05-09 03:00:00,0,68
7086361926,2016-05-09 04:00:00,0,68
7086361926,2016-05-09 05:00:00,0,68
7086361926,2016-05-09 06:00:00,20,73
7086361926,2016-05-09 07:00:00,286,114
7086361926,2016-05-09 08:00:00,356,101
7086361926,2016-05-09 09:00:00,204,87
7086361926,2016-05-09 10:00:00,32,71
7086361926,2016-05-09 11:00:00,159,81
7086361926,2016-05-09 12:00:00,383,97
7086361926,2016-05-09 13:00:00,5277,369
7086361926,2016-05-09 14:00:00,762,119
7086361926,2016-05-09 15:00:00,51,74
7086361926,2016-05-09 16:00:00,955,147
7086361926,2016-05-09 17:00:00,1120,356
7086361926,2016-05-09 18:00:00,2415,296
7086361926,2016-05-09 19:00:00,968,204
7086361926,2016-05-09 20:00:00,437,140
7086361926,2016-05-09 21:00:00,133,83
7086361926,2016-05-09 22:00:00,0,69
7086361926,2016-05-09 23:00:00,0,68
7086361926,2016-05-10 00:00:00,0,68
7086361926,2016-05-10 01:00:00,0,68
7086361926,2016-05-10 02:00:00,0,68
7086361926,2016-05-10 03:00:00,0,68
7086361926,2016-05-10 04:00:00,0,68
7086361926,2016-05-10 05:00:00,0,68
7086361926,2016-05-10 06:00:00,0,68
7086361926,2016-05-10 07:00:00,296,110
7086361926,2016-05-10 08:00:00,139,87
7086361926,2016-05-10 09:00:00,195,82
7086361926,2016-05-10 10:00:00,177,80
7086361926,2016-05-10 11:00:00,171,84
7086361926,2016-05-10 12:00:00,138,82
7086361926,2016-05-10 13:00:00,4917,358
7086361926,2016-05-10 14:00:00,106,83
7086361926,2016-05-10 15:00:00,42,72
7086361926,2016-05-10 16:00:00,1063,153
7086361926,2016-05-10 17:00:00,6235,576
7086361926,2016-05-10 18:00:00,803,162
7086361926,2016-05-10 19:00:00,63,92
7086361926,2016-05-10 20:00:00,0,76
7086361926,2016-05-10 21:00:00,0,76
7086361926,2016-05-10 22:00:00,62,78
7086361926,2016-05-10 23:00:00,0,68
7086361926,2016-05-11 00:00:00,0,68
7086361926,2016-05-11 01:00:00,6,70
7086361926,2016-05-11 02:00:00,0,68
7086361926,2016-05-11 03:00:00,0,68
7086361926,2016-05-11 04:00:00,0,68
7086361926,2016-05-11 05:00:00,0,68
7086361926,2016-05-11 06:00:00,23,72
7086361926,2016-05-11 07:00:00,278,112
7086361926,2016-05-11 08:00:00,163,87
7086361926,2016-05-11 09:00:00,161,80
7086361926,2016-05-11 10:00:00,162,83
7086361926,2016-05-11 11:00:00,102,77
7086361926,2016-05-11 12:00:00,97,84
7086361926,2016-05-11 13:00:00,3597,287
7086361926,2016-05-11 14:00:00,31,75
7086361926,2016-05-11 15:00:00,13,72
7086361926,2016-05-11 16:00:00,1134,163
7086361926,2016-05-11 17:00:00,1253,403
7086361926,2016-05-11 18:00:00,2155,295
7086361926,2016-05-11 19:00:00,287,120
7086361926,2016-05-11 20:00:00,78,90
7086361926,2016-05-11 21:00:00,0,79
7086361926,2016-05-11 22:00:00,32,76
7086361926,2016-05-11 23:00:00,0,70
7086361926,2016-05-12 00:00:00,0,68
7086361926,2016-05-12 01:00:00,0,68
7086361926,2016-05-12 02:00:00,0,68
7086361926,2016-05-12 03:00:00,0,68
7086361926,2016-05-12 04:00:00,0,68
7086361926,2016-05-12 05:00:00,0,68
7086361926,2016-05-12 06:00:00,0,69
7086361926,2016-05-12 07:00:00,54,84
7086361926,2016-05-12 08:00:00,439,118
7086361926,2016-05-12 09:00:00,0,69
7086361926,2016-05-12 10:00:00,194,82
7086361926,2016-05-12 11:00:00,144,79
7086361926,2016-05-12 12:00:00,201,86
8053475328,2016-04-12 00:00:00,0,75
8053475328,2016-04-12 01:00:00,7,77
8053475328,2016-04-12 02:00:00,283,110
8053475328,2016-04-12 03:00:00,0,73
8053475328,2016-04-12 04:00:00,0,73
8053475328,2016-04-12 05:00:00,0,73
8053475328,2016-04-12 06:00:00,0,73
8053475328,2016-04-12 07:00:00,0,73
8053475328,2016-04-12 08:00:00,0,73
8053475328,2016-04-12 09:00:00,0,73
8053475328,2016-04-12 10:00:00,0,73
8053475328,2016-04-12 11:00:00,197,89
8053475328,2016-04-12 12:00:00,130,88
8053475328,2016-04-12 13:00:00,85,88
8053475328,2016-04-12 14:00:00,4060,377
8053475328,2016-04-12 15:00:00,0,76
8053475328,2016-04-12 16:00:00,101,89
8053475328,2016-04-12 17:00:00,2785,272
8053475328,2016-04-12 18:00:00,2046,240
8053475328,2016-04-12 19:00:00,6773,567
8053475328,2016-04-12 20:00:00,73,84
8053475328,2016-04-12 21:00:00,1218,191
8053475328,2016-04-12 22:00:00,129,87
8053475328,2016-04-12 23:00:00,173,92
8053475328,2016-04-13 00:00:00,4,76
8053475328,2016-04-13 01:00:00,180,94
8053475328,2016-04-13 02:00:00,0,73
8053475328,2016-04-13 03:00:00,0,73
8053475328,2016-04-13 04:00:00,0,73
8053475328,2016-04-13 05:00:00,0,73
8053475328,2016-04-13 06:00:00,0,73
8053475328,2016-04-13 07:00:00,0,73
8053475328,2016-04-13 08:00:00,0,73
8053475328,2016-04-13 09:00:00,0,73
8053475328,2016-04-13 10:00:00,83,83
8053475328,2016-04-13 11:00:00,502,130
8053475328,2016-04-13 12:00:00,201,105
8053475328,2016-04-13 13:00:00,2767,287
8053475328,2016-04-13 14:00:00,1563,188
8053475328,2016-04-13 15:00:00,0,73
8053475328,2016-04-13 16:00:00,311,110
8053475328,2016-04-13 17:00:00,1083,184
8053475328,2016-04-13 18:00:00,1528,205
8053475328,2016-04-13 19:00:00,7643,651
8053475328,2016-04-13 20:00:00,20,79
8053475328,2016-04-13 21:00:00,223,102
8053475328,2016-04-13 22:00:00,208,98
8053475328,2016-04-13 23:00:00,117,91
8053475328,2016-04-14 00:00:00,16,81
8053475328,2016-04-14 01:00:00,0,74
8053475328,2016-04-14 02:00:00,101,84
8053475328,2016-04-14 03:00:00,0,73
8053475328,2016-04-14 04:00:00,0,73
8053475328,2016-04-14 05:00:00,0,73
8053475328,2016-04-14 06:00:00,0,73
8053475328,2016-04-14 07:00:00,0,73
8053475328,2016-04-14 08:00:00,0,73
8053475328,2016-04-14 09:00:00,0,73
8053475328,2016-04-14 10:00:00,452,124
8053475328,2016-04-14 11:00:00,957,159
8053475328,2016-04-14 12:00:00,799,153
8053475328,2016-04-14 13:00:00,1777,211
8053475328,2016-04-14 14:00:00,2559,275
8053475328,2016-04-14 15:00:00,18,79
8053475328,2016-04-14 16:00:00,386,114
8053475328,2016-04-14 17:00:00,430,119
8053475328,2016-04-14 18:00:00,3243,338
8053475328,2016-04-14 19:00:00,5883,505
8053475328,2016-04-14 20:00:00,2708,258
8053475328,2016-04-14 21:00:00,118,85
8053475328,2016-04-14 22:00:00,236,104
8053475328,2016-04-14 23:00:00,406,133
8053475328,2016-04-15 00:00:00,179,92
8053475328,2016-04-15 01:00:00,64,83
8053475328,2016-04-15 02:00:00,53,79
8053475328,2016-04-15 03:00:00,0,73
8053475328,2016-04-15 04:00:00,0,73
8053475328,2016-04-15 05:00:00,0,73
8053475328,2016-04-15 06:00:00,0,73
8053475328,2016-04-15 07:00:00,0,73
8053475328,2016-04-15 08:00:00,0,73
8053475328,2016-04-15 09:00:00,0,73
8053475328,2016-04-15 10:00:00,0,73
8053475328,2016-04-15 11:00:00,216,98
8053475328,2016-04-15 12:00:00,176,93
8053475328,2016-04-15 13:00:00,2600,278
8053475328,2016-04-15 14:00:00,2025,229
8053475328,2016-04-15 15:00:00,193,94
8053475328,2016-04-15 16:00:00,349,112
8053475328,2016-04-15 17:00:00,563,139
8053475328,2016-04-15 18:00:00,3542,353
8053475328,2016-04-15 19:00:00,6834,563
8053475328,2016-04-15 20:00:00,2967,276
8053475328,2016-04-15 21:00:00,138,95
8053475328,2016-04-15 22:00:00,770,169
8053475328,2016-04-15 23:00:00,0,73
8053475328,2016-04-16 00:00:00,0,73
8053475328,2016-04-16 01:00:00,0,73
8053475328,2016-04-16 02:00:00,0,73
8053475328,2016-04-16 03:00:00,58,77
8053475328,2016-04-16 04:00:00,0,73
8053475328,2016-04-16 05:00:00,0,73
8053475328,2016-04-16 06:00:00,0,73
8053475328,2016-04-16 07:00:00,0,73
8053475328,2016-04-16 08:00:00,0,73
8053475328,2016-04-16 09:00:00,0,73
8053475328,2016-04-16 10:00:00,0,73
8053475328,2016-04-16 11:00:00,290,97
8053475328,2016-04-16 12:00:00,186,90
8053475328,2016-04-16 13:00:00,4316,384
8053475328,2016-04-16 14:00:00,80,82
8053475328,2016-04-16 15:00:00,94,83
8053475328,2016-04-16 16:00:00,44,81
8053475328,2016-04-16 17:00:00,109,89
8053475328,2016-04-16 18:00:00,275,111
8053475328,2016-04-16 19:00:00,7529,612
8053475328,2016-04-16 20:00:00,1195,163
8053475328,2016-04-16 21:00:00,147,90
8053475328,2016-04-16 22:00:00,226,106
8053475328,2016-04-16 23:00:00,0,73
8053475328,2016-04-17 00:00:00,0,73
8053475328,2016-04-17 01:00:00,0,73
8053475328,2016-04-17 02:00:00,0,73
8053475328,2016-04-17 03:00:00,0,73
8053475328,2016-04-17 04:00:00,53,78
8053475328,2016-04-17 05:00:00,0,73
8053475328,2016-04-17 06:00:00,0,73
8053475328,2016-04-17 07:00:00,0,73
8053475328,2016-04-17 08:00:00,0,73
8053475328,2016-04-17 09:00:00,0,73
8053475328,2016-04-17 10:00:00,0,73
8053475328,2016-04-17 11:00:00,0,73
8053475328,2016-04-17 12:00:00,0,73
8053475328,2016-04-17 13:00:00,172,93
8053475328,2016-04-17 14:00:00,2835,281
8053475328,2016-04-17 15:00:00,2362,242
8053475328,2016-04-17 16:00:00,189,97
8053475328,2016-04-17 17:00:00,657,150
8053475328,2016-04-17 18:00:00,770,154
8053475328,2016-04-17 19:00:00,4570,388
8053475328,2016-04-17 20:00:00,513,131
8053475328,2016-04-17 21:00:00,1789,210
8053475328,2016-04-17 22:00:00,3463,326
8053475328,2016-04-17 23:00:00,1454,185
8053475328,2016-04-18 00:00:00,43,80
8053475328,2016-04-18 01:00:00,309,101
8053475328,2016-04-18 02:00:00,49,76
8053475328,2016-04-18 03:00:00,0,73
8053475328,2016-04-18 04:00:00,0,73
8053475328,2016-04-18 05:00:00,0,73
8053475328,2016-04-18 06:00:00,0,73
8053475328,2016-04-18 07:00:00,0,73
8053475328,2016-04-18 08:00:00,0,73
8053475328,2016-04-18 09:00:00,0,73
8053475328,2016-04-18 10:00:00,0,73
8053475328,2016-04-18 11:00:00,542,132
8053475328,2016-04-18 12:00:00,445,133
8053475328,2016-04-18 13:00:00,4134,367
8053475328,2016-04-18 14:00:00,280,98
8053475328,2016-04-18 15:00:00,244,104
8053475328,2016-04-18 16:00:00,0,76
8053475328,2016-04-18 17:00:00,444,125
8053475328,2016-04-18 18:00:00,639,150
8053475328,2016-04-18 19:00:00,4554,386
8053475328,2016-04-18 20:00:00,24,80
8053475328,2016-04-18 21:00:00,1169,195
8053475328,2016-04-18 22:00:00,3973,354
8053475328,2016-04-18 23:00:00,227,93
8053475328,2016-04-19 00:00:00,158,88
8053475328,2016-04-19 01:00:00,203,99
8053475328,2016-04-19 02:00:00,0,73
8053475328,2016-04-19 03:00:00,0,73
8053475328,2016-04-19 04:00:00,0,73
8053475328,2016-04-19 05:00:00,0,73
8053475328,2016-04-19 06:00:00,0,73
8053475328,2016-04-19 07:00:00,0,73
8053475328,2016-04-19 08:00:00,0,73
8053475328,2016-04-19 09:00:00,0,73
8053475328,2016-04-19 10:00:00,0,73
8053475328,2016-04-19 11:00:00,269,107
8053475328,2016-04-19 12:00:00,463,129
8053475328,2016-04-19 13:00:00,194,104
8053475328,2016-04-19 14:00:00,133,99
8053475328,2016-04-19 15:00:00,1293,187
8053475328,2016-04-19 16:00:00,3116,321
8053475328,2016-04-19 17:00:00,14,82
8053475328,2016-04-19 18:00:00,645,145
8053475328,2016-04-19 19:00:00,4177,382
8053475328,2016-04-19 20:00:00,7,77
8053475328,2016-04-19 21:00:00,1511,215
8053475328,2016-04-19 22:00:00,3619,328
8053475328,2016-04-19 23:00:00,127,92
8053475328,2016-04-20 00:00:00,15,77
8053475328,2016-04-20 01:00:00,100,87
8053475328,2016-04-20 02:00:00,51,81
8053475328,2016-04-20 03:00:00,0,73
8053475328,2016-04-20 04:00:00,0,73
8053475328,2016-04-20 05:00:00,0,73
8053475328,2016-04-20 06:00:00,0,73
8053475328,2016-04-20 07:00:00,0,73
8053475328,2016-04-20 08:00:00,0,73
8053475328,2016-04-20 09:00:00,0,73
8053475328,2016-04-20 10:00:00,104,84
8053475328,2016-04-20 11:00:00,307,106
8053475328,2016-04-20 12:00:00,17,80
8053475328,2016-04-20 13:00:00,344,111
8053475328,2016-04-20 14:00:00,3875,380
8053475328,2016-04-20 15:00:00,239,98
8053475328,2016-04-20 16:00:00,158,91
8053475328,2016-04-20 17:00:00,433,125
8053475328,2016-04-20 18:00:00,1144,164
8053475328,2016-04-20 19:00:00,3166,324
8053475328,2016-04-20 20:00:00,13,81
8053475328,2016-04-20 21:00:00,775,174
8053475328,2016-04-20 22:00:00,4206,372
8053475328,2016-04-20 23:00:00,161,98
8053475328,2016-04-21 00:00:00,0,75
8053475328,2016-04-21 01:00:00,186,93
8053475328,2016-04-21 02:00:00,82,81
8053475328,2016-04-21 03:00:00,0,73
8053475328,2016-04-21 04:00:00,0,73
8053475328,2016-04-21 05:00:00,0,73
8053475328,2016-04-21 06:00:00,0,73
8053475328,2016-04-21 07:00:00,0,73
8053475328,2016-04-21 08:00:00,0,73
8053475328,2016-04-21 09:00:00,0,73
8053475328,2016-04-21 10:00:00,224,109
8053475328,2016-04-21 11:00:00,194,103
8053475328,2016-04-21 12:00:00,246,106
8053475328,2016-04-21 13:00:00,815,140
8053475328,2016-04-21 14:00:00,3411,342
8053475328,2016-04-21 15:00:00,126,89
8053475328,2016-04-21 16:00:00,190,95
8053475328,2016-04-21 17:00:00,531,130
8053475328,2016-04-21 18:00:00,602,142
8053475328,2016-04-21 19:00:00,4308,372
8053475328,2016-04-21 20:00:00,0,75
8053475328,2016-04-21 21:00:00,625,156
8053475328,2016-04-21 22:00:00,4407,396
8053475328,2016-04-21 23:00:00,102,88
8053475328,2016-04-22 00:00:00,18,79
8053475328,2016-04-22 01:00:00,50,79
8053475328,2016-04-22 02:00:00,142,88
8053475328,2016-04-22 03:00:00,0,73
8053475328,2016-04-22 04:00:00,0,73
8053475328,2016-04-22 05:00:00,0,73
8053475328,2016-04-22 06:00:00,0,73
8053475328,2016-04-22 07:00:00,0,73
8053475328,2016-04-22 08:00:00,0,73
8053475328,2016-04-22 09:00:00,0,73
8053475328,2016-04-22 10:00:00,0,73
8053475328,2016-04-22 11:00:00,111,84
8053475328,2016-04-22 12:00:00,34,80
8053475328,2016-04-22 13:00:00,4019,370
8053475328,2016-04-22 14:00:00,14,81
8053475328,2016-04-22 15:00:00,171,89
8053475328,2016-04-22 16:00:00,216,97
8053475328,2016-04-22 17:00:00,109,93
8053475328,2016-04-22 18:00:00,112,88
8053475328,2016-04-22 19:00:00,396,123
8053475328,2016-04-22 20:00:00,4147,389
8053475328,2016-04-22 21:00:00,0,74
8053475328,2016-04-22 22:00:00,696,158
8053475328,2016-04-22 23:00:00,285,99
8053475328,2016-04-23 00:00:00,68,85
8053475328,2016-04-23 01:00:00,0,74
8053475328,2016-04-23 02:00:00,0,74
8053475328,2016-04-23 03:00:00,212,96
8053475328,2016-04-23 04:00:00,0,73
8053475328,2016-04-23 05:00:00,0,73
8053475328,2016-04-23 06:00:00,0,73
8053475328,2016-04-23 07:00:00,0,73
8053475328,2016-04-23 08:00:00,0,73
8053475328,2016-04-23 09:00:00,0,73
8053475328,2016-04-23 10:00:00,0,73
8053475328,2016-04-23 11:00:00,0,73
8053475328,2016-04-23 12:00:00,171,92
8053475328,2016-04-23 13:00:00,4083,368
8053475328,2016-04-23 14:00:00,4669,415
8053475328,2016-04-23 15:00:00,181,95
8053475328,2016-04-23 16:00:00,430,118
8053475328,2016-04-23 17:00:00,1272,197
8053475328,2016-04-23 18:00:00,969,172
8053475328,2016-04-23 19:00:00,4550,411
8053475328,2016-04-23 20:00:00,500,124
8053475328,2016-04-23 21:00:00,869,174
8053475328,2016-04-23 22:00:00,4214,378
8053475328,2016-04-23 23:00:00,171,98
8053475328,2016-04-24 00:00:00,4,77
8053475328,2016-04-24 01:00:00,101,89
8053475328,2016-04-24 02:00:00,139,86
8053475328,2016-04-24 03:00:00,0,73
8053475328,2016-04-24 04:00:00,0,73
8053475328,2016-04-24 05:00:00,0,73
8053475328,2016-04-24 06:00:00,0,73
8053475328,2016-04-24 07:00:00,0,73
8053475328,2016-04-24 08:00:00,0,73
8053475328,2016-04-24 09:00:00,0,73
8053475328,2016-04-24 10:00:00,0,73
8053475328,2016-04-24 11:00:00,0,73
8053475328,2016-04-24 12:00:00,0,73
8053475328,2016-04-24 13:00:00,539,133
8053475328,2016-04-24 14:00:00,5689,489
8053475328,2016-04-24 15:00:00,3604,343
8053475328,2016-04-24 16:00:00,2777,281
8053475328,2016-04-24 17:00:00,804,167
8053475328,2016-04-24 18:00:00,4340,405
8053475328,2016-04-24 19:00:00,310,110
8053475328,2016-04-24 20:00:00,135,94
8053475328,2016-04-24 21:00:00,4400,405
8053475328,2016-04-24 22:00:00,134,90
8053475328,2016-04-24 23:00:00,12,76
8053475328,2016-04-25 00:00:00,0,73
8053475328,2016-04-25 01:00:00,108,82
8053475328,2016-04-25 02:00:00,0,73
8053475328,2016-04-25 03:00:00,0,73
8053475328,2016-04-25 04:00:00,0,73
8053475328,2016-04-25 05:00:00,0,73
8053475328,2016-04-25 06:00:00,0,73
8053475328,2016-04-25 07:00:00,0,73
8053475328,2016-04-25 08:00:00,0,73
8053475328,2016-04-25 09:00:00,0,73
8053475328,2016-04-25 10:00:00,602,130
8053475328,2016-04-25 11:00:00,945,174
8053475328,2016-04-25 12:00:00,265,104
8053475328,2016-04-25 13:00:00,1893,221
8053475328,2016-04-25 14:00:00,2517,263
8053475328,2016-04-25 15:00:00,89,86
8053475328,2016-04-25 16:00:00,398,116
8053475328,2016-04-25 17:00:00,2945,279
8053475328,2016-04-25 18:00:00,1289,184
8053475328,2016-04-25 19:00:00,4219,386
8053475328,2016-04-25 20:00:00,253,103
8053475328,2016-04-25 21:00:00,3034,320
8053475328,2016-04-25 22:00:00,1936,219
8053475328,2016-04-25 23:00:00,7,78
8053475328,2016-04-26 00:00:00,95,91
8053475328,2016-04-26 01:00:00,146,97
8053475328,2016-04-26 02:00:00,140,87
8053475328,2016-04-26 03:00:00,0,73
8053475328,2016-04-26 04:00:00,0,73
8053475328,2016-04-26 05:00:00,0,73
8053475328,2016-04-26 06:00:00,0,73
8053475328,2016-04-26 07:00:00,0,73
8053475328,2016-04-26 08:00:00,0,73
8053475328,2016-04-26 09:00:00,0,73
8053475328,2016-04-26 10:00:00,321,107
8053475328,2016-04-26 11:00:00,210,99
8053475328,2016-04-26 12:00:00,1042,162
8053475328,2016-04-26 13:00:00,4083,361
8053475328,2016-04-26 14:00:00,127,95
8053475328,2016-04-26 15:00:00,430,109
8053475328,2016-04-26 16:00:00,128,91
8053475328,2016-04-26 17:00:00,318,108
8053475328,2016-04-26 18:00:00,3864,374
8053475328,2016-04-26 19:00:00,421,107
8053475328,2016-04-26 20:00:00,9,78
8053475328,2016-04-26 21:00:00,566,136
8053475328,2016-04-26 22:00:00,514,129
8053475328,2016-04-26 23:00:00,271,104
8053475328,2016-04-27 00:00:00,0,73
8053475328,2016-04-27 01:00:00,74,84
8053475328,2016-04-27 02:00:00,276,96
8053475328,2016-04-27 03:00:00,0,73
8053475328,2016-04-27 04:00:00,0,73
8053475328,2016-04-27 05:00:00,0,73
8053475328,2016-04-27 06:00:00,0,73
8053475328,2016-04-27 07:00:00,0,73
8053475328,2016-04-27 08:00:00,0,73
8053475328,2016-04-27 09:00:00,0,73
8053475328,2016-04-27 10:00:00,44,78
8053475328,2016-04-27 11:00:00,399,114
8053475328,2016-04-27 12:00:00,457,135
8053475328,2016-04-27 13:00:00,2681,281
8053475328,2016-04-27 14:00:00,1643,200
8053475328,2016-04-27 15:00:00,0,73
8053475328,2016-04-27 16:00:00,81,85
8053475328,2016-04-27 17:00:00,571,129
8053475328,2016-04-27 18:00:00,224,118
8053475328,2016-04-27 19:00:00,4195,381
8053475328,2016-04-27 20:00:00,0,75
8053475328,2016-04-27 21:00:00,885,173
8053475328,2016-04-27 22:00:00,387,118
8053475328,2016-04-27 23:00:00,505,126
8053475328,2016-04-28 00:00:00,0,73
8053475328,2016-04-28 01:00:00,0,73
8053475328,2016-04-28 02:00:00,0,73
8053475328,2016-04-28 03:00:00,0,73
8053475328,2016-04-28 04:00:00,0,73
8053475328,2016-04-28 05:00:00,0,73
8053475328,2016-04-28 06:00:00,0,73
8053475328,2016-04-28 07:00:00,0,73
8053475328,2016-04-28 08:00:00,0,73
8053475328,2016-04-28 09:00:00,0,73
8053475328,2016-04-28 10:00:00,0,73
8053475328,2016-04-28 11:00:00,229,108
8053475328,2016-04-28 12:00:00,825,154
8053475328,2016-04-28 13:00:00,1413,186
8053475328,2016-04-28 14:00:00,2896,301
8053475328,2016-04-28 15:00:00,116,89
8053475328,2016-04-28 16:00:00,319,106
8053475328,2016-04-28 17:00:00,138,93
8053475328,2016-04-28 18:00:00,316,121
8053475328,2016-04-28 19:00:00,4134,392
8053475328,2016-04-28 20:00:00,9,78
8053475328,2016-04-28 21:00:00,646,156
8053475328,2016-04-28 22:00:00,4183,377
8053475328,2016-04-28 23:00:00,223,98
8053475328,2016-04-29 00:00:00,81,82
8053475328,2016-04-29 01:00:00,0,74
8053475328,2016-04-29 02:00:00,261,101
8053475328,2016-04-29 03:00:00,0,73
8053475328,2016-04-29 04:00:00,0,73
8053475328,2016-04-29 05:00:00,0,73
8053475328,2016-04-29 06:00:00,0,73
8053475328,2016-04-29 07:00:00,0,73
8053475328,2016-04-29 08:00:00,0,73
8053475328,2016-04-29 09:00:00,0,73
8053475328,2016-04-29 10:00:00,0,73
8053475328,2016-04-29 11:00:00,237,92
8053475328,2016-04-29 12:00:00,636,125
8053475328,2016-04-29 13:00:00,231,99
8053475328,2016-04-29 14:00:00,4316,396
8053475328,2016-04-29 15:00:00,175,91
8053475328,2016-04-29 16:00:00,210,95
8053475328,2016-04-29 17:00:00,627,139
8053475328,2016-04-29 18:00:00,2405,259
8053475328,2016-04-29 19:00:00,1968,227
8053475328,2016-04-29 20:00:00,162,97
8053475328,2016-04-29 21:00:00,662,140
8053475328,2016-04-29 22:00:00,265,103
8053475328,2016-04-29 23:00:00,79,89
8053475328,2016-04-30 00:00:00,39,83
8053475328,2016-04-30 01:00:00,255,106
8053475328,2016-04-30 02:00:00,5,77
8053475328,2016-04-30 03:00:00,0,74
8053475328,2016-04-30 04:00:00,290,102
8053475328,2016-04-30 05:00:00,0,73
8053475328,2016-04-30 06:00:00,0,73
8053475328,2016-04-30 07:00:00,0,73
8053475328,2016-04-30 08:00:00,0,73
8053475328,2016-04-30 09:00:00,0,73
8053475328,2016-04-30 10:00:00,0,73
8053475328,2016-04-30 11:00:00,0,73
8053475328,2016-04-30 12:00:00,313,103
8053475328,2016-04-30 13:00:00,0,76
8053475328,2016-04-30 14:00:00,7,77
8053475328,2016-04-30 15:00:00,3851,369
8053475328,2016-04-30 16:00:00,1153,168
8053475328,2016-04-30 17:00:00,813,155
8053475328,2016-04-30 18:00:00,25,79
8053475328,2016-04-30 19:00:00,174,93
8053475328,2016-04-30 20:00:00,64,82
8053475328,2016-04-30 21:00:00,14,80
8053475328,2016-04-30 22:00:00,112,94
8053475328,2016-04-30 23:00:00,20,79
8053475328,2016-05-01 00:00:00,0,73
8053475328,2016-05-01 01:00:00,0,73
8053475328,2016-05-01 02:00:00,0,73
8053475328,2016-05-01 03:00:00,0,73
8053475328,2016-05-01 04:00:00,0,73
8053475328,2016-05-01 05:00:00,0,73
8053475328,2016-05-01 06:00:00,0,73
8053475328,2016-05-01 07:00:00,202,95
8053475328,2016-05-01 08:00:00,0,73
8053475328,2016-05-01 09:00:00,0,73
8053475328,2016-05-01 10:00:00,0,73
8053475328,2016-05-01 11:00:00,0,73
8053475328,2016-05-01 12:00:00,0,73
8053475328,2016-05-01 13:00:00,176,96
8053475328,2016-05-01 14:00:00,382,125
8053475328,2016-05-01 15:00:00,410,109
8053475328,2016-05-01 16:00:00,0,73
8053475328,2016-05-01 17:00:00,0,73
8053475328,2016-05-01 18:00:00,0,73
8053475328,2016-05-01 19:00:00,0,73
8053475328,2016-05-01 20:00:00,0,73
8053475328,2016-05-01 21:00:00,0,73
8053475328,2016-05-01 22:00:00,0,73
8053475328,2016-05-01 23:00:00,0,73
8053475328,2016-05-02 00:00:00,0,73
8053475328,2016-05-02 01:00:00,0,73
8053475328,2016-05-02 02:00:00,0,73
8053475328,2016-05-02 03:00:00,0,73
8053475328,2016-05-02 04:00:00,0,73
8053475328,2016-05-02 05:00:00,0,73
8053475328,2016-05-02 06:00:00,124,83
8053475328,2016-05-02 07:00:00,0,73
8053475328,2016-05-02 08:00:00,0,73
8053475328,2016-05-02 09:00:00,0,73
8053475328,2016-05-02 10:00:00,0,73
8053475328,2016-05-02 11:00:00,0,73
8053475328,2016-05-02 12:00:00,0,73
8053475328,2016-05-02 13:00:00,0,73
8053475328,2016-05-02 14:00:00,0,73
8053475328,2016-05-02 15:00:00,0,73
8053475328,2016-05-02 16:00:00,0,73
8053475328,2016-05-02 17:00:00,87,83
8053475328,2016-05-02 18:00:00,663,155
8053475328,2016-05-02 19:00:00,721,148
8053475328,2016-05-02 20:00:00,49,86
8053475328,2016-05-02 21:00:00,58,82
8053475328,2016-05-02 22:00:00,147,96
8053475328,2016-05-02 23:00:00,120,91
8053475328,2016-05-03 00:00:00,316,104
8053475328,2016-05-03 01:00:00,147,88
8053475328,2016-05-03 02:00:00,0,73
8053475328,2016-05-03 03:00:00,0,73
8053475328,2016-05-03 04:00:00,0,73
8053475328,2016-05-03 05:00:00,0,73
8053475328,2016-05-03 06:00:00,0,73
8053475328,2016-05-03 07:00:00,0,73
8053475328,2016-05-03 08:00:00,0,73
8053475328,2016-05-03 09:00:00,0,73
8053475328,2016-05-03 10:00:00,0,73
8053475328,2016-05-03 11:00:00,0,73
8053475328,2016-05-03 12:00:00,273,112
8053475328,2016-05-03 13:00:00,156,95
8053475328,2016-05-03 14:00:00,4407,414
8053475328,2016-05-03 15:00:00,359,113
8053475328,2016-05-03 16:00:00,509,120
8053475328,2016-05-03 17:00:00,3934,357
8053475328,2016-05-03 18:00:00,502,128
8053475328,2016-05-03 19:00:00,3641,341
8053475328,2016-05-03 20:00:00,601,117
8053475328,2016-05-03 21:00:00,383,128
8053475328,2016-05-03 22:00:00,256,100
8053475328,2016-05-03 23:00:00,0,75
8053475328,2016-05-04 00:00:00,66,89
8053475328,2016-05-04 01:00:00,0,75
8053475328,2016-05-04 02:00:00,180,95
8053475328,2016-05-04 03:00:00,0,73
8053475328,2016-05-04 04:00:00,0,73
8053475328,2016-05-04 05:00:00,0,73
8053475328,2016-05-04 06:00:00,0,73
8053475328,2016-05-04 07:00:00,0,73
8053475328,2016-05-04 08:00:00,0,73
8053475328,2016-05-04 09:00:00,0,73
8053475328,2016-05-04 10:00:00,0,73
8053475328,2016-05-04 11:00:00,0,73
8053475328,2016-05-04 12:00:00,395,121
8053475328,2016-05-04 13:00:00,138,93
8053475328,2016-05-04 14:00:00,4075,370
8053475328,2016-05-04 15:00:00,159,95
8053475328,2016-05-04 16:00:00,354,104
8053475328,2016-05-04 17:00:00,20,82
8053475328,2016-05-04 18:00:00,127,94
8053475328,2016-05-04 19:00:00,3961,355
8053475328,2016-05-04 20:00:00,37,76
8053475328,2016-05-04 21:00:00,2853,298
8053475328,2016-05-04 22:00:00,2135,229
8053475328,2016-05-04 23:00:00,63,83
8053475328,2016-05-05 00:00:00,25,79
8053475328,2016-05-05 01:00:00,0,76
8053475328,2016-05-05 02:00:00,59,79
8053475328,2016-05-05 03:00:00,0,73
8053475328,2016-05-05 04:00:00,0,73
8053475328,2016-05-05 05:00:00,0,73
8053475328,2016-05-05 06:00:00,0,73
8053475328,2016-05-05 07:00:00,0,73
8053475328,2016-05-05 08:00:00,0,73
8053475328,2016-05-05 09:00:00,0,73
8053475328,2016-05-05 10:00:00,0,73
8053475328,2016-05-05 11:00:00,143,91
8053475328,2016-05-05 12:00:00,532,132
8053475328,2016-05-05 13:00:00,222,93
8053475328,2016-05-05 14:00:00,3848,348
8053475328,2016-05-05 15:00:00,175,91
8053475328,2016-05-05 16:00:00,67,81
8053475328,2016-05-05 17:00:00,270,108
8053475328,2016-05-05 18:00:00,576,144
8053475328,2016-05-05 19:00:00,4501,383
8053475328,2016-05-05 20:00:00,13,78
8053475328,2016-05-05 21:00:00,4119,405
8053475328,2016-05-05 22:00:00,440,107
8053475328,2016-05-05 23:00:00,0,75
8053475328,2016-05-06 00:00:00,64,82
8053475328,2016-05-06 01:00:00,77,83
8053475328,2016-05-06 02:00:00,82,80
8053475328,2016-05-06 03:00:00,0,73
8053475328,2016-05-06 04:00:00,0,73
8053475328,2016-05-06 05:00:00,0,73
8053475328,2016-05-06 06:00:00,0,73
8053475328,2016-05-06 07:00:00,0,73
8053475328,2016-05-06 08:00:00,0,73
8053475328,2016-05-06 09:00:00,0,73
8053475328,2016-05-06 10:00:00,0,73
8053475328,2016-05-06 11:00:00,0,73
8053475328,2016-05-06 12:00:00,0,73
8053475328,2016-05-06 13:00:00,240,103
8053475328,2016-05-06 14:00:00,4251,400
8053475328,2016-05-06 15:00:00,0,73
8053475328,2016-05-06 16:00:00,0,73
8053475328,2016-05-06 17:00:00,81,86
8053475328,2016-05-06 18:00:00,184,104
8053475328,2016-05-06 19:00:00,4010,379
8053475328,2016-05-06 20:00:00,0,73
8053475328,2016-05-06 21:00:00,1532,211
8053475328,2016-05-06 22:00:00,3395,305
8053475328,2016-05-06 23:00:00,37,82
8053475328,2016-05-07 00:00:00,80,86
8053475328,2016-05-07 01:00:00,0,73
8053475328,2016-05-07 02:00:00,0,73
8053475328,2016-05-07 03:00:00,0,73
8053475328,2016-05-07 04:00:00,58,78
8053475328,2016-05-07 05:00:00,0,73
8053475328,2016-05-07 06:00:00,0,73
8053475328,2016-05-07 07:00:00,0,73
8053475328,2016-05-07 08:00:00,0,73
8053475328,2016-05-07 09:00:00,0,73
8053475328,2016-05-07 10:00:00,0,73
8053475328,2016-05-07 11:00:00,0,73
8053475328,2016-05-07 12:00:00,0,73
8053475328,2016-05-07 13:00:00,179,97
8053475328,2016-05-07 14:00:00,3349,313
8053475328,2016-05-07 15:00:00,980,153
8053475328,2016-05-07 16:00:00,4746,424
8053475328,2016-05-07 17:00:00,2344,270
8053475328,2016-05-07 18:00:00,606,154
8053475328,2016-05-07 19:00:00,4255,402
8053475328,2016-05-07 20:00:00,0,73
8053475328,2016-05-07 21:00:00,970,163
8053475328,2016-05-07 22:00:00,2070,225
8053475328,2016-05-07 23:00:00,132,91
8053475328,2016-05-08 00:00:00,230,100
8053475328,2016-05-08 01:00:00,8,76
8053475328,2016-05-08 02:00:00,87,82
8053475328,2016-05-08 03:00:00,19,79
8053475328,2016-05-08 04:00:00,157,89
8053475328,2016-05-08 05:00:00,0,73
8053475328,2016-05-08 06:00:00,0,73
8053475328,2016-05-08 07:00:00,0,73
8053475328,2016-05-08 08:00:00,0,73
8053475328,2016-05-08 09:00:00,0,73
8053475328,2016-05-08 10:00:00,0,73
8053475328,2016-05-08 11:00:00,0,73
8053475328,2016-05-08 12:00:00,177,93
8053475328,2016-05-08 13:00:00,6,78
8053475328,2016-05-08 14:00:00,4214,391
8053475328,2016-05-08 15:00:00,575,135
8053475328,2016-05-08 16:00:00,919,167
8053475328,2016-05-08 17:00:00,1310,199
8053475328,2016-05-08 18:00:00,910,175
8053475328,2016-05-08 19:00:00,4336,413
8053475328,2016-05-08 20:00:00,143,96
8053475328,2016-05-08 21:00:00,7617,649
8053475328,2016-05-08 22:00:00,1255,172
8053475328,2016-05-08 23:00:00,63,86
8053475328,2016-05-09 00:00:00,0,75
8053475328,2016-05-09 01:00:00,50,80
8053475328,2016-05-09 02:00:00,0,73
8053475328,2016-05-09 03:00:00,34,76
8053475328,2016-05-09 04:00:00,0,73
8053475328,2016-05-09 05:00:00,0,73
8053475328,2016-05-09 06:00:00,0,73
8053475328,2016-05-09 07:00:00,0,73
8053475328,2016-05-09 08:00:00,0,73
8053475328,2016-05-09 09:00:00,0,73
8053475328,2016-05-09 10:00:00,0,73
8053475328,2016-05-09 11:00:00,0,73
8053475328,2016-05-09 12:00:00,532,128
8053475328,2016-05-09 13:00:00,1580,210
8053475328,2016-05-09 14:00:00,4983,415
8053475328,2016-05-09 15:00:00,81,87
8053475328,2016-05-09 16:00:00,140,87
8053475328,2016-05-09 17:00:00,198,108
8053475328,2016-05-09 18:00:00,4074,376
8053475328,2016-05-09 19:00:00,15,80
8053475328,2016-05-09 20:00:00,7,77
8053475328,2016-05-09 21:00:00,693,151
8053475328,2016-05-09 22:00:00,25,77
8053475328,2016-05-09 23:00:00,53,83
8053475328,2016-05-10 00:00:00,20,79
8053475328,2016-05-10 01:00:00,0,75
8053475328,2016-05-10 02:00:00,162,88
8053475328,2016-05-10 03:00:00,0,73
8053475328,2016-05-10 04:00:00,0,73
8053475328,2016-05-10 05:00:00,0,73
8053475328,2016-05-10 06:00:00,0,73
8053475328,2016-05-10 07:00:00,0,73
8053475328,2016-05-10 08:00:00,0,73
8053475328,2016-05-10 09:00:00,0,73
8053475328,2016-05-10 10:00:00,0,73
8053475328,2016-05-10 11:00:00,115,83
8053475328,2016-05-10 12:00:00,71,85
8053475328,2016-05-10 13:00:00,3485,339
8053475328,2016-05-10 14:00:00,666,129
8053475328,2016-05-10 15:00:00,234,101
8053475328,2016-05-10 16:00:00,349,105
8053475328,2016-05-10 17:00:00,4496,381
8053475328,2016-05-10 18:00:00,1641,214
8053475328,2016-05-10 19:00:00,2755,278
8053475328,2016-05-10 20:00:00,4,77
8053475328,2016-05-10 21:00:00,545,128
8053475328,2016-05-10 22:00:00,126,88
8053475328,2016-05-10 23:00:00,141,94
8053475328,2016-05-11 00:00:00,55,81
8053475328,2016-05-11 01:00:00,5,76
8053475328,2016-05-11 02:00:00,11,79
8053475328,2016-05-11 03:00:00,8,76
8053475328,2016-05-11 04:00:00,98,84
8053475328,2016-05-11 05:00:00,0,73
8053475328,2016-05-11 06:00:00,0,73
8053475328,2016-05-11 07:00:00,0,73
8053475328,2016-05-11 08:00:00,0,73
8053475328,2016-05-11 09:00:00,0,73
8053475328,2016-05-11 10:00:00,0,73
8053475328,2016-05-11 11:00:00,44,80
8053475328,2016-05-11 12:00:00,662,146
8053475328,2016-05-11 13:00:00,309,114
8053475328,2016-05-11 14:00:00,2789,288
8053475328,2016-05-11 15:00:00,1699,202
8053475328,2016-05-11 16:00:00,770,157
8053475328,2016-05-11 17:00:00,730,145
8053475328,2016-05-11 18:00:00,3960,356
8053475328,2016-05-11 19:00:00,8,77
8053475328,2016-05-11 20:00:00,0,75
8053475328,2016-05-11 21:00:00,896,164
8053475328,2016-05-11 22:00:00,49,82
8053475328,2016-05-11 23:00:00,116,91
8053475328,2016-05-12 00:00:00,33,80
8053475328,2016-05-12 01:00:00,0,73
8053475328,2016-05-12 02:00:00,109,81
8053475328,2016-05-12 03:00:00,0,73
8053475328,2016-05-12 04:00:00,0,73
8053475328,2016-05-12 05:00:00,0,73
8053475328,2016-05-12 06:00:00,0,73
8053475328,2016-05-12 07:00:00,0,73
8053475328,2016-05-12 08:00:00,0,73
8053475328,2016-05-12 09:00:00,0,73
8053475328,2016-05-12 10:00:00,0,73
8053475328,2016-05-12 11:00:00,0,73
8053475328,2016-05-12 12:00:00,487,131
8053475328,2016-05-12 13:00:00,0,77
8053475328,2016-05-12 14:00:00,4266,388
8378563200,2016-04-12 00:00:00,0,91
8378563200,2016-04-12 01:00:00,51,100
8378563200,2016-04-12 02:00:00,0,90
8378563200,2016-04-12 03:00:00,0,91
8378563200,2016-04-12 04:00:00,289,124
8378563200,2016-04-12 05:00:00,0,669
8378563200,2016-04-12 06:00:00,322,129
8378563200,2016-04-12 07:00:00,735,174
8378563200,2016-04-12 08:00:00,1513,236
8378563200,2016-04-12 09:00:00,61,113
8378563200,2016-04-12 10:00:00,304,126
8378563200,2016-04-12 11:00:00,521,150
8378563200,2016-04-12 12:00:00,199,115
8378563200,2016-04-12 13:00:00,987,191
8378563200,2016-04-12 14:00:00,618,157
8378563200,2016-04-12 15:00:00,298,126
8378563200,2016-04-12 16:00:00,745,171
8378563200,2016-04-12 17:00:00,192,126
8378563200,2016-04-12 18:00:00,90,113
8378563200,2016-04-12 19:00:00,659,163
8378563200,2016-04-12 20:00:00,23,100
8378563200,2016-04-12 21:00:00,8,95
8378563200,2016-04-12 22:00:00,0,90
8378563200,2016-04-12 23:00:00,11,96
8378563200,2016-04-13 00:00:00,0,91
8378563200,2016-04-13 01:00:00,0,91
8378563200,2016-04-13 02:00:00,89,102
8378563200,2016-04-13 03:00:00,0,91
8378563200,2016-04-13 04:00:00,306,126
8378563200,2016-04-13 05:00:00,0,669
8378563200,2016-04-13 06:00:00,175,117
8378563200,2016-04-13 07:00:00,387,149
8378563200,2016-04-13 08:00:00,3712,407
8378563200,2016-04-13 09:00:00,416,138
8378563200,2016-04-13 10:00:00,592,156
8378563200,2016-04-13 11:00:00,1178,203
8378563200,2016-04-13 12:00:00,2736,330
8378563200,2016-04-13 13:00:00,584,161
8378563200,2016-04-13 14:00:00,114,126
8378563200,2016-04-13 15:00:00,591,162
8378563200,2016-04-13 16:00:00,712,172
8378563200,2016-04-13 17:00:00,115,119
8378563200,2016-04-13 18:00:00,281,139
8378563200,2016-04-13 19:00:00,151,129
8378563200,2016-04-13 20:00:00,233,123
8378563200,2016-04-13 21:00:00,0,91
8378563200,2016-04-13 22:00:00,14,96
8378563200,2016-04-13 23:00:00,0,92
8378563200,2016-04-14 00:00:00,57,100
8378563200,2016-04-14 01:00:00,11,94
8378563200,2016-04-14 02:00:00,0,91
8378563200,2016-04-14 03:00:00,5,94
8378563200,2016-04-14 04:00:00,254,126
8378563200,2016-04-14 05:00:00,0,616
8378563200,2016-04-14 06:00:00,164,164
8378563200,2016-04-14 07:00:00,500,157
8378563200,2016-04-14 08:00:00,2367,298
8378563200,2016-04-14 09:00:00,1820,261
8378563200,2016-04-14 10:00:00,422,164
8378563200,2016-04-14 11:00:00,347,141
8378563200,2016-04-14 12:00:00,4741,493
8378563200,2016-04-14 13:00:00,470,148
8378563200,2016-04-14 14:00:00,589,157
8378563200,2016-04-14 15:00:00,875,183
8378563200,2016-04-14 16:00:00,96,115
8378563200,2016-04-14 17:00:00,121,121
8378563200,2016-04-14 18:00:00,129,113
8378563200,2016-04-14 19:00:00,125,123
8378563200,2016-04-14 20:00:00,186,123
8378563200,2016-04-14 21:00:00,39,99
8378563200,2016-04-14 22:00:00,0,92
8378563200,2016-04-14 23:00:00,0,91
8378563200,2016-04-15 00:00:00,13,94
8378563200,2016-04-15 01:00:00,0,91
8378563200,2016-04-15 02:00:00,0,91
8378563200,2016-04-15 03:00:00,7,93
8378563200,2016-04-15 04:00:00,54,99
8378563200,2016-04-15 05:00:00,0,91
8378563200,2016-04-15 06:00:00,319,130
8378563200,2016-04-15 07:00:00,482,153
8378563200,2016-04-15 08:00:00,3512,395
8378563200,2016-04-15 09:00:00,1847,256
8378563200,2016-04-15 10:00:00,702,175
8378563200,2016-04-15 11:00:00,2618,322
8378563200,2016-04-15 12:00:00,655,161
8378563200,2016-04-15 13:00:00,309,130
8378563200,2016-04-15 14:00:00,669,157
8378563200,2016-04-15 15:00:00,923,192
8378563200,2016-04-15 16:00:00,170,120
8378563200,2016-04-15 17:00:00,281,139
8378563200,2016-04-15 18:00:00,919,194
8378563200,2016-04-15 19:00:00,72,101
8378563200,2016-04-15 20:00:00,7,96
8378563200,2016-04-15 21:00:00,45,101
8378563200,2016-04-15 22:00:00,857,183
8378563200,2016-04-15 23:00:00,0,91
8378563200,2016-04-16 00:00:00,0,92
8378563200,2016-04-16 01:00:00,7,92
8378563200,2016-04-16 02:00:00,8,93
8378563200,2016-04-16 03:00:00,75,101
8378563200,2016-04-16 04:00:00,14,95
8378563200,2016-04-16 05:00:00,0,92
8378563200,2016-04-16 06:00:00,0,91
8378563200,2016-04-16 07:00:00,74,103
8378563200,2016-04-16 08:00:00,269,133
8378563200,2016-04-16 09:00:00,104,117
8378563200,2016-04-16 10:00:00,280,137
8378563200,2016-04-16 11:00:00,106,122
8378563200,2016-04-16 12:00:00,254,123
8378563200,2016-04-16 13:00:00,620,158
8378563200,2016-04-16 14:00:00,3376,393
8378563200,2016-04-16 15:00:00,5112,519
8378563200,2016-04-16 16:00:00,122,117
8378563200,2016-04-16 17:00:00,46,102
8378563200,2016-04-16 18:00:00,243,129
8378563200,2016-04-16 19:00:00,173,131
8378563200,2016-04-16 20:00:00,242,130
8378563200,2016-04-16 21:00:00,6,96
8378563200,2016-04-16 22:00:00,11,95
8378563200,2016-04-16 23:00:00,54,101
8378563200,2016-04-17 00:00:00,0,91
8378563200,2016-04-17 01:00:00,0,91
8378563200,2016-04-17 02:00:00,0,91
8378563200,2016-04-17 03:00:00,0,91
8378563200,2016-04-17 04:00:00,0,92
8378563200,2016-04-17 05:00:00,0,91
8378563200,2016-04-17 06:00:00,85,105
8378563200,2016-04-17 07:00:00,104,119
8378563200,2016-04-17 08:00:00,246,134
8378563200,2016-04-17 09:00:00,34,110
8378563200,2016-04-17 10:00:00,146,121
8378563200,2016-04-17 11:00:00,191,120
8378563200,2016-04-17 12:00:00,172,114
8378563200,2016-04-17 13:00:00,66,112
8378563200,2016-04-17 14:00:00,0,93
8378563200,2016-04-17 15:00:00,26,104
8378563200,2016-04-17 16:00:00,106,109
8378563200,2016-04-17 17:00:00,94,114
8378563200,2016-04-17 18:00:00,547,158
8378563200,2016-04-17 19:00:00,53,103
8378563200,2016-04-17 20:00:00,181,120
8378563200,2016-04-17 21:00:00,20,98
8378563200,2016-04-17 22:00:00,0,90
8378563200,2016-04-17 23:00:00,61,100
8378563200,2016-04-18 00:00:00,0,92
8378563200,2016-04-18 01:00:00,0,92
8378563200,2016-04-18 02:00:00,6,93
8378563200,2016-04-18 03:00:00,0,91
8378563200,2016-04-18 04:00:00,270,124
8378563200,2016-04-18 05:00:00,0,669
8378563200,2016-04-18 06:00:00,187,117
8378563200,2016-04-18 07:00:00,317,141
8378563200,2016-04-18 08:00:00,3525,391
8378563200,2016-04-18 09:00:00,549,150
8378563200,2016-04-18 10:00:00,330,135
8378563200,2016-04-18 11:00:00,280,135
8378563200,2016-04-18 12:00:00,3869,419
8378563200,2016-04-18 13:00:00,336,127
8378563200,2016-04-18 14:00:00,628,156
8378563200,2016-04-18 15:00:00,1094,198
8378563200,2016-04-18 16:00:00,199,129
8378563200,2016-04-18 17:00:00,189,129
8378563200,2016-04-18 18:00:00,809,179
8378563200,2016-04-18 19:00:00,534,151
8378563200,2016-04-18 20:00:00,428,149
8378563200,2016-04-18 21:00:00,4,97
8378563200,2016-04-18 22:00:00,65,101
8378563200,2016-04-18 23:00:00,11,94
8378563200,2016-04-19 00:00:00,0,91
8378563200,2016-04-19 01:00:00,0,91
8378563200,2016-04-19 02:00:00,68,100
8378563200,2016-04-19 03:00:00,0,91
8378563200,2016-04-19 04:00:00,231,118
8378563200,2016-04-19 05:00:00,0,669
8378563200,2016-04-19 06:00:00,197,119
8378563200,2016-04-19 07:00:00,442,147
8378563200,2016-04-19 08:00:00,3665,405
8378563200,2016-04-19 09:00:00,319,127
8378563200,2016-04-19 10:00:00,324,134
8378563200,2016-04-19 11:00:00,250,136
8378563200,2016-04-19 12:00:00,3870,418
8378563200,2016-04-19 13:00:00,430,136
8378563200,2016-04-19 14:00:00,327,128
8378563200,2016-04-19 15:00:00,38,110
8378563200,2016-04-19 16:00:00,1025,195
8378563200,2016-04-19 17:00:00,256,132
8378563200,2016-04-19 18:00:00,292,132
8378563200,2016-04-19 19:00:00,288,132
8378563200,2016-04-19 20:00:00,845,178
8378563200,2016-04-19 21:00:00,199,117
8378563200,2016-04-19 22:00:00,4,94
8378563200,2016-04-19 23:00:00,0,91
8378563200,2016-04-20 00:00:00,14,95
8378563200,2016-04-20 01:00:00,7,93
8378563200,2016-04-20 02:00:00,0,92
8378563200,2016-04-20 03:00:00,0,92
8378563200,2016-04-20 04:00:00,227,117
8378563200,2016-04-20 05:00:00,0,669
8378563200,2016-04-20 06:00:00,290,130
8378563200,2016-04-20 07:00:00,562,162
8378563200,2016-04-20 08:00:00,1138,199
8378563200,2016-04-20 09:00:00,280,126
8378563200,2016-04-20 10:00:00,654,170
8378563200,2016-04-20 11:00:00,1141,201
8378563200,2016-04-20 12:00:00,1742,244
8378563200,2016-04-20 13:00:00,297,127
8378563200,2016-04-20 14:00:00,413,134
8378563200,2016-04-20 15:00:00,1159,200
8378563200,2016-04-20 16:00:00,367,142
8378563200,2016-04-20 17:00:00,207,121
8378563200,2016-04-20 18:00:00,367,140
8378563200,2016-04-20 19:00:00,86,110
8378563200,2016-04-20 20:00:00,419,145
8378563200,2016-04-20 21:00:00,18,96
8378563200,2016-04-20 22:00:00,0,90
8378563200,2016-04-20 23:00:00,0,92
8378563200,2016-04-21 00:00:00,0,91
8378563200,2016-04-21 01:00:00,65,101
8378563200,2016-04-21 02:00:00,0,91
8378563200,2016-04-21 03:00:00,0,91
8378563200,2016-04-21 04:00:00,247,122
8378563200,2016-04-21 05:00:00,0,669
8378563200,2016-04-21 06:00:00,197,118
8378563200,2016-04-21 07:00:00,432,149
8378563200,2016-04-21 08:00:00,2392,300
8378563200,2016-04-21 09:00:00,2226,282
8378563200,2016-04-21 10:00:00,778,171
8378563200,2016-04-21 11:00:00,1212,208
8378563200,2016-04-21 12:00:00,4373,461
8378563200,2016-04-21 13:00:00,652,160
8378563200,2016-04-21 14:00:00,452,140
8378563200,2016-04-21 15:00:00,1202,205
8378563200,2016-04-21 16:00:00,220,126
8378563200,2016-04-21 17:00:00,178,123
8378563200,2016-04-21 18:00:00,131,114
8378563200,2016-04-21 19:00:00,372,145
8378563200,2016-04-21 20:00:00,19,98
8378563200,2016-04-21 21:00:00,0,91
8378563200,2016-04-21 22:00:00,0,91
8378563200,2016-04-21 23:00:00,0,91
8378563200,2016-04-22 00:00:00,75,102
8378563200,2016-04-22 01:00:00,0,92
8378563200,2016-04-22 02:00:00,0,91
8378563200,2016-04-22 03:00:00,0,92
8378563200,2016-04-22 04:00:00,341,129
8378563200,2016-04-22 05:00:00,0,669
8378563200,2016-04-22 06:00:00,132,114
8378563200,2016-04-22 07:00:00,498,162
8378563200,2016-04-22 08:00:00,4242,450
8378563200,2016-04-22 09:00:00,1652,241
8378563200,2016-04-22 10:00:00,599,161
8378563200,2016-04-22 11:00:00,896,190
8378563200,2016-04-22 12:00:00,1162,204
8378563200,2016-04-22 13:00:00,327,129
8378563200,2016-04-22 14:00:00,337,129
8378563200,2016-04-22 15:00:00,320,128
8378563200,2016-04-22 16:00:00,953,188
8378563200,2016-04-22 17:00:00,140,120
8378563200,2016-04-22 18:00:00,31,106
8378563200,2016-04-22 19:00:00,102,116
8378563200,2016-04-22 20:00:00,161,126
8378563200,2016-04-22 21:00:00,209,122
8378563200,2016-04-22 22:00:00,23,94
8378563200,2016-04-22 23:00:00,0,91
8378563200,2016-04-23 00:00:00,0,92
8378563200,2016-04-23 01:00:00,0,91
8378563200,2016-04-23 02:00:00,49,97
8378563200,2016-04-23 03:00:00,0,92
8378563200,2016-04-23 04:00:00,0,91
8378563200,2016-04-23 05:00:00,53,98
8378563200,2016-04-23 06:00:00,10,93
8378563200,2016-04-23 07:00:00,88,99
8378563200,2016-04-23 08:00:00,279,145
8378563200,2016-04-23 09:00:00,39,108
8378563200,2016-04-23 10:00:00,0,98
8378563200,2016-04-23 11:00:00,120,119
8378563200,2016-04-23 12:00:00,355,144
8378563200,2016-04-23 13:00:00,518,164
8378563200,2016-04-23 14:00:00,2945,352
8378563200,2016-04-23 15:00:00,230,120
8378563200,2016-04-23 16:00:00,362,137
8378563200,2016-04-23 17:00:00,4,100
8378563200,2016-04-23 18:00:00,169,123
8378563200,2016-04-23 19:00:00,79,117
8378563200,2016-04-23 20:00:00,83,111
8378563200,2016-04-23 21:00:00,301,123
8378563200,2016-04-23 22:00:00,20,102
8378563200,2016-04-23 23:00:00,5,94
8378563200,2016-04-24 00:00:00,0,92
8378563200,2016-04-24 01:00:00,56,100
8378563200,2016-04-24 02:00:00,13,95
8378563200,2016-04-24 03:00:00,0,91
8378563200,2016-04-24 04:00:00,0,92
8378563200,2016-04-24 05:00:00,0,91
8378563200,2016-04-24 06:00:00,0,92
8378563200,2016-04-24 07:00:00,298,135
8378563200,2016-04-24 08:00:00,140,124
8378563200,2016-04-24 09:00:00,27,112
8378563200,2016-04-24 10:00:00,481,144
8378563200,2016-04-24 11:00:00,328,129
8378563200,2016-04-24 12:00:00,330,142
8378563200,2016-04-24 13:00:00,438,139
8378563200,2016-04-24 14:00:00,63,104
8378563200,2016-04-24 15:00:00,623,168
8378563200,2016-04-24 16:00:00,254,128
8378563200,2016-04-24 17:00:00,197,121
8378563200,2016-04-24 18:00:00,23,106
8378563200,2016-04-24 19:00:00,34,108
8378563200,2016-04-24 20:00:00,195,122
8378563200,2016-04-24 21:00:00,203,126
8378563200,2016-04-24 22:00:00,0,91
8378563200,2016-04-24 23:00:00,0,91
8378563200,2016-04-25 00:00:00,0,91
8378563200,2016-04-25 01:00:00,0,91
8378563200,2016-04-25 02:00:00,4,93
8378563200,2016-04-25 03:00:00,0,91
8378563200,2016-04-25 04:00:00,243,122
8378563200,2016-04-25 05:00:00,0,669
8378563200,2016-04-25 06:00:00,240,123
8378563200,2016-04-25 07:00:00,459,155
8378563200,2016-04-25 08:00:00,1377,222
8378563200,2016-04-25 09:00:00,353,132
8378563200,2016-04-25 10:00:00,597,150
8378563200,2016-04-25 11:00:00,2494,308
8378563200,2016-04-25 12:00:00,3811,416
8378563200,2016-04-25 13:00:00,433,144
8378563200,2016-04-25 14:00:00,450,143
8378563200,2016-04-25 15:00:00,1075,193
8378563200,2016-04-25 16:00:00,107,112
8378563200,2016-04-25 17:00:00,142,114
8378563200,2016-04-25 18:00:00,235,129
8378563200,2016-04-25 19:00:00,307,131
8378563200,2016-04-25 20:00:00,0,94
8378563200,2016-04-25 21:00:00,7,94
8378563200,2016-04-25 22:00:00,0,91
8378563200,2016-04-25 23:00:00,71,101
8378563200,2016-04-26 00:00:00,0,92
8378563200,2016-04-26 01:00:00,0,92
8378563200,2016-04-26 02:00:00,0,90
8378563200,2016-04-26 03:00:00,0,91
8378563200,2016-04-26 04:00:00,47,97
8378563200,2016-04-26 05:00:00,14,94
8378563200,2016-04-26 06:00:00,242,123
8378563200,2016-04-26 07:00:00,494,155
8378563200,2016-04-26 08:00:00,4168,443
8378563200,2016-04-26 09:00:00,855,181
8378563200,2016-04-26 10:00:00,521,158
8378563200,2016-04-26 11:00:00,2816,334
8378563200,2016-04-26 12:00:00,3512,386
8378563200,2016-04-26 13:00:00,478,141
8378563200,2016-04-26 14:00:00,857,177
8378563200,2016-04-26 15:00:00,1138,208
8378563200,2016-04-26 16:00:00,78,107
8378563200,2016-04-26 17:00:00,195,120
8378563200,2016-04-26 18:00:00,144,123
8378563200,2016-04-26 19:00:00,356,140
8378563200,2016-04-26 20:00:00,203,127
8378563200,2016-04-26 21:00:00,6,94
8378563200,2016-04-26 22:00:00,0,91
8378563200,2016-04-26 23:00:00,84,101
8378563200,2016-04-27 00:00:00,0,91
8378563200,2016-04-27 01:00:00,61,100
8378563200,2016-04-27 02:00:00,0,91
8378563200,2016-04-27 03:00:00,47,98
8378563200,2016-04-27 04:00:00,0,91
8378563200,2016-04-27 05:00:00,0,93
8378563200,2016-04-27 06:00:00,268,121
8378563200,2016-04-27 07:00:00,440,152
8378563200,2016-04-27 08:00:00,1040,201
8378563200,2016-04-27 09:00:00,416,146
8378563200,2016-04-27 10:00:00,673,159
8378563200,2016-04-27 11:00:00,225,128
8378563200,2016-04-27 12:00:00,590,153
8378563200,2016-04-27 13:00:00,292,138
8378563200,2016-04-27 14:00:00,154,118
8378563200,2016-04-27 15:00:00,69,110
8378563200,2016-04-27 16:00:00,244,123
8378563200,2016-04-27 17:00:00,864,184
8378563200,2016-04-27 18:00:00,604,155
8378563200,2016-04-27 19:00:00,324,131
8378563200,2016-04-27 20:00:00,907,186
8378563200,2016-04-27 21:00:00,10,96
8378563200,2016-04-27 22:00:00,74,98
8378563200,2016-04-27 23:00:00,57,98
8378563200,2016-04-28 00:00:00,0,92
8378563200,2016-04-28 01:00:00,7,93
8378563200,2016-04-28 02:00:00,0,91
8378563200,2016-04-28 03:00:00,0,91
8378563200,2016-04-28 04:00:00,54,99
8378563200,2016-04-28 05:00:00,7,93
8378563200,2016-04-28 06:00:00,179,107
8378563200,2016-04-28 07:00:00,275,127
8378563200,2016-04-28 08:00:00,117,110
8378563200,2016-04-28 09:00:00,380,144
8378563200,2016-04-28 10:00:00,755,173
8378563200,2016-04-28 11:00:00,293,131
8378563200,2016-04-28 12:00:00,272,122
8378563200,2016-04-28 13:00:00,340,144
8378563200,2016-04-28 14:00:00,260,129
8378563200,2016-04-28 15:00:00,236,131
8378563200,2016-04-28 16:00:00,1030,192
8378563200,2016-04-28 17:00:00,556,164
8378563200,2016-04-28 18:00:00,155,118
8378563200,2016-04-28 19:00:00,95,113
8378563200,2016-04-28 20:00:00,379,141
8378563200,2016-04-28 21:00:00,0,91
8378563200,2016-04-28 22:00:00,27,97
8378563200,2016-04-28 23:00:00,0,91
8378563200,2016-04-29 00:00:00,0,92
8378563200,2016-04-29 01:00:00,0,91
8378563200,2016-04-29 02:00:00,0,92
8378563200,2016-04-29 03:00:00,0,91
8378563200,2016-04-29 04:00:00,50,97
8378563200,2016-04-29 05:00:00,0,91
8378563200,2016-04-29 06:00:00,272,120
8378563200,2016-04-29 07:00:00,542,153
8378563200,2016-04-29 08:00:00,1071,202
8378563200,2016-04-29 09:00:00,494,149
8378563200,2016-04-29 10:00:00,516,147
8378563200,2016-04-29 11:00:00,462,148
8378563200,2016-04-29 12:00:00,45,113
8378563200,2016-04-29 13:00:00,602,157
8378563200,2016-04-29 14:00:00,142,118
8378563200,2016-04-29 15:00:00,37,110
8378563200,2016-04-29 16:00:00,682,169
8378563200,2016-04-29 17:00:00,202,144
8378563200,2016-04-29 18:00:00,441,151
8378563200,2016-04-29 19:00:00,169,121
8378563200,2016-04-29 20:00:00,101,115
8378563200,2016-04-29 21:00:00,291,124
8378563200,2016-04-29 22:00:00,9,94
8378563200,2016-04-29 23:00:00,19,93
8378563200,2016-04-30 00:00:00,28,95
8378563200,2016-04-30 01:00:00,65,102
8378563200,2016-04-30 02:00:00,0,92
8378563200,2016-04-30 03:00:00,0,92
8378563200,2016-04-30 04:00:00,0,92
8378563200,2016-04-30 05:00:00,73,102
8378563200,2016-04-30 06:00:00,0,94
8378563200,2016-04-30 07:00:00,269,129
8378563200,2016-04-30 08:00:00,74,114
8378563200,2016-04-30 09:00:00,88,105
8378563200,2016-04-30 10:00:00,364,132
8378563200,2016-04-30 11:00:00,59,105
8378563200,2016-04-30 12:00:00,554,151
8378563200,2016-04-30 13:00:00,307,140
8378563200,2016-04-30 14:00:00,142,121
8378563200,2016-04-30 15:00:00,7,97
8378563200,2016-04-30 16:00:00,102,106
8378563200,2016-04-30 17:00:00,86,108
8378563200,2016-04-30 18:00:00,150,125
8378563200,2016-04-30 19:00:00,131,117
8378563200,2016-04-30 20:00:00,28,105
8378563200,2016-04-30 21:00:00,248,128
8378563200,2016-04-30 22:00:00,55,104
8378563200,2016-04-30 23:00:00,116,104
8378563200,2016-05-01 00:00:00,0,91
8378563200,2016-05-01 01:00:00,47,98
8378563200,2016-05-01 02:00:00,0,93
8378563200,2016-05-01 03:00:00,0,91
8378563200,2016-05-01 04:00:00,0,91
8378563200,2016-05-01 05:00:00,70,98
8378563200,2016-05-01 06:00:00,0,91
8378563200,2016-05-01 07:00:00,231,124
8378563200,2016-05-01 08:00:00,165,123
8378563200,2016-05-01 09:00:00,58,113
8378563200,2016-05-01 10:00:00,35,111
8378563200,2016-05-01 11:00:00,447,144
8378563200,2016-05-01 12:00:00,362,141
8378563200,2016-05-01 13:00:00,197,126
8378563200,2016-05-01 14:00:00,166,113
8378563200,2016-05-01 15:00:00,180,128
8378563200,2016-05-01 16:00:00,3244,374
8378563200,2016-05-01 17:00:00,5661,567
8378563200,2016-05-01 18:00:00,147,120
8378563200,2016-05-01 19:00:00,70,108
8378563200,2016-05-01 20:00:00,227,123
8378563200,2016-05-01 21:00:00,91,112
8378563200,2016-05-01 22:00:00,0,92
8378563200,2016-05-01 23:00:00,21,98
8378563200,2016-05-02 00:00:00,0,92
8378563200,2016-05-02 01:00:00,7,95
8378563200,2016-05-02 02:00:00,0,91
8378563200,2016-05-02 03:00:00,0,91
8378563200,2016-05-02 04:00:00,281,125
8378563200,2016-05-02 05:00:00,0,669
8378563200,2016-05-02 06:00:00,150,112
8378563200,2016-05-02 07:00:00,371,144
8378563200,2016-05-02 08:00:00,1209,204
8378563200,2016-05-02 09:00:00,40,103
8378563200,2016-05-02 10:00:00,454,138
8378563200,2016-05-02 11:00:00,86,117
8378563200,2016-05-02 12:00:00,601,151
8378563200,2016-05-02 13:00:00,329,135
8378563200,2016-05-02 14:00:00,431,135
8378563200,2016-05-02 15:00:00,372,133
8378563200,2016-05-02 16:00:00,581,154
8378563200,2016-05-02 17:00:00,589,159
8378563200,2016-05-02 18:00:00,177,125
8378563200,2016-05-02 19:00:00,153,116
8378563200,2016-05-02 20:00:00,233,128
8378563200,2016-05-02 21:00:00,0,92
8378563200,2016-05-02 22:00:00,0,92
8378563200,2016-05-02 23:00:00,0,90
8378563200,2016-05-03 00:00:00,0,91
8378563200,2016-05-03 01:00:00,47,98
8378563200,2016-05-03 02:00:00,0,91
8378563200,2016-05-03 03:00:00,0,91
8378563200,2016-05-03 04:00:00,259,121
8378563200,2016-05-03 05:00:00,0,669
8378563200,2016-05-03 06:00:00,173,117
8378563200,2016-05-03 07:00:00,491,156
8378563200,2016-05-03 08:00:00,1421,228
8378563200,2016-05-03 09:00:00,578,156
8378563200,2016-05-03 10:00:00,408,135
8378563200,2016-05-03 11:00:00,244,126
8378563200,2016-05-03 12:00:00,371,134
8378563200,2016-05-03 13:00:00,115,117
8378563200,2016-05-03 14:00:00,318,134
8378563200,2016-05-03 15:00:00,482,148
8378563200,2016-05-03 16:00:00,294,130
8378563200,2016-05-03 17:00:00,1574,240
8378563200,2016-05-03 18:00:00,436,147
8378563200,2016-05-03 19:00:00,323,144
8378563200,2016-05-03 20:00:00,762,180
8378563200,2016-05-03 21:00:00,197,122
8378563200,2016-05-03 22:00:00,215,117
8378563200,2016-05-03 23:00:00,4,94
8378563200,2016-05-04 00:00:00,0,90
8378563200,2016-05-04 01:00:00,51,100
8378563200,2016-05-04 02:00:00,0,90
8378563200,2016-05-04 03:00:00,0,91
8378563200,2016-05-04 04:00:00,52,98
8378563200,2016-05-04 05:00:00,0,92
8378563200,2016-05-04 06:00:00,236,117
8378563200,2016-05-04 07:00:00,589,158
8378563200,2016-05-04 08:00:00,1417,222
8378563200,2016-05-04 09:00:00,820,186
8378563200,2016-05-04 10:00:00,407,138
8378563200,2016-05-04 11:00:00,628,161
8378563200,2016-05-04 12:00:00,346,137
8378563200,2016-05-04 13:00:00,200,122
8378563200,2016-05-04 14:00:00,412,145
8378563200,2016-05-04 15:00:00,292,133
8378563200,2016-05-04 16:00:00,1281,209
8378563200,2016-05-04 17:00:00,200,127
8378563200,2016-05-04 18:00:00,298,137
8378563200,2016-05-04 19:00:00,191,124
8378563200,2016-05-04 20:00:00,237,126
8378563200,2016-05-04 21:00:00,130,109
8378563200,2016-05-04 22:00:00,79,104
8378563200,2016-05-04 23:00:00,9,93
8378563200,2016-05-05 00:00:00,66,99
8378563200,2016-05-05 01:00:00,0,91
8378563200,2016-05-05 02:00:00,0,91
8378563200,2016-05-05 03:00:00,4,93
8378563200,2016-05-05 04:00:00,254,123
8378563200,2016-05-05 05:00:00,0,669
8378563200,2016-05-05 06:00:00,126,112
8378563200,2016-05-05 07:00:00,492,161
8378563200,2016-05-05 08:00:00,1398,218
8378563200,2016-05-05 09:00:00,363,132
8378563200,2016-05-05 10:00:00,416,144
8378563200,2016-05-05 11:00:00,252,130
8378563200,2016-05-05 12:00:00,461,142
8378563200,2016-05-05 13:00:00,467,153
8378563200,2016-05-05 14:00:00,336,132
8378563200,2016-05-05 15:00:00,420,144
8378563200,2016-05-05 16:00:00,731,160
8378563200,2016-05-05 17:00:00,248,133
8378563200,2016-05-05 18:00:00,769,181
8378563200,2016-05-05 19:00:00,100,120
8378563200,2016-05-05 20:00:00,975,196
8378563200,2016-05-05 21:00:00,504,157
8378563200,2016-05-05 22:00:00,0,91
8378563200,2016-05-05 23:00:00,185,113
8378563200,2016-05-06 00:00:00,0,90
8378563200,2016-05-06 01:00:00,0,92
8378563200,2016-05-06 02:00:00,0,91
8378563200,2016-05-06 03:00:00,7,93
8378563200,2016-05-06 04:00:00,303,130
8378563200,2016-05-06 05:00:00,0,669
8378563200,2016-05-06 06:00:00,266,123
8378563200,2016-05-06 07:00:00,492,150
8378563200,2016-05-06 08:00:00,1430,226
8378563200,2016-05-06 09:00:00,368,140
8378563200,2016-05-06 10:00:00,577,162
8378563200,2016-05-06 11:00:00,431,142
8378563200,2016-05-06 12:00:00,81,112
8378563200,2016-05-06 13:00:00,251,126
8378563200,2016-05-06 14:00:00,409,149
8378563200,2016-05-06 15:00:00,489,148
8378563200,2016-05-06 16:00:00,1064,201
8378563200,2016-05-06 17:00:00,245,136
8378563200,2016-05-06 18:00:00,99,117
8378563200,2016-05-06 19:00:00,97,114
8378563200,2016-05-06 20:00:00,81,114
8378563200,2016-05-06 21:00:00,291,129
8378563200,2016-05-06 22:00:00,0,92
8378563200,2016-05-06 23:00:00,64,99
8378563200,2016-05-07 00:00:00,13,94
8378563200,2016-05-07 01:00:00,0,92
8378563200,2016-05-07 02:00:00,0,91
8378563200,2016-05-07 03:00:00,0,90
8378563200,2016-05-07 04:00:00,6,93
8378563200,2016-05-07 05:00:00,61,107
8378563200,2016-05-07 06:00:00,0,90
8378563200,2016-05-07 07:00:00,122,103
8378563200,2016-05-07 08:00:00,208,111
8378563200,2016-05-07 09:00:00,61,104
8378563200,2016-05-07 10:00:00,51,107
8378563200,2016-05-07 11:00:00,92,113
8378563200,2016-05-07 12:00:00,461,148
8378563200,2016-05-07 13:00:00,1112,208
8378563200,2016-05-07 14:00:00,749,171
8378563200,2016-05-07 15:00:00,480,161
8378563200,2016-05-07 16:00:00,299,132
8378563200,2016-05-07 17:00:00,0,101
8378563200,2016-05-07 18:00:00,121,112
8378563200,2016-05-07 19:00:00,211,128
8378563200,2016-05-07 20:00:00,27,105
8378563200,2016-05-07 21:00:00,171,119
8378563200,2016-05-07 22:00:00,223,125
8378563200,2016-05-07 23:00:00,0,95
8378563200,2016-05-08 00:00:00,14,95
8378563200,2016-05-08 01:00:00,0,91
8378563200,2016-05-08 02:00:00,49,99
8378563200,2016-05-08 03:00:00,12,93
8378563200,2016-05-08 04:00:00,0,91
8378563200,2016-05-08 05:00:00,0,91
8378563200,2016-05-08 06:00:00,0,91
8378563200,2016-05-08 07:00:00,74,108
8378563200,2016-05-08 08:00:00,0,91
8378563200,2016-05-08 09:00:00,247,129
8378563200,2016-05-08 10:00:00,157,112
8378563200,2016-05-08 11:00:00,111,116
8378563200,2016-05-08 12:00:00,496,161
8378563200,2016-05-08 13:00:00,204,122
8378563200,2016-05-08 14:00:00,107,118
8378563200,2016-05-08 15:00:00,506,166
8378563200,2016-05-08 16:00:00,139,117
8378563200,2016-05-08 17:00:00,215,129
8378563200,2016-05-08 18:00:00,28,108
8378563200,2016-05-08 19:00:00,110,111
8378563200,2016-05-08 20:00:00,204,131
8378563200,2016-05-08 21:00:00,256,130
8378563200,2016-05-08 22:00:00,0,91
8378563200,2016-05-08 23:00:00,14,93
8378563200,2016-05-09 00:00:00,54,100
8378563200,2016-05-09 01:00:00,55,101
8378563200,2016-05-09 02:00:00,0,91
8378563200,2016-05-09 03:00:00,0,91
8378563200,2016-05-09 04:00:00,255,121
8378563200,2016-05-09 05:00:00,0,669
8378563200,2016-05-09 06:00:00,244,122
8378563200,2016-05-09 07:00:00,431,146
8378563200,2016-05-09 08:00:00,1539,233
8378563200,2016-05-09 09:00:00,448,144
8378563200,2016-05-09 10:00:00,1180,213
8378563200,2016-05-09 11:00:00,585,154
8378563200,2016-05-09 12:00:00,408,136
8378563200,2016-05-09 13:00:00,590,156
8378563200,2016-05-09 14:00:00,177,115
8378563200,2016-05-09 15:00:00,355,135
8378563200,2016-05-09 16:00:00,271,130
8378563200,2016-05-09 17:00:00,689,162
8378563200,2016-05-09 18:00:00,222,125
8378563200,2016-05-09 19:00:00,173,121
8378563200,2016-05-09 20:00:00,413,147
8378563200,2016-05-09 21:00:00,205,115
8378563200,2016-05-09 22:00:00,88,103
8378563200,2016-05-09 23:00:00,0,91
8378563200,2016-05-10 00:00:00,0,91
8378563200,2016-05-10 01:00:00,0,92
8378563200,2016-05-10 02:00:00,0,91
8378563200,2016-05-10 03:00:00,0,91
8378563200,2016-05-10 04:00:00,361,131
8378563200,2016-05-10 05:00:00,0,669
8378563200,2016-05-10 06:00:00,151,116
8378563200,2016-05-10 07:00:00,570,155
8378563200,2016-05-10 08:00:00,1199,201
8378563200,2016-05-10 09:00:00,327,141
8378563200,2016-05-10 10:00:00,383,140
8378563200,2016-05-10 11:00:00,43,108
8378563200,2016-05-10 12:00:00,562,152
8378563200,2016-05-10 13:00:00,115,121
8378563200,2016-05-10 14:00:00,424,142
8378563200,2016-05-10 15:00:00,244,132
8378563200,2016-05-10 16:00:00,909,182
8378563200,2016-05-10 17:00:00,310,138
8378563200,2016-05-10 18:00:00,53,105
8378563200,2016-05-10 19:00:00,310,139
8378563200,2016-05-10 20:00:00,176,127
8378563200,2016-05-10 21:00:00,445,142
8378563200,2016-05-10 22:00:00,0,91
8378563200,2016-05-10 23:00:00,0,91
8378563200,2016-05-11 00:00:00,0,91
8378563200,2016-05-11 01:00:00,0,91
8378563200,2016-05-11 02:00:00,0,90
8378563200,2016-05-11 03:00:00,12,94
8378563200,2016-05-11 04:00:00,313,130
8378563200,2016-05-11 05:00:00,0,669
8378563200,2016-05-11 06:00:00,212,121
8378563200,2016-05-11 07:00:00,402,145
8378563200,2016-05-11 08:00:00,1396,216
8378563200,2016-05-11 09:00:00,440,145
8378563200,2016-05-11 10:00:00,1108,199
8378563200,2016-05-11 11:00:00,1302,218
8378563200,2016-05-11 12:00:00,870,185
8378563200,2016-05-11 13:00:00,488,142
8378563200,2016-05-11 14:00:00,439,144
8378563200,2016-05-11 15:00:00,319,129
8378563200,2016-05-11 16:00:00,162,112
8378563200,2016-05-11 17:00:00,926,181
8378563200,2016-05-11 18:00:00,207,132
8378563200,2016-05-11 19:00:00,71,117
8378563200,2016-05-11 20:00:00,252,129
8378563200,2016-05-11 21:00:00,136,115
8378563200,2016-05-11 22:00:00,0,91
8378563200,2016-05-11 23:00:00,88,102
8378563200,2016-05-12 00:00:00,0,91
8378563200,2016-05-12 01:00:00,17,98
8378563200,2016-05-12 02:00:00,8,93
8378563200,2016-05-12 03:00:00,0,91
8378563200,2016-05-12 04:00:00,49,98
8378563200,2016-05-12 05:00:00,0,91
8378563200,2016-05-12 06:00:00,236,129
8378563200,2016-05-12 07:00:00,498,152
8378563200,2016-05-12 08:00:00,1173,199
8378563200,2016-05-12 09:00:00,542,160
8378563200,2016-05-12 10:00:00,643,163
8378563200,2016-05-12 11:00:00,386,138
8378563200,2016-05-12 12:00:00,22,105
8378563200,2016-05-12 13:00:00,436,142
8378563200,2016-05-12 14:00:00,46,107
8583815059,2016-04-12 00:00:00,0,84
8583815059,2016-04-12 01:00:00,0,84
8583815059,2016-04-12 02:00:00,0,84
8583815059,2016-04-12 03:00:00,0,84
8583815059,2016-04-12 04:00:00,0,84
8583815059,2016-04-12 05:00:00,0,84
8583815059,2016-04-12 06:00:00,0,84
8583815059,2016-04-12 07:00:00,0,84
8583815059,2016-04-12 08:00:00,0,84
8583815059,2016-04-12 09:00:00,55,92
8583815059,2016-04-12 10:00:00,0,88
8583815059,2016-04-12 11:00:00,35,94
8583815059,2016-04-12 12:00:00,327,136
8583815059,2016-04-12 13:00:00,807,180
8583815059,2016-04-12 14:00:00,250,118
8583815059,2016-04-12 15:00:00,265,122
8583815059,2016-04-12 16:00:00,731,154
8583815059,2016-04-12 17:00:00,962,194
8583815059,2016-04-12 18:00:00,175,121
8583815059,2016-04-12 19:00:00,987,195
8583815059,2016-04-12 20:00:00,30,93
8583815059,2016-04-12 21:00:00,63,97
8583815059,2016-04-12 22:00:00,63,96
8583815059,2016-04-12 23:00:00,264,114
8583815059,2016-04-13 00:00:00,0,84
8583815059,2016-04-13 01:00:00,0,84
8583815059,2016-04-13 02:00:00,0,84
8583815059,2016-04-13 03:00:00,0,84
8583815059,2016-04-13 04:00:00,0,84
8583815059,2016-04-13 05:00:00,0,84
8583815059,2016-04-13 06:00:00,0,84
8583815059,2016-04-13 07:00:00,0,84
8583815059,2016-04-13 08:00:00,0,84
8583815059,2016-04-13 09:00:00,105,99
8583815059,2016-04-13 10:00:00,562,151
8583815059,2016-04-13 11:00:00,1559,234
8583815059,2016-04-13 12:00:00,2351,300
8583815059,2016-04-13 13:00:00,212,121
8583815059,2016-04-13 14:00:00,0,87
8583815059,2016-04-13 15:00:00,14,91
8583815059,2016-04-13 16:00:00,8,89
8583815059,2016-04-13 17:00:00,338,129
8583815059,2016-04-13 18:00:00,46,92
8583815059,2016-04-13 19:00:00,13,89
8583815059,2016-04-13 20:00:00,123,108
8583815059,2016-04-13 21:00:00,83,104
8583815059,2016-04-13 22:00:00,114,109
8583815059,2016-04-13 23:00:00,43,94
8583815059,2016-04-14 00:00:00,113,101
8583815059,2016-04-14 01:00:00,0,84
8583815059,2016-04-14 02:00:00,0,84
8583815059,2016-04-14 03:00:00,0,84
8583815059,2016-04-14 04:00:00,0,84
8583815059,2016-04-14 05:00:00,0,84
8583815059,2016-04-14 06:00:00,0,84
8583815059,2016-04-14 07:00:00,0,84
8583815059,2016-04-14 08:00:00,0,84
8583815059,2016-04-14 09:00:00,131,97
8583815059,2016-04-14 10:00:00,201,112
8583815059,2016-04-14 11:00:00,53,96
8583815059,2016-04-14 12:00:00,75,99
8583815059,2016-04-14 13:00:00,110,106
8583815059,2016-04-14 14:00:00,180,111
8583815059,2016-04-14 15:00:00,84,103
8583815059,2016-04-14 16:00:00,388,134
8583815059,2016-04-14 17:00:00,1225,209
8583815059,2016-04-14 18:00:00,170,109
8583815059,2016-04-14 19:00:00,108,100
8583815059,2016-04-14 20:00:00,43,94
8583815059,2016-04-14 21:00:00,93,103
8583815059,2016-04-14 22:00:00,112,107
8583815059,2016-04-14 23:00:00,32,89
8583815059,2016-04-15 00:00:00,134,106
8583815059,2016-04-15 01:00:00,0,84
8583815059,2016-04-15 02:00:00,0,84
8583815059,2016-04-15 03:00:00,0,84
8583815059,2016-04-15 04:00:00,0,84
8583815059,2016-04-15 05:00:00,0,84
8583815059,2016-04-15 06:00:00,0,84
8583815059,2016-04-15 07:00:00,0,84
8583815059,2016-04-15 08:00:00,0,84
8583815059,2016-04-15 09:00:00,89,97
8583815059,2016-04-15 10:00:00,4,89
8583815059,2016-04-15 11:00:00,27,92
8583815059,2016-04-15 12:00:00,141,108
8583815059,2016-04-15 13:00:00,120,96
8583815059,2016-04-15 14:00:00,162,114
8583815059,2016-04-15 15:00:00,376,144
8583815059,2016-04-15 16:00:00,105,101
8583815059,2016-04-15 17:00:00,0,84
8583815059,2016-04-15 18:00:00,0,84
8583815059,2016-04-15 19:00:00,0,84
8583815059,2016-04-15 20:00:00,0,84
8583815059,2016-04-15 21:00:00,0,84
8583815059,2016-04-15 22:00:00,0,84
8583815059,2016-04-15 23:00:00,0,84
8583815059,2016-04-16 00:00:00,0,84
8583815059,2016-04-16 01:00:00,0,84
8583815059,2016-04-16 02:00:00,0,84
8583815059,2016-04-16 03:00:00,0,84
8583815059,2016-04-16 04:00:00,0,84
8583815059,2016-04-16 05:00:00,0,84
8583815059,2016-04-16 06:00:00,0,84
8583815059,2016-04-16 07:00:00,0,84
8583815059,2016-04-16 08:00:00,0,84
8583815059,2016-04-16 09:00:00,0,84
8583815059,2016-04-16 10:00:00,0,84
8583815059,2016-04-16 11:00:00,0,84
8583815059,2016-04-16 12:00:00,0,84
8583815059,2016-04-16 13:00:00,0,84
8583815059,2016-04-16 14:00:00,0,84
8583815059,2016-04-16 15:00:00,0,84
8583815059,2016-04-16 16:00:00,0,84
8583815059,2016-04-16 17:00:00,0,84
8583815059,2016-04-16 18:00:00,0,84
8583815059,2016-04-16 19:00:00,0,84
8583815059,2016-04-16 20:00:00,0,84
8583815059,2016-04-16 21:00:00,0,84
8583815059,2016-04-16 22:00:00,0,84
8583815059,2016-04-16 23:00:00,0,84
8583815059,2016-04-17 00:00:00,0,84
8583815059,2016-04-17 01:00:00,0,84
8583815059,2016-04-17 02:00:00,0,84
8583815059,2016-04-17 03:00:00,0,84
8583815059,2016-04-17 04:00:00,0,84
8583815059,2016-04-17 05:00:00,0,84
8583815059,2016-04-17 06:00:00,0,84
8583815059,2016-04-17 07:00:00,0,84
8583815059,2016-04-17 08:00:00,0,84
8583815059,2016-04-17 09:00:00,0,84
8583815059,2016-04-17 10:00:00,0,84
8583815059,2016-04-17 11:00:00,0,84
8583815059,2016-04-17 12:00:00,0,84
8583815059,2016-04-17 13:00:00,0,84
8583815059,2016-04-17 14:00:00,0,84
8583815059,2016-04-17 15:00:00,0,84
8583815059,2016-04-17 16:00:00,0,84
8583815059,2016-04-17 17:00:00,0,84
8583815059,2016-04-17 18:00:00,0,84
8583815059,2016-04-17 19:00:00,0,84
8583815059,2016-04-17 20:00:00,0,84
8583815059,2016-04-17 21:00:00,0,84
8583815059,2016-04-17 22:00:00,0,84
8583815059,2016-04-17 23:00:00,0,84
8583815059,2016-04-18 00:00:00,0,84
8583815059,2016-04-18 01:00:00,0,84
8583815059,2016-04-18 02:00:00,0,84
8583815059,2016-04-18 03:00:00,0,84
8583815059,2016-04-18 04:00:00,0,84
8583815059,2016-04-18 05:00:00,0,84
8583815059,2016-04-18 06:00:00,0,84
8583815059,2016-04-18 07:00:00,0,84
8583815059,2016-04-18 08:00:00,624,164
8583815059,2016-04-18 09:00:00,0,90
8583815059,2016-04-18 10:00:00,2096,263
8583815059,2016-04-18 11:00:00,5,93
8583815059,2016-04-18 12:00:00,19,95
8583815059,2016-04-18 13:00:00,56,107
8583815059,2016-04-18 14:00:00,11,95
8583815059,2016-04-18 15:00:00,78,105
8583815059,2016-04-18 16:00:00,37,96
8583815059,2016-04-18 17:00:00,38,100
8583815059,2016-04-18 18:00:00,29,98
8583815059,2016-04-18 19:00:00,132,108
8583815059,2016-04-18 20:00:00,59,95
8583815059,2016-04-18 21:00:00,165,119
8583815059,2016-04-18 22:00:00,29,92
8583815059,2016-04-18 23:00:00,103,104
8583815059,2016-04-19 00:00:00,0,84
8583815059,2016-04-19 01:00:00,0,84
8583815059,2016-04-19 02:00:00,0,84
8583815059,2016-04-19 03:00:00,0,84
8583815059,2016-04-19 04:00:00,0,84
8583815059,2016-04-19 05:00:00,0,84
8583815059,2016-04-19 06:00:00,0,84
8583815059,2016-04-19 07:00:00,0,84
8583815059,2016-04-19 08:00:00,0,84
8583815059,2016-04-19 09:00:00,0,84
8583815059,2016-04-19 10:00:00,90,106
8583815059,2016-04-19 11:00:00,433,135
8583815059,2016-04-19 12:00:00,1471,215
8583815059,2016-04-19 13:00:00,1404,227
8583815059,2016-04-19 14:00:00,941,180
8583815059,2016-04-19 15:00:00,40,98
8583815059,2016-04-19 16:00:00,0,88
8583815059,2016-04-19 17:00:00,462,143
8583815059,2016-04-19 18:00:00,350,123
8583815059,2016-04-19 19:00:00,70,99
8583815059,2016-04-19 20:00:00,106,104
8583815059,2016-04-19 21:00:00,61,98
8583815059,2016-04-19 22:00:00,140,107
8583815059,2016-04-19 23:00:00,129,105
8583815059,2016-04-20 00:00:00,0,84
8583815059,2016-04-20 01:00:00,0,84
8583815059,2016-04-20 02:00:00,0,84
8583815059,2016-04-20 03:00:00,0,84
8583815059,2016-04-20 04:00:00,0,84
8583815059,2016-04-20 05:00:00,0,84
8583815059,2016-04-20 06:00:00,0,84
8583815059,2016-04-20 07:00:00,0,84
8583815059,2016-04-20 08:00:00,0,84
8583815059,2016-04-20 09:00:00,0,84
8583815059,2016-04-20 10:00:00,168,118
8583815059,2016-04-20 11:00:00,241,109
8583815059,2016-04-20 12:00:00,242,123
8583815059,2016-04-20 13:00:00,808,171
8583815059,2016-04-20 14:00:00,1653,251
8583815059,2016-04-20 15:00:00,842,167
8583815059,2016-04-20 16:00:00,452,139
8583815059,2016-04-20 17:00:00,60,91
8583815059,2016-04-20 18:00:00,359,143
8583815059,2016-04-20 19:00:00,8,91
8583815059,2016-04-20 20:00:00,183,111
8583815059,2016-04-20 21:00:00,178,113
8583815059,2016-04-20 22:00:00,79,94
8583815059,2016-04-20 23:00:00,0,86
8583815059,2016-04-21 00:00:00,77,99
8583815059,2016-04-21 01:00:00,0,84
8583815059,2016-04-21 02:00:00,0,84
8583815059,2016-04-21 03:00:00,0,84
8583815059,2016-04-21 04:00:00,0,84
8583815059,2016-04-21 05:00:00,0,84
8583815059,2016-04-21 06:00:00,0,84
8583815059,2016-04-21 07:00:00,0,84
8583815059,2016-04-21 08:00:00,0,84
8583815059,2016-04-21 09:00:00,76,93
8583815059,2016-04-21 10:00:00,414,133
8583815059,2016-04-21 11:00:00,71,97
8583815059,2016-04-21 12:00:00,450,141
8583815059,2016-04-21 13:00:00,140,102
8583815059,2016-04-21 14:00:00,2063,259
8583815059,2016-04-21 15:00:00,3092,329
8583815059,2016-04-21 16:00:00,202,115
8583815059,2016-04-21 17:00:00,105,101
8583815059,2016-04-21 18:00:00,520,140
8583815059,2016-04-21 19:00:00,776,176
8583815059,2016-04-21 20:00:00,145,108
8583815059,2016-04-21 21:00:00,383,140
8583815059,2016-04-21 22:00:00,0,87
8583815059,2016-04-21 23:00:00,24,91
8583815059,2016-04-22 00:00:00,96,102
8583815059,2016-04-22 01:00:00,0,84
8583815059,2016-04-22 02:00:00,0,84
8583815059,2016-04-22 03:00:00,0,84
8583815059,2016-04-22 04:00:00,0,84
8583815059,2016-04-22 05:00:00,0,84
8583815059,2016-04-22 06:00:00,0,84
8583815059,2016-04-22 07:00:00,0,84
8583815059,2016-04-22 08:00:00,0,84
8583815059,2016-04-22 09:00:00,146,104
8583815059,2016-04-22 10:00:00,441,140
8583815059,2016-04-22 11:00:00,1655,236
8583815059,2016-04-22 12:00:00,1690,237
8583815059,2016-04-22 13:00:00,2228,288
8583815059,2016-04-22 14:00:00,616,153
8583815059,2016-04-22 15:00:00,30,90
8583815059,2016-04-22 16:00:00,269,126
8583815059,2016-04-22 17:00:00,604,145
8583815059,2016-04-22 18:00:00,298,133
8583815059,2016-04-22 19:00:00,207,118
8583815059,2016-04-22 20:00:00,20,90
8583815059,2016-04-22 21:00:00,67,98
8583815059,2016-04-22 22:00:00,54,95
8583815059,2016-04-22 23:00:00,266,117
8583815059,2016-04-23 00:00:00,0,84
8583815059,2016-04-23 01:00:00,0,84
8583815059,2016-04-23 02:00:00,0,84
8583815059,2016-04-23 03:00:00,0,84
8583815059,2016-04-23 04:00:00,0,84
8583815059,2016-04-23 05:00:00,0,84
8583815059,2016-04-23 06:00:00,0,84
8583815059,2016-04-23 07:00:00,0,84
8583815059,2016-04-23 08:00:00,0,84
8583815059,2016-04-23 09:00:00,398,127
8583815059,2016-04-23 10:00:00,2575,307
8583815059,2016-04-23 11:00:00,1914,265
8583815059,2016-04-23 12:00:00,1443,215
8583815059,2016-04-23 13:00:00,516,150
8583815059,2016-04-23 14:00:00,176,115
8583815059,2016-04-23 15:00:00,418,134
8583815059,2016-04-23 16:00:00,555,150
8583815059,2016-04-23 17:00:00,111,99
8583815059,2016-04-23 18:00:00,125,110
8583815059,2016-04-23 19:00:00,423,143
8583815059,2016-04-23 20:00:00,411,143
8583815059,2016-04-23 21:00:00,51,93
8583815059,2016-04-23 22:00:00,171,104
8583815059,2016-04-23 23:00:00,94,100
8583815059,2016-04-24 00:00:00,267,124
8583815059,2016-04-24 01:00:00,0,84
8583815059,2016-04-24 02:00:00,0,84
8583815059,2016-04-24 03:00:00,0,84
8583815059,2016-04-24 04:00:00,0,84
8583815059,2016-04-24 05:00:00,0,84
8583815059,2016-04-24 06:00:00,0,84
8583815059,2016-04-24 07:00:00,0,84
8583815059,2016-04-24 08:00:00,0,84
8583815059,2016-04-24 09:00:00,0,84
8583815059,2016-04-24 10:00:00,110,104
8583815059,2016-04-24 11:00:00,51,96
8583815059,2016-04-24 12:00:00,215,107
8583815059,2016-04-24 13:00:00,615,157
8583815059,2016-04-24 14:00:00,1612,227
8583815059,2016-04-24 15:00:00,1888,263
8583815059,2016-04-24 16:00:00,1632,233
8583815059,2016-04-24 17:00:00,1241,212
8583815059,2016-04-24 18:00:00,31,90
8583815059,2016-04-24 19:00:00,338,135
8583815059,2016-04-24 20:00:00,20,88
8583815059,2016-04-24 21:00:00,25,93
8583815059,2016-04-24 22:00:00,65,96
8583815059,2016-04-24 23:00:00,176,106
8583815059,2016-04-25 00:00:00,0,84
8583815059,2016-04-25 01:00:00,0,84
8583815059,2016-04-25 02:00:00,0,84
8583815059,2016-04-25 03:00:00,0,84
8583815059,2016-04-25 04:00:00,0,84
8583815059,2016-04-25 05:00:00,0,84
8583815059,2016-04-25 06:00:00,0,84
8583815059,2016-04-25 07:00:00,0,84
8583815059,2016-04-25 08:00:00,0,84
8583815059,2016-04-25 09:00:00,995,172
8583815059,2016-04-25 10:00:00,1447,208
8583815059,2016-04-25 11:00:00,158,112
8583815059,2016-04-25 12:00:00,96,106
8583815059,2016-04-25 13:00:00,184,116
8583815059,2016-04-25 14:00:00,0,87
8583815059,2016-04-25 15:00:00,420,142
8583815059,2016-04-25 16:00:00,533,145
8583815059,2016-04-25 17:00:00,32,92
8583815059,2016-04-25 18:00:00,40,91
8583815059,2016-04-25 19:00:00,76,99
8583815059,2016-04-25 20:00:00,154,114
8583815059,2016-04-25 21:00:00,30,94
8583815059,2016-04-25 22:00:00,106,103
8583815059,2016-04-25 23:00:00,232,110
8583815059,2016-04-26 00:00:00,0,84
8583815059,2016-04-26 01:00:00,0,84
8583815059,2016-04-26 02:00:00,0,84
8583815059,2016-04-26 03:00:00,0,84
8583815059,2016-04-26 04:00:00,0,84
8583815059,2016-04-26 05:00:00,0,84
8583815059,2016-04-26 06:00:00,0,84
8583815059,2016-04-26 07:00:00,0,84
8583815059,2016-04-26 08:00:00,0,84
8583815059,2016-04-26 09:00:00,90,94
8583815059,2016-04-26 10:00:00,526,148
8583815059,2016-04-26 11:00:00,1346,217
8583815059,2016-04-26 12:00:00,1403,230
8583815059,2016-04-26 13:00:00,804,172
8583815059,2016-04-26 14:00:00,1093,177
8583815059,2016-04-26 15:00:00,2940,325
8583815059,2016-04-26 16:00:00,1020,189
8583815059,2016-04-26 17:00:00,379,140
8583815059,2016-04-26 18:00:00,185,111
8583815059,2016-04-26 19:00:00,466,150
8583815059,2016-04-26 20:00:00,183,112
8583815059,2016-04-26 21:00:00,51,95
8583815059,2016-04-26 22:00:00,13,88
8583815059,2016-04-26 23:00:00,0,88
8583815059,2016-04-27 00:00:00,98,98
8583815059,2016-04-27 01:00:00,0,84
8583815059,2016-04-27 02:00:00,0,84
8583815059,2016-04-27 03:00:00,0,84
8583815059,2016-04-27 04:00:00,0,84
8583815059,2016-04-27 05:00:00,0,84
8583815059,2016-04-27 06:00:00,0,84
8583815059,2016-04-27 07:00:00,0,84
8583815059,2016-04-27 08:00:00,0,84
8583815059,2016-04-27 09:00:00,0,84
8583815059,2016-04-27 10:00:00,29,91
8583815059,2016-04-27 11:00:00,87,96
8583815059,2016-04-27 12:00:00,224,115
8583815059,2016-04-27 13:00:00,2401,293
8583815059,2016-04-27 14:00:00,1652,237
8583815059,2016-04-27 15:00:00,6503,592
8583815059,2016-04-27 16:00:00,934,177
8583815059,2016-04-27 17:00:00,77,96
8583815059,2016-04-27 18:00:00,52,91
8583815059,2016-04-27 19:00:00,76,96
8583815059,2016-04-27 20:00:00,35,96
8583815059,2016-04-27 21:00:00,99,107
8583815059,2016-04-27 22:00:00,44,94
8583815059,2016-04-27 23:00:00,163,105
8583815059,2016-04-28 00:00:00,0,84
8583815059,2016-04-28 01:00:00,0,84
8583815059,2016-04-28 02:00:00,0,84
8583815059,2016-04-28 03:00:00,0,84
8583815059,2016-04-28 04:00:00,0,84
8583815059,2016-04-28 05:00:00,0,84
8583815059,2016-04-28 06:00:00,0,84
8583815059,2016-04-28 07:00:00,0,84
8583815059,2016-04-28 08:00:00,0,84
8583815059,2016-04-28 09:00:00,401,143
8583815059,2016-04-28 10:00:00,11,90
8583815059,2016-04-28 11:00:00,100,104
8583815059,2016-04-28 12:00:00,712,167
8583815059,2016-04-28 13:00:00,1867,267
8583815059,2016-04-28 14:00:00,1474,222
8583815059,2016-04-28 15:00:00,351,128
8583815059,2016-04-28 16:00:00,219,118
8583815059,2016-04-28 17:00:00,159,111
8583815059,2016-04-28 18:00:00,134,102
8583815059,2016-04-28 19:00:00,177,113
8583815059,2016-04-28 20:00:00,251,119
8583815059,2016-04-28 21:00:00,112,109
8583815059,2016-04-28 22:00:00,66,99
8583815059,2016-04-28 23:00:00,140,108
8583815059,2016-04-29 00:00:00,0,84
8583815059,2016-04-29 01:00:00,0,84
8583815059,2016-04-29 02:00:00,0,84
8583815059,2016-04-29 03:00:00,0,84
8583815059,2016-04-29 04:00:00,0,84
8583815059,2016-04-29 05:00:00,0,84
8583815059,2016-04-29 06:00:00,0,84
8583815059,2016-04-29 07:00:00,149,108
8583815059,2016-04-29 08:00:00,3955,408
8583815059,2016-04-29 09:00:00,87,98
8583815059,2016-04-29 10:00:00,256,124
8583815059,2016-04-29 11:00:00,284,135
8583815059,2016-04-29 12:00:00,663,158
8583815059,2016-04-29 13:00:00,1905,258
8583815059,2016-04-29 14:00:00,2483,308
8583815059,2016-04-29 15:00:00,3085,336
8583815059,2016-04-29 16:00:00,1061,197
8583815059,2016-04-29 17:00:00,364,125
8583815059,2016-04-29 18:00:00,313,136
8583815059,2016-04-29 19:00:00,103,105
8583815059,2016-04-29 20:00:00,39,97
8583815059,2016-04-29 21:00:00,149,116
8583815059,2016-04-29 22:00:00,173,116
8583815059,2016-04-29 23:00:00,87,95
8583815059,2016-04-30 00:00:00,166,103
8583815059,2016-04-30 01:00:00,0,84
8583815059,2016-04-30 02:00:00,0,84
8583815059,2016-04-30 03:00:00,0,84
8583815059,2016-04-30 04:00:00,0,84
8583815059,2016-04-30 05:00:00,0,84
8583815059,2016-04-30 06:00:00,0,84
8583815059,2016-04-30 07:00:00,0,84
8583815059,2016-04-30 08:00:00,0,84
8583815059,2016-04-30 09:00:00,45,88
8583815059,2016-04-30 10:00:00,468,147
8583815059,2016-04-30 11:00:00,656,156
8583815059,2016-04-30 12:00:00,1823,253
8583815059,2016-04-30 13:00:00,1651,248
8583815059,2016-04-30 14:00:00,728,161
8583815059,2016-04-30 15:00:00,1327,214
8583815059,2016-04-30 16:00:00,556,148
8583815059,2016-04-30 17:00:00,498,154
8583815059,2016-04-30 18:00:00,343,136
8583815059,2016-04-30 19:00:00,169,120
8583815059,2016-04-30 20:00:00,279,134
8583815059,2016-04-30 21:00:00,228,126
8583815059,2016-04-30 22:00:00,860,168
8583815059,2016-04-30 23:00:00,288,135
8583815059,2016-05-01 00:00:00,1361,226
8583815059,2016-05-01 01:00:00,67,98
8583815059,2016-05-01 02:00:00,0,84
8583815059,2016-05-01 03:00:00,0,84
8583815059,2016-05-01 04:00:00,0,84
8583815059,2016-05-01 05:00:00,0,84
8583815059,2016-05-01 06:00:00,0,84
8583815059,2016-05-01 07:00:00,0,84
8583815059,2016-05-01 08:00:00,0,84
8583815059,2016-05-01 09:00:00,0,84
8583815059,2016-05-01 10:00:00,624,153
8583815059,2016-05-01 11:00:00,1179,209
8583815059,2016-05-01 12:00:00,460,152
8583815059,2016-05-01 13:00:00,0,86
8583815059,2016-05-01 14:00:00,6,89
8583815059,2016-05-01 15:00:00,0,87
8583815059,2016-05-01 16:00:00,76,99
8583815059,2016-05-01 17:00:00,0,87
8583815059,2016-05-01 18:00:00,0,85
8583815059,2016-05-01 19:00:00,0,84
8583815059,2016-05-01 20:00:00,0,84
8583815059,2016-05-01 21:00:00,0,84
8583815059,2016-05-01 22:00:00,0,84
8583815059,2016-05-01 23:00:00,0,84
8583815059,2016-05-02 00:00:00,0,84
8583815059,2016-05-02 01:00:00,0,84
8583815059,2016-05-02 02:00:00,0,84
8583815059,2016-05-02 03:00:00,0,84
8583815059,2016-05-02 04:00:00,0,84
8583815059,2016-05-02 05:00:00,0,84
8583815059,2016-05-02 06:00:00,0,84
8583815059,2016-05-02 07:00:00,0,84
8583815059,2016-05-02 08:00:00,0,84
8583815059,2016-05-02 09:00:00,0,84
8583815059,2016-05-02 10:00:00,0,84
8583815059,2016-05-02 11:00:00,0,84
8583815059,2016-05-02 12:00:00,0,84
8583815059,2016-05-02 13:00:00,0,84
8583815059,2016-05-02 14:00:00,0,84
8583815059,2016-05-02 15:00:00,0,84
8583815059,2016-05-02 16:00:00,0,84
8583815059,2016-05-02 17:00:00,0,84
8583815059,2016-05-02 18:00:00,0,84
8583815059,2016-05-02 19:00:00,0,84
8583815059,2016-05-02 20:00:00,0,84
8583815059,2016-05-02 21:00:00,0,84
8583815059,2016-05-02 22:00:00,0,84
8583815059,2016-05-02 23:00:00,0,84
8583815059,2016-05-03 00:00:00,0,84
8583815059,2016-05-03 01:00:00,0,84
8583815059,2016-05-03 02:00:00,0,84
8583815059,2016-05-03 03:00:00,0,84
8583815059,2016-05-03 04:00:00,0,84
8583815059,2016-05-03 05:00:00,0,84
8583815059,2016-05-03 06:00:00,0,84
8583815059,2016-05-03 07:00:00,0,84
8583815059,2016-05-03 08:00:00,0,84
8583815059,2016-05-03 09:00:00,0,84
8583815059,2016-05-03 10:00:00,0,84
8583815059,2016-05-03 11:00:00,0,84
8583815059,2016-05-03 12:00:00,0,84
8583815059,2016-05-03 13:00:00,0,84
8583815059,2016-05-03 14:00:00,0,84
8583815059,2016-05-03 15:00:00,0,84
8583815059,2016-05-03 16:00:00,0,84
8583815059,2016-05-03 17:00:00,0,84
8583815059,2016-05-03 18:00:00,0,84
8583815059,2016-05-03 19:00:00,0,84
8583815059,2016-05-03 20:00:00,0,84
8583815059,2016-05-03 21:00:00,0,84
8583815059,2016-05-03 22:00:00,0,84
8583815059,2016-05-03 23:00:00,0,84
8583815059,2016-05-04 00:00:00,0,84
8583815059,2016-05-04 01:00:00,0,84
8583815059,2016-05-04 02:00:00,0,84
8583815059,2016-05-04 03:00:00,0,84
8583815059,2016-05-04 04:00:00,0,84
8583815059,2016-05-04 05:00:00,0,84
8583815059,2016-05-04 06:00:00,0,84
8583815059,2016-05-04 07:00:00,0,84
8583815059,2016-05-04 08:00:00,0,84
8583815059,2016-05-04 09:00:00,0,84
8583815059,2016-05-04 10:00:00,0,84
8583815059,2016-05-04 11:00:00,0,84
8583815059,2016-05-04 12:00:00,0,84
8583815059,2016-05-04 13:00:00,0,84
8583815059,2016-05-04 14:00:00,0,84
8583815059,2016-05-04 15:00:00,0,84
8583815059,2016-05-04 16:00:00,0,84
8583815059,2016-05-04 17:00:00,0,84
8583815059,2016-05-04 18:00:00,0,84
8583815059,2016-05-04 19:00:00,0,84
8583815059,2016-05-04 20:00:00,0,84
8583815059,2016-05-04 21:00:00,0,84
8583815059,2016-05-04 22:00:00,0,84
8583815059,2016-05-04 23:00:00,0,84
8583815059,2016-05-05 00:00:00,0,84
8583815059,2016-05-05 01:00:00,0,84
8583815059,2016-05-05 02:00:00,0,84
8583815059,2016-05-05 03:00:00,0,84
8583815059,2016-05-05 04:00:00,0,84
8583815059,2016-05-05 05:00:00,0,84
8583815059,2016-05-05 06:00:00,0,84
8583815059,2016-05-05 07:00:00,0,84
8583815059,2016-05-05 08:00:00,0,84
8583815059,2016-05-05 09:00:00,0,84
8583815059,2016-05-05 10:00:00,0,84
8583815059,2016-05-05 11:00:00,0,84
8583815059,2016-05-05 12:00:00,0,84
8583815059,2016-05-05 13:00:00,0,84
8583815059,2016-05-05 14:00:00,0,84
8583815059,2016-05-05 15:00:00,0,84
8583815059,2016-05-05 16:00:00,0,84
8583815059,2016-05-05 17:00:00,0,84
8583815059,2016-05-05 18:00:00,776,165
8583815059,2016-05-05 19:00:00,184,118
8583815059,2016-05-05 20:00:00,206,122
8583815059,2016-05-05 21:00:00,88,103
8583815059,2016-05-05 22:00:00,201,115
8583815059,2016-05-05 23:00:00,52,95
8583815059,2016-05-06 00:00:00,8,87
8583815059,2016-05-06 01:00:00,0,84
8583815059,2016-05-06 02:00:00,0,84
8583815059,2016-05-06 03:00:00,0,84
8583815059,2016-05-06 04:00:00,0,84
8583815059,2016-05-06 05:00:00,0,84
8583815059,2016-05-06 06:00:00,0,84
8583815059,2016-05-06 07:00:00,0,84
8583815059,2016-05-06 08:00:00,0,84
8583815059,2016-05-06 09:00:00,0,84
8583815059,2016-05-06 10:00:00,53,97
8583815059,2016-05-06 11:00:00,579,147
8583815059,2016-05-06 12:00:00,1460,221
8583815059,2016-05-06 13:00:00,1608,234
8583815059,2016-05-06 14:00:00,395,127
8583815059,2016-05-06 15:00:00,4,89
8583815059,2016-05-06 16:00:00,13,89
8583815059,2016-05-06 17:00:00,64,94
8583815059,2016-05-06 18:00:00,0,84
8583815059,2016-05-06 19:00:00,700,173
8583815059,2016-05-06 20:00:00,745,169
8583815059,2016-05-06 21:00:00,45,100
8583815059,2016-05-06 22:00:00,72,109
8583815059,2016-05-06 23:00:00,97,105
8583815059,2016-05-07 00:00:00,76,97
8583815059,2016-05-07 01:00:00,0,84
8583815059,2016-05-07 02:00:00,0,84
8583815059,2016-05-07 03:00:00,0,84
8583815059,2016-05-07 04:00:00,0,84
8583815059,2016-05-07 05:00:00,0,84
8583815059,2016-05-07 06:00:00,0,84
8583815059,2016-05-07 07:00:00,0,84
8583815059,2016-05-07 08:00:00,0,84
8583815059,2016-05-07 09:00:00,424,137
8583815059,2016-05-07 10:00:00,232,116
8583815059,2016-05-07 11:00:00,709,151
8583815059,2016-05-07 12:00:00,634,154
8583815059,2016-05-07 13:00:00,474,146
8583815059,2016-05-07 14:00:00,448,145
8583815059,2016-05-07 15:00:00,449,148
8583815059,2016-05-07 16:00:00,132,104
8583815059,2016-05-07 17:00:00,115,102
8583815059,2016-05-07 18:00:00,589,151
8583815059,2016-05-07 19:00:00,889,175
8583815059,2016-05-07 20:00:00,379,144
8583815059,2016-05-07 21:00:00,299,143
8583815059,2016-05-07 22:00:00,117,111
8583815059,2016-05-07 23:00:00,151,113
8583815059,2016-05-08 00:00:00,56,100
8583815059,2016-05-08 01:00:00,148,106
8583815059,2016-05-08 02:00:00,0,84
8583815059,2016-05-08 03:00:00,0,84
8583815059,2016-05-08 04:00:00,0,84
8583815059,2016-05-08 05:00:00,0,84
8583815059,2016-05-08 06:00:00,0,84
8583815059,2016-05-08 07:00:00,0,84
8583815059,2016-05-08 08:00:00,0,84
8583815059,2016-05-08 09:00:00,0,84
8583815059,2016-05-08 10:00:00,108,102
8583815059,2016-05-08 11:00:00,401,132
8583815059,2016-05-08 12:00:00,2484,296
8583815059,2016-05-08 13:00:00,2457,303
8583815059,2016-05-08 14:00:00,1787,250
8583815059,2016-05-08 15:00:00,304,120
8583815059,2016-05-08 16:00:00,52,90
8583815059,2016-05-08 17:00:00,0,84
8583815059,2016-05-08 18:00:00,175,110
8583815059,2016-05-08 19:00:00,962,186
8583815059,2016-05-08 20:00:00,225,119
8583815059,2016-05-08 21:00:00,0,86
8583815059,2016-05-08 22:00:00,16,88
8583815059,2016-05-08 23:00:00,42,95
8583815059,2016-05-09 00:00:00,0,84
8583815059,2016-05-09 01:00:00,0,84
8583815059,2016-05-09 02:00:00,0,84
8583815059,2016-05-09 03:00:00,0,84
8583815059,2016-05-09 04:00:00,0,84
8583815059,2016-05-09 05:00:00,0,84
8583815059,2016-05-09 06:00:00,0,84
8583815059,2016-05-09 07:00:00,0,84
8583815059,2016-05-09 08:00:00,0,84
8583815059,2016-05-09 09:00:00,122,100
8583815059,2016-05-09 10:00:00,0,86
8583815059,2016-05-09 11:00:00,75,99
8583815059,2016-05-09 12:00:00,28,93
8583815059,2016-05-09 13:00:00,0,86
8583815059,2016-05-09 14:00:00,547,153
8583815059,2016-05-09 15:00:00,6554,597
8583815059,2016-05-09 16:00:00,1066,172
8583815059,2016-05-09 17:00:00,0,87
8583815059,2016-05-09 18:00:00,11,89
8583815059,2016-05-09 19:00:00,570,162
8583815059,2016-05-09 20:00:00,483,154
8583815059,2016-05-09 21:00:00,99,105
8583815059,2016-05-09 22:00:00,274,112
8583815059,2016-05-09 23:00:00,5,87
8583815059,2016-05-10 00:00:00,194,113
8583815059,2016-05-10 01:00:00,0,84
8583815059,2016-05-10 02:00:00,0,84
8583815059,2016-05-10 03:00:00,0,84
8583815059,2016-05-10 04:00:00,0,84
8583815059,2016-05-10 05:00:00,0,84
8583815059,2016-05-10 06:00:00,0,84
8583815059,2016-05-10 07:00:00,0,84
8583815059,2016-05-10 08:00:00,0,84
8583815059,2016-05-10 09:00:00,225,119
8583815059,2016-05-10 10:00:00,331,125
8583815059,2016-05-10 11:00:00,664,151
8583815059,2016-05-10 12:00:00,2631,312
8583815059,2016-05-10 13:00:00,2371,292
8583815059,2016-05-10 14:00:00,1049,180
8583815059,2016-05-10 15:00:00,0,85
8583815059,2016-05-10 16:00:00,69,95
8583815059,2016-05-10 17:00:00,7,87
8583815059,2016-05-10 18:00:00,55,97
8583815059,2016-05-10 19:00:00,298,125
8583815059,2016-05-10 20:00:00,127,103
8583815059,2016-05-10 21:00:00,108,99
8583815059,2016-05-10 22:00:00,54,91
8583815059,2016-05-10 23:00:00,34,93
8583815059,2016-05-11 00:00:00,175,103
8583815059,2016-05-11 01:00:00,0,84
8583815059,2016-05-11 02:00:00,0,84
8583815059,2016-05-11 03:00:00,0,84
8583815059,2016-05-11 04:00:00,0,84
8583815059,2016-05-11 05:00:00,0,84
8583815059,2016-05-11 06:00:00,0,84
8583815059,2016-05-11 07:00:00,0,84
8583815059,2016-05-11 08:00:00,0,84
8583815059,2016-05-11 09:00:00,79,96
8583815059,2016-05-11 10:00:00,0,85
8583815059,2016-05-11 11:00:00,105,100
8583815059,2016-05-11 12:00:00,473,147
8583815059,2016-05-11 13:00:00,2278,284
8583815059,2016-05-11 14:00:00,2751,320
8583815059,2016-05-11 15:00:00,552,138
8583815059,2016-05-11 16:00:00,1068,188
8583815059,2016-05-11 17:00:00,331,125
8583815059,2016-05-11 18:00:00,179,109
8583815059,2016-05-11 19:00:00,17,89
8583815059,2016-05-11 20:00:00,429,160
8583815059,2016-05-11 21:00:00,160,113
8792009665,2016-04-12 00:00:00,0,70
8792009665,2016-04-12 01:00:00,0,70
8792009665,2016-04-12 02:00:00,7,81
8792009665,2016-04-12 03:00:00,0,70
8792009665,2016-04-12 04:00:00,0,70
8792009665,2016-04-12 05:00:00,0,70
8792009665,2016-04-12 06:00:00,0,70
8792009665,2016-04-12 07:00:00,0,70
8792009665,2016-04-12 08:00:00,13,77
8792009665,2016-04-12 09:00:00,0,71
8792009665,2016-04-12 10:00:00,69,84
8792009665,2016-04-12 11:00:00,81,78
8792009665,2016-04-12 12:00:00,291,130
8792009665,2016-04-12 13:00:00,7,76
8792009665,2016-04-12 14:00:00,7,73
8792009665,2016-04-12 15:00:00,83,90
8792009665,2016-04-12 16:00:00,135,90
8792009665,2016-04-12 17:00:00,23,74
8792009665,2016-04-12 18:00:00,781,144
8792009665,2016-04-12 19:00:00,700,150
8792009665,2016-04-12 20:00:00,119,83
8792009665,2016-04-12 21:00:00,16,74
8792009665,2016-04-12 22:00:00,32,78
8792009665,2016-04-12 23:00:00,192,97
8792009665,2016-04-13 00:00:00,162,101
8792009665,2016-04-13 01:00:00,19,77
8792009665,2016-04-13 02:00:00,9,72
8792009665,2016-04-13 03:00:00,0,70
8792009665,2016-04-13 04:00:00,0,71
8792009665,2016-04-13 05:00:00,0,71
8792009665,2016-04-13 06:00:00,8,73
8792009665,2016-04-13 07:00:00,62,78
8792009665,2016-04-13 08:00:00,0,71
8792009665,2016-04-13 09:00:00,0,70
8792009665,2016-04-13 10:00:00,91,81
8792009665,2016-04-13 11:00:00,113,91
8792009665,2016-04-13 12:00:00,10,77
8792009665,2016-04-13 13:00:00,187,97
8792009665,2016-04-13 14:00:00,0,71
8792009665,2016-04-13 15:00:00,49,80
8792009665,2016-04-13 16:00:00,15,73
8792009665,2016-04-13 17:00:00,96,82
8792009665,2016-04-13 18:00:00,83,88
8792009665,2016-04-13 19:00:00,206,114
8792009665,2016-04-13 20:00:00,64,91
8792009665,2016-04-13 21:00:00,74,77
8792009665,2016-04-13 22:00:00,72,85
8792009665,2016-04-13 23:00:00,0,75
8792009665,2016-04-14 00:00:00,279,131
8792009665,2016-04-14 01:00:00,45,84
8792009665,2016-04-14 02:00:00,13,75
8792009665,2016-04-14 03:00:00,0,70
8792009665,2016-04-14 04:00:00,0,71
8792009665,2016-04-14 05:00:00,0,70
8792009665,2016-04-14 06:00:00,7,72
8792009665,2016-04-14 07:00:00,0,71
8792009665,2016-04-14 08:00:00,7,72
8792009665,2016-04-14 09:00:00,0,71
8792009665,2016-04-14 10:00:00,0,71
8792009665,2016-04-14 11:00:00,227,105
8792009665,2016-04-14 12:00:00,148,98
8792009665,2016-04-14 13:00:00,15,81
8792009665,2016-04-14 14:00:00,0,72
8792009665,2016-04-14 15:00:00,50,80
8792009665,2016-04-14 16:00:00,25,77
8792009665,2016-04-14 17:00:00,110,95
8792009665,2016-04-14 18:00:00,165,110
8792009665,2016-04-14 19:00:00,0,70
8792009665,2016-04-14 20:00:00,0,70
8792009665,2016-04-14 21:00:00,43,82
8792009665,2016-04-14 22:00:00,5,74
8792009665,2016-04-14 23:00:00,80,88
8792009665,2016-04-15 00:00:00,227,105
8792009665,2016-04-15 01:00:00,43,77
8792009665,2016-04-15 02:00:00,49,77
8792009665,2016-04-15 03:00:00,29,78
8792009665,2016-04-15 04:00:00,7,72
8792009665,2016-04-15 05:00:00,0,70
8792009665,2016-04-15 06:00:00,0,71
8792009665,2016-04-15 07:00:00,0,71
8792009665,2016-04-15 08:00:00,0,71
8792009665,2016-04-15 09:00:00,34,76
8792009665,2016-04-15 10:00:00,99,82
8792009665,2016-04-15 11:00:00,185,96
8792009665,2016-04-15 12:00:00,85,81
8792009665,2016-04-15 13:00:00,13,74
8792009665,2016-04-15 14:00:00,0,71
8792009665,2016-04-15 15:00:00,30,77
8792009665,2016-04-15 16:00:00,239,95
8792009665,2016-04-15 17:00:00,86,80
8792009665,2016-04-15 18:00:00,724,144
8792009665,2016-04-15 19:00:00,246,106
8792009665,2016-04-15 20:00:00,215,93
8792009665,2016-04-15 21:00:00,0,71
8792009665,2016-04-15 22:00:00,94,88
8792009665,2016-04-15 23:00:00,78,82
8792009665,2016-04-16 00:00:00,98,83
8792009665,2016-04-16 01:00:00,146,90
8792009665,2016-04-16 02:00:00,0,70
8792009665,2016-04-16 03:00:00,0,70
8792009665,2016-04-16 04:00:00,0,70
8792009665,2016-04-16 05:00:00,0,70
8792009665,2016-04-16 06:00:00,0,70
8792009665,2016-04-16 07:00:00,0,70
8792009665,2016-04-16 08:00:00,0,70
8792009665,2016-04-16 09:00:00,0,70
8792009665,2016-04-16 10:00:00,0,70
8792009665,2016-04-16 11:00:00,0,70
8792009665,2016-04-16 12:00:00,0,70
8792009665,2016-04-16 13:00:00,0,70
8792009665,2016-04-16 14:00:00,0,70
8792009665,2016-04-16 15:00:00,0,70
8792009665,2016-04-16 16:00:00,0,70
8792009665,2016-04-16 17:00:00,0,70
8792009665,2016-04-16 18:00:00,0,70
8792009665,2016-04-16 19:00:00,0,70
8792009665,2016-04-16 20:00:00,0,70
8792009665,2016-04-16 21:00:00,0,70
8792009665,2016-04-16 22:00:00,0,70
8792009665,2016-04-16 23:00:00,0,70
8792009665,2016-04-17 00:00:00,0,70
8792009665,2016-04-17 01:00:00,0,70
8792009665,2016-04-17 02:00:00,0,70
8792009665,2016-04-17 03:00:00,0,70
8792009665,2016-04-17 04:00:00,0,70
8792009665,2016-04-17 05:00:00,0,70
8792009665,2016-04-17 06:00:00,0,70
8792009665,2016-04-17 07:00:00,0,70
8792009665,2016-04-17 08:00:00,0,70
8792009665,2016-04-17 09:00:00,0,70
8792009665,2016-04-17 10:00:00,0,70
8792009665,2016-04-17 11:00:00,0,70
8792009665,2016-04-17 12:00:00,0,70
8792009665,2016-04-17 13:00:00,0,70
8792009665,2016-04-17 14:00:00,0,70
8792009665,2016-04-17 15:00:00,0,70
8792009665,2016-04-17 16:00:00,0,70
8792009665,2016-04-17 17:00:00,0,70
8792009665,2016-04-17 18:00:00,0,70
8792009665,2016-04-17 19:00:00,0,70
8792009665,2016-04-17 20:00:00,0,70
8792009665,2016-04-17 21:00:00,0,70
8792009665,2016-04-17 22:00:00,0,70
8792009665,2016-04-17 23:00:00,0,70
8792009665,2016-04-18 00:00:00,0,70
8792009665,2016-04-18 01:00:00,0,70
8792009665,2016-04-18 02:00:00,0,70
8792009665,2016-04-18 03:00:00,0,70
8792009665,2016-04-18 04:00:00,0,70
8792009665,2016-04-18 05:00:00,0,70
8792009665,2016-04-18 06:00:00,0,70
8792009665,2016-04-18 07:00:00,0,70
8792009665,2016-04-18 08:00:00,0,70
8792009665,2016-04-18 09:00:00,0,70
8792009665,2016-04-18 10:00:00,0,70
8792009665,2016-04-18 11:00:00,0,70
8792009665,2016-04-18 12:00:00,0,70
8792009665,2016-04-18 13:00:00,0,70
8792009665,2016-04-18 14:00:00,0,70
8792009665,2016-04-18 15:00:00,0,70
8792009665,2016-04-18 16:00:00,0,70
8792009665,2016-04-18 17:00:00,0,70
8792009665,2016-04-18 18:00:00,0,70
8792009665,2016-04-18 19:00:00,0,70
8792009665,2016-04-18 20:00:00,0,70
8792009665,2016-04-18 21:00:00,0,70
8792009665,2016-04-18 22:00:00,0,70
8792009665,2016-04-18 23:00:00,0,70
8792009665,2016-04-19 00:00:00,0,70
8792009665,2016-04-19 01:00:00,0,70
8792009665,2016-04-19 02:00:00,0,70
8792009665,2016-04-19 03:00:00,0,70
8792009665,2016-04-19 04:00:00,0,70
8792009665,2016-04-19 05:00:00,0,70
8792009665,2016-04-19 06:00:00,0,70
8792009665,2016-04-19 07:00:00,0,70
8792009665,2016-04-19 08:00:00,0,70
8792009665,2016-04-19 09:00:00,0,70
8792009665,2016-04-19 10:00:00,0,70
8792009665,2016-04-19 11:00:00,0,70
8792009665,2016-04-19 12:00:00,0,70
8792009665,2016-04-19 13:00:00,0,70
8792009665,2016-04-19 14:00:00,0,70
8792009665,2016-04-19 15:00:00,0,70
8792009665,2016-04-19 16:00:00,0,70
8792009665,2016-04-19 17:00:00,0,70
8792009665,2016-04-19 18:00:00,0,70
8792009665,2016-04-19 19:00:00,0,70
8792009665,2016-04-19 20:00:00,0,70
8792009665,2016-04-19 21:00:00,0,70
8792009665,2016-04-19 22:00:00,0,70
8792009665,2016-04-19 23:00:00,0,70
8792009665,2016-04-20 00:00:00,0,70
8792009665,2016-04-20 01:00:00,0,71
8792009665,2016-04-20 02:00:00,10,74
8792009665,2016-04-20 03:00:00,0,70
8792009665,2016-04-20 04:00:00,0,71
8792009665,2016-04-20 05:00:00,5,72
8792009665,2016-04-20 06:00:00,0,71
8792009665,2016-04-20 07:00:00,0,70
8792009665,2016-04-20 08:00:00,0,70
8792009665,2016-04-20 09:00:00,33,75
8792009665,2016-04-20 10:00:00,0,72
8792009665,2016-04-20 11:00:00,142,92
8792009665,2016-04-20 12:00:00,184,113
8792009665,2016-04-20 13:00:00,0,74
8792009665,2016-04-20 14:00:00,6,76
8792009665,2016-04-20 15:00:00,4,74
8792009665,2016-04-20 16:00:00,119,85
8792009665,2016-04-20 17:00:00,1125,221
8792009665,2016-04-20 18:00:00,116,101
8792009665,2016-04-20 19:00:00,220,110
8792009665,2016-04-20 20:00:00,698,170
8792009665,2016-04-20 21:00:00,327,118
8792009665,2016-04-20 22:00:00,151,91
8792009665,2016-04-20 23:00:00,7,78
8792009665,2016-04-21 00:00:00,144,102
8792009665,2016-04-21 01:00:00,0,70
8792009665,2016-04-21 02:00:00,0,70
8792009665,2016-04-21 03:00:00,0,70
8792009665,2016-04-21 04:00:00,0,70
8792009665,2016-04-21 05:00:00,0,70
8792009665,2016-04-21 06:00:00,0,70
8792009665,2016-04-21 07:00:00,0,70
8792009665,2016-04-21 08:00:00,0,70
8792009665,2016-04-21 09:00:00,0,70
8792009665,2016-04-21 10:00:00,0,70
8792009665,2016-04-21 11:00:00,0,70
8792009665,2016-04-21 12:00:00,0,70
8792009665,2016-04-21 13:00:00,0,70
8792009665,2016-04-21 14:00:00,0,70
8792009665,2016-04-21 15:00:00,0,70
8792009665,2016-04-21 16:00:00,0,70
8792009665,2016-04-21 17:00:00,0,70
8792009665,2016-04-21 18:00:00,0,70
8792009665,2016-04-21 19:00:00,0,70
8792009665,2016-04-21 20:00:00,0,70
8792009665,2016-04-21 21:00:00,0,70
8792009665,2016-04-21 22:00:00,0,70
8792009665,2016-04-21 23:00:00,0,70
8792009665,2016-04-22 00:00:00,17,78
8792009665,2016-04-22 01:00:00,16,89
8792009665,2016-04-22 02:00:00,18,76
8792009665,2016-04-22 03:00:00,0,71
8792009665,2016-04-22 04:00:00,0,70
8792009665,2016-04-22 05:00:00,0,71
8792009665,2016-04-22 06:00:00,0,70
8792009665,2016-04-22 07:00:00,7,72
8792009665,2016-04-22 08:00:00,32,85
8792009665,2016-04-22 09:00:00,117,86
8792009665,2016-04-22 10:00:00,88,85
8792009665,2016-04-22 11:00:00,257,112
8792009665,2016-04-22 12:00:00,165,96
8792009665,2016-04-22 13:00:00,23,78
8792009665,2016-04-22 14:00:00,0,71
8792009665,2016-04-22 15:00:00,16,74
8792009665,2016-04-22 16:00:00,1009,191
8792009665,2016-04-22 17:00:00,603,173
8792009665,2016-04-22 18:00:00,463,180
8792009665,2016-04-22 19:00:00,705,213
8792009665,2016-04-22 20:00:00,435,150
8792009665,2016-04-22 21:00:00,45,78
8792009665,2016-04-22 22:00:00,52,78
8792009665,2016-04-22 23:00:00,0,73
8792009665,2016-04-23 00:00:00,266,122
8792009665,2016-04-23 01:00:00,121,118
8792009665,2016-04-23 02:00:00,60,81
8792009665,2016-04-23 03:00:00,17,74
8792009665,2016-04-23 04:00:00,0,71
8792009665,2016-04-23 05:00:00,0,71
8792009665,2016-04-23 06:00:00,0,71
8792009665,2016-04-23 07:00:00,0,71
8792009665,2016-04-23 08:00:00,0,70
8792009665,2016-04-23 09:00:00,276,109
8792009665,2016-04-23 10:00:00,468,146
8792009665,2016-04-23 11:00:00,794,173
8792009665,2016-04-23 12:00:00,224,105
8792009665,2016-04-23 13:00:00,565,304
8792009665,2016-04-23 14:00:00,378,145
8792009665,2016-04-23 15:00:00,433,153
8792009665,2016-04-23 16:00:00,671,168
8792009665,2016-04-23 17:00:00,263,127
8792009665,2016-04-23 18:00:00,372,148
8792009665,2016-04-23 19:00:00,26,82
8792009665,2016-04-23 20:00:00,220,102
8792009665,2016-04-23 21:00:00,38,79
8792009665,2016-04-23 22:00:00,47,81
8792009665,2016-04-23 23:00:00,6,75
8792009665,2016-04-24 00:00:00,71,83
8792009665,2016-04-24 01:00:00,329,169
8792009665,2016-04-24 02:00:00,0,70
8792009665,2016-04-24 03:00:00,0,70
8792009665,2016-04-24 04:00:00,0,70
8792009665,2016-04-24 05:00:00,0,70
8792009665,2016-04-24 06:00:00,0,70
8792009665,2016-04-24 07:00:00,0,70
8792009665,2016-04-24 08:00:00,0,70
8792009665,2016-04-24 09:00:00,0,70
8792009665,2016-04-24 10:00:00,0,70
8792009665,2016-04-24 11:00:00,0,70
8792009665,2016-04-24 12:00:00,0,70
8792009665,2016-04-24 13:00:00,0,70
8792009665,2016-04-24 14:00:00,0,70
8792009665,2016-04-24 15:00:00,0,70
8792009665,2016-04-24 16:00:00,0,70
8792009665,2016-04-24 17:00:00,0,70
8792009665,2016-04-24 18:00:00,0,70
8792009665,2016-04-24 19:00:00,0,70
8792009665,2016-04-24 20:00:00,0,70
8792009665,2016-04-24 21:00:00,0,70
8792009665,2016-04-24 22:00:00,0,70
8792009665,2016-04-24 23:00:00,0,70
8792009665,2016-04-25 00:00:00,0,70
8792009665,2016-04-25 01:00:00,0,70
8792009665,2016-04-25 02:00:00,0,70
8792009665,2016-04-25 03:00:00,0,70
8792009665,2016-04-25 04:00:00,0,70
8792009665,2016-04-25 05:00:00,0,70
8792009665,2016-04-25 06:00:00,0,70
8792009665,2016-04-25 07:00:00,0,70
8792009665,2016-04-25 08:00:00,0,70
8792009665,2016-04-25 09:00:00,0,70
8792009665,2016-04-25 10:00:00,0,70
8792009665,2016-04-25 11:00:00,0,70
8792009665,2016-04-25 12:00:00,0,70
8792009665,2016-04-25 13:00:00,0,70
8792009665,2016-04-25 14:00:00,0,70
8792009665,2016-04-25 15:00:00,0,70
8792009665,2016-04-25 16:00:00,0,70
8792009665,2016-04-25 17:00:00,0,70
8792009665,2016-04-25 18:00:00,0,70
8792009665,2016-04-25 19:00:00,0,70
8792009665,2016-04-25 20:00:00,0,70
8792009665,2016-04-25 21:00:00,0,70
8792009665,2016-04-25 22:00:00,0,70
8792009665,2016-04-25 23:00:00,0,70
8792009665,2016-04-26 00:00:00,0,70
8792009665,2016-04-26 01:00:00,0,70
8792009665,2016-04-26 02:00:00,0,70
8792009665,2016-04-26 03:00:00,0,70
8792009665,2016-04-26 04:00:00,0,70
8792009665,2016-04-26 05:00:00,0,70
8792009665,2016-04-26 06:00:00,0,70
8792009665,2016-04-26 07:00:00,0,70
8792009665,2016-04-26 08:00:00,0,70
8792009665,2016-04-26 09:00:00,94,90
8792009665,2016-04-26 10:00:00,8,74
8792009665,2016-04-26 11:00:00,69,83
8792009665,2016-04-26 12:00:00,55,85
8792009665,2016-04-26 13:00:00,39,78
8792009665,2016-04-26 14:00:00,7,74
8792009665,2016-04-26 15:00:00,27,76
8792009665,2016-04-26 16:00:00,13,75
8792009665,2016-04-26 17:00:00,354,122
8792009665,2016-04-26 18:00:00,420,127
8792009665,2016-04-26 19:00:00,23,81
8792009665,2016-04-26 20:00:00,68,86
8792009665,2016-04-26 21:00:00,72,82
8792009665,2016-04-26 22:00:00,32,77
8792009665,2016-04-26 23:00:00,40,82
8792009665,2016-04-27 00:00:00,228,126
8792009665,2016-04-27 01:00:00,246,109
8792009665,2016-04-27 02:00:00,0,71
8792009665,2016-04-27 03:00:00,0,70
8792009665,2016-04-27 04:00:00,0,70
8792009665,2016-04-27 05:00:00,0,70
8792009665,2016-04-27 06:00:00,0,71
8792009665,2016-04-27 07:00:00,0,71
8792009665,2016-04-27 08:00:00,0,70
8792009665,2016-04-27 09:00:00,150,97
8792009665,2016-04-27 10:00:00,0,72
8792009665,2016-04-27 11:00:00,288,102
8792009665,2016-04-27 12:00:00,13,78
8792009665,2016-04-27 13:00:00,55,93
8792009665,2016-04-27 14:00:00,15,78
8792009665,2016-04-27 15:00:00,27,80
8792009665,2016-04-27 16:00:00,102,87
8792009665,2016-04-27 17:00:00,75,123
8792009665,2016-04-27 18:00:00,211,115
8792009665,2016-04-27 19:00:00,90,87
8792009665,2016-04-27 20:00:00,139,93
8792009665,2016-04-27 21:00:00,75,80
8792009665,2016-04-27 22:00:00,16,75
8792009665,2016-04-27 23:00:00,28,78
8792009665,2016-04-28 00:00:00,172,99
8792009665,2016-04-28 01:00:00,160,92
8792009665,2016-04-28 02:00:00,211,104
8792009665,2016-04-28 03:00:00,0,70
8792009665,2016-04-28 04:00:00,0,71
8792009665,2016-04-28 05:00:00,0,71
8792009665,2016-04-28 06:00:00,0,71
8792009665,2016-04-28 07:00:00,0,71
8792009665,2016-04-28 08:00:00,25,78
8792009665,2016-04-28 09:00:00,272,103
8792009665,2016-04-28 10:00:00,405,135
8792009665,2016-04-28 11:00:00,169,96
8792009665,2016-04-28 12:00:00,0,74
8792009665,2016-04-28 13:00:00,289,123
8792009665,2016-04-28 14:00:00,653,171
8792009665,2016-04-28 15:00:00,951,194
8792009665,2016-04-28 16:00:00,931,192
8792009665,2016-04-28 17:00:00,695,222
8792009665,2016-04-28 18:00:00,164,162
8792009665,2016-04-28 19:00:00,496,185
8792009665,2016-04-28 20:00:00,346,148
8792009665,2016-04-28 21:00:00,26,79
8792009665,2016-04-28 22:00:00,134,82
8792009665,2016-04-28 23:00:00,58,87
8792009665,2016-04-29 00:00:00,670,152
8792009665,2016-04-29 01:00:00,182,108
8792009665,2016-04-29 02:00:00,44,88
8792009665,2016-04-29 03:00:00,0,70
8792009665,2016-04-29 04:00:00,0,71
8792009665,2016-04-29 05:00:00,0,71
8792009665,2016-04-29 06:00:00,0,70
8792009665,2016-04-29 07:00:00,0,70
8792009665,2016-04-29 08:00:00,0,70
8792009665,2016-04-29 09:00:00,364,130
8792009665,2016-04-29 10:00:00,763,222
8792009665,2016-04-29 11:00:00,436,141
8792009665,2016-04-29 12:00:00,150,87
8792009665,2016-04-29 13:00:00,0,75
8792009665,2016-04-29 14:00:00,1332,277
8792009665,2016-04-29 15:00:00,675,182
8792009665,2016-04-29 16:00:00,407,198
8792009665,2016-04-29 17:00:00,678,202
8792009665,2016-04-29 18:00:00,690,178
8792009665,2016-04-29 19:00:00,637,161
8792009665,2016-04-29 20:00:00,1055,213
8792009665,2016-04-29 21:00:00,179,105
8792009665,2016-04-29 22:00:00,0,70
8792009665,2016-04-29 23:00:00,98,89
8792009665,2016-04-30 00:00:00,28,85
8792009665,2016-04-30 01:00:00,32,79
8792009665,2016-04-30 02:00:00,0,72
8792009665,2016-04-30 03:00:00,0,71
8792009665,2016-04-30 04:00:00,0,71
8792009665,2016-04-30 05:00:00,0,70
8792009665,2016-04-30 06:00:00,0,70
8792009665,2016-04-30 07:00:00,41,79
8792009665,2016-04-30 08:00:00,28,78
8792009665,2016-04-30 09:00:00,518,166
8792009665,2016-04-30 10:00:00,329,147
8792009665,2016-04-30 11:00:00,537,141
8792009665,2016-04-30 12:00:00,572,149
8792009665,2016-04-30 13:00:00,769,179
8792009665,2016-04-30 14:00:00,506,140
8792009665,2016-04-30 15:00:00,809,197
8792009665,2016-04-30 16:00:00,300,134
8792009665,2016-04-30 17:00:00,159,116
8792009665,2016-04-30 18:00:00,620,197
8792009665,2016-04-30 19:00:00,789,210
8792009665,2016-04-30 20:00:00,499,135
8792009665,2016-04-30 21:00:00,387,128
8792009665,2016-04-30 22:00:00,47,77
8792009665,2016-04-30 23:00:00,204,106
8792009665,2016-05-01 00:00:00,16,75
8792009665,2016-05-01 01:00:00,0,71
8792009665,2016-05-01 02:00:00,0,71
8792009665,2016-05-01 03:00:00,0,71
8792009665,2016-05-01 04:00:00,0,71
8792009665,2016-05-01 05:00:00,0,70
8792009665,2016-05-01 06:00:00,0,71
8792009665,2016-05-01 07:00:00,0,70
8792009665,2016-05-01 08:00:00,21,75
8792009665,2016-05-01 09:00:00,0,71
8792009665,2016-05-01 10:00:00,80,83
8792009665,2016-05-01 11:00:00,133,107
8792009665,2016-05-01 12:00:00,0,74
8792009665,2016-05-01 13:00:00,44,85
8792009665,2016-05-01 14:00:00,257,106
8792009665,2016-05-01 15:00:00,216,95
8792009665,2016-05-01 16:00:00,77,82
8792009665,2016-05-01 17:00:00,99,84
8792009665,2016-05-01 18:00:00,306,117
8792009665,2016-05-01 19:00:00,94,86
8792009665,2016-05-01 20:00:00,113,89
8792009665,2016-05-01 21:00:00,116,84
8792009665,2016-05-01 22:00:00,0,73
8792009665,2016-05-01 23:00:00,47,82
8792009665,2016-05-02 00:00:00,351,131
8792009665,2016-05-02 01:00:00,227,98
8792009665,2016-05-02 02:00:00,163,94
8792009665,2016-05-02 03:00:00,0,70
8792009665,2016-05-02 04:00:00,0,71
8792009665,2016-05-02 05:00:00,0,70
8792009665,2016-05-02 06:00:00,0,70
8792009665,2016-05-02 07:00:00,4,72
8792009665,2016-05-02 08:00:00,0,71
8792009665,2016-05-02 09:00:00,83,82
8792009665,2016-05-02 10:00:00,0,72
8792009665,2016-05-02 11:00:00,311,121
8792009665,2016-05-02 12:00:00,79,94
8792009665,2016-05-02 13:00:00,8,77
8792009665,2016-05-02 14:00:00,6,75
8792009665,2016-05-02 15:00:00,59,83
8792009665,2016-05-02 16:00:00,142,90
8792009665,2016-05-02 17:00:00,0,70
8792009665,2016-05-02 18:00:00,102,89
8792009665,2016-05-02 19:00:00,8,74
8792009665,2016-05-02 20:00:00,122,89
8792009665,2016-05-02 21:00:00,71,81
8792009665,2016-05-02 22:00:00,37,82
8792009665,2016-05-02 23:00:00,58,87
8792009665,2016-05-03 00:00:00,130,113
8792009665,2016-05-03 01:00:00,171,116
8792009665,2016-05-03 02:00:00,0,71
8792009665,2016-05-03 03:00:00,0,70
8792009665,2016-05-03 04:00:00,8,72
8792009665,2016-05-03 05:00:00,0,71
8792009665,2016-05-03 06:00:00,6,72
8792009665,2016-05-03 07:00:00,0,71
8792009665,2016-05-03 08:00:00,0,71
8792009665,2016-05-03 09:00:00,22,75
8792009665,2016-05-03 10:00:00,0,71
8792009665,2016-05-03 11:00:00,623,163
8792009665,2016-05-03 12:00:00,58,92
8792009665,2016-05-03 13:00:00,0,76
8792009665,2016-05-03 14:00:00,14,80
8792009665,2016-05-03 15:00:00,312,123
8792009665,2016-05-03 16:00:00,146,114
8792009665,2016-05-03 17:00:00,266,165
8792009665,2016-05-03 18:00:00,121,114
8792009665,2016-05-03 19:00:00,336,129
8792009665,2016-05-03 20:00:00,31,92
8792009665,2016-05-03 21:00:00,68,91
8792009665,2016-05-03 22:00:00,26,91
8792009665,2016-05-03 23:00:00,83,95
8792009665,2016-05-04 00:00:00,337,134
8792009665,2016-05-04 01:00:00,55,94
8792009665,2016-05-04 02:00:00,34,82
8792009665,2016-05-04 03:00:00,0,71
8792009665,2016-05-04 04:00:00,0,71
8792009665,2016-05-04 05:00:00,0,81
8792009665,2016-05-04 06:00:00,0,72
8792009665,2016-05-04 07:00:00,0,73
8792009665,2016-05-04 08:00:00,0,72
8792009665,2016-05-04 09:00:00,31,78
8792009665,2016-05-04 10:00:00,179,94
8792009665,2016-05-04 11:00:00,180,93
8792009665,2016-05-04 12:00:00,0,72
8792009665,2016-05-04 13:00:00,144,98
8792009665,2016-05-04 14:00:00,105,86
8792009665,2016-05-04 15:00:00,559,129
8792009665,2016-05-04 16:00:00,0,70
8792009665,2016-05-04 17:00:00,366,120
8792009665,2016-05-04 18:00:00,153,99
8792009665,2016-05-04 19:00:00,8,74
8792009665,2016-05-04 20:00:00,132,91
8792009665,2016-05-04 21:00:00,0,71
8792009665,2016-05-04 22:00:00,0,70
8792009665,2016-05-04 23:00:00,0,70
8792009665,2016-05-05 00:00:00,0,70
8792009665,2016-05-05 01:00:00,0,70
8792009665,2016-05-05 02:00:00,0,70
8792009665,2016-05-05 03:00:00,0,70
8792009665,2016-05-05 04:00:00,0,70
8792009665,2016-05-05 05:00:00,0,70
8792009665,2016-05-05 06:00:00,0,70
8792009665,2016-05-05 07:00:00,0,70
8792009665,2016-05-05 08:00:00,0,70
8792009665,2016-05-05 09:00:00,0,70
8792009665,2016-05-05 10:00:00,0,70
8792009665,2016-05-05 11:00:00,0,70
8792009665,2016-05-05 12:00:00,0,70
8792009665,2016-05-05 13:00:00,0,70
8792009665,2016-05-05 14:00:00,0,70
8792009665,2016-05-05 15:00:00,0,70
8792009665,2016-05-05 16:00:00,0,70
8792009665,2016-05-05 17:00:00,0,70
8792009665,2016-05-05 18:00:00,0,70
8792009665,2016-05-05 19:00:00,0,70
8792009665,2016-05-05 20:00:00,0,70
8792009665,2016-05-05 21:00:00,0,70
8792009665,2016-05-05 22:00:00,0,70
8792009665,2016-05-05 23:00:00,0,70
8792009665,2016-05-06 00:00:00,0,70
8792009665,2016-05-06 01:00:00,0,70
8792009665,2016-05-06 02:00:00,0,70
8792009665,2016-05-06 03:00:00,0,70
8792009665,2016-05-06 04:00:00,0,70
8792009665,2016-05-06 05:00:00,0,70
8792009665,2016-05-06 06:00:00,0,70
8792009665,2016-05-06 07:00:00,0,70
8792009665,2016-05-06 08:00:00,0,70
8792009665,2016-05-06 09:00:00,0,70
8792009665,2016-05-06 10:00:00,0,70
8792009665,2016-05-06 11:00:00,0,70
8792009665,2016-05-06 12:00:00,0,70
8792009665,2016-05-06 13:00:00,0,70
8792009665,2016-05-06 14:00:00,0,70
8792009665,2016-05-06 15:00:00,0,70
8792009665,2016-05-06 16:00:00,0,70
8792009665,2016-05-06 17:00:00,0,70
8792009665,2016-05-06 18:00:00,0,70
8792009665,2016-05-06 19:00:00,0,70
8792009665,2016-05-06 20:00:00,0,70
8792009665,2016-05-06 21:00:00,0,70
8792009665,2016-05-06 22:00:00,0,70
8792009665,2016-05-06 23:00:00,0,70
8792009665,2016-05-07 00:00:00,0,70
8792009665,2016-05-07 01:00:00,0,70
8792009665,2016-05-07 02:00:00,0,70
8792009665,2016-05-07 03:00:00,0,70
8792009665,2016-05-07 04:00:00,0,70
8792009665,2016-05-07 05:00:00,0,70
8792009665,2016-05-07 06:00:00,0,70
8792009665,2016-05-07 07:00:00,0,70
8792009665,2016-05-07 08:00:00,0,70
8792009665,2016-05-07 09:00:00,0,70
8792009665,2016-05-07 10:00:00,0,70
8792009665,2016-05-07 11:00:00,0,70
8792009665,2016-05-07 12:00:00,0,70
8792009665,2016-05-07 13:00:00,0,70
8792009665,2016-05-07 14:00:00,0,70
8792009665,2016-05-07 15:00:00,0,70
8792009665,2016-05-07 16:00:00,0,70
8792009665,2016-05-07 17:00:00,0,70
8792009665,2016-05-07 18:00:00,0,70
8792009665,2016-05-07 19:00:00,0,70
8792009665,2016-05-07 20:00:00,0,70
8792009665,2016-05-07 21:00:00,0,70
8792009665,2016-05-07 22:00:00,0,70
8792009665,2016-05-07 23:00:00,0,70
8792009665,2016-05-08 00:00:00,0,70
8792009665,2016-05-08 01:00:00,0,70
8792009665,2016-05-08 02:00:00,0,70
8792009665,2016-05-08 03:00:00,0,70
8792009665,2016-05-08 04:00:00,0,70
8792009665,2016-05-08 05:00:00,0,70
8792009665,2016-05-08 06:00:00,0,70
8792009665,2016-05-08 07:00:00,0,70
8792009665,2016-05-08 08:00:00,0,70
8792009665,2016-05-08 09:00:00,0,70
8792009665,2016-05-08 10:00:00,0,70
8792009665,2016-05-08 11:00:00,0,70
8792009665,2016-05-08 12:00:00,0,70
8792009665,2016-05-08 13:00:00,0,70
8792009665,2016-05-08 14:00:00,0,70
8792009665,2016-05-08 15:00:00,0,70
8792009665,2016-05-08 16:00:00,0,70
8792009665,2016-05-08 17:00:00,0,70
8792009665,2016-05-08 18:00:00,0,70
8792009665,2016-05-08 19:00:00,0,70
8792009665,2016-05-08 20:00:00,0,70
8792009665,2016-05-08 21:00:00,0,70
8792009665,2016-05-08 22:00:00,0,70
8792009665,2016-05-08 23:00:00,0,70
8792009665,2016-05-09 00:00:00,0,70
8792009665,2016-05-09 01:00:00,0,70
8792009665,2016-05-09 02:00:00,0,70
8792009665,2016-05-09 03:00:00,0,70
8792009665,2016-05-09 04:00:00,0,70
8792009665,2016-05-09 05:00:00,0,70
8792009665,2016-05-09 06:00:00,0,70
8792009665,2016-05-09 07:00:00,0,70
8792009665,2016-05-09 08:00:00,0,70
8792009665,2016-05-09 09:00:00,0,70
8792009665,2016-05-09 10:00:00,0,70
8792009665,2016-05-09 11:00:00,0,70
8792009665,2016-05-09 12:00:00,0,70
8792009665,2016-05-09 13:00:00,0,70
8792009665,2016-05-09 14:00:00,0,70
8792009665,2016-05-09 15:00:00,0,70
8792009665,2016-05-09 16:00:00,0,70
8792009665,2016-05-09 17:00:00,0,70
8792009665,2016-05-09 18:00:00,0,70
8792009665,2016-05-09 19:00:00,0,70
8792009665,2016-05-09 20:00:00,0,70
8792009665,2016-05-09 21:00:00,0,70
8792009665,2016-05-09 22:00:00,0,70
8792009665,2016-05-09 23:00:00,0,70
8877689391,2016-04-12 00:00:00,0,73
8877689391,2016-04-12 01:00:00,0,73
8877689391,2016-04-12 02:00:00,0,73
8877689391,2016-04-12 03:00:00,0,73
8877689391,2016-04-12 04:00:00,0,73
8877689391,2016-04-12 05:00:00,0,73
8877689391,2016-04-12 06:00:00,209,96
8877689391,2016-04-12 07:00:00,964,169
8877689391,2016-04-12 08:00:00,834,136
8877689391,2016-04-12 09:00:00,343,110
8877689391,2016-04-12 10:00:00,656,127
8877689391,2016-04-12 11:00:00,2546,292
8877689391,2016-04-12 12:00:00,8043,730
8877689391,2016-04-12 13:00:00,321,119
8877689391,2016-04-12 14:00:00,12,84
8877689391,2016-04-12 15:00:00,1024,190
8877689391,2016-04-12 16:00:00,649,160
8877689391,2016-04-12 17:00:00,1648,236
8877689391,2016-04-12 18:00:00,3476,353
8877689391,2016-04-12 19:00:00,815,166
8877689391,2016-04-12 20:00:00,600,149
8877689391,2016-04-12 21:00:00,745,165
8877689391,2016-04-12 22:00:00,301,123
8877689391,2016-04-12 23:00:00,0,73
8877689391,2016-04-13 00:00:00,0,73
8877689391,2016-04-13 01:00:00,0,73
8877689391,2016-04-13 02:00:00,0,73
8877689391,2016-04-13 03:00:00,0,73
8877689391,2016-04-13 04:00:00,0,73
8877689391,2016-04-13 05:00:00,0,73
8877689391,2016-04-13 06:00:00,0,73
8877689391,2016-04-13 07:00:00,1158,177
8877689391,2016-04-13 08:00:00,549,123
8877689391,2016-04-13 09:00:00,607,123
8877689391,2016-04-13 10:00:00,945,148
8877689391,2016-04-13 11:00:00,675,134
8877689391,2016-04-13 12:00:00,3922,378
8877689391,2016-04-13 13:00:00,270,98
8877689391,2016-04-13 14:00:00,392,114
8877689391,2016-04-13 15:00:00,341,112
8877689391,2016-04-13 16:00:00,708,144
8877689391,2016-04-13 17:00:00,1168,344
8877689391,2016-04-13 18:00:00,2978,571
8877689391,2016-04-13 19:00:00,894,176
8877689391,2016-04-13 20:00:00,395,130
8877689391,2016-04-13 21:00:00,208,114
8877689391,2016-04-13 22:00:00,127,95
8877689391,2016-04-13 23:00:00,0,73
8877689391,2016-04-14 00:00:00,0,73
8877689391,2016-04-14 01:00:00,0,73
8877689391,2016-04-14 02:00:00,0,73
8877689391,2016-04-14 03:00:00,0,73
8877689391,2016-04-14 04:00:00,0,73
8877689391,2016-04-14 05:00:00,0,73
8877689391,2016-04-14 06:00:00,163,90
8877689391,2016-04-14 07:00:00,1061,169
8877689391,2016-04-14 08:00:00,929,143
8877689391,2016-04-14 09:00:00,784,139
8877689391,2016-04-14 10:00:00,432,122
8877689391,2016-04-14 11:00:00,608,124
8877689391,2016-04-14 12:00:00,345,127
8877689391,2016-04-14 13:00:00,102,97
8877689391,2016-04-14 14:00:00,497,119
8877689391,2016-04-14 15:00:00,1303,189
8877689391,2016-04-14 16:00:00,8318,741
8877689391,2016-04-14 17:00:00,2041,321
8877689391,2016-04-14 18:00:00,585,149
8877689391,2016-04-14 19:00:00,745,163
8877689391,2016-04-14 20:00:00,1079,215
8877689391,2016-04-14 21:00:00,1089,178
8877689391,2016-04-14 22:00:00,908,175
8877689391,2016-04-14 23:00:00,82,91
8877689391,2016-04-15 00:00:00,0,73
8877689391,2016-04-15 01:00:00,0,73
8877689391,2016-04-15 02:00:00,0,73
8877689391,2016-04-15 03:00:00,0,73
8877689391,2016-04-15 04:00:00,0,73
8877689391,2016-04-15 05:00:00,0,73
8877689391,2016-04-15 06:00:00,16,76
8877689391,2016-04-15 07:00:00,816,158
8877689391,2016-04-15 08:00:00,364,106
8877689391,2016-04-15 09:00:00,699,134
8877689391,2016-04-15 10:00:00,342,119
8877689391,2016-04-15 11:00:00,906,158
8877689391,2016-04-15 12:00:00,454,127
8877689391,2016-04-15 13:00:00,792,145
8877689391,2016-04-15 14:00:00,113,102
8877689391,2016-04-15 15:00:00,377,111
8877689391,2016-04-15 16:00:00,292,109
8877689391,2016-04-15 17:00:00,1103,213
8877689391,2016-04-15 18:00:00,2251,694
8877689391,2016-04-15 19:00:00,1646,497
8877689391,2016-04-15 20:00:00,328,133
8877689391,2016-04-15 21:00:00,955,186
8877689391,2016-04-15 22:00:00,1204,235
8877689391,2016-04-15 23:00:00,717,179
8877689391,2016-04-16 00:00:00,600,143
8877689391,2016-04-16 01:00:00,0,73
8877689391,2016-04-16 02:00:00,0,73
8877689391,2016-04-16 03:00:00,0,73
8877689391,2016-04-16 04:00:00,0,73
8877689391,2016-04-16 05:00:00,0,73
8877689391,2016-04-16 06:00:00,0,73
8877689391,2016-04-16 07:00:00,0,73
8877689391,2016-04-16 08:00:00,1145,179
8877689391,2016-04-16 09:00:00,2012,273
8877689391,2016-04-16 10:00:00,1210,210
8877689391,2016-04-16 11:00:00,963,169
8877689391,2016-04-16 12:00:00,7973,707
8877689391,2016-04-16 13:00:00,2993,390
8877689391,2016-04-16 14:00:00,816,189
8877689391,2016-04-16 15:00:00,722,187
8877689391,2016-04-16 16:00:00,1086,177
8877689391,2016-04-16 17:00:00,2525,264
8877689391,2016-04-16 18:00:00,1771,226
8877689391,2016-04-16 19:00:00,516,144
8877689391,2016-04-16 20:00:00,490,149
8877689391,2016-04-16 21:00:00,877,177
8877689391,2016-04-16 22:00:00,477,130
8877689391,2016-04-16 23:00:00,3028,309
8877689391,2016-04-17 00:00:00,2128,244
8877689391,2016-04-17 01:00:00,1887,234
8877689391,2016-04-17 02:00:00,1983,236
8877689391,2016-04-17 03:00:00,84,89
8877689391,2016-04-17 04:00:00,0,73
8877689391,2016-04-17 05:00:00,0,73
8877689391,2016-04-17 06:00:00,0,73
8877689391,2016-04-17 07:00:00,0,73
8877689391,2016-04-17 08:00:00,0,73
8877689391,2016-04-17 09:00:00,0,73
8877689391,2016-04-17 10:00:00,125,95
8877689391,2016-04-17 11:00:00,938,172
8877689391,2016-04-17 12:00:00,334,100
8877689391,2016-04-17 13:00:00,628,123
8877689391,2016-04-17 14:00:00,228,103
8877689391,2016-04-17 15:00:00,218,92
8877689391,2016-04-17 16:00:00,420,129
8877689391,2016-04-17 17:00:00,1591,305
8877689391,2016-04-17 18:00:00,2851,612
8877689391,2016-04-17 19:00:00,550,158
8877689391,2016-04-17 20:00:00,836,160
8877689391,2016-04-17 21:00:00,317,102
8877689391,2016-04-17 22:00:00,0,73
8877689391,2016-04-17 23:00:00,0,73
8877689391,2016-04-18 00:00:00,0,73
8877689391,2016-04-18 01:00:00,0,73
8877689391,2016-04-18 02:00:00,0,73
8877689391,2016-04-18 03:00:00,0,73
8877689391,2016-04-18 04:00:00,0,73
8877689391,2016-04-18 05:00:00,0,73
8877689391,2016-04-18 06:00:00,105,87
8877689391,2016-04-18 07:00:00,805,151
8877689391,2016-04-18 08:00:00,610,126
8877689391,2016-04-18 09:00:00,875,141
8877689391,2016-04-18 10:00:00,338,107
8877689391,2016-04-18 11:00:00,595,112
8877689391,2016-04-18 12:00:00,3721,358
8877689391,2016-04-18 13:00:00,647,132
8877689391,2016-04-18 14:00:00,380,103
8877689391,2016-04-18 15:00:00,730,134
8877689391,2016-04-18 16:00:00,1087,163
8877689391,2016-04-18 17:00:00,234,105
8877689391,2016-04-18 18:00:00,147,99
8877689391,2016-04-18 19:00:00,689,148
8877689391,2016-04-18 20:00:00,177,101
8877689391,2016-04-18 21:00:00,269,106
8877689391,2016-04-18 22:00:00,0,73
8877689391,2016-04-18 23:00:00,0,73
8877689391,2016-04-19 00:00:00,0,73
8877689391,2016-04-19 01:00:00,0,73
8877689391,2016-04-19 02:00:00,0,73
8877689391,2016-04-19 03:00:00,0,73
8877689391,2016-04-19 04:00:00,0,73
8877689391,2016-04-19 05:00:00,0,73
8877689391,2016-04-19 06:00:00,480,121
8877689391,2016-04-19 07:00:00,963,164
8877689391,2016-04-19 08:00:00,230,99
8877689391,2016-04-19 09:00:00,992,155
8877689391,2016-04-19 10:00:00,527,121
8877689391,2016-04-19 11:00:00,400,122
8877689391,2016-04-19 12:00:00,2753,319
8877689391,2016-04-19 13:00:00,443,123
8877689391,2016-04-19 14:00:00,52,87
8877689391,2016-04-19 15:00:00,358,111
8877689391,2016-04-19 16:00:00,9392,886
8877689391,2016-04-19 17:00:00,496,224
8877689391,2016-04-19 18:00:00,292,125
8877689391,2016-04-19 19:00:00,593,156
8877689391,2016-04-19 20:00:00,223,118
8877689391,2016-04-19 21:00:00,474,138
8877689391,2016-04-19 22:00:00,80,90
8877689391,2016-04-19 23:00:00,0,73
8877689391,2016-04-20 00:00:00,0,73
8877689391,2016-04-20 01:00:00,0,73
8877689391,2016-04-20 02:00:00,0,73
8877689391,2016-04-20 03:00:00,0,73
8877689391,2016-04-20 04:00:00,0,73
8877689391,2016-04-20 05:00:00,0,73
8877689391,2016-04-20 06:00:00,146,92
8877689391,2016-04-20 07:00:00,1029,170
8877689391,2016-04-20 08:00:00,1340,168
8877689391,2016-04-20 09:00:00,202,100
8877689391,2016-04-20 10:00:00,277,106
8877689391,2016-04-20 11:00:00,905,152
8877689391,2016-04-20 12:00:00,1512,198
8877689391,2016-04-20 13:00:00,246,101
8877689391,2016-04-20 14:00:00,295,102
8877689391,2016-04-20 15:00:00,779,138
8877689391,2016-04-20 16:00:00,590,138
8877689391,2016-04-20 17:00:00,2098,247
8877689391,2016-04-20 18:00:00,8361,834
8877689391,2016-04-20 19:00:00,991,220
8877689391,2016-04-20 20:00:00,619,170
8877689391,2016-04-20 21:00:00,371,134
8877689391,2016-04-20 22:00:00,120,90
8877689391,2016-04-20 23:00:00,0,73
8877689391,2016-04-21 00:00:00,0,73
8877689391,2016-04-21 01:00:00,0,73
8877689391,2016-04-21 02:00:00,0,73
8877689391,2016-04-21 03:00:00,0,73
8877689391,2016-04-21 04:00:00,0,73
8877689391,2016-04-21 05:00:00,0,73
8877689391,2016-04-21 06:00:00,108,85
8877689391,2016-04-21 07:00:00,692,145
8877689391,2016-04-21 08:00:00,154,95
8877689391,2016-04-21 09:00:00,492,124
8877689391,2016-04-21 10:00:00,194,102
8877689391,2016-04-21 11:00:00,494,142
8877689391,2016-04-21 12:00:00,479,137
8877689391,2016-04-21 13:00:00,702,148
8877689391,2016-04-21 14:00:00,203,110
8877689391,2016-04-21 15:00:00,5123,489
8877689391,2016-04-21 16:00:00,5301,561
8877689391,2016-04-21 17:00:00,1962,253
8877689391,2016-04-21 18:00:00,2166,265
8877689391,2016-04-21 19:00:00,436,132
8877689391,2016-04-21 20:00:00,156,110
8877689391,2016-04-21 21:00:00,359,128
8877689391,2016-04-21 22:00:00,356,124
8877689391,2016-04-21 23:00:00,0,73
8877689391,2016-04-22 00:00:00,0,73
8877689391,2016-04-22 01:00:00,0,73
8877689391,2016-04-22 02:00:00,0,73
8877689391,2016-04-22 03:00:00,0,73
8877689391,2016-04-22 04:00:00,0,73
8877689391,2016-04-22 05:00:00,0,73
8877689391,2016-04-22 06:00:00,259,110
8877689391,2016-04-22 07:00:00,927,155
8877689391,2016-04-22 08:00:00,963,149
8877689391,2016-04-22 09:00:00,369,115
8877689391,2016-04-22 10:00:00,309,106
8877689391,2016-04-22 11:00:00,345,109
8877689391,2016-04-22 12:00:00,220,97
8877689391,2016-04-22 13:00:00,336,105
8877689391,2016-04-22 14:00:00,393,115
8877689391,2016-04-22 15:00:00,814,148
8877689391,2016-04-22 16:00:00,713,144
8877689391,2016-04-22 17:00:00,914,188
8877689391,2016-04-22 18:00:00,7409,635
8877689391,2016-04-22 19:00:00,3579,382
8877689391,2016-04-22 20:00:00,310,128
8877689391,2016-04-22 21:00:00,224,115
8877689391,2016-04-22 22:00:00,141,102
8877689391,2016-04-22 23:00:00,0,73
8877689391,2016-04-23 00:00:00,0,73
8877689391,2016-04-23 01:00:00,0,73
8877689391,2016-04-23 02:00:00,0,73
8877689391,2016-04-23 03:00:00,0,73
8877689391,2016-04-23 04:00:00,0,73
8877689391,2016-04-23 05:00:00,0,73
8877689391,2016-04-23 06:00:00,0,73
8877689391,2016-04-23 07:00:00,170,96
8877689391,2016-04-23 08:00:00,951,179
8877689391,2016-04-23 09:00:00,928,181
8877689391,2016-04-23 10:00:00,842,166
8877689391,2016-04-23 11:00:00,1032,191
8877689391,2016-04-23 12:00:00,940,483
8877689391,2016-04-23 13:00:00,847,647
8877689391,2016-04-23 14:00:00,609,228
8877689391,2016-04-23 15:00:00,984,188
8877689391,2016-04-23 16:00:00,294,117
8877689391,2016-04-23 17:00:00,304,128
8877689391,2016-04-23 18:00:00,1367,197
8877689391,2016-04-23 19:00:00,705,152
8877689391,2016-04-23 20:00:00,472,128
8877689391,2016-04-23 21:00:00,573,130
8877689391,2016-04-23 22:00:00,173,91
8877689391,2016-04-23 23:00:00,0,73
8877689391,2016-04-24 00:00:00,0,73
8877689391,2016-04-24 01:00:00,0,73
8877689391,2016-04-24 02:00:00,0,73
8877689391,2016-04-24 03:00:00,0,73
8877689391,2016-04-24 04:00:00,0,73
8877689391,2016-04-24 05:00:00,0,73
8877689391,2016-04-24 06:00:00,0,73
8877689391,2016-04-24 07:00:00,84,85
8877689391,2016-04-24 08:00:00,472,127
8877689391,2016-04-24 09:00:00,481,137
8877689391,2016-04-24 10:00:00,699,136
8877689391,2016-04-24 11:00:00,261,119
8877689391,2016-04-24 12:00:00,1009,190
8877689391,2016-04-24 13:00:00,640,146
8877689391,2016-04-24 14:00:00,232,113
8877689391,2016-04-24 15:00:00,432,137
8877689391,2016-04-24 16:00:00,127,91
8877689391,2016-04-24 17:00:00,9062,814
8877689391,2016-04-24 18:00:00,2000,308
8877689391,2016-04-24 19:00:00,300,127
8877689391,2016-04-24 20:00:00,352,123
8877689391,2016-04-24 21:00:00,509,139
8877689391,2016-04-24 22:00:00,0,73
8877689391,2016-04-24 23:00:00,0,73
8877689391,2016-04-25 00:00:00,0,73
8877689391,2016-04-25 01:00:00,0,73
8877689391,2016-04-25 02:00:00,0,73
8877689391,2016-04-25 03:00:00,0,73
8877689391,2016-04-25 04:00:00,0,73
8877689391,2016-04-25 05:00:00,0,73
8877689391,2016-04-25 06:00:00,196,111
8877689391,2016-04-25 07:00:00,676,137
8877689391,2016-04-25 08:00:00,1051,155
8877689391,2016-04-25 09:00:00,734,147
8877689391,2016-04-25 10:00:00,1058,163
8877689391,2016-04-25 11:00:00,545,122
8877689391,2016-04-25 12:00:00,3025,367
8877689391,2016-04-25 13:00:00,1014,175
8877689391,2016-04-25 14:00:00,497,112
8877689391,2016-04-25 15:00:00,60,88
8877689391,2016-04-25 16:00:00,976,156
8877689391,2016-04-25 17:00:00,424,134
8877689391,2016-04-25 18:00:00,676,587
8877689391,2016-04-25 19:00:00,926,440
8877689391,2016-04-25 20:00:00,667,165
8877689391,2016-04-25 21:00:00,253,118
8877689391,2016-04-25 22:00:00,179,110
8877689391,2016-04-25 23:00:00,0,73
8877689391,2016-04-26 00:00:00,0,73
8877689391,2016-04-26 01:00:00,0,73
8877689391,2016-04-26 02:00:00,0,73
8877689391,2016-04-26 03:00:00,0,73
8877689391,2016-04-26 04:00:00,0,73
8877689391,2016-04-26 05:00:00,0,73
8877689391,2016-04-26 06:00:00,37,81
8877689391,2016-04-26 07:00:00,644,141
8877689391,2016-04-26 08:00:00,766,139
8877689391,2016-04-26 09:00:00,411,117
8877689391,2016-04-26 10:00:00,244,102
8877689391,2016-04-26 11:00:00,1036,168
8877689391,2016-04-26 12:00:00,2310,250
8877689391,2016-04-26 13:00:00,417,121
8877689391,2016-04-26 14:00:00,284,104
8877689391,2016-04-26 15:00:00,347,112
8877689391,2016-04-26 16:00:00,741,138
8877689391,2016-04-26 17:00:00,259,108
8877689391,2016-04-26 18:00:00,841,170
8877689391,2016-04-26 19:00:00,285,107
8877689391,2016-04-26 20:00:00,1236,189
8877689391,2016-04-26 21:00:00,313,116
8877689391,2016-04-26 22:00:00,494,141
8877689391,2016-04-26 23:00:00,405,112
8877689391,2016-04-27 00:00:00,0,73
8877689391,2016-04-27 01:00:00,0,73
8877689391,2016-04-27 02:00:00,0,73
8877689391,2016-04-27 03:00:00,0,73
8877689391,2016-04-27 04:00:00,0,73
8877689391,2016-04-27 05:00:00,0,73
8877689391,2016-04-27 06:00:00,7,78
8877689391,2016-04-27 07:00:00,1986,249
8877689391,2016-04-27 08:00:00,922,145
8877689391,2016-04-27 09:00:00,66,90
8877689391,2016-04-27 10:00:00,930,158
8877689391,2016-04-27 11:00:00,1184,173
8877689391,2016-04-27 12:00:00,2859,279
8877689391,2016-04-27 13:00:00,538,126
8877689391,2016-04-27 14:00:00,400,110
8877689391,2016-04-27 15:00:00,1474,187
8877689391,2016-04-27 16:00:00,197,105
8877689391,2016-04-27 17:00:00,2667,311
8877689391,2016-04-27 18:00:00,8586,728
8877689391,2016-04-27 19:00:00,663,151
8877689391,2016-04-27 20:00:00,392,146
8877689391,2016-04-27 21:00:00,182,110
8877689391,2016-04-27 22:00:00,550,143
8877689391,2016-04-27 23:00:00,0,73
8877689391,2016-04-28 00:00:00,0,73
8877689391,2016-04-28 01:00:00,0,73
8877689391,2016-04-28 02:00:00,0,73
8877689391,2016-04-28 03:00:00,0,73
8877689391,2016-04-28 04:00:00,0,73
8877689391,2016-04-28 05:00:00,0,73
8877689391,2016-04-28 06:00:00,131,92
8877689391,2016-04-28 07:00:00,838,154
8877689391,2016-04-28 08:00:00,397,102
8877689391,2016-04-28 09:00:00,299,107
8877689391,2016-04-28 10:00:00,345,107
8877689391,2016-04-28 11:00:00,256,104
8877689391,2016-04-28 12:00:00,4092,384
8877689391,2016-04-28 13:00:00,41,84
8877689391,2016-04-28 14:00:00,758,130
8877689391,2016-04-28 15:00:00,963,157
8877689391,2016-04-28 16:00:00,799,157
8877689391,2016-04-28 17:00:00,887,159
8877689391,2016-04-28 18:00:00,1921,235
8877689391,2016-04-28 19:00:00,2123,235
8877689391,2016-04-28 20:00:00,311,111
8877689391,2016-04-28 21:00:00,516,134
8877689391,2016-04-28 22:00:00,208,95
8877689391,2016-04-28 23:00:00,0,73
8877689391,2016-04-29 00:00:00,0,73
8877689391,2016-04-29 01:00:00,0,73
8877689391,2016-04-29 02:00:00,0,73
8877689391,2016-04-29 03:00:00,0,73
8877689391,2016-04-29 04:00:00,0,73
8877689391,2016-04-29 05:00:00,0,73
8877689391,2016-04-29 06:00:00,174,85
8877689391,2016-04-29 07:00:00,818,155
8877689391,2016-04-29 08:00:00,508,121
8877689391,2016-04-29 09:00:00,385,113
8877689391,2016-04-29 10:00:00,414,112
8877689391,2016-04-29 11:00:00,886,137
8877689391,2016-04-29 12:00:00,1940,235
8877689391,2016-04-29 13:00:00,546,121
8877689391,2016-04-29 14:00:00,185,102
8877689391,2016-04-29 15:00:00,225,112
8877689391,2016-04-29 16:00:00,575,119
8877689391,2016-04-29 17:00:00,225,106
8877689391,2016-04-29 18:00:00,898,162
8877689391,2016-04-29 19:00:00,647,138
8877689391,2016-04-29 20:00:00,221,111
8877689391,2016-04-29 21:00:00,715,133
8877689391,2016-04-29 22:00:00,238,108
8877689391,2016-04-29 23:00:00,100,86
8877689391,2016-04-30 00:00:00,0,73
8877689391,2016-04-30 01:00:00,0,73
8877689391,2016-04-30 02:00:00,0,73
8877689391,2016-04-30 03:00:00,0,73
8877689391,2016-04-30 04:00:00,0,73
8877689391,2016-04-30 05:00:00,0,73
8877689391,2016-04-30 06:00:00,0,73
8877689391,2016-04-30 07:00:00,150,95
8877689391,2016-04-30 08:00:00,157,98
8877689391,2016-04-30 09:00:00,635,130
8877689391,2016-04-30 10:00:00,903,161
8877689391,2016-04-30 11:00:00,1369,212
8877689391,2016-04-30 12:00:00,913,180
8877689391,2016-04-30 13:00:00,6745,627
8877689391,2016-04-30 14:00:00,10554,948
8877689391,2016-04-30 15:00:00,4524,506
8877689391,2016-04-30 16:00:00,0,101
8877689391,2016-04-30 17:00:00,284,137
8877689391,2016-04-30 18:00:00,417,141
8877689391,2016-04-30 19:00:00,197,118
8877689391,2016-04-30 20:00:00,269,126
8877689391,2016-04-30 21:00:00,368,122
8877689391,2016-04-30 22:00:00,225,102
8877689391,2016-04-30 23:00:00,0,73
8877689391,2016-05-01 00:00:00,0,73
8877689391,2016-05-01 01:00:00,0,73
8877689391,2016-05-01 02:00:00,0,73
8877689391,2016-05-01 03:00:00,0,73
8877689391,2016-05-01 04:00:00,0,73
8877689391,2016-05-01 05:00:00,0,73
8877689391,2016-05-01 06:00:00,0,73
8877689391,2016-05-01 07:00:00,0,73
8877689391,2016-05-01 08:00:00,487,111
8877689391,2016-05-01 09:00:00,2525,265
8877689391,2016-05-01 10:00:00,2079,225
8877689391,2016-05-01 11:00:00,657,151
8877689391,2016-05-01 12:00:00,395,114
8877689391,2016-05-01 13:00:00,405,130
8877689391,2016-05-01 14:00:00,105,91
8877689391,2016-05-01 15:00:00,345,105
8877689391,2016-05-01 16:00:00,720,154
8877689391,2016-05-01 17:00:00,547,131
8877689391,2016-05-01 18:00:00,1004,177
8877689391,2016-05-01 19:00:00,259,116
8877689391,2016-05-01 20:00:00,1165,179
8877689391,2016-05-01 21:00:00,197,101
8877689391,2016-05-01 22:00:00,0,73
8877689391,2016-05-01 23:00:00,0,73
8877689391,2016-05-02 00:00:00,0,73
8877689391,2016-05-02 01:00:00,0,73
8877689391,2016-05-02 02:00:00,0,73
8877689391,2016-05-02 03:00:00,0,73
8877689391,2016-05-02 04:00:00,0,73
8877689391,2016-05-02 05:00:00,0,73
8877689391,2016-05-02 06:00:00,40,81
8877689391,2016-05-02 07:00:00,952,164
8877689391,2016-05-02 08:00:00,550,117
8877689391,2016-05-02 09:00:00,1219,164
8877689391,2016-05-02 10:00:00,864,140
8877689391,2016-05-02 11:00:00,498,113
8877689391,2016-05-02 12:00:00,72,84
8877689391,2016-05-02 13:00:00,0,73
8877689391,2016-05-02 14:00:00,0,73
8877689391,2016-05-02 15:00:00,0,73
8877689391,2016-05-02 16:00:00,0,73
8877689391,2016-05-02 17:00:00,0,73
8877689391,2016-05-02 18:00:00,0,73
8877689391,2016-05-02 19:00:00,256,98
8877689391,2016-05-02 20:00:00,224,118
8877689391,2016-05-02 21:00:00,24,80
8877689391,2016-05-02 22:00:00,0,73
8877689391,2016-05-02 23:00:00,0,73
8877689391,2016-05-03 00:00:00,0,73
8877689391,2016-05-03 01:00:00,0,73
8877689391,2016-05-03 02:00:00,0,73
8877689391,2016-05-03 03:00:00,0,73
8877689391,2016-05-03 04:00:00,0,73
8877689391,2016-05-03 05:00:00,0,73
8877689391,2016-05-03 06:00:00,178,91
8877689391,2016-05-03 07:00:00,629,142
8877689391,2016-05-03 08:00:00,443,119
8877689391,2016-05-03 09:00:00,361,124
8877689391,2016-05-03 10:00:00,545,117
8877689391,2016-05-03 11:00:00,789,141
8877689391,2016-05-03 12:00:00,1322,191
8877689391,2016-05-03 13:00:00,306,117
8877689391,2016-05-03 14:00:00,8,81
8877689391,2016-05-03 15:00:00,925,143
8877689391,2016-05-03 16:00:00,283,102
8877689391,2016-05-03 17:00:00,422,134
8877689391,2016-05-03 18:00:00,476,131
8877689391,2016-05-03 19:00:00,1074,170
8877689391,2016-05-03 20:00:00,618,138
8877689391,2016-05-03 21:00:00,1166,173
8877689391,2016-05-03 22:00:00,1246,188
8877689391,2016-05-03 23:00:00,0,73
8877689391,2016-05-04 00:00:00,0,73
8877689391,2016-05-04 01:00:00,0,73
8877689391,2016-05-04 02:00:00,0,73
8877689391,2016-05-04 03:00:00,0,73
8877689391,2016-05-04 04:00:00,0,73
8877689391,2016-05-04 05:00:00,0,73
8877689391,2016-05-04 06:00:00,231,101
8877689391,2016-05-04 07:00:00,232,116
8877689391,2016-05-04 08:00:00,883,144
8877689391,2016-05-04 09:00:00,692,144
8877689391,2016-05-04 10:00:00,840,152
8877689391,2016-05-04 11:00:00,249,113
8877689391,2016-05-04 12:00:00,270,122
8877689391,2016-05-04 13:00:00,136,111
8877689391,2016-05-04 14:00:00,400,138
8877689391,2016-05-04 15:00:00,134,98
8877689391,2016-05-04 16:00:00,2253,260
8877689391,2016-05-04 17:00:00,8741,789
8877689391,2016-05-04 18:00:00,797,156
8877689391,2016-05-04 19:00:00,1661,213
8877689391,2016-05-04 20:00:00,276,119
8877689391,2016-05-04 21:00:00,370,112
8877689391,2016-05-04 22:00:00,0,73
8877689391,2016-05-04 23:00:00,0,73
8877689391,2016-05-05 00:00:00,0,73
8877689391,2016-05-05 01:00:00,0,73
8877689391,2016-05-05 02:00:00,0,73
8877689391,2016-05-05 03:00:00,0,73
8877689391,2016-05-05 04:00:00,0,73
8877689391,2016-05-05 05:00:00,0,73
8877689391,2016-05-05 06:00:00,0,73
8877689391,2016-05-05 07:00:00,453,120
8877689391,2016-05-05 08:00:00,390,119
8877689391,2016-05-05 09:00:00,1022,175
8877689391,2016-05-05 10:00:00,4870,398
8877689391,2016-05-05 11:00:00,1948,237
8877689391,2016-05-05 12:00:00,1747,222
8877689391,2016-05-05 13:00:00,76,102
8877689391,2016-05-05 14:00:00,310,121
8877689391,2016-05-05 15:00:00,1182,170
8877689391,2016-05-05 16:00:00,403,130
8877689391,2016-05-05 17:00:00,131,109
8877689391,2016-05-05 18:00:00,728,157
8877689391,2016-05-05 19:00:00,309,116
8877689391,2016-05-05 20:00:00,154,101
8877689391,2016-05-05 21:00:00,243,106
8877689391,2016-05-05 22:00:00,89,83
8877689391,2016-05-05 23:00:00,0,73
8877689391,2016-05-06 00:00:00,0,73
8877689391,2016-05-06 01:00:00,0,73
8877689391,2016-05-06 02:00:00,0,73
8877689391,2016-05-06 03:00:00,0,73
8877689391,2016-05-06 04:00:00,0,73
8877689391,2016-05-06 05:00:00,0,73
8877689391,2016-05-06 06:00:00,137,90
8877689391,2016-05-06 07:00:00,937,173
8877689391,2016-05-06 08:00:00,929,158
8877689391,2016-05-06 09:00:00,524,130
8877689391,2016-05-06 10:00:00,291,104
8877689391,2016-05-06 11:00:00,786,155
8877689391,2016-05-06 12:00:00,1488,247
8877689391,2016-05-06 13:00:00,526,135
8877689391,2016-05-06 14:00:00,9769,843
8877689391,2016-05-06 15:00:00,588,253
8877689391,2016-05-06 16:00:00,3458,376
8877689391,2016-05-06 17:00:00,774,202
8877689391,2016-05-06 18:00:00,534,177
8877689391,2016-05-06 19:00:00,367,128
8877689391,2016-05-06 20:00:00,96,103
8877689391,2016-05-06 21:00:00,225,117
8877689391,2016-05-06 22:00:00,193,101
8877689391,2016-05-06 23:00:00,0,73
8877689391,2016-05-07 00:00:00,0,73
8877689391,2016-05-07 01:00:00,0,73
8877689391,2016-05-07 02:00:00,0,73
8877689391,2016-05-07 03:00:00,0,73
8877689391,2016-05-07 04:00:00,0,73
8877689391,2016-05-07 05:00:00,0,73
8877689391,2016-05-07 06:00:00,0,73
8877689391,2016-05-07 07:00:00,0,73
8877689391,2016-05-07 08:00:00,1042,165
8877689391,2016-05-07 09:00:00,1427,233
8877689391,2016-05-07 10:00:00,1311,217
8877689391,2016-05-07 11:00:00,571,142
8877689391,2016-05-07 12:00:00,1165,602
8877689391,2016-05-07 13:00:00,869,705
8877689391,2016-05-07 14:00:00,698,184
8877689391,2016-05-07 15:00:00,916,180
8877689391,2016-05-07 16:00:00,72,100
8877689391,2016-05-07 17:00:00,740,151
8877689391,2016-05-07 18:00:00,908,187
8877689391,2016-05-07 19:00:00,321,145
8877689391,2016-05-07 20:00:00,713,166
8877689391,2016-05-07 21:00:00,250,119
8877689391,2016-05-07 22:00:00,1209,172
8877689391,2016-05-07 23:00:00,0,73
8877689391,2016-05-08 00:00:00,0,73
8877689391,2016-05-08 01:00:00,0,73
8877689391,2016-05-08 02:00:00,0,73
8877689391,2016-05-08 03:00:00,0,73
8877689391,2016-05-08 04:00:00,0,73
8877689391,2016-05-08 05:00:00,0,73
8877689391,2016-05-08 06:00:00,0,73
8877689391,2016-05-08 07:00:00,419,124
8877689391,2016-05-08 08:00:00,657,141
8877689391,2016-05-08 09:00:00,385,121
8877689391,2016-05-08 10:00:00,128,105
8877689391,2016-05-08 11:00:00,916,150
8877689391,2016-05-08 12:00:00,663,142
8877689391,2016-05-08 13:00:00,370,128
8877689391,2016-05-08 14:00:00,317,113
8877689391,2016-05-08 15:00:00,1024,181
8877689391,2016-05-08 16:00:00,460,130
8877689391,2016-05-08 17:00:00,1269,201
8877689391,2016-05-08 18:00:00,1220,168
8877689391,2016-05-08 19:00:00,243,116
8877689391,2016-05-08 20:00:00,296,105
8877689391,2016-05-08 21:00:00,2298,258
8877689391,2016-05-08 22:00:00,0,73
8877689391,2016-05-08 23:00:00,0,73
8877689391,2016-05-09 00:00:00,0,73
8877689391,2016-05-09 01:00:00,0,73
8877689391,2016-05-09 02:00:00,0,73
8877689391,2016-05-09 03:00:00,0,73
8877689391,2016-05-09 04:00:00,0,73
8877689391,2016-05-09 05:00:00,0,73
8877689391,2016-05-09 06:00:00,582,132
8877689391,2016-05-09 07:00:00,773,145
8877689391,2016-05-09 08:00:00,830,149
8877689391,2016-05-09 09:00:00,496,116
8877689391,2016-05-09 10:00:00,537,118
8877689391,2016-05-09 11:00:00,1638,211
8877689391,2016-05-09 12:00:00,1892,215
8877689391,2016-05-09 13:00:00,503,120
8877689391,2016-05-09 14:00:00,739,134
8877689391,2016-05-09 15:00:00,821,143
8877689391,2016-05-09 16:00:00,7278,669
8877689391,2016-05-09 17:00:00,2793,403
8877689391,2016-05-09 18:00:00,409,142
8877689391,2016-05-09 19:00:00,270,148
8877689391,2016-05-09 20:00:00,134,120
8877689391,2016-05-09 21:00:00,352,128
8877689391,2016-05-09 22:00:00,109,91
8877689391,2016-05-09 23:00:00,0,73
8877689391,2016-05-10 00:00:00,0,73
8877689391,2016-05-10 01:00:00,0,73
8877689391,2016-05-10 02:00:00,0,73
8877689391,2016-05-10 03:00:00,0,73
8877689391,2016-05-10 04:00:00,0,73
8877689391,2016-05-10 05:00:00,0,73
8877689391,2016-05-10 06:00:00,44,80
8877689391,2016-05-10 07:00:00,1030,167
8877689391,2016-05-10 08:00:00,614,126
8877689391,2016-05-10 09:00:00,542,116
8877689391,2016-05-10 10:00:00,1014,165
8877689391,2016-05-10 11:00:00,567,132
8877689391,2016-05-10 12:00:00,2508,279
8877689391,2016-05-10 13:00:00,578,116
8877689391,2016-05-10 14:00:00,105,88
8877689391,2016-05-10 15:00:00,707,132
8877689391,2016-05-10 16:00:00,463,125
8877689391,2016-05-10 17:00:00,564,149
8877689391,2016-05-10 18:00:00,460,151
8877689391,2016-05-10 19:00:00,182,104
8877689391,2016-05-10 20:00:00,963,193
8877689391,2016-05-10 21:00:00,352,119
8877689391,2016-05-10 22:00:00,0,73
8877689391,2016-05-10 23:00:00,0,73
8877689391,2016-05-11 00:00:00,0,73
8877689391,2016-05-11 01:00:00,0,73
8877689391,2016-05-11 02:00:00,0,73
8877689391,2016-05-11 03:00:00,0,73
8877689391,2016-05-11 04:00:00,0,73
8877689391,2016-05-11 05:00:00,0,73
8877689391,2016-05-11 06:00:00,37,79
8877689391,2016-05-11 07:00:00,422,115
8877689391,2016-05-11 08:00:00,938,146
8877689391,2016-05-11 09:00:00,338,113
8877689391,2016-05-11 10:00:00,295,107
8877689391,2016-05-11 11:00:00,974,168
8877689391,2016-05-11 12:00:00,3929,402
8877689391,2016-05-11 13:00:00,481,120
8877689391,2016-05-11 14:00:00,37,82
8877689391,2016-05-11 15:00:00,416,108
8877689391,2016-05-11 16:00:00,2869,310
8877689391,2016-05-11 17:00:00,8357,835
8877689391,2016-05-11 18:00:00,920,197
8877689391,2016-05-11 19:00:00,408,144
8877689391,2016-05-11 20:00:00,633,174
8877689391,2016-05-11 21:00:00,228,123
8877689391,2016-05-11 22:00:00,109,93
8877689391,2016-05-11 23:00:00,0,73
8877689391,2016-05-12 00:00:00,0,73
8877689391,2016-05-12 01:00:00,0,73
8877689391,2016-05-12 02:00:00,0,73
8877689391,2016-05-12 03:00:00,0,73
8877689391,2016-05-12 04:00:00,0,73
8877689391,2016-05-12 05:00:00,0,73
8877689391,2016-05-12 06:00:00,254,107
8877689391,2016-05-12 07:00:00,574,148
8877689391,2016-05-12 08:00:00,765,137
8877689391,2016-05-12 09:00:00,164,88
8877689391,2016-05-12 10:00:00,514,126
8877689391,2016-05-12 11:00:00,1407,192
8877689391,2016-05-12 12:00:00,3135,321
8877689391,2016-05-12 13:00:00,307,101
8877689391,2016-05-12 14:00:00,457,113
