Id,ActivityHour,StepTotal,Calories,AverageHeartRate,MinHeartRate,MaxHeartRate,HourOfDay,DayOfWeek
2022484408,2016-04-12 07:00:00,847,136,83.2,52,108,7,Tuesday
2022484408,2016-04-12 08:00:00,334,99,68.56200527704486,54,112,8,Tuesday
2022484408,2016-04-12 09:00:00,243,90,66.40469973890339,55,105,9,Tuesday
2022484408,2016-04-12 10:00:00,5243,369,106.7160751565762,60,134,10,Tuesday
2022484408,2016-04-12 11:00:00,323,99,67.7671568627451,55,90,11,Tuesday
2022484408,2016-04-12 12:00:00,184,86,66.23056994818653,56,89,12,Tuesday
2022484408,2016-04-12 13:00:00,658,124,83.6875,60,112,13,Tuesday
2022484408,2016-04-12 14:00:00,2168,197,80.57709251101322,59,107,14,Tuesday
2022484408,2016-04-12 15:00:00,327,91,68.32692307692308,59,112,15,Tuesday
2022484408,2016-04-12 16:00:00,539,112,71.02163461538461,54,105,16,Tuesday
2022484408,2016-04-12 17:00:00,509,114,69.94103773584905,55,98,17,Tuesday
2022484408,2016-04-12 18:00:00,304,104,76.37301587301587,59,97,18,Tuesday
2022484408,2016-04-12 19:00:00,196,83,74.87328767123287,66,90,19,Tuesday
2022484408,2016-04-13 07:00:00,619,139,79.2042042042042,54,119,7,Wednesday
2022484408,2016-04-13 08:00:00,609,120,75.77358490566037,56,104,8,Wednesday
2022484408,2016-04-13 09:00:00,4453,397,117.64,74,156,9,Wednesday
2022484408,2016-04-13 10:00:00,198,78,68.73019801980197,56,84,10,Wednesday
2022484408,2016-04-13 11:00:00,399,106,72.49891067538127,51,94,11,Wednesday
2022484408,2016-04-13 12:00:00,687,136,81.17553191489361,61,112,12,Wednesday
2022484408,2016-04-13 13:00:00,247,86,70.07356948228883,57,89,13,Wednesday
2022484408,2016-04-13 14:00:00,1803,203,86.69375,54,118,14,Wednesday
2022484408,2016-04-13 15:00:00,635,117,71.86440677966101,53,99,15,Wednesday
2022484408,2016-04-13 16:00:00,589,115,71.29262086513995,55,110,16,Wednesday
2022484408,2016-04-13 17:00:00,643,128,74.21004566210046,57,96,17,Wednesday
2022484408,2016-04-13 18:00:00,556,156,85.96305418719211,68,120,18,Wednesday
2022484408,2016-04-13 19:00:00,581,134,82.35989010989012,67,110,19,Wednesday
2022484408,2016-04-14 07:00:00,235,89,88.35714285714286,79,103,7,Thursday
2022484408,2016-04-14 08:00:00,283,92,71.19,54,102,8,Thursday
2022484408,2016-04-14 09:00:00,328,101,69.14936708860759,56,101,9,Thursday
2022484408,2016-04-14 10:00:00,393,104,63.81348314606742,52,87,10,Thursday
2022484408,2016-04-14 11:00:00,175,88,66.47607052896726,54,92,11,Thursday
2022484408,2016-04-14 12:00:00,71,81,71.76335877862596,63,80,12,Thursday
2022484408,2016-04-14 13:00:00,236,100,70.0453514739229,59,99,13,Thursday
2022484408,2016-04-14 14:00:00,1913,206,87.07664233576642,65,118,14,Thursday
2022484408,2016-04-14 15:00:00,399,94,63.88585607940447,50,94,15,Thursday
2022484408,2016-04-14 16:00:00,767,122,68.62557077625571,52,101,16,Thursday
2022484408,2016-04-14 17:00:00,893,123,69.42070484581498,54,101,17,Thursday
2022484408,2016-04-14 18:00:00,3833,271,87.49402390438247,53,127,18,Thursday
2022484408,2016-04-14 19:00:00,852,121,71.14975845410628,55,104,19,Thursday
2022484408,2016-04-14 20:00:00,312,98,73.56896551724138,59,88,20,Thursday
2022484408,2016-04-15 07:00:00,531,121,90.75,68,121,7,Friday
2022484408,2016-04-15 08:00:00,728,127,73.3059866962306,56,99,8,Friday
2022484408,2016-04-15 09:00:00,3853,397,117.06666666666666,74,189,9,Friday
2022484408,2016-04-15 10:00:00,643,129,83.41208791208791,61,116,10,Friday
2022484408,2016-04-15 11:00:00,486,122,76.58291457286433,59,98,11,Friday
2022484408,2016-04-15 12:00:00,103,79,70.08505154639175,62,88,12,Friday
2022484408,2016-04-15 13:00:00,1171,174,83.25965665236052,63,106,13,Friday
2022484408,2016-04-15 14:00:00,791,136,81.59070796460178,61,116,14,Friday
2022484408,2016-04-15 15:00:00,481,109,72.50605326876513,59,99,15,Friday
2022484408,2016-04-15 16:00:00,1233,159,79.5375,56,112,16,Friday
2022484408,2016-04-15 17:00:00,582,113,72.48351648351648,58,111,17,Friday
2022484408,2016-04-15 18:00:00,227,88,67.59772727272727,53,93,18,Friday
2022484408,2016-04-15 19:00:00,205,89,72.88095238095238,55,94,19,Friday
2022484408,2016-04-16 07:00:00,126,75,94.06818181818181,73,107,7,Saturday
2022484408,2016-04-16 08:00:00,904,119,90.69594594594595,70,123,8,Saturday
2022484408,2016-04-16 09:00:00,4833,337,102.17817371937639,59,136,9,Saturday
2022484408,2016-04-16 10:00:00,732,123,68.12866817155756,53,112,10,Saturday
2022484408,2016-04-16 11:00:00,678,115,67.9125,55,94,11,Saturday
2022484408,2016-04-16 12:00:00,469,108,67.34345794392523,49,98,12,Saturday
2022484408,2016-04-16 13:00:00,1229,147,75.98297872340426,59,107,13,Saturday
2022484408,2016-04-16 14:00:00,623,119,71.60090702947846,55,105,14,Saturday
2022484408,2016-04-16 15:00:00,506,101,68.18910256410257,53,86,15,Saturday
2022484408,2016-04-16 16:00:00,0,62,70.0,70,70,16,Saturday
2022484408,2016-04-16 20:00:00,0,62,73.0,73,73,20,Saturday
2022484408,2016-04-16 21:00:00,0,62,73.0,73,73,21,Saturday
2022484408,2016-04-17 08:00:00,567,117,76.59866220735786,53,99,8,Sunday
2022484408,2016-04-17 09:00:00,5317,415,113.82774049217002,66,161,9,Sunday
2022484408,2016-04-17 10:00:00,1567,258,98.51877934272301,73,116,10,Sunday
2022484408,2016-04-17 11:00:00,1194,196,91.045,72,108,11,Sunday
2022484408,2016-04-17 12:00:00,64,75,72.33096085409252,60,84,12,Sunday
2022484408,2016-04-17 13:00:00,292,89,78.376,67,101,13,Sunday
2022484408,2016-04-17 14:00:00,1404,185,84.7992277992278,61,111,14,Sunday
2022484408,2016-04-17 15:00:00,1147,145,77.38758029978587,57,104,15,Sunday
2022484408,2016-04-17 16:00:00,1151,156,75.92477876106194,52,110,16,Sunday
2022484408,2016-04-17 17:00:00,1351,164,80.27743271221532,54,114,17,Sunday
2022484408,2016-04-17 18:00:00,644,132,78.79434447300771,61,105,18,Sunday
2022484408,2016-04-17 19:00:00,247,90,73.10144927536231,64,93,19,Sunday
2022484408,2016-04-17 20:00:00,167,77,73.83769633507853,68,81,20,Sunday
2022484408,2016-04-18 06:00:00,69,74,71.1,54,99,6,Monday
2022484408,2016-04-18 07:00:00,1073,190,86.17073170731707,56,118,7,Monday
2022484408,2016-04-18 08:00:00,712,137,79.35585585585585,55,107,8,Monday
2022484408,2016-04-18 09:00:00,5400,486,126.82857142857142,54,153,9,Monday
2022484408,2016-04-18 10:00:00,796,146,83.54133333333333,69,107,10,Monday
2022484408,2016-04-18 11:00:00,46,71,73.97534246575343,67,88,11,Monday
2022484408,2016-04-18 12:00:00,306,95,69.14446952595937,57,96,12,Monday
2022484408,2016-04-18 13:00:00,404,98,70.84705882352941,58,103,13,Monday
2022484408,2016-04-18 14:00:00,1706,200,87.60130718954248,63,114,14,Monday
2022484408,2016-04-18 15:00:00,658,125,74.6578313253012,58,98,15,Monday
2022484408,2016-04-18 16:00:00,570,111,84.82758620689656,69,113,16,Monday
2022484408,2016-04-18 17:00:00,849,141,78.9475,58,114,17,Monday
2022484408,2016-04-18 18:00:00,899,141,77.3855140186916,55,100,18,Monday
2022484408,2016-04-18 19:00:00,567,121,79.4582338902148,65,98,19,Monday
2022484408,2016-04-18 20:00:00,76,74,70.45833333333333,62,82,20,Monday
2022484408,2016-04-19 09:00:00,671,120,73.93366093366093,54,104,9,Tuesday
2022484408,2016-04-19 10:00:00,466,101,70.27464788732394,56,105,10,Tuesday
2022484408,2016-04-19 11:00:00,621,115,71.41435185185185,56,106,11,Tuesday
2022484408,2016-04-19 12:00:00,479,115,70.66743119266054,54,101,12,Tuesday
2022484408,2016-04-19 13:00:00,794,125,78.53140096618357,65,110,13,Tuesday
2022484408,2016-04-19 14:00:00,1437,198,90.26697892271663,61,113,14,Tuesday
2022484408,2016-04-19 15:00:00,1081,160,81.92688679245283,63,110,15,Tuesday
2022484408,2016-04-19 16:00:00,4709,389,116.32511210762331,66,162,16,Tuesday
2022484408,2016-04-19 17:00:00,459,123,81.1036866359447,70,101,17,Tuesday
2022484408,2016-04-19 18:00:00,548,133,84.5880829015544,70,104,18,Tuesday
2022484408,2016-04-19 19:00:00,283,99,80.51865671641791,70,98,19,Tuesday
2022484408,2016-04-20 06:00:00,129,80,67.59193954659949,56,81,6,Wednesday
2022484408,2016-04-20 07:00:00,661,138,79.43979057591623,56,116,7,Wednesday
2022484408,2016-04-20 08:00:00,1272,151,77.13852813852814,57,109,8,Wednesday
2022484408,2016-04-20 09:00:00,4293,441,125.5378486055777,72,166,9,Wednesday
2022484408,2016-04-20 10:00:00,172,80,69.58793969849246,50,87,10,Wednesday
2022484408,2016-04-20 11:00:00,410,102,72.90076335877863,56,96,11,Wednesday
2022484408,2016-04-20 12:00:00,1314,188,90.84422110552764,62,116,12,Wednesday
2022484408,2016-04-20 13:00:00,664,128,77.98670212765957,62,112,13,Wednesday
2022484408,2016-04-20 14:00:00,1780,238,94.16099773242631,54,119,14,Wednesday
2022484408,2016-04-20 15:00:00,924,154,83.98214285714286,58,106,15,Wednesday
2022484408,2016-04-20 16:00:00,854,138,79.79069767441861,59,116,16,Wednesday
2022484408,2016-04-20 17:00:00,944,144,79.88366336633663,63,108,17,Wednesday
2022484408,2016-04-20 18:00:00,541,134,85.1820652173913,72,109,18,Wednesday
2022484408,2016-04-20 19:00:00,839,122,75.60697674418604,64,99,19,Wednesday
2022484408,2016-04-20 20:00:00,315,100,79.37914691943128,59,98,20,Wednesday
2022484408,2016-04-21 07:00:00,955,160,85.89606741573034,57,103,7,Thursday
2022484408,2016-04-21 08:00:00,168,88,63.112531969309465,54,107,8,Thursday
2022484408,2016-04-21 09:00:00,481,111,66.43273542600897,53,105,9,Thursday
2022484408,2016-04-21 10:00:00,1272,295,106.09787234042552,63,150,10,Thursday
2022484408,2016-04-21 11:00:00,968,223,93.23762376237623,65,128,11,Thursday
2022484408,2016-04-21 12:00:00,3571,271,94.90300230946882,66,126,12,Thursday
2022484408,2016-04-21 13:00:00,13,78,77.68219178082192,68,102,13,Thursday
2022484408,2016-04-21 14:00:00,1357,239,100.81975308641975,73,121,14,Thursday
2022484408,2016-04-21 15:00:00,1248,173,84.25238095238095,63,125,15,Thursday
2022484408,2016-04-21 16:00:00,506,349,105.30813953488372,66,200,16,Thursday
2022484408,2016-04-21 17:00:00,427,233,92.39546599496222,61,200,17,Thursday
2022484408,2016-04-21 18:00:00,955,130,76.94239631336406,59,102,18,Thursday
2022484408,2016-04-21 19:00:00,370,103,75.21234567901234,64,91,19,Thursday
2022484408,2016-04-21 20:00:00,162,84,74.9423076923077,61,98,20,Thursday
2022484408,2016-04-21 21:00:00,0,62,68.0,68,68,21,Thursday
2022484408,2016-04-21 22:00:00,0,62,70.0,70,70,22,Thursday
2022484408,2016-04-22 06:00:00,60,71,66.38034188034187,57,117,6,Friday
2022484408,2016-04-22 07:00:00,715,144,83.97689768976898,57,118,7,Friday
2022484408,2016-04-22 08:00:00,473,109,72.85353535353535,57,104,8,Friday
2022484408,2016-04-22 09:00:00,5596,426,119.51771653543307,62,153,9,Friday
2022484408,2016-04-22 10:00:00,1439,183,91.41193181818181,66,137,10,Friday
2022484408,2016-04-22 11:00:00,548,122,74.75620767494357,54,113,11,Friday
2022484408,2016-04-22 12:00:00,735,135,80.60545905707195,64,105,12,Friday
2022484408,2016-04-22 13:00:00,920,156,87.3068783068783,71,111,13,Friday
2022484408,2016-04-22 14:00:00,907,159,86.59164733178655,64,101,14,Friday
2022484408,2016-04-22 15:00:00,333,104,70.0971128608924,56,94,15,Friday
2022484408,2016-04-22 16:00:00,92,78,65.6436170212766,53,77,16,Friday
2022484408,2016-04-22 17:00:00,106,79,61.73298429319372,52,81,17,Friday
2022484408,2016-04-22 18:00:00,296,99,67.55853658536586,54,89,18,Friday
2022484408,2016-04-22 19:00:00,560,128,79.40767386091127,58,102,19,Friday
2022484408,2016-04-22 20:00:00,174,86,77.29729729729729,67,108,20,Friday
2022484408,2016-04-23 12:00:00,289,90,70.56923076923077,52,93,12,Saturday
2022484408,2016-04-23 13:00:00,1008,160,79.953125,52,107,13,Saturday
2022484408,2016-04-23 14:00:00,595,117,66.75555555555556,50,93,14,Saturday
2022484408,2016-04-23 15:00:00,1232,152,74.01492537313433,50,103,15,Saturday
2022484408,2016-04-23 16:00:00,729,119,72.42051282051283,54,104,16,Saturday
2022484408,2016-04-23 17:00:00,459,121,75.751269035533,64,95,17,Saturday
2022484408,2016-04-23 18:00:00,618,131,74.67647058823529,58,101,18,Saturday
2022484408,2016-04-23 19:00:00,483,114,71.58651685393258,53,109,19,Saturday
2022484408,2016-04-23 20:00:00,267,93,67.97926267281106,56,87,20,Saturday
2022484408,2016-04-23 21:00:00,139,83,65.7917737789203,54,86,21,Saturday
2022484408,2016-04-23 22:00:00,182,79,66.84701492537313,57,80,22,Saturday
2022484408,2016-04-24 08:00:00,3056,259,107.7452229299363,58,158,8,Sunday
2022484408,2016-04-24 09:00:00,3130,307,109.03299492385787,70,163,9,Sunday
2022484408,2016-04-24 10:00:00,496,111,78.16716417910447,63,100,10,Sunday
2022484408,2016-04-24 11:00:00,708,127,76.36312849162012,62,106,11,Sunday
2022484408,2016-04-24 12:00:00,699,119,74.43170731707318,59,115,12,Sunday
2022484408,2016-04-24 13:00:00,1305,167,86.04081632653062,67,113,13,Sunday
2022484408,2016-04-24 14:00:00,519,104,74.44334975369458,60,95,14,Sunday
2022484408,2016-04-24 15:00:00,1963,188,82.25941422594143,59,112,15,Sunday
2022484408,2016-04-24 16:00:00,85,70,68.89722222222223,63,78,16,Sunday
2022484408,2016-04-24 17:00:00,573,117,73.65454545454546,56,104,17,Sunday
2022484408,2016-04-24 18:00:00,947,150,77.82994923857868,53,106,18,Sunday
2022484408,2016-04-24 19:00:00,0,63,81.65625,70,83,19,Sunday
2022484408,2016-04-24 20:00:00,0,62,70.0,70,70,20,Sunday
2022484408,2016-04-25 07:00:00,718,123,83.75229357798165,68,113,7,Monday
2022484408,2016-04-25 08:00:00,380,105,70.91469194312796,53,95,8,Monday
2022484408,2016-04-25 09:00:00,5257,484,128.6918604651163,82,159,9,Monday
2022484408,2016-04-25 10:00:00,289,87,79.48333333333333,68,100,10,Monday
2022484408,2016-04-25 13:00:00,157,78,106.22222222222223,90,115,13,Monday
2022484408,2016-04-25 14:00:00,1507,184,86.10546139359698,62,108,14,Monday
2022484408,2016-04-25 15:00:00,281,95,66.87660668380462,53,92,15,Monday
2022484408,2016-04-25 16:00:00,696,120,68.69431279620854,49,96,16,Monday
2022484408,2016-04-25 17:00:00,645,113,69.18453865336659,53,92,17,Monday
2022484408,2016-04-25 18:00:00,250,100,72.80346820809248,57,92,18,Monday
2022484408,2016-04-25 19:00:00,1122,161,80.20360824742268,53,105,19,Monday
2022484408,2016-04-25 20:00:00,67,72,93.0,91,97,20,Monday
2022484408,2016-04-26 07:00:00,908,135,75.23863636363636,58,100,7,Tuesday
2022484408,2016-04-26 08:00:00,67,75,60.51989389920424,51,80,8,Tuesday
2022484408,2016-04-26 09:00:00,977,154,77.6392694063927,54,112,9,Tuesday
2022484408,2016-04-26 10:00:00,1967,448,127.44050104384134,96,154,10,Tuesday
2022484408,2016-04-26 11:00:00,1005,243,98.72354211663067,67,146,11,Tuesday
2022484408,2016-04-26 12:00:00,1040,181,88.99292452830188,64,108,12,Tuesday
2022484408,2016-04-26 13:00:00,31,75,76.2076677316294,68,89,13,Tuesday
2022484408,2016-04-26 14:00:00,965,154,84.03579952267303,63,118,14,Tuesday
2022484408,2016-04-26 15:00:00,1112,174,84.92307692307692,61,114,15,Tuesday
2022484408,2016-04-26 16:00:00,675,125,75.735,57,111,16,Tuesday
2022484408,2016-04-26 17:00:00,531,116,73.18656716417911,56,104,17,Tuesday
2022484408,2016-04-26 18:00:00,357,110,77.9234693877551,62,92,18,Tuesday
2022484408,2016-04-26 19:00:00,425,108,77.85084745762713,60,98,19,Tuesday
2022484408,2016-04-26 20:00:00,59,72,63.3,54,74,20,Tuesday
2022484408,2016-04-27 09:00:00,1388,225,91.21933085501858,59,145,9,Wednesday
2022484408,2016-04-27 10:00:00,967,188,89.6117381489842,67,112,10,Wednesday
2022484408,2016-04-27 11:00:00,149,86,63.51036269430052,51,87,11,Wednesday
2022484408,2016-04-27 12:00:00,973,141,75.8177570093458,56,105,12,Wednesday
2022484408,2016-04-27 13:00:00,1313,167,82.45169712793734,40,111,13,Wednesday
2022484408,2016-04-27 14:00:00,688,172,89.7323600973236,68,112,14,Wednesday
2022484408,2016-04-27 15:00:00,303,92,69.6039119804401,57,107,15,Wednesday
2022484408,2016-04-27 16:00:00,702,121,74.67464114832536,61,96,16,Wednesday
2022484408,2016-04-27 17:00:00,600,110,72.47247706422019,54,101,17,Wednesday
2022484408,2016-04-27 18:00:00,2917,249,94.64354066985646,55,115,18,Wednesday
2022484408,2016-04-27 19:00:00,159,101,85.22981366459628,73,124,19,Wednesday
2022484408,2016-04-27 20:00:00,0,62,70.0,70,70,20,Wednesday
2022484408,2016-04-28 07:00:00,368,92,73.97916666666667,56,96,7,Thursday
2022484408,2016-04-28 08:00:00,912,156,77.02669404517454,54,98,8,Thursday
2022484408,2016-04-28 09:00:00,787,127,67.86301369863014,51,88,9,Thursday
2022484408,2016-04-28 10:00:00,1567,165,70.20210526315789,52,103,10,Thursday
2022484408,2016-04-28 11:00:00,858,132,69.91331923890064,55,88,11,Thursday
2022484408,2016-04-28 12:00:00,2735,217,81.72127659574468,55,114,12,Thursday
2022484408,2016-04-28 13:00:00,197,79,64.86792452830188,55,80,13,Thursday
2022484408,2016-04-28 14:00:00,1198,153,78.83054393305439,56,105,14,Thursday
2022484408,2016-04-28 15:00:00,101,76,64.78516624040921,54,84,15,Thursday
2022484408,2016-04-28 16:00:00,487,112,68.33558558558559,52,95,16,Thursday
2022484408,2016-04-28 17:00:00,516,113,67.87844036697248,54,92,17,Thursday
2022484408,2016-04-28 18:00:00,166,88,68.34146341463415,57,82,18,Thursday
2022484408,2016-04-28 19:00:00,64,76,68.27945205479452,60,84,19,Thursday
2022484408,2016-04-28 20:00:00,184,89,76.38931297709924,67,88,20,Thursday
2022484408,2016-04-29 08:00:00,662,113,67.1746835443038,51,102,8,Friday
2022484408,2016-04-29 09:00:00,1457,318,108.40319361277444,65,134,9,Friday
2022484408,2016-04-29 10:00:00,1012,177,89.6207627118644,69,108,10,Friday
2022484408,2016-04-29 11:00:00,1452,171,84.25982532751091,70,105,11,Friday
2022484408,2016-04-29 12:00:00,530,126,87.41641337386018,69,115,12,Friday
2022484408,2016-04-29 13:00:00,1163,181,91.14390243902439,72,115,13,Friday
2022484408,2016-04-29 14:00:00,1655,231,96.1,67,117,14,Friday
2022484408,2016-04-29 15:00:00,175,96,67.16071428571429,52,107,15,Friday
2022484408,2016-04-29 16:00:00,1035,129,69.50585480093677,50,103,16,Friday
2022484408,2016-04-29 17:00:00,437,108,72.7116883116883,55,92,17,Friday
2022484408,2016-04-29 18:00:00,315,101,76.26086956521739,64,106,18,Friday
2022484408,2016-04-29 19:00:00,352,113,82.76363636363637,65,118,19,Friday
2022484408,2016-04-30 06:00:00,437,93,81.93137254901961,64,95,6,Saturday
2022484408,2016-04-30 07:00:00,347,97,64.78036175710594,51,91,7,Saturday
2022484408,2016-04-30 08:00:00,52,73,67.18591549295775,60,77,8,Saturday
2022484408,2016-04-30 09:00:00,127,85,66.92917847025495,58,76,9,Saturday
2022484408,2016-04-30 10:00:00,2094,197,82.19527896995709,62,104,10,Saturday
2022484408,2016-04-30 11:00:00,1112,138,73.37259615384616,52,102,11,Saturday
2022484408,2016-04-30 12:00:00,1372,157,79.22121896162528,58,107,12,Saturday
2022484408,2016-04-30 13:00:00,2418,216,85.05882352941177,67,103,13,Saturday
2022484408,2016-04-30 14:00:00,1564,179,81.80361173814899,62,110,14,Saturday
2022484408,2016-04-30 15:00:00,2742,222,77.92916666666666,60,105,15,Saturday
2022484408,2016-04-30 16:00:00,3286,252,90.18108651911469,62,121,16,Saturday
2022484408,2016-04-30 17:00:00,1288,154,77.03174603174604,58,114,17,Saturday
2022484408,2016-04-30 18:00:00,869,128,85.29951690821257,58,123,18,Saturday
2022484408,2016-04-30 19:00:00,577,110,71.53846153846153,59,94,19,Saturday
2022484408,2016-04-30 20:00:00,102,70,77.45833333333333,65,88,20,Saturday
2022484408,2016-04-30 21:00:00,0,62,79.0,79,79,21,Saturday
2022484408,2016-05-01 06:00:00,660,114,77.27319587628865,64,102,6,Sunday
2022484408,2016-05-01 07:00:00,360,97,71.95522388059702,58,95,7,Sunday
2022484408,2016-05-01 08:00:00,28,70,64.86246418338109,58,74,8,Sunday
2022484408,2016-05-01 09:00:00,305,87,62.391644908616186,51,94,9,Sunday
2022484408,2016-05-01 10:00:00,3757,292,98.6925,63,118,10,Sunday
2022484408,2016-05-01 11:00:00,716,109,65.6078431372549,45,110,11,Sunday
2022484408,2016-05-01 12:00:00,132,79,61.0757180156658,44,86,12,Sunday
2022484408,2016-05-01 13:00:00,61,68,61.28440366972477,49,76,13,Sunday
2022484408,2016-05-01 14:00:00,314,91,71.01162790697674,55,112,14,Sunday
2022484408,2016-05-01 15:00:00,882,142,72.1820580474934,47,113,15,Sunday
2022484408,2016-05-01 16:00:00,555,119,67.26795580110497,47,99,16,Sunday
2022484408,2016-05-01 17:00:00,1088,158,76.74447174447174,50,99,17,Sunday
2022484408,2016-05-01 18:00:00,866,146,77.5325,65,100,18,Sunday
2022484408,2016-05-01 19:00:00,814,185,98.4047619047619,80,114,19,Sunday
2022484408,2016-05-02 07:00:00,590,114,72.07977207977208,56,110,7,Monday
2022484408,2016-05-02 08:00:00,385,104,69.89779005524862,59,99,8,Monday
2022484408,2016-05-02 09:00:00,1116,183,85.61894736842105,54,118,9,Monday
2022484408,2016-05-02 10:00:00,737,166,86.41176470588235,65,122,10,Monday
2022484408,2016-05-02 11:00:00,153,78,65.22413793103448,52,91,11,Monday
2022484408,2016-05-02 12:00:00,805,146,78.31050228310502,57,103,12,Monday
2022484408,2016-05-02 13:00:00,610,143,82.5187165775401,64,137,13,Monday
2022484408,2016-05-02 14:00:00,4178,312,100.95394736842105,66,120,14,Monday
2022484408,2016-05-02 15:00:00,255,92,70.18157181571816,55,88,15,Monday
2022484408,2016-05-02 16:00:00,864,137,74.2027972027972,53,96,16,Monday
2022484408,2016-05-02 17:00:00,182,108,74.09228039041703,50,115,17,Monday
2022484408,2016-05-02 18:00:00,271,113,76.80362929358392,56,113,18,Monday
2022484408,2016-05-02 19:00:00,233,94,72.38042381432896,51,136,19,Monday
2022484408,2016-05-03 07:00:00,218,91,100.26666666666667,92,109,7,Tuesday
2022484408,2016-05-03 08:00:00,442,129,72.31920199501246,53,116,8,Tuesday
2022484408,2016-05-03 09:00:00,412,101,65.89821882951654,51,88,9,Tuesday
2022484408,2016-05-03 10:00:00,2451,388,113.40280561122245,75,147,10,Tuesday
2022484408,2016-05-03 11:00:00,526,134,80.57201646090535,63,116,11,Tuesday
2022484408,2016-05-03 12:00:00,287,101,77.64303797468355,56,104,12,Tuesday
2022484408,2016-05-03 13:00:00,337,106,77.28947368421052,65,109,13,Tuesday
2022484408,2016-05-03 14:00:00,2179,227,96.61570247933884,65,169,14,Tuesday
2022484408,2016-05-03 15:00:00,495,126,80.32992327365729,65,121,15,Tuesday
2022484408,2016-05-03 16:00:00,3398,295,97.87878787878788,64,134,16,Tuesday
2022484408,2016-05-03 17:00:00,557,126,75.75105485232068,60,104,17,Tuesday
2022484408,2016-05-03 18:00:00,105,86,74.34729064039409,56,87,18,Tuesday
2022484408,2016-05-03 19:00:00,211,96,77.49468085106383,68,102,19,Tuesday
2022484408,2016-05-03 20:00:00,497,114,77.05626598465473,60,103,20,Tuesday
2022484408,2016-05-03 21:00:00,68,72,72.88421052631578,66,80,21,Tuesday
2022484408,2016-05-04 06:00:00,112,74,75.55357142857143,62,84,6,Wednesday
2022484408,2016-05-04 07:00:00,719,135,79.11609498680738,66,110,7,Wednesday
2022484408,2016-05-04 08:00:00,385,104,73.70923913043478,61,100,8,Wednesday
2022484408,2016-05-04 09:00:00,1634,231,96.5503355704698,69,159,9,Wednesday
2022484408,2016-05-04 10:00:00,944,233,97.54229934924078,71,123,10,Wednesday
2022484408,2016-05-04 11:00:00,602,134,81.71017699115045,64,108,11,Wednesday
2022484408,2016-05-04 12:00:00,499,120,80.79639175257732,61,110,12,Wednesday
2022484408,2016-05-04 13:00:00,683,122,80.6269035532995,61,103,13,Wednesday
2022484408,2016-05-04 14:00:00,3647,311,101.38333333333334,68,145,14,Wednesday
2022484408,2016-05-04 15:00:00,175,89,78.24276169265033,67,100,15,Wednesday
2022484408,2016-05-04 16:00:00,701,135,81.79647577092511,64,113,16,Wednesday
2022484408,2016-05-04 17:00:00,214,86,72.375,57,94,17,Wednesday
2022484408,2016-05-04 18:00:00,698,115,73.009324009324,54,101,18,Wednesday
2022484408,2016-05-04 19:00:00,630,121,75.47208121827411,55,115,19,Wednesday
2022484408,2016-05-04 20:00:00,125,79,71.07843137254902,54,98,20,Wednesday
2022484408,2016-05-05 08:00:00,309,101,82.71098265895954,63,115,8,Thursday
2022484408,2016-05-05 09:00:00,2327,217,87.1611650485437,64,128,9,Thursday
2022484408,2016-05-05 10:00:00,1305,326,109.10650887573965,68,156,10,Thursday
2022484408,2016-05-05 11:00:00,666,133,79.99086757990868,65,97,11,Thursday
2022484408,2016-05-05 12:00:00,255,94,74.71875,61,95,12,Thursday
2022484408,2016-05-05 13:00:00,190,82,66.48984771573605,55,87,13,Thursday
2022484408,2016-05-05 14:00:00,1723,194,86.06420233463035,61,111,14,Thursday
2022484408,2016-05-05 15:00:00,2384,214,87.50714285714285,62,114,15,Thursday
2022484408,2016-05-05 16:00:00,1175,150,78.63853211009175,58,103,16,Thursday
2022484408,2016-05-05 17:00:00,414,110,78.15530303030303,64,98,17,Thursday
2022484408,2016-05-05 18:00:00,375,106,77.05348346235046,64,104,18,Thursday
2022484408,2016-05-05 19:00:00,322,92,70.9234608985025,62,93,19,Thursday
2022484408,2016-05-05 20:00:00,450,105,74.5265306122449,59,90,20,Thursday
2022484408,2016-05-06 09:00:00,809,154,85.51739130434783,69,118,9,Friday
2022484408,2016-05-06 10:00:00,1107,181,88.05719921104536,66,111,10,Friday
2022484408,2016-05-06 11:00:00,1025,180,88.592,67,116,11,Friday
2022484408,2016-05-06 12:00:00,226,94,75.87531806615776,62,98,12,Friday
2022484408,2016-05-06 13:00:00,455,123,85.85669781931465,65,101,13,Friday
2022484408,2016-05-06 14:00:00,4084,289,95.05773672055427,67,113,14,Friday
2022484408,2016-05-06 15:00:00,487,120,76.28927680798004,61,100,15,Friday
2022484408,2016-05-06 16:00:00,445,111,76.8875305623472,65,102,16,Friday
2022484408,2016-05-06 17:00:00,374,100,71.60846560846561,60,91,17,Friday
2022484408,2016-05-06 18:00:00,355,110,73.12439024390244,61,91,18,Friday
2022484408,2016-05-06 19:00:00,271,105,71.45714285714286,62,82,19,Friday
2022484408,2016-05-06 20:00:00,164,90,76.52588555858311,67,90,20,Friday
2022484408,2016-05-06 21:00:00,425,158,92.29695431472081,64,115,21,Friday
2022484408,2016-05-07 08:00:00,7,64,87.0,87,87,8,Saturday
2022484408,2016-05-07 09:00:00,1132,140,79.32075471698113,55,123,9,Saturday
2022484408,2016-05-07 10:00:00,2617,219,85.09722222222223,56,126,10,Saturday
2022484408,2016-05-07 11:00:00,873,141,76.5990675990676,53,113,11,Saturday
2022484408,2016-05-07 12:00:00,412,107,69.93961352657004,53,89,12,Saturday
2022484408,2016-05-07 13:00:00,545,111,78.69014084507042,62,96,13,Saturday
2022484408,2016-05-07 19:00:00,740,122,78.48829431438126,54,128,19,Saturday
2022484408,2016-05-07 20:00:00,382,96,62.25,52,93,20,Saturday
2022484408,2016-05-07 21:00:00,0,62,70.0,70,70,21,Saturday
2022484408,2016-05-08 08:00:00,14,91,108.83018867924528,104,127,8,Sunday
2022484408,2016-05-08 09:00:00,187,88,91.25,68,116,9,Sunday
2022484408,2016-05-08 10:00:00,729,129,74.24561403508773,59,101,10,Sunday
2022484408,2016-05-08 11:00:00,1127,150,74.01216545012166,57,98,11,Sunday
2022484408,2016-05-08 12:00:00,584,130,74.86124401913875,53,111,12,Sunday
2022484408,2016-05-08 13:00:00,457,104,73.1304347826087,59,91,13,Sunday
2022484408,2016-05-08 14:00:00,194,96,100.44117647058823,84,113,14,Sunday
2022484408,2016-05-09 06:00:00,250,95,72.69942196531792,59,96,6,Monday
2022484408,2016-05-09 07:00:00,661,134,74.89333333333333,53,100,7,Monday
2022484408,2016-05-09 08:00:00,1225,140,74.82444444444444,56,104,8,Monday
2022484408,2016-05-09 09:00:00,1516,202,86.13095238095238,56,132,9,Monday
2022484408,2016-05-09 10:00:00,2174,288,100.76239669421487,66,125,10,Monday
2022484408,2016-05-09 11:00:00,164,83,69.09950248756219,59,89,11,Monday
2022484408,2016-05-09 12:00:00,325,110,74.24057971014493,62,104,12,Monday
2022484408,2016-05-09 13:00:00,165,82,73.34974093264249,66,96,13,Monday
2022484408,2016-05-09 14:00:00,3804,294,96.35758835758836,64,115,14,Monday
2022484408,2016-05-09 15:00:00,946,190,93.84470588235294,60,133,15,Monday
2022484408,2016-05-09 16:00:00,595,127,78.36363636363636,61,107,16,Monday
2022484408,2016-05-09 17:00:00,564,108,73.67801047120419,62,92,17,Monday
2022484408,2016-05-09 18:00:00,436,117,74.95640326975477,51,92,18,Monday
2022484408,2016-05-09 19:00:00,343,103,75.25265957446808,59,100,19,Monday
2022484408,2016-05-09 20:00:00,211,78,70.55319148936171,57,92,20,Monday
2022484408,2016-05-10 08:00:00,163,82,81.48051948051948,62,121,8,Tuesday
2022484408,2016-05-10 09:00:00,522,112,72.80154639175258,57,113,9,Tuesday
2022484408,2016-05-10 10:00:00,1910,361,114.15882352941176,57,163,10,Tuesday
2022484408,2016-05-10 11:00:00,1536,275,100.32142857142857,70,166,11,Tuesday
2022484408,2016-05-10 12:00:00,589,116,74.28695652173913,61,93,12,Tuesday
2022484408,2016-05-10 13:00:00,1164,176,87.38421052631578,72,105,13,Tuesday
2022484408,2016-05-10 14:00:00,3553,273,93.33622559652929,62,121,14,Tuesday
2022484408,2016-05-10 15:00:00,699,130,77.24070021881838,61,96,15,Tuesday
2022484408,2016-05-10 16:00:00,386,102,77.46354166666667,66,109,16,Tuesday
2022484408,2016-05-10 17:00:00,1264,176,84.43555555555555,61,109,17,Tuesday
2022484408,2016-05-10 18:00:00,424,115,80.45320197044335,61,93,18,Tuesday
2022484408,2016-05-10 19:00:00,588,131,83.80445544554455,75,100,19,Tuesday
2022484408,2016-05-10 20:00:00,0,64,80.07317073170732,70,104,20,Tuesday
2022484408,2016-05-11 09:00:00,38,67,70.52173913043478,59,101,9,Wednesday
2022484408,2016-05-11 10:00:00,329,100,68.33597883597884,55,86,10,Wednesday
2022484408,2016-05-11 11:00:00,4838,367,106.19294605809128,78,138,11,Wednesday
2022484408,2016-05-11 12:00:00,607,123,79.05654761904762,66,107,12,Wednesday
2022484408,2016-05-11 13:00:00,225,83,65.88397790055248,57,85,13,Wednesday
2022484408,2016-05-11 14:00:00,3294,274,98.63238512035011,67,120,14,Wednesday
2022484408,2016-05-11 15:00:00,698,141,77.67276422764228,61,105,15,Wednesday
2022484408,2016-05-11 16:00:00,1116,161,82.3923541247485,59,131,16,Wednesday
2022484408,2016-05-11 17:00:00,1045,185,89.58134490238612,71,112,17,Wednesday
2022484408,2016-05-11 18:00:00,673,124,78.66830466830467,62,108,18,Wednesday
2022484408,2016-05-11 19:00:00,409,111,80.48615384615384,68,100,19,Wednesday
2022484408,2016-05-11 20:00:00,0,62,84.0,70,98,20,Wednesday
2022484408,2016-05-12 07:00:00,490,113,78.82470119521912,58,105,7,Thursday
2022484408,2016-05-12 08:00:00,418,102,72.11576354679804,56,99,8,Thursday
2022484408,2016-05-12 09:00:00,812,181,89.75847457627118,62,152,9,Thursday
2022484408,2016-05-12 10:00:00,2689,246,93.90167364016736,64,129,10,Thursday
2022484408,2016-05-12 11:00:00,378,104,72.09048723897912,60,87,11,Thursday
2022484408,2016-05-12 12:00:00,507,111,73.21927710843373,57,101,12,Thursday
2022484408,2016-05-12 13:00:00,997,152,83.7683284457478,60,112,13,Thursday
2022484408,2016-05-12 14:00:00,1383,178,86.42569269521411,56,112,14,Thursday
2022484408,2016-05-12 15:00:00,665,129,78.86309523809524,55,104,15,Thursday
2026352035,2016-04-17 05:00:00,36,50,67.1986301369863,63,73,5,Sunday
2026352035,2016-04-17 06:00:00,214,69,73.28260869565217,68,80,6,Sunday
2026352035,2016-04-25 09:00:00,672,113,105.13970588235294,70,115,9,Monday
2026352035,2016-04-25 10:00:00,120,73,95.69329073482429,83,110,10,Monday
2026352035,2016-04-25 11:00:00,484,79,105.88059701492537,93,125,11,Monday
2026352035,2016-05-02 18:00:00,1038,114,91.38059701492537,70,122,18,Monday
2026352035,2016-05-02 19:00:00,121,63,81.9113924050633,70,93,19,Monday
2026352035,2016-05-02 20:00:00,448,92,77.14814814814815,72,81,20,Monday
2026352035,2016-05-02 22:00:00,182,57,73.0,73,73,22,Monday
2026352035,2016-05-09 16:00:00,1960,171,103.73065902578797,70,123,16,Monday
2026352035,2016-05-09 17:00:00,1848,158,102.65859564164649,89,116,17,Monday
2026352035,2016-05-09 18:00:00,606,97,92.07065217391305,73,116,18,Monday
2026352035,2016-05-09 19:00:00,754,106,91.5475113122172,74,108,19,Monday
2347167796,2016-04-12 07:00:00,397,101,82.10828025477707,68,121,7,Tuesday
2347167796,2016-04-12 08:00:00,1195,167,95.71106094808127,58,172,8,Tuesday
2347167796,2016-04-12 09:00:00,193,85,83.17875647668394,70,109,9,Tuesday
2347167796,2016-04-12 10:00:00,111,74,78.11232876712329,63,105,10,Tuesday
2347167796,2016-04-12 11:00:00,169,122,86.8575,57,119,11,Tuesday
2347167796,2016-04-12 12:00:00,179,83,74.75471698113208,57,113,12,Tuesday
2347167796,2016-04-12 13:00:00,371,105,84.50520833333333,61,117,13,Tuesday
2347167796,2016-04-12 14:00:00,47,134,101.58981233243968,77,120,14,Tuesday
2347167796,2016-04-12 15:00:00,337,163,99.65601965601965,75,122,15,Tuesday
2347167796,2016-04-12 16:00:00,135,84,76.00502512562814,58,111,16,Tuesday
2347167796,2016-04-12 17:00:00,433,94,75.35897435897436,58,116,17,Tuesday
2347167796,2016-04-12 18:00:00,1546,154,88.17225950782998,61,113,18,Tuesday
2347167796,2016-04-12 19:00:00,355,93,77.99058823529411,65,106,19,Tuesday
2347167796,2016-04-12 20:00:00,1391,151,94.23399558498896,70,156,20,Tuesday
2347167796,2016-04-12 21:00:00,3229,224,100.82765531062124,73,136,21,Tuesday
2347167796,2016-04-12 22:00:00,25,59,77.47272727272727,68,87,22,Tuesday
2347167796,2016-04-12 23:00:00,0,57,77.2917933130699,70,88,23,Tuesday
2347167796,2016-04-13 00:00:00,0,58,67.41812865497076,59,83,0,Wednesday
2347167796,2016-04-13 01:00:00,0,58,64.28774928774929,57,75,1,Wednesday
2347167796,2016-04-13 02:00:00,0,57,64.8231884057971,57,87,2,Wednesday
2347167796,2016-04-13 03:00:00,0,56,65.75862068965517,62,71,3,Wednesday
2347167796,2016-04-13 04:00:00,0,57,63.779761904761905,57,78,4,Wednesday
2347167796,2016-04-13 05:00:00,0,57,61.86217008797654,56,85,5,Wednesday
2347167796,2016-04-13 06:00:00,6,59,65.55747126436782,57,84,6,Wednesday
2347167796,2016-04-13 07:00:00,2581,185,92.24293785310735,73,120,7,Wednesday
2347167796,2016-04-13 08:00:00,1175,125,82.18708240534521,64,107,8,Wednesday
2347167796,2016-04-13 09:00:00,12,64,73.94334975369458,63,93,9,Wednesday
2347167796,2016-04-13 10:00:00,158,76,69.9275,60,88,10,Wednesday
2347167796,2016-04-13 11:00:00,59,67,69.13648293963254,57,85,11,Wednesday
2347167796,2016-04-13 12:00:00,366,97,76.13477088948787,55,158,12,Wednesday
2347167796,2016-04-13 13:00:00,1200,121,81.0228832951945,60,131,13,Wednesday
2347167796,2016-04-13 14:00:00,112,77,74.7258064516129,63,89,14,Wednesday
2347167796,2016-04-13 15:00:00,154,75,75.48426150121065,67,100,15,Wednesday
2347167796,2016-04-13 16:00:00,311,91,75.99761904761905,58,117,16,Wednesday
2347167796,2016-04-13 17:00:00,122,73,71.0935064935065,58,88,17,Wednesday
2347167796,2016-04-13 18:00:00,1280,140,85.32589285714286,70,127,18,Wednesday
2347167796,2016-04-13 19:00:00,14,63,72.14099216710183,63,87,19,Wednesday
2347167796,2016-04-13 20:00:00,489,86,74.10123456790123,56,144,20,Wednesday
2347167796,2016-04-13 21:00:00,2197,174,90.3024193548387,59,157,21,Wednesday
2347167796,2016-04-13 22:00:00,116,65,69.21652421652422,57,94,22,Wednesday
2347167796,2016-04-13 23:00:00,0,58,69.13881019830028,58,82,23,Wednesday
2347167796,2016-04-14 00:00:00,8,59,66.84545454545454,58,78,0,Thursday
2347167796,2016-04-14 01:00:00,0,58,64.77363896848138,56,81,1,Thursday
2347167796,2016-04-14 02:00:00,0,57,63.847507331378296,56,78,2,Thursday
2347167796,2016-04-14 03:00:00,0,57,65.75892857142857,61,75,3,Thursday
2347167796,2016-04-14 04:00:00,0,57,62.782467532467535,56,72,4,Thursday
2347167796,2016-04-14 05:00:00,0,57,64.07941176470588,57,87,5,Thursday
2347167796,2016-04-14 06:00:00,12,60,64.78923766816143,55,82,6,Thursday
2347167796,2016-04-14 07:00:00,2706,197,87.18181818181819,62,154,7,Thursday
2347167796,2016-04-14 08:00:00,1041,119,78.63073394495413,65,104,8,Thursday
2347167796,2016-04-14 09:00:00,264,80,75.02733485193622,62,103,9,Thursday
2347167796,2016-04-14 10:00:00,370,84,72.34814814814816,59,90,10,Thursday
2347167796,2016-04-14 11:00:00,283,82,71.13138686131387,55,92,11,Thursday
2347167796,2016-04-14 12:00:00,382,82,71.07268170426065,57,93,12,Thursday
2347167796,2016-04-14 13:00:00,2423,173,87.49141630901288,67,127,13,Thursday
2347167796,2016-04-14 14:00:00,275,86,74.87469287469287,60,90,14,Thursday
2347167796,2016-04-14 15:00:00,170,77,75.33595800524934,58,101,15,Thursday
2347167796,2016-04-14 16:00:00,117,77,72.84352078239608,62,88,16,Thursday
2347167796,2016-04-14 17:00:00,99,70,66.53284671532846,52,85,17,Thursday
2347167796,2016-04-14 18:00:00,1364,144,79.38021978021978,56,104,18,Thursday
2347167796,2016-04-14 19:00:00,137,72,72.0546875,56,110,19,Thursday
2347167796,2016-04-14 20:00:00,53,64,73.56666666666666,53,106,20,Thursday
2347167796,2016-04-14 21:00:00,305,77,74.33734939759036,61,113,21,Thursday
2347167796,2016-04-14 22:00:00,120,66,68.16231884057972,59,87,22,Thursday
2347167796,2016-04-14 23:00:00,0,57,70.972049689441,62,91,23,Thursday
2347167796,2016-04-15 00:00:00,0,57,69.08536585365853,63,80,0,Friday
2347167796,2016-04-15 01:00:00,0,57,65.13622291021672,57,84,1,Friday
2347167796,2016-04-15 02:00:00,12,60,62.52023121387283,56,76,2,Friday
2347167796,2016-04-15 03:00:00,0,57,62.46708463949843,55,85,3,Friday
2347167796,2016-04-15 04:00:00,0,57,62.83577712609971,57,80,4,Friday
2347167796,2016-04-15 05:00:00,0,57,64.47230320699708,56,86,5,Friday
2347167796,2016-04-15 06:00:00,9,59,64.69009584664536,56,81,6,Friday
2347167796,2016-04-15 07:00:00,2813,194,86.58951965065502,65,102,7,Friday
2347167796,2016-04-15 08:00:00,1077,121,78.20652173913044,63,120,8,Friday
2347167796,2016-04-15 09:00:00,291,86,72.37991266375546,57,94,9,Friday
2347167796,2016-04-15 10:00:00,51,67,71.43,59,88,10,Friday
2347167796,2016-04-15 11:00:00,146,76,71.34803921568627,60,89,11,Friday
2347167796,2016-04-15 12:00:00,259,85,72.29166666666667,57,103,12,Friday
2347167796,2016-04-15 13:00:00,359,93,76.87,60,111,13,Friday
2347167796,2016-04-15 14:00:00,131,74,71.84168865435356,58,90,14,Friday
2347167796,2016-04-15 15:00:00,15,63,66.74352331606218,55,82,15,Friday
2347167796,2016-04-15 16:00:00,323,87,71.58157894736843,59,89,16,Friday
2347167796,2016-04-15 17:00:00,73,63,64.87012987012987,55,81,17,Friday
2347167796,2016-04-15 18:00:00,2499,198,91.03358208955224,69,114,18,Friday
2347167796,2016-04-15 19:00:00,1137,174,101.34054054054054,80,136,19,Friday
2347167796,2016-04-15 20:00:00,732,118,83.07462686567165,65,113,20,Friday
2347167796,2016-04-15 21:00:00,294,91,78.41959798994975,63,110,21,Friday
2347167796,2016-04-15 22:00:00,244,86,75.36802030456853,63,94,22,Friday
2347167796,2016-04-16 07:00:00,1446,124,96.06962025316456,74,109,7,Saturday
2347167796,2016-04-16 08:00:00,5291,334,118.69273399014779,74,168,8,Saturday
2347167796,2016-04-16 09:00:00,5249,329,114.06544502617801,75,161,9,Saturday
2347167796,2016-04-16 10:00:00,468,106,85.5615763546798,70,108,10,Saturday
2347167796,2016-04-16 11:00:00,869,122,83.19213973799127,67,109,11,Saturday
2347167796,2016-04-16 12:00:00,529,100,76.50117096018735,59,101,12,Saturday
2347167796,2016-04-16 13:00:00,352,84,78.22727272727273,60,102,13,Saturday
2347167796,2016-04-16 16:00:00,0,57,103.75,102,105,16,Saturday
2347167796,2016-04-16 17:00:00,1344,160,96.44377510040161,70,131,17,Saturday
2347167796,2016-04-16 18:00:00,2139,180,95.09021113243762,71,130,18,Saturday
2347167796,2016-04-16 19:00:00,943,127,87.05381165919283,66,124,19,Saturday
2347167796,2016-04-16 20:00:00,1496,150,83.40927419354838,65,137,20,Saturday
2347167796,2016-04-16 21:00:00,1571,138,80.09375,63,120,21,Saturday
2347167796,2016-04-16 22:00:00,547,95,75.04566210045662,60,127,22,Saturday
2347167796,2016-04-16 23:00:00,0,57,67.76285714285714,58,77,23,Saturday
2347167796,2016-04-17 00:00:00,0,57,74.85344827586206,67,89,0,Sunday
2347167796,2016-04-17 01:00:00,0,57,71.38823529411765,63,89,1,Sunday
2347167796,2016-04-17 02:00:00,0,57,68.81027667984189,60,84,2,Sunday
2347167796,2016-04-17 03:00:00,0,57,67.8061224489796,61,86,3,Sunday
2347167796,2016-04-17 04:00:00,8,58,66.94508670520231,60,76,4,Sunday
2347167796,2016-04-17 05:00:00,0,57,67.36056338028169,59,88,5,Sunday
2347167796,2016-04-17 06:00:00,0,56,66.43362831858407,60,88,6,Sunday
2347167796,2016-04-17 07:00:00,20,61,63.994565217391305,56,81,7,Sunday
2347167796,2016-04-17 08:00:00,22,61,63.87658227848101,55,80,8,Sunday
2347167796,2016-04-17 09:00:00,161,73,75.43877551020408,67,90,9,Sunday
2347167796,2016-04-17 10:00:00,541,111,78.64597701149425,67,97,10,Sunday
2347167796,2016-04-17 11:00:00,1489,160,92.13779527559055,69,134,11,Sunday
2347167796,2016-04-17 12:00:00,21,62,72.86559139784946,61,84,12,Sunday
2347167796,2016-04-17 13:00:00,872,124,77.23620309050773,62,97,13,Sunday
2347167796,2016-04-17 14:00:00,578,113,76.58503401360544,66,104,14,Sunday
2347167796,2016-04-17 15:00:00,219,89,88.64402810304449,75,105,15,Sunday
2347167796,2016-04-17 16:00:00,57,74,81.06067961165049,65,105,16,Sunday
2347167796,2016-04-17 17:00:00,256,87,76.10451306413302,64,92,17,Sunday
2347167796,2016-04-17 18:00:00,495,98,80.85074626865672,69,104,18,Sunday
2347167796,2016-04-17 19:00:00,334,93,82.33413461538461,68,103,19,Sunday
2347167796,2016-04-17 20:00:00,217,84,74.97399527186761,62,91,20,Sunday
2347167796,2016-04-17 21:00:00,182,81,72.4920634920635,59,93,21,Sunday
2347167796,2016-04-17 22:00:00,0,57,74.82043343653251,67,88,22,Sunday
2347167796,2016-04-17 23:00:00,0,57,73.99079754601227,67,86,23,Sunday
2347167796,2016-04-18 00:00:00,6,59,66.84839650145773,57,88,0,Monday
2347167796,2016-04-18 01:00:00,0,57,65.95833333333333,59,75,1,Monday
2347167796,2016-04-18 02:00:00,0,57,64.57098765432099,56,82,2,Monday
2347167796,2016-04-18 03:00:00,0,57,61.83233532934132,55,80,3,Monday
2347167796,2016-04-18 04:00:00,0,57,62.66984126984127,57,98,4,Monday
2347167796,2016-04-18 05:00:00,0,57,60.51156069364162,54,76,5,Monday
2347167796,2016-04-18 06:00:00,15,60,63.42204301075269,54,84,6,Monday
2347167796,2016-04-18 07:00:00,418,95,76.62180974477958,59,104,7,Monday
2347167796,2016-04-18 08:00:00,1158,122,80.40939597315436,60,113,8,Monday
2347167796,2016-04-18 09:00:00,23,65,69.46191646191646,57,85,9,Monday
2347167796,2016-04-18 10:00:00,178,76,68.99540229885058,55,98,10,Monday
2347167796,2016-04-18 11:00:00,120,72,64.96199524940617,55,93,11,Monday
2347167796,2016-04-18 12:00:00,83,70,65.68101265822784,54,83,12,Monday
2347167796,2016-04-18 13:00:00,1439,133,74.56991525423729,53,105,13,Monday
2347167796,2016-04-18 14:00:00,606,99,78.88157894736842,57,117,14,Monday
2347167796,2016-04-18 15:00:00,147,71,69.30456852791878,53,121,15,Monday
2347167796,2016-04-18 16:00:00,175,79,73.86129753914989,56,99,16,Monday
2347167796,2016-04-18 17:00:00,92,67,69.08851674641149,56,91,17,Monday
2347167796,2016-04-18 18:00:00,1070,127,79.75621890547264,65,110,18,Monday
2347167796,2016-04-18 19:00:00,101,76,72.17520215633424,62,84,19,Monday
2347167796,2016-04-18 20:00:00,2497,207,100.83889980353635,70,134,20,Monday
2347167796,2016-04-18 21:00:00,104,67,70.63002680965147,61,89,21,Monday
2347167796,2016-04-18 22:00:00,15,60,63.205278592375365,55,78,22,Monday
2347167796,2016-04-18 23:00:00,0,57,65.40184049079754,58,75,23,Monday
2347167796,2016-04-19 00:00:00,0,57,62.46621621621622,59,71,0,Tuesday
2347167796,2016-04-19 01:00:00,0,57,62.96208530805687,56,82,1,Tuesday
2347167796,2016-04-19 02:00:00,0,57,62.205479452054796,57,80,2,Tuesday
2347167796,2016-04-19 03:00:00,0,56,64.76627218934911,58,80,3,Tuesday
2347167796,2016-04-19 04:00:00,0,57,61.477064220183486,55,81,4,Tuesday
2347167796,2016-04-19 05:00:00,20,59,60.068403908794785,53,100,5,Tuesday
2347167796,2016-04-19 06:00:00,148,66,63.645161290322584,53,102,6,Tuesday
2347167796,2016-04-19 07:00:00,291,85,76.52857142857142,62,104,7,Tuesday
2347167796,2016-04-19 08:00:00,1033,144,91.13399503722084,57,144,8,Tuesday
2347167796,2016-04-19 09:00:00,72,101,89.20485175202157,64,117,9,Tuesday
2347167796,2016-04-19 10:00:00,235,126,90.65951742627345,65,112,10,Tuesday
2347167796,2016-04-19 11:00:00,253,200,107.11506849315069,69,123,11,Tuesday
2347167796,2016-04-19 12:00:00,228,162,100.20689655172414,62,122,12,Tuesday
2347167796,2016-04-19 13:00:00,897,124,86.56608478802993,55,119,13,Tuesday
2347167796,2016-04-19 14:00:00,102,120,96.88461538461539,70,122,14,Tuesday
2347167796,2016-04-19 15:00:00,177,123,90.26448362720403,63,117,15,Tuesday
2347167796,2016-04-19 16:00:00,307,109,86.18793503480279,62,110,16,Tuesday
2347167796,2016-04-19 17:00:00,114,73,77.05053191489361,62,108,17,Tuesday
2347167796,2016-04-19 18:00:00,1170,152,87.64347826086957,64,195,18,Tuesday
2347167796,2016-04-19 19:00:00,1088,125,82.08888888888889,64,112,19,Tuesday
2347167796,2016-04-19 20:00:00,360,97,79.14355231143553,58,97,20,Tuesday
2347167796,2016-04-19 21:00:00,216,82,77.36326530612244,62,110,21,Tuesday
2347167796,2016-04-20 07:00:00,2534,199,93.8021505376344,65,161,7,Wednesday
2347167796,2016-04-20 08:00:00,1131,127,80.46827133479212,58,119,8,Wednesday
2347167796,2016-04-20 09:00:00,82,68,66.98024691358025,56,89,9,Wednesday
2347167796,2016-04-20 10:00:00,171,74,67.99295774647888,54,102,10,Wednesday
2347167796,2016-04-20 11:00:00,78,68,64.76470588235294,54,106,11,Wednesday
2347167796,2016-04-20 12:00:00,224,82,67.57033248081841,53,87,12,Wednesday
2347167796,2016-04-20 13:00:00,571,96,74.69651741293532,58,111,13,Wednesday
2347167796,2016-04-20 14:00:00,315,85,72.79318734793188,55,91,14,Wednesday
2347167796,2016-04-20 15:00:00,126,76,70.5425,61,90,15,Wednesday
2347167796,2016-04-20 16:00:00,320,89,69.68505747126437,58,95,16,Wednesday
2347167796,2016-04-20 17:00:00,544,103,72.48060344827586,55,104,17,Wednesday
2347167796,2016-04-20 18:00:00,1622,206,104.6659528907923,75,147,18,Wednesday
2347167796,2016-04-20 19:00:00,1054,141,88.1885593220339,69,110,19,Wednesday
2347167796,2016-04-20 20:00:00,1909,181,97.06666666666666,66,148,20,Wednesday
2347167796,2016-04-20 21:00:00,161,80,76.43467336683418,65,92,21,Wednesday
2347167796,2016-04-20 22:00:00,157,71,72.80508474576271,65,95,22,Wednesday
2347167796,2016-04-20 23:00:00,0,57,73.95692307692308,65,84,23,Wednesday
2347167796,2016-04-21 00:00:00,7,58,69.65281899109792,64,83,0,Thursday
2347167796,2016-04-21 01:00:00,0,57,66.84615384615384,60,83,1,Thursday
2347167796,2016-04-21 02:00:00,7,58,63.5,57,80,2,Thursday
2347167796,2016-04-21 03:00:00,0,57,65.3731778425656,58,76,3,Thursday
2347167796,2016-04-21 04:00:00,0,57,62.71919770773639,56,83,4,Thursday
2347167796,2016-04-21 05:00:00,0,57,61.52469135802469,55,85,5,Thursday
2347167796,2016-04-21 06:00:00,141,69,67.96503496503496,55,94,6,Thursday
2347167796,2016-04-21 07:00:00,257,82,77.32323232323232,66,95,7,Thursday
2347167796,2016-04-21 08:00:00,909,119,82.05345211581292,62,122,8,Thursday
2347167796,2016-04-21 09:00:00,19,63,69.21629213483146,57,84,9,Thursday
2347167796,2016-04-21 10:00:00,128,75,66.16397849462365,54,86,10,Thursday
2347167796,2016-04-21 11:00:00,140,76,66.34825870646766,58,96,11,Thursday
2347167796,2016-04-21 12:00:00,735,105,72.11270983213429,51,100,12,Thursday
2347167796,2016-04-21 13:00:00,232,82,74.51181102362204,63,93,13,Thursday
2347167796,2016-04-21 14:00:00,254,94,79.34130434782608,66,96,14,Thursday
2347167796,2016-04-21 15:00:00,89,75,75.04336734693878,64,89,15,Thursday
2347167796,2016-04-21 16:00:00,91,72,71.42647058823529,57,86,16,Thursday
2347167796,2016-04-21 17:00:00,46,67,70.32668329177058,60,93,17,Thursday
2347167796,2016-04-21 18:00:00,1361,134,79.41468682505399,56,108,18,Thursday
2347167796,2016-04-21 19:00:00,294,89,72.9618138424821,59,97,19,Thursday
2347167796,2016-04-21 20:00:00,1880,153,83.30634573304158,60,139,20,Thursday
2347167796,2016-04-21 21:00:00,3410,230,102.45540796963947,66,171,21,Thursday
2347167796,2016-04-21 22:00:00,80,65,70.72631578947369,60,86,22,Thursday
2347167796,2016-04-21 23:00:00,0,57,65.92993630573248,59,74,23,Thursday
2347167796,2016-04-22 00:00:00,0,57,73.76489028213166,67,93,0,Friday
2347167796,2016-04-22 01:00:00,0,57,69.46604938271605,58,77,1,Friday
2347167796,2016-04-22 02:00:00,0,57,65.84952978056427,56,83,2,Friday
2347167796,2016-04-22 03:00:00,0,57,63.5607476635514,59,83,3,Friday
2347167796,2016-04-22 04:00:00,38,62,64.08938547486034,58,99,4,Friday
2347167796,2016-04-22 05:00:00,10,58,60.63478260869565,55,93,5,Friday
2347167796,2016-04-22 06:00:00,13,59,63.88922155688623,56,99,6,Friday
2347167796,2016-04-22 07:00:00,3724,255,103.7034632034632,67,165,7,Friday
2347167796,2016-04-22 08:00:00,879,112,79.76712328767124,53,111,8,Friday
2347167796,2016-04-22 09:00:00,41,67,69.03457446808511,58,84,9,Friday
2347167796,2016-04-22 10:00:00,74,70,66.97587131367293,57,87,10,Friday
2347167796,2016-04-22 11:00:00,61,73,68.85318559556787,58,125,11,Friday
2347167796,2016-04-22 12:00:00,276,89,72.93866666666666,55,89,12,Friday
2347167796,2016-04-22 13:00:00,411,96,74.55979643765903,57,102,13,Friday
2347167796,2016-04-22 14:00:00,276,91,77.13801452784503,65,100,14,Friday
2347167796,2016-04-22 15:00:00,315,91,72.42821782178218,60,90,15,Friday
2347167796,2016-04-22 16:00:00,184,80,68.34642032332563,58,87,16,Friday
2347167796,2016-04-22 17:00:00,512,96,70.94343891402715,57,88,17,Friday
2347167796,2016-04-22 18:00:00,876,116,78.51143451143452,62,107,18,Friday
2347167796,2016-04-22 19:00:00,13,61,71.28493150684932,60,80,19,Friday
2347167796,2016-04-22 20:00:00,79,67,72.15949367088608,63,85,20,Friday
2347167796,2016-04-22 21:00:00,0,59,69.37435897435897,61,81,21,Friday
2347167796,2016-04-22 22:00:00,0,57,68.22192513368984,61,78,22,Friday
2347167796,2016-04-22 23:00:00,22,60,67.57824933687003,60,82,23,Friday
2347167796,2016-04-23 00:00:00,0,57,67.37903225806451,60,84,0,Saturday
2347167796,2016-04-23 01:00:00,0,57,69.68842729970326,60,88,1,Saturday
2347167796,2016-04-23 02:00:00,0,57,67.31486880466473,60,81,2,Saturday
2347167796,2016-04-23 03:00:00,4,58,61.39296187683284,55,71,3,Saturday
2347167796,2016-04-23 04:00:00,0,56,58.88392857142857,55,66,4,Saturday
2347167796,2016-04-23 05:00:00,0,57,57.55428571428571,53,78,5,Saturday
2347167796,2016-04-23 06:00:00,18,59,59.907407407407405,54,78,6,Saturday
2347167796,2016-04-23 07:00:00,150,72,90.46153846153847,75,108,7,Saturday
2347167796,2016-04-23 08:00:00,4214,301,117.5804066543438,71,157,8,Saturday
2347167796,2016-04-23 09:00:00,522,90,77.96944444444445,65,101,9,Saturday
2347167796,2016-04-23 10:00:00,825,119,83.39055793991416,66,103,10,Saturday
2347167796,2016-04-23 11:00:00,2143,218,101.88607594936708,79,130,11,Saturday
2347167796,2016-04-23 12:00:00,1056,131,91.84893617021277,74,118,12,Saturday
2347167796,2016-04-23 13:00:00,1908,211,104.49256505576209,78,133,13,Saturday
2347167796,2016-04-23 14:00:00,121,106,92.17433414043583,74,114,14,Saturday
2347167796,2016-04-23 15:00:00,99,71,74.8942065491184,62,95,15,Saturday
2347167796,2016-04-23 16:00:00,468,90,80.69555035128806,65,107,16,Saturday
2347167796,2016-04-23 17:00:00,1139,147,89.42799188640974,70,115,17,Saturday
2347167796,2016-04-23 18:00:00,1267,135,84.7107438016529,69,119,18,Saturday
2347167796,2016-04-23 19:00:00,323,109,89.73019271948608,68,112,19,Saturday
2347167796,2016-04-23 20:00:00,1603,157,89.86036960985626,60,124,20,Saturday
2347167796,2016-04-23 21:00:00,225,87,81.59058823529412,65,99,21,Saturday
2347167796,2016-04-23 22:00:00,713,114,80.99777282850779,63,97,22,Saturday
2347167796,2016-04-23 23:00:00,103,69,71.78602620087337,59,93,23,Saturday
2347167796,2016-04-24 00:00:00,0,57,74.73417721518987,70,94,0,Sunday
2347167796,2016-04-24 01:00:00,0,57,69.49025974025975,62,79,1,Sunday
2347167796,2016-04-24 02:00:00,0,57,63.003144654088054,57,80,2,Sunday
2347167796,2016-04-24 03:00:00,0,57,62.95356037151703,57,74,3,Sunday
2347167796,2016-04-24 04:00:00,0,57,62.40785498489426,56,96,4,Sunday
2347167796,2016-04-24 05:00:00,0,56,60.41297935103245,55,70,5,Sunday
2347167796,2016-04-24 06:00:00,7,58,62.43023255813954,56,82,6,Sunday
2347167796,2016-04-24 07:00:00,324,83,71.33161953727506,54,89,7,Sunday
2347167796,2016-04-24 08:00:00,1151,133,79.34381139489194,63,127,8,Sunday
2347167796,2016-04-24 09:00:00,459,103,78.84530386740332,61,109,9,Sunday
2347167796,2016-04-24 10:00:00,804,129,88.12378640776699,64,121,10,Sunday
2347167796,2016-04-24 11:00:00,1178,148,87.02564102564102,70,122,11,Sunday
2347167796,2016-04-24 12:00:00,82,71,73.50523560209425,59,117,12,Sunday
2347167796,2016-04-24 13:00:00,973,135,86.69411764705882,62,126,13,Sunday
2347167796,2016-04-24 14:00:00,256,89,77.55091383812011,61,99,14,Sunday
2347167796,2016-04-24 15:00:00,211,95,87.12886597938144,64,113,15,Sunday
2347167796,2016-04-24 16:00:00,100,79,87.93428571428572,63,104,16,Sunday
2347167796,2016-04-24 17:00:00,166,82,80.8927680798005,68,96,17,Sunday
2347167796,2016-04-24 18:00:00,738,125,83.8340909090909,67,106,18,Sunday
2347167796,2016-04-24 19:00:00,1835,180,91.828125,68,112,19,Sunday
2347167796,2016-04-24 20:00:00,697,117,82.56857855361596,69,112,20,Sunday
2347167796,2016-04-24 21:00:00,490,106,77.74047619047619,63,109,21,Sunday
2347167796,2016-04-24 22:00:00,0,57,69.72142857142858,63,86,22,Sunday
2347167796,2016-04-24 23:00:00,0,56,73.48024316109422,68,85,23,Sunday
2347167796,2016-04-25 00:00:00,0,56,69.08408408408408,61,74,0,Monday
2347167796,2016-04-25 01:00:00,0,57,64.71951219512195,58,76,1,Monday
2347167796,2016-04-25 02:00:00,10,58,63.0843023255814,56,89,2,Monday
2347167796,2016-04-25 03:00:00,0,57,61.21739130434783,54,101,3,Monday
2347167796,2016-04-25 04:00:00,0,57,61.890625,57,80,4,Monday
2347167796,2016-04-25 05:00:00,6,58,62.074285714285715,53,81,5,Monday
2347167796,2016-04-25 06:00:00,16,61,63.373937677053824,55,106,6,Monday
2347167796,2016-04-25 07:00:00,284,87,75.42565597667638,61,115,7,Monday
2347167796,2016-04-25 08:00:00,1111,127,82.75264270613108,64,111,8,Monday
2347167796,2016-04-25 09:00:00,252,81,72.88221153846153,60,93,9,Monday
2347167796,2016-04-25 10:00:00,197,81,69.25,54,87,10,Monday
2347167796,2016-04-25 11:00:00,152,72,67.8029197080292,56,91,11,Monday
2347167796,2016-04-25 12:00:00,787,107,73.89908256880734,56,99,12,Monday
2347167796,2016-04-25 13:00:00,129,73,70.15284974093264,55,101,13,Monday
2347167796,2016-04-25 14:00:00,141,83,75.37665782493369,55,91,14,Monday
2347167796,2016-04-25 15:00:00,208,83,72.55377574370709,58,94,15,Monday
2347167796,2016-04-25 16:00:00,120,75,71.12672811059907,53,92,16,Monday
2347167796,2016-04-25 17:00:00,185,82,70.04057279236277,55,89,17,Monday
2347167796,2016-04-25 18:00:00,2882,210,90.68172888015717,64,140,18,Monday
2347167796,2016-04-25 19:00:00,1953,202,101.37760910815939,64,160,19,Monday
2347167796,2016-04-25 20:00:00,429,100,78.9287356321839,68,108,20,Monday
2347167796,2016-04-25 21:00:00,165,77,77.5779376498801,70,90,21,Monday
2347167796,2016-04-25 22:00:00,455,92,77.06913580246913,63,100,22,Monday
2347167796,2016-04-25 23:00:00,0,57,74.41543026706232,68,94,23,Monday
2347167796,2016-04-26 00:00:00,0,57,73.17571884984025,68,82,0,Tuesday
2347167796,2016-04-26 01:00:00,0,57,69.41640378548895,60,83,1,Tuesday
2347167796,2016-04-26 02:00:00,0,57,65.23142857142857,59,74,2,Tuesday
2347167796,2016-04-26 03:00:00,0,57,68.6987951807229,60,79,3,Tuesday
2347167796,2016-04-26 04:00:00,0,57,67.86510263929618,59,85,4,Tuesday
2347167796,2016-04-26 05:00:00,0,57,62.927536231884055,57,81,5,Tuesday
2347167796,2016-04-26 06:00:00,178,74,68.8032345013477,55,100,6,Tuesday
2347167796,2016-04-26 07:00:00,102,72,81.09923664122137,69,122,7,Tuesday
2347167796,2016-04-26 08:00:00,909,118,79.39952718676123,62,108,8,Tuesday
2347167796,2016-04-26 09:00:00,299,81,71.95412844036697,54,105,9,Tuesday
2347167796,2016-04-26 10:00:00,138,79,69.41542288557214,55,88,10,Tuesday
2347167796,2016-04-26 11:00:00,317,85,71.0906862745098,51,112,11,Tuesday
2347167796,2016-04-26 12:00:00,322,86,69.30174563591022,55,104,12,Tuesday
2347167796,2016-04-26 13:00:00,1251,130,81.26490066225166,62,106,13,Tuesday
2347167796,2016-04-26 14:00:00,236,81,75.62469733656174,63,95,14,Tuesday
2347167796,2016-04-26 15:00:00,15,63,67.56064690026955,52,82,15,Tuesday
2347167796,2016-04-26 16:00:00,101,70,67.99491094147582,49,89,16,Tuesday
2347167796,2016-04-26 17:00:00,28,64,66.83333333333333,55,85,17,Tuesday
2347167796,2016-04-26 18:00:00,1347,143,81.47708333333334,57,107,18,Tuesday
2347167796,2016-04-26 19:00:00,293,92,77.99289099526067,63,94,19,Tuesday
2347167796,2016-04-26 20:00:00,179,82,76.06060606060606,58,99,20,Tuesday
2347167796,2016-04-26 21:00:00,233,80,73.11244019138756,61,101,21,Tuesday
2347167796,2016-04-26 22:00:00,32,62,65.94444444444444,58,81,22,Tuesday
2347167796,2016-04-26 23:00:00,0,57,66.36336336336336,60,75,23,Tuesday
2347167796,2016-04-27 00:00:00,0,57,65.42073170731707,60,72,0,Wednesday
2347167796,2016-04-27 01:00:00,0,57,62.63235294117647,55,96,1,Wednesday
2347167796,2016-04-27 02:00:00,0,57,62.097142857142856,55,81,2,Wednesday
2347167796,2016-04-27 03:00:00,0,57,61.134670487106014,55,71,3,Wednesday
2347167796,2016-04-27 04:00:00,0,57,58.44055944055944,54,74,4,Wednesday
2347167796,2016-04-27 05:00:00,0,57,59.217898832684824,53,80,5,Wednesday
2347167796,2016-04-27 06:00:00,20,60,59.612612612612615,54,72,6,Wednesday
2347167796,2016-04-27 07:00:00,169,76,84.78048780487805,57,95,7,Wednesday
2347167796,2016-04-27 08:00:00,792,106,82.33074935400516,65,116,8,Wednesday
2347167796,2016-04-27 09:00:00,239,79,76.11325301204819,51,92,9,Wednesday
2347167796,2016-04-27 10:00:00,338,88,71.73165137614679,51,91,10,Wednesday
2347167796,2016-04-27 11:00:00,212,82,69.79518072289157,60,87,11,Wednesday
2347167796,2016-04-27 12:00:00,483,92,69.47867298578198,56,109,12,Wednesday
2347167796,2016-04-27 13:00:00,267,83,71.71534653465346,58,94,13,Wednesday
2347167796,2016-04-27 14:00:00,754,114,79.19017094017094,63,111,14,Wednesday
2347167796,2016-04-27 15:00:00,184,84,75.48693586698337,58,95,15,Wednesday
2347167796,2016-04-27 16:00:00,220,83,75.321608040201,61,98,16,Wednesday
2347167796,2016-04-27 17:00:00,255,95,73.52459016393442,59,96,17,Wednesday
2347167796,2016-04-27 18:00:00,1500,148,82.2988047808765,65,105,18,Wednesday
2347167796,2016-04-27 19:00:00,4359,297,109.63039723661485,68,144,19,Wednesday
2347167796,2016-04-27 20:00:00,1204,145,87.23913043478261,68,122,20,Wednesday
2347167796,2016-04-27 21:00:00,315,94,75.9719222462203,62,101,21,Wednesday
2347167796,2016-04-27 22:00:00,112,68,74.95864661654136,60,95,22,Wednesday
2347167796,2016-04-27 23:00:00,0,59,76.64206642066421,69,109,23,Wednesday
2347167796,2016-04-28 00:00:00,10,58,72.33536585365853,64,87,0,Thursday
2347167796,2016-04-28 01:00:00,0,56,68.81395348837209,62,81,1,Thursday
2347167796,2016-04-28 02:00:00,18,61,65.03693181818181,57,85,2,Thursday
2347167796,2016-04-28 03:00:00,0,57,67.37426900584795,60,76,3,Thursday
2347167796,2016-04-28 04:00:00,0,56,68.2358208955224,61,75,4,Thursday
2347167796,2016-04-28 05:00:00,0,57,68.21387283236994,59,80,5,Thursday
2347167796,2016-04-28 06:00:00,228,77,73.09016393442623,59,97,6,Thursday
2347167796,2016-04-28 07:00:00,20,60,110.4,109,111,7,Thursday
2347167796,2016-04-28 08:00:00,1264,145,84.3076923076923,65,138,8,Thursday
2347167796,2016-04-28 09:00:00,138,77,78.61467889908256,66,105,9,Thursday
2347167796,2016-04-28 10:00:00,123,69,73.73924050632911,62,97,10,Thursday
2347167796,2016-04-28 11:00:00,481,96,74.43262411347517,55,97,11,Thursday
2347167796,2016-04-28 12:00:00,313,84,71.41666666666667,57,96,12,Thursday
2347167796,2016-04-28 13:00:00,194,78,73.45522388059702,65,92,13,Thursday
2347167796,2016-04-28 14:00:00,326,86,76.01982378854626,61,95,14,Thursday
2347167796,2016-04-28 15:00:00,283,89,77.77027027027027,59,96,15,Thursday
2347167796,2016-04-28 16:00:00,174,80,72.20956719817768,58,91,16,Thursday
2347167796,2016-04-28 17:00:00,178,79,72.6433734939759,62,91,17,Thursday
2347167796,2016-04-28 18:00:00,1067,127,83.60579064587974,64,122,18,Thursday
2347167796,2016-04-28 19:00:00,69,71,70.24096385542168,59,85,19,Thursday
2347167796,2016-04-28 20:00:00,130,79,72.29629629629629,64,89,20,Thursday
2347167796,2016-04-28 21:00:00,43,67,70.3913043478261,60,86,21,Thursday
2347167796,2016-04-28 22:00:00,380,90,77.81118881118881,61,110,22,Thursday
2347167796,2016-04-28 23:00:00,0,57,66.05211726384364,57,72,23,Thursday
2347167796,2016-04-29 00:00:00,0,57,68.07514450867052,60,83,0,Friday
2347167796,2016-04-29 01:00:00,8,58,63.54022988505747,57,79,1,Friday
2347167796,2016-04-29 02:00:00,0,57,61.391975308641975,56,82,2,Friday
2347167796,2016-04-29 03:00:00,0,57,62.68923076923077,57,80,3,Friday
2347167796,2016-04-29 04:00:00,17,59,61.6980056980057,54,85,4,Friday
2347167796,2016-04-29 05:00:00,0,57,60.67559523809524,55,84,5,Friday
4020332650,2016-04-12 00:00:00,0,83,65.94080505130229,56,79,0,Tuesday
4020332650,2016-04-12 01:00:00,0,83,63.40229226361031,53,75,1,Tuesday
4020332650,2016-04-12 02:00:00,0,83,59.93888888888889,53,65,2,Tuesday
4020332650,2016-04-12 03:00:00,0,83,61.31470230862698,53,71,3,Tuesday
4020332650,2016-04-12 04:00:00,8,85,60.85658914728682,51,81,4,Tuesday
4020332650,2016-04-12 05:00:00,0,83,59.26672535211268,49,70,5,Tuesday
4020332650,2016-04-12 06:00:00,52,94,70.2326607818411,56,88,6,Tuesday
4020332650,2016-04-12 07:00:00,190,125,78.31062124248497,56,94,7,Tuesday
4020332650,2016-04-12 08:00:00,126,119,84.02120609675282,73,99,8,Tuesday
4020332650,2016-04-12 09:00:00,740,198,87.96610169491525,69,107,9,Tuesday
4020332650,2016-04-12 10:00:00,559,178,88.09436619718309,78,108,10,Tuesday
4020332650,2016-04-12 11:00:00,886,217,86.15145368492225,78,106,11,Tuesday
4020332650,2016-04-12 12:00:00,1002,246,96.43029490616622,82,119,12,Tuesday
4020332650,2016-04-12 13:00:00,251,176,97.40222686151705,77,125,13,Tuesday
4020332650,2016-04-12 14:00:00,442,169,91.13323883770376,78,104,14,Tuesday
4020332650,2016-04-12 15:00:00,729,224,97.09829619921364,80,115,15,Tuesday
4020332650,2016-04-12 16:00:00,406,187,98.68364611260054,86,126,16,Tuesday
4020332650,2016-04-12 17:00:00,448,187,98.70806241872562,86,113,17,Tuesday
4020332650,2016-04-12 18:00:00,268,161,89.58831808585504,80,108,18,Tuesday
4020332650,2016-04-12 19:00:00,594,211,101.37066666666666,88,131,19,Tuesday
4020332650,2016-04-12 20:00:00,675,230,100.33546325878594,84,133,20,Tuesday
4020332650,2016-04-12 21:00:00,36,119,90.17219477769936,79,102,21,Tuesday
4020332650,2016-04-12 22:00:00,1077,224,93.05530973451327,79,115,22,Tuesday
4020332650,2016-04-12 23:00:00,0,83,70.0,70,70,23,Tuesday
4020332650,2016-04-14 09:00:00,17,85,87.44117647058823,65,106,9,Thursday
4020332650,2016-04-14 10:00:00,0,83,70.0,70,70,10,Thursday
4020332650,2016-04-14 13:00:00,0,83,114.41379310344827,70,133,13,Thursday
4020332650,2016-04-14 14:00:00,21,85,91.58333333333333,70,112,14,Thursday
4020332650,2016-04-14 20:00:00,0,83,111.0,70,115,20,Thursday
4020332650,2016-04-14 21:00:00,0,93,92.4995374653099,70,115,21,Thursday
4020332650,2016-04-14 22:00:00,0,83,76.91902834008097,70,84,22,Thursday
4020332650,2016-04-15 03:00:00,0,83,70.0,70,70,3,Friday
4020332650,2016-04-15 04:00:00,0,83,70.0,70,70,4,Friday
4020332650,2016-04-15 07:00:00,0,83,70.0,70,70,7,Friday
4020332650,2016-04-15 08:00:00,0,113,93.80934579439253,67,169,8,Friday
4020332650,2016-04-15 09:00:00,52,207,113.2554347826087,70,131,9,Friday
4020332650,2016-04-15 10:00:00,0,107,78.49226006191951,56,128,10,Friday
4020332650,2016-04-15 11:00:00,4,86,93.66807610993658,70,106,11,Friday
4020332650,2016-04-15 12:00:00,0,83,86.18518518518519,70,98,12,Friday
4020332650,2016-04-15 13:00:00,0,83,75.62632197414806,70,88,13,Friday
4020332650,2016-04-15 14:00:00,0,83,70.0,70,70,14,Friday
4020332650,2016-04-15 15:00:00,0,83,71.29330254041571,70,77,15,Friday
4020332650,2016-04-15 16:00:00,0,83,70.0,70,70,16,Friday
4020332650,2016-04-15 17:00:00,22,100,68.467277486911,51,122,17,Friday
4020332650,2016-04-15 18:00:00,455,147,85.29476351351352,59,123,18,Friday
4020332650,2016-04-15 19:00:00,343,182,99.84976525821597,70,143,19,Friday
4020332650,2016-04-15 20:00:00,338,118,87.59343664539654,70,137,20,Friday
4020332650,2016-04-15 21:00:00,455,306,112.25121713729308,69,191,21,Friday
4020332650,2016-04-15 22:00:00,204,263,134.22910216718267,69,191,22,Friday
4020332650,2016-04-15 23:00:00,0,247,106.58390646492434,65,134,23,Friday
4020332650,2016-04-16 00:00:00,0,148,98.45816464237517,68,143,0,Saturday
4020332650,2016-04-16 01:00:00,0,412,119.560888252149,80,142,1,Saturday
4020332650,2016-04-16 02:00:00,0,476,121.81173062997827,75,139,2,Saturday
4020332650,2016-04-16 03:00:00,0,124,85.98719879518072,62,118,3,Saturday
4020332650,2016-04-16 04:00:00,0,83,67.13157894736842,65,70,4,Saturday
4020332650,2016-04-16 07:00:00,1838,258,98.44967177242889,64,123,7,Saturday
4020332650,2016-04-16 08:00:00,13,94,88.32837670384139,70,111,8,Saturday
4020332650,2016-04-16 09:00:00,118,136,90.2668776371308,66,125,9,Saturday
4020332650,2016-04-16 10:00:00,0,83,70.0,70,70,10,Saturday
4020332650,2016-04-17 20:00:00,7,90,98.82608695652173,66,116,20,Sunday
4020332650,2016-05-02 20:00:00,167,184,104.69501226492233,70,123,20,Monday
4020332650,2016-05-02 21:00:00,127,148,95.01739788199697,84,120,21,Monday
4020332650,2016-05-02 22:00:00,110,123,87.04511278195488,69,102,22,Monday
4020332650,2016-05-02 23:00:00,61,103,78.0571245186136,66,94,23,Monday
4020332650,2016-05-03 00:00:00,0,83,71.71158008658008,58,86,0,Tuesday
4020332650,2016-05-03 01:00:00,0,83,68.80471584038695,56,91,1,Tuesday
4020332650,2016-05-03 02:00:00,0,83,64.46050321825629,54,80,2,Tuesday
4020332650,2016-05-03 03:00:00,0,83,62.541013268998796,52,81,3,Tuesday
4020332650,2016-05-03 04:00:00,48,90,63.92714377820761,52,89,4,Tuesday
4020332650,2016-05-03 05:00:00,0,85,68.6702668360864,56,78,5,Tuesday
4020332650,2016-05-03 06:00:00,0,85,67.3258064516129,57,80,6,Tuesday
4020332650,2016-05-03 07:00:00,0,84,67.81759379042691,57,83,7,Tuesday
4020332650,2016-05-03 08:00:00,230,111,73.55392809587217,61,95,8,Tuesday
4020332650,2016-05-03 09:00:00,44,107,82.47915287888816,69,101,9,Tuesday
4020332650,2016-05-03 10:00:00,0,101,82.07357859531773,71,106,10,Tuesday
4020332650,2016-05-03 11:00:00,334,134,82.14087176247631,69,102,11,Tuesday
4020332650,2016-05-03 12:00:00,17,103,78.78436657681941,68,92,12,Tuesday
4020332650,2016-05-03 13:00:00,0,99,81.77438619774387,63,95,13,Tuesday
4020332650,2016-05-03 14:00:00,53,108,82.82348043297252,70,108,14,Tuesday
4020332650,2016-05-03 15:00:00,426,168,86.30198675496689,65,113,15,Tuesday
4020332650,2016-05-03 16:00:00,883,201,91.15142150803462,73,112,16,Tuesday
4020332650,2016-05-03 17:00:00,265,164,94.0582765034098,73,113,17,Tuesday
4020332650,2016-05-03 18:00:00,651,184,99.85073409461664,66,122,18,Tuesday
4020332650,2016-05-03 19:00:00,107,96,90.11764705882354,70,99,19,Tuesday
4020332650,2016-05-03 20:00:00,303,159,89.52077747989276,68,127,20,Tuesday
4020332650,2016-05-03 21:00:00,664,174,83.90988567585742,70,109,21,Tuesday
4020332650,2016-05-03 22:00:00,410,147,83.96023856858847,71,111,22,Tuesday
4020332650,2016-05-03 23:00:00,30,94,72.37800252844501,57,86,23,Tuesday
4020332650,2016-05-04 00:00:00,0,84,69.29830706363106,57,93,0,Wednesday
4020332650,2016-05-04 01:00:00,347,132,76.14073071718539,60,98,1,Wednesday
4020332650,2016-05-04 02:00:00,0,83,66.53162179085786,55,89,2,Wednesday
4020332650,2016-05-04 03:00:00,0,83,62.83274440518257,54,76,3,Wednesday
4020332650,2016-05-04 04:00:00,0,83,58.90217391304348,49,73,4,Wednesday
4020332650,2016-05-04 05:00:00,17,85,61.5060164661178,53,147,5,Wednesday
4020332650,2016-05-04 06:00:00,0,83,62.97678916827853,53,72,6,Wednesday
4020332650,2016-05-04 07:00:00,0,84,66.2760814249364,54,91,7,Wednesday
4020332650,2016-05-04 08:00:00,272,123,73.38295318127251,57,96,8,Wednesday
4020332650,2016-05-04 09:00:00,128,115,80.40295629820051,65,112,9,Wednesday
4020332650,2016-05-04 10:00:00,222,149,94.47885572139303,78,116,10,Wednesday
4020332650,2016-05-04 11:00:00,40,120,88.21593153390388,73,105,11,Wednesday
4020332650,2016-05-04 12:00:00,592,184,93.57815442561206,75,113,12,Wednesday
4020332650,2016-05-04 13:00:00,603,188,91.74611398963731,77,139,13,Wednesday
4020332650,2016-05-04 14:00:00,567,205,93.13023560209425,74,111,14,Wednesday
4020332650,2016-05-04 15:00:00,330,162,89.26947637292464,75,112,15,Wednesday
4020332650,2016-05-04 16:00:00,1552,274,93.36573511543135,79,109,16,Wednesday
4020332650,2016-05-04 17:00:00,794,194,89.64394488759972,68,107,17,Wednesday
4020332650,2016-05-04 18:00:00,839,211,91.44321533923303,70,108,18,Wednesday
4020332650,2016-05-04 19:00:00,451,184,95.71206467661692,76,117,19,Wednesday
4020332650,2016-05-04 20:00:00,882,314,109.17418263810598,81,146,20,Wednesday
4020332650,2016-05-04 21:00:00,677,236,101.16339869281046,63,125,21,Wednesday
4020332650,2016-05-04 22:00:00,827,234,98.7796178343949,70,130,22,Wednesday
4020332650,2016-05-04 23:00:00,1054,262,101.14716006884682,85,118,23,Wednesday
4020332650,2016-05-05 00:00:00,62,109,84.2880829015544,67,101,0,Thursday
4020332650,2016-05-05 01:00:00,5,99,79.20550458715596,68,92,1,Thursday
4020332650,2016-05-05 02:00:00,0,83,70.87539332913782,54,84,2,Thursday
4020332650,2016-05-05 03:00:00,0,83,62.23049434187016,49,75,3,Thursday
4020332650,2016-05-05 04:00:00,81,99,65.45169886742173,52,97,4,Thursday
4020332650,2016-05-05 05:00:00,0,83,73.36708860759494,67,80,5,Thursday
4020332650,2016-05-05 14:00:00,373,117,98.66375545851528,70,118,14,Thursday
4020332650,2016-05-05 15:00:00,13,108,83.59828448892065,70,92,15,Thursday
4020332650,2016-05-05 16:00:00,2737,346,99.43223880597014,65,126,16,Thursday
4020332650,2016-05-05 17:00:00,689,183,89.10487641950567,64,111,17,Thursday
4020332650,2016-05-05 18:00:00,1953,316,99.0762862211709,79,126,18,Thursday
4020332650,2016-05-05 19:00:00,716,190,94.24301675977654,76,118,19,Thursday
4020332650,2016-05-05 20:00:00,980,214,95.31321260898726,78,117,20,Thursday
4020332650,2016-05-05 21:00:00,1197,246,97.1470113085622,70,118,21,Thursday
4020332650,2016-05-05 22:00:00,2192,315,95.89076644538322,85,112,22,Thursday
4020332650,2016-05-05 23:00:00,715,175,83.93718592964824,69,107,23,Thursday
4020332650,2016-05-06 00:00:00,49,100,77.1754617414248,66,92,0,Friday
4020332650,2016-05-06 01:00:00,0,83,69.09866017052376,54,81,1,Friday
4020332650,2016-05-06 02:00:00,0,83,64.60916442048517,54,76,2,Friday
4020332650,2016-05-06 03:00:00,0,84,66.13341204250295,54,94,3,Friday
4020332650,2016-05-06 04:00:00,0,83,61.39915713425647,52,75,4,Friday
4020332650,2016-05-06 05:00:00,0,83,60.36992316136114,50,72,5,Friday
4020332650,2016-05-06 06:00:00,0,83,59.14411579609818,53,75,6,Friday
4020332650,2016-05-06 07:00:00,256,119,70.1545396007727,53,99,7,Friday
4020332650,2016-05-06 08:00:00,577,158,78.41520100502512,60,99,8,Friday
4020332650,2016-05-06 09:00:00,1001,196,82.58333333333333,64,103,9,Friday
4020332650,2016-05-06 10:00:00,833,217,90.920798454604,72,116,10,Friday
4020332650,2016-05-06 11:00:00,431,166,91.25127551020408,69,107,11,Friday
4020332650,2016-05-06 12:00:00,263,143,87.87515683814304,68,101,12,Friday
4020332650,2016-05-06 13:00:00,114,112,78.16635859519408,61,96,13,Friday
4020332650,2016-05-06 14:00:00,304,131,77.99096774193548,64,98,14,Friday
4020332650,2016-05-06 15:00:00,288,136,79.68766756032171,61,107,15,Friday
4020332650,2016-05-06 16:00:00,241,147,88.68395849960096,75,102,16,Friday
4020332650,2016-05-07 08:00:00,209,118,92.44385026737967,70,106,8,Saturday
4020332650,2016-05-07 09:00:00,811,207,90.94619666048237,72,109,9,Saturday
4020332650,2016-05-07 10:00:00,106,127,89.24482512491078,80,97,10,Saturday
4020332650,2016-05-07 11:00:00,307,154,90.72945891783567,79,105,11,Saturday
4020332650,2016-05-07 12:00:00,204,128,90.67553191489361,79,115,12,Saturday
4020332650,2016-05-07 13:00:00,372,131,89.5190651906519,70,111,13,Saturday
4020332650,2016-05-07 14:00:00,101,116,85.33630573248408,67,94,14,Saturday
4020332650,2016-05-07 15:00:00,688,187,90.5376275510204,80,108,15,Saturday
4020332650,2016-05-07 16:00:00,10,103,86.55641521598969,81,97,16,Saturday
4020332650,2016-05-07 17:00:00,438,161,88.88707280832095,70,105,17,Saturday
4020332650,2016-05-07 18:00:00,199,98,85.85714285714286,64,102,18,Saturday
4020332650,2016-05-07 19:00:00,540,189,93.42389853137517,80,117,19,Saturday
4020332650,2016-05-07 20:00:00,538,128,84.99700598802396,70,96,20,Saturday
4020332650,2016-05-07 21:00:00,192,118,83.87690504103165,70,98,21,Saturday
4020332650,2016-05-07 22:00:00,290,134,86.61378413524058,77,102,22,Saturday
4020332650,2016-05-08 00:00:00,79,98,69.13101160862355,56,118,0,Sunday
4020332650,2016-05-08 01:00:00,0,83,63.0949759119064,56,88,1,Sunday
4020332650,2016-05-08 02:00:00,184,107,67.1595818815331,56,97,2,Sunday
4020332650,2016-05-08 03:00:00,0,83,63.42178940961656,54,76,3,Sunday
4020332650,2016-05-08 04:00:00,0,83,60.10769230769231,52,101,4,Sunday
4020332650,2016-05-08 05:00:00,0,83,59.258934592043154,52,73,5,Sunday
4020332650,2016-05-08 06:00:00,0,83,60.90429275158339,52,75,6,Sunday
4020332650,2016-05-08 07:00:00,149,104,68.06168831168831,51,100,7,Sunday
4020332650,2016-05-08 08:00:00,396,134,72.5877080665813,57,96,8,Sunday
4020332650,2016-05-08 09:00:00,286,147,80.36761640027797,66,100,9,Sunday
4020332650,2016-05-08 10:00:00,509,169,80.2625250501002,60,101,10,Sunday
4020332650,2016-05-08 11:00:00,493,179,90.50155763239876,77,107,11,Sunday
4020332650,2016-05-08 12:00:00,322,138,87.36251468860165,75,111,12,Sunday
4020332650,2016-05-08 13:00:00,218,120,76.80513784461152,67,104,13,Sunday
4020332650,2016-05-08 14:00:00,291,150,92.73757225433526,69,112,14,Sunday
4020332650,2016-05-08 15:00:00,422,163,93.31608478802993,70,128,15,Sunday
4020332650,2016-05-08 16:00:00,608,179,94.5468085106383,70,123,16,Sunday
4020332650,2016-05-08 17:00:00,571,186,90.32523616734143,76,107,17,Sunday
4020332650,2016-05-08 18:00:00,507,199,93.24097176625082,63,115,18,Sunday
4020332650,2016-05-08 19:00:00,348,158,88.79319546364243,70,108,19,Sunday
4020332650,2016-05-08 20:00:00,257,135,83.84095178459611,68,131,20,Sunday
4020332650,2016-05-08 21:00:00,136,120,80.98834951456311,67,107,21,Sunday
4020332650,2016-05-08 22:00:00,19,94,71.96475195822454,62,83,22,Sunday
4020332650,2016-05-08 23:00:00,17,88,68.9367469879518,58,81,23,Sunday
4020332650,2016-05-09 08:00:00,0,83,70.0,70,70,8,Monday
4020332650,2016-05-09 14:00:00,694,172,88.62214089661482,63,130,14,Monday
4020332650,2016-05-09 15:00:00,319,155,90.86403806934058,69,107,15,Monday
4020332650,2016-05-09 16:00:00,379,181,95.26385224274406,80,115,16,Monday
4020332650,2016-05-09 17:00:00,845,228,97.18721755971595,82,128,17,Monday
4020332650,2016-05-09 18:00:00,537,183,90.39712606139778,75,110,18,Monday
4020332650,2016-05-09 19:00:00,656,177,92.89911727616645,78,122,19,Monday
4020332650,2016-05-09 20:00:00,591,174,89.25212636695018,70,155,20,Monday
4020332650,2016-05-09 21:00:00,191,132,80.10768261964735,68,98,21,Monday
4020332650,2016-05-09 22:00:00,158,112,75.98571428571428,63,99,22,Monday
4020332650,2016-05-09 23:00:00,186,115,67.4439313984169,55,94,23,Monday
4020332650,2016-05-10 00:00:00,0,83,56.815247252747255,52,77,0,Tuesday
4020332650,2016-05-10 01:00:00,0,83,57.94530722484807,50,70,1,Tuesday
4020332650,2016-05-10 02:00:00,180,106,58.86849132176235,47,101,2,Tuesday
4020332650,2016-05-10 03:00:00,0,83,57.80325732899023,52,70,3,Tuesday
4020332650,2016-05-10 04:00:00,0,83,57.06740837696335,49,77,4,Tuesday
4020332650,2016-05-10 05:00:00,14,87,57.136330140014735,50,81,5,Tuesday
4020332650,2016-05-10 06:00:00,12,85,55.5761154855643,46,81,6,Tuesday
4020332650,2016-05-10 07:00:00,223,108,63.679282868525895,51,94,7,Tuesday
4020332650,2016-05-10 08:00:00,198,116,71.25290164935858,60,93,8,Tuesday
4020332650,2016-05-10 09:00:00,30,100,72.74039030159669,60,89,9,Tuesday
4020332650,2016-05-10 10:00:00,346,136,75.5247403787416,62,92,10,Tuesday
4020332650,2016-05-10 11:00:00,550,158,76.91442848219863,61,98,11,Tuesday
4020332650,2016-05-10 12:00:00,765,204,86.49589387239419,68,113,12,Tuesday
4020332650,2016-05-10 13:00:00,118,119,82.61407766990291,66,95,13,Tuesday
4020332650,2016-05-10 14:00:00,79,117,83.40514661879115,70,97,14,Tuesday
4020332650,2016-05-10 15:00:00,773,203,88.79138461538462,74,106,15,Tuesday
4020332650,2016-05-10 16:00:00,1131,220,85.7507827175955,64,104,16,Tuesday
4020332650,2016-05-10 17:00:00,557,162,84.01932773109243,64,105,17,Tuesday
4020332650,2016-05-10 18:00:00,0,83,78.29411764705883,70,87,18,Tuesday
4020332650,2016-05-10 19:00:00,155,129,116.234375,70,134,19,Tuesday
4020332650,2016-05-10 20:00:00,205,109,103.18518518518519,59,120,20,Tuesday
4020332650,2016-05-10 21:00:00,0,83,70.0,70,70,21,Tuesday
4020332650,2016-05-10 22:00:00,138,112,94.62435233160622,66,118,22,Tuesday
4020332650,2016-05-10 23:00:00,0,147,112.65848214285714,70,142,23,Tuesday
4020332650,2016-05-11 10:00:00,0,83,70.94565217391305,70,71,10,Wednesday
4020332650,2016-05-11 11:00:00,34,97,91.4659090909091,70,121,11,Wednesday
4020332650,2016-05-11 12:00:00,206,138,85.42338461538462,73,109,12,Wednesday
4020332650,2016-05-11 13:00:00,594,181,87.50593667546174,64,105,13,Wednesday
4020332650,2016-05-11 14:00:00,527,205,94.33333333333333,70,133,14,Wednesday
4020332650,2016-05-11 15:00:00,959,250,96.04264524103831,76,117,15,Wednesday
4020332650,2016-05-11 16:00:00,800,220,92.75933075933077,77,111,16,Wednesday
4020332650,2016-05-11 17:00:00,543,147,95.792656587473,84,107,17,Wednesday
4020332650,2016-05-12 11:00:00,257,123,87.04347826086956,70,99,11,Thursday
4388161847,2016-04-13 00:00:00,0,78,56.051575931232094,47,80,0,Wednesday
4388161847,2016-04-13 01:00:00,0,78,53.813813813813816,50,75,1,Wednesday
4388161847,2016-04-13 02:00:00,0,78,52.4156976744186,47,76,2,Wednesday
4388161847,2016-04-13 03:00:00,0,78,50.37758112094395,45,80,3,Wednesday
4388161847,2016-04-13 04:00:00,0,78,54.7465564738292,45,121,4,Wednesday
4388161847,2016-04-13 05:00:00,0,78,81.41769547325103,54,130,5,Wednesday
4388161847,2016-04-13 06:00:00,0,78,83.03755868544602,63,120,6,Wednesday
4388161847,2016-04-13 07:00:00,0,78,66.2,56,97,7,Wednesday
4388161847,2016-04-13 08:00:00,0,78,64.95913461538461,53,100,8,Wednesday
4388161847,2016-04-13 09:00:00,0,78,57.48266666666667,51,91,9,Wednesday
4388161847,2016-04-13 10:00:00,0,78,66.16584158415841,53,106,10,Wednesday
4388161847,2016-04-13 11:00:00,0,78,63.94117647058823,55,79,11,Wednesday
4388161847,2016-04-13 12:00:00,0,78,66.79787234042553,55,93,12,Wednesday
4388161847,2016-04-13 13:00:00,0,78,61.29255319148936,52,83,13,Wednesday
4388161847,2016-04-13 14:00:00,28,86,62.68324607329843,53,85,14,Wednesday
4388161847,2016-04-13 15:00:00,410,121,62.307106598984774,53,130,15,Wednesday
4388161847,2016-04-13 16:00:00,1100,193,73.94594594594595,53,100,16,Wednesday
4388161847,2016-04-13 17:00:00,629,163,72.95074946466809,58,95,17,Wednesday
4388161847,2016-04-13 18:00:00,1508,235,80.77938144329897,62,112,18,Wednesday
4388161847,2016-04-13 19:00:00,2118,283,84.56827309236948,62,118,19,Wednesday
4388161847,2016-04-13 20:00:00,145,100,69.92,60,98,20,Wednesday
4388161847,2016-04-14 04:00:00,11,80,77.8,76,82,4,Thursday
4388161847,2016-04-14 05:00:00,352,214,83.74170616113744,56,132,5,Thursday
4388161847,2016-04-14 06:00:00,1134,207,79.56399132321042,61,130,6,Thursday
4388161847,2016-04-14 07:00:00,157,107,69.10326086956522,56,92,7,Thursday
4388161847,2016-04-14 08:00:00,252,104,62.46701846965699,53,83,8,Thursday
4388161847,2016-04-14 09:00:00,413,119,62.236907730673316,50,107,9,Thursday
4388161847,2016-04-14 10:00:00,590,137,65.2,52,101,10,Thursday
4388161847,2016-04-14 11:00:00,434,120,64.84143222506394,52,98,11,Thursday
4388161847,2016-04-14 12:00:00,187,104,62.715025906735754,54,90,12,Thursday
4388161847,2016-04-14 13:00:00,268,110,60.28350515463917,52,83,13,Thursday
4388161847,2016-04-14 14:00:00,76,88,56.71506849315068,49,78,14,Thursday
4388161847,2016-04-14 15:00:00,475,121,59.25065274151436,48,96,15,Thursday
4388161847,2016-04-14 16:00:00,931,184,74.67425968109339,56,108,16,Thursday
4388161847,2016-04-14 17:00:00,2321,351,93.58043478260869,68,114,17,Thursday
4388161847,2016-04-14 18:00:00,284,126,69.97007481296758,57,103,18,Thursday
4388161847,2016-04-14 19:00:00,875,177,74.32374100719424,58,111,19,Thursday
4388161847,2016-04-14 20:00:00,52,91,62.410404624277454,53,79,20,Thursday
4388161847,2016-04-14 21:00:00,36,85,62.54103343465046,53,109,21,Thursday
4388161847,2016-04-14 22:00:00,15,80,60.47289156626506,55,74,22,Thursday
4388161847,2016-04-14 23:00:00,0,79,62.31347962382445,54,76,23,Thursday
4388161847,2016-04-15 00:00:00,0,78,54.6437125748503,50,72,0,Friday
4388161847,2016-04-15 01:00:00,0,79,52.976897689768975,45,71,1,Friday
4388161847,2016-04-15 02:00:00,0,79,50.53958944281525,45,73,2,Friday
4388161847,2016-04-15 03:00:00,13,80,50.308868501529055,44,67,3,Friday
4388161847,2016-04-15 04:00:00,83,94,58.36914600550964,47,115,4,Friday
4388161847,2016-04-15 05:00:00,879,204,79.87731481481481,56,104,5,Friday
4388161847,2016-04-15 06:00:00,1664,239,84.43838862559242,57,127,6,Friday
4388161847,2016-04-15 07:00:00,150,97,65.69086021505376,55,88,7,Friday
4388161847,2016-04-15 08:00:00,376,127,61.59715639810427,49,81,8,Friday
4388161847,2016-04-15 09:00:00,92,96,59.65343915343915,52,88,9,Friday
4388161847,2016-04-15 10:00:00,701,139,62.51877934272301,46,105,10,Friday
4388161847,2016-04-15 11:00:00,399,111,63.43152454780362,53,97,11,Friday
4388161847,2016-04-15 12:00:00,88,99,61.53369272237197,54,90,12,Friday
4388161847,2016-04-15 13:00:00,193,114,64.40359897172236,52,109,13,Friday
4388161847,2016-04-15 14:00:00,117,99,59.715817694369974,51,82,14,Friday
4388161847,2016-04-15 15:00:00,452,120,64.41234567901235,53,117,15,Friday
4388161847,2016-04-15 16:00:00,1100,245,84.94545454545455,57,113,16,Friday
4388161847,2016-04-15 17:00:00,430,141,69.07712765957447,57,97,17,Friday
4388161847,2016-04-15 18:00:00,510,158,71.65903307888041,55,94,18,Friday
4388161847,2016-04-15 19:00:00,261,129,74.46858638743456,58,93,19,Friday
4388161847,2016-04-15 20:00:00,110,108,72.47179487179487,63,89,20,Friday
4388161847,2016-04-15 21:00:00,360,124,74.66165413533835,63,100,21,Friday
4388161847,2016-04-15 22:00:00,387,145,79.90314136125654,70,103,22,Friday
4388161847,2016-04-15 23:00:00,393,160,82.44974874371859,69,122,23,Friday
4388161847,2016-04-16 00:00:00,0,94,74.63384615384615,67,93,0,Saturday
4388161847,2016-04-16 01:00:00,0,91,71.44,63,93,1,Saturday
4388161847,2016-04-16 02:00:00,0,89,68.21671826625386,60,90,2,Saturday
4388161847,2016-04-16 03:00:00,0,80,64.24852071005917,59,85,3,Saturday
4388161847,2016-04-16 04:00:00,17,87,66.96491228070175,60,97,4,Saturday
4388161847,2016-04-16 05:00:00,0,80,63.73684210526316,57,84,5,Saturday
4388161847,2016-04-16 06:00:00,261,139,73.3970223325062,58,114,6,Saturday
4388161847,2016-04-16 07:00:00,92,112,77.86363636363636,64,96,7,Saturday
4388161847,2016-04-16 08:00:00,1309,236,86.11818181818182,61,142,8,Saturday
4388161847,2016-04-16 09:00:00,817,207,91.45403899721448,70,108,9,Saturday
4388161847,2016-04-16 10:00:00,190,132,81.32613908872902,63,104,10,Saturday
4388161847,2016-04-16 11:00:00,434,145,77.30099502487562,61,101,11,Saturday
4388161847,2016-04-16 12:00:00,185,124,76.74932614555256,66,93,12,Saturday
4388161847,2016-04-16 13:00:00,737,183,81.25056433408578,64,104,13,Saturday
4388161847,2016-04-16 14:00:00,917,217,85.41834451901566,66,116,14,Saturday
4388161847,2016-04-16 15:00:00,383,146,77.77604166666667,69,99,15,Saturday
4388161847,2016-04-16 16:00:00,107,113,73.12290502793296,59,91,16,Saturday
4388161847,2016-04-16 17:00:00,96,117,71.5703125,62,83,17,Saturday
4388161847,2016-04-16 18:00:00,526,160,77.6945107398568,61,97,18,Saturday
4388161847,2016-04-16 19:00:00,162,122,78.17847769028872,69,94,19,Saturday
4388161847,2016-04-16 20:00:00,62,106,77.2931506849315,69,88,20,Saturday
4388161847,2016-04-16 21:00:00,273,134,74.6280193236715,58,113,21,Saturday
4388161847,2016-04-16 22:00:00,12,82,64.55485893416927,57,84,22,Saturday
4388161847,2016-04-16 23:00:00,0,79,63.67192429022082,56,70,23,Saturday
4388161847,2016-04-17 00:00:00,0,79,63.21902017291066,55,79,0,Sunday
4388161847,2016-04-17 01:00:00,0,79,62.774566473988436,57,74,1,Sunday
4388161847,2016-04-17 02:00:00,11,81,62.84240687679083,56,74,2,Sunday
4388161847,2016-04-17 03:00:00,0,79,56.98198198198198,52,82,3,Sunday
4388161847,2016-04-17 04:00:00,0,79,56.13609467455621,51,77,4,Sunday
4388161847,2016-04-17 05:00:00,7,81,56.163841807909606,49,82,5,Sunday
4388161847,2016-04-17 06:00:00,313,126,64.40409207161126,50,92,6,Sunday
4388161847,2016-04-17 07:00:00,35,100,74.53034300791556,59,91,7,Sunday
4388161847,2016-04-17 08:00:00,386,133,73.9652605459057,60,110,8,Sunday
4388161847,2016-04-17 09:00:00,735,172,75.24276169265033,61,97,9,Sunday
4388161847,2016-04-17 10:00:00,296,125,69.37128712871286,58,102,10,Sunday
4388161847,2016-04-17 11:00:00,141,108,65.6311475409836,56,85,11,Sunday
4388161847,2016-04-17 12:00:00,550,165,74.8048780487805,57,113,12,Sunday
4388161847,2016-04-17 13:00:00,51,102,71.06285714285714,59,97,13,Sunday
4388161847,2016-04-17 14:00:00,7,92,69.70487106017193,61,90,14,Sunday
4388161847,2016-04-17 15:00:00,117,94,64.03389830508475,54,80,15,Sunday
4388161847,2016-04-17 16:00:00,251,113,65.55,50,93,16,Sunday
4388161847,2016-04-17 17:00:00,324,125,65.24444444444444,53,109,17,Sunday
4388161847,2016-04-17 18:00:00,661,145,66.7408256880734,54,96,18,Sunday
4388161847,2016-04-17 19:00:00,160,102,64.80867346938776,53,89,19,Sunday
4388161847,2016-04-17 20:00:00,398,123,66.76578947368421,57,93,20,Sunday
4388161847,2016-04-17 21:00:00,52,91,64.19354838709677,55,93,21,Sunday
4388161847,2016-04-17 22:00:00,165,101,66.66539923954373,57,95,22,Sunday
4388161847,2016-04-18 06:00:00,195,103,84.8688524590164,73,98,6,Monday
4388161847,2016-04-18 07:00:00,654,149,77.84841628959276,60,109,7,Monday
4388161847,2016-04-18 08:00:00,200,114,69.45758354755785,59,91,8,Monday
4388161847,2016-04-18 09:00:00,193,107,63.60054347826087,57,88,9,Monday
4388161847,2016-04-18 10:00:00,495,121,62.50125313283208,51,93,10,Monday
4388161847,2016-04-18 11:00:00,228,116,71.7114914425428,57,88,11,Monday
4388161847,2016-04-18 12:00:00,232,112,70.08602150537635,60,104,12,Monday
4388161847,2016-04-18 13:00:00,315,114,68.1282722513089,55,104,13,Monday
4388161847,2016-04-18 14:00:00,169,104,63.40616966580977,55,80,14,Monday
4388161847,2016-04-18 15:00:00,291,111,64.05569620253165,54,98,15,Monday
4388161847,2016-04-18 16:00:00,3253,374,118.87788331071913,55,174,16,Monday
4388161847,2016-04-18 17:00:00,1914,346,107.76095947063689,69,176,17,Monday
4388161847,2016-04-18 18:00:00,871,266,91.55327102803739,74,140,18,Monday
4388161847,2016-04-18 19:00:00,558,170,82.52447552447552,65,119,19,Monday
4388161847,2016-04-18 20:00:00,1387,224,80.27292576419214,62,110,20,Monday
4388161847,2016-04-18 21:00:00,25,97,70.29651162790698,63,81,21,Monday
4388161847,2016-04-18 22:00:00,11,92,68.11016949152543,58,114,22,Monday
4388161847,2016-04-18 23:00:00,18,85,59.11345646437995,50,81,23,Monday
4388161847,2016-04-19 00:00:00,0,78,55.56891495601173,52,76,0,Tuesday
4388161847,2016-04-19 01:00:00,7,80,52.9388379204893,49,80,1,Tuesday
4388161847,2016-04-19 02:00:00,0,78,52.32380952380952,48,68,2,Tuesday
4388161847,2016-04-19 03:00:00,0,79,51.28242074927954,46,77,3,Tuesday
4388161847,2016-04-19 04:00:00,75,90,55.35294117647059,47,96,4,Tuesday
4388161847,2016-04-19 05:00:00,1717,259,85.81611570247934,55,136,5,Tuesday
4388161847,2016-04-19 06:00:00,2438,300,90.46317829457364,69,127,6,Tuesday
4388161847,2016-04-19 07:00:00,462,127,66.98533007334963,58,106,7,Tuesday
4388161847,2016-04-19 08:00:00,237,110,61.440633245382585,50,101,8,Tuesday
4388161847,2016-04-19 09:00:00,308,115,60.2780612244898,50,91,9,Tuesday
4388161847,2016-04-19 10:00:00,488,126,60.407310704960835,50,95,10,Tuesday
4388161847,2016-04-19 11:00:00,140,99,62.76781002638523,53,86,11,Tuesday
4388161847,2016-04-19 12:00:00,420,116,62.93455497382199,54,95,12,Tuesday
4388161847,2016-04-19 13:00:00,179,99,57.650273224043715,50,73,13,Tuesday
4388161847,2016-04-19 14:00:00,338,110,60.45013477088949,51,88,14,Tuesday
4388161847,2016-04-19 15:00:00,150,99,58.944954128440365,53,86,15,Tuesday
4388161847,2016-04-19 16:00:00,1053,178,72.58940397350993,52,108,16,Tuesday
4388161847,2016-04-19 17:00:00,544,153,74.83682983682984,55,95,17,Tuesday
4388161847,2016-04-19 18:00:00,391,150,72.71937639198218,56,108,18,Tuesday
4388161847,2016-04-19 19:00:00,91,106,67.71428571428571,59,84,19,Tuesday
4388161847,2016-04-19 20:00:00,553,164,75.9647577092511,63,96,20,Tuesday
4388161847,2016-04-19 21:00:00,561,134,66.08616187989556,56,85,21,Tuesday
4388161847,2016-04-19 22:00:00,23,86,61.37222222222222,54,88,22,Tuesday
4388161847,2016-04-19 23:00:00,6,80,56.567251461988306,50,77,23,Tuesday
4388161847,2016-04-20 00:00:00,0,78,53.84146341463415,48,64,0,Wednesday
4388161847,2016-04-20 01:00:00,17,83,54.84472049689441,47,83,1,Wednesday
4388161847,2016-04-20 02:00:00,0,80,52.833333333333336,48,86,2,Wednesday
4388161847,2016-04-20 03:00:00,0,79,52.798816568047336,46,79,3,Wednesday
4388161847,2016-04-20 04:00:00,13,82,54.12290502793296,47,78,4,Wednesday
4388161847,2016-04-20 05:00:00,1079,220,79.91666666666667,54,149,5,Wednesday
4388161847,2016-04-20 06:00:00,2114,300,87.7971602434077,65,145,6,Wednesday
4388161847,2016-04-20 07:00:00,257,121,66.13917525773196,56,83,7,Wednesday
4388161847,2016-04-20 08:00:00,189,103,61.35602094240838,53,83,8,Wednesday
4388161847,2016-04-20 09:00:00,122,99,59.153225806451616,52,69,9,Wednesday
4388161847,2016-04-20 10:00:00,554,135,61.556451612903224,52,89,10,Wednesday
4388161847,2016-04-20 11:00:00,162,106,63.51523545706371,53,90,11,Wednesday
4388161847,2016-04-20 12:00:00,413,121,65.5989847715736,56,94,12,Wednesday
4388161847,2016-04-20 13:00:00,344,114,64.27642276422765,54,92,13,Wednesday
4388161847,2016-04-20 14:00:00,0,83,60.07142857142857,53,70,14,Wednesday
4388161847,2016-04-20 15:00:00,334,112,61.59444444444444,55,87,15,Wednesday
4388161847,2016-04-20 16:00:00,870,168,69.54916067146283,54,101,16,Wednesday
4388161847,2016-04-20 17:00:00,1656,255,81.27586206896552,59,108,17,Wednesday
4388161847,2016-04-20 18:00:00,176,116,67.4030226700252,57,98,18,Wednesday
4388161847,2016-04-20 19:00:00,1713,222,73.69315673289184,54,105,19,Wednesday
4388161847,2016-04-20 20:00:00,440,148,69.8175355450237,58,95,20,Wednesday
4388161847,2016-04-20 21:00:00,80,94,63.50692520775623,55,82,21,Wednesday
4388161847,2016-04-20 22:00:00,20,87,61.73546511627907,54,81,22,Wednesday
4388161847,2016-04-20 23:00:00,0,79,55.43148688046647,48,77,23,Wednesday
4388161847,2016-04-21 00:00:00,0,78,54.900621118012424,52,73,0,Thursday
4388161847,2016-04-21 01:00:00,6,80,52.75,45,67,1,Thursday
4388161847,2016-04-21 02:00:00,16,83,50.03030303030303,45,67,2,Thursday
4388161847,2016-04-21 03:00:00,0,79,49.120845921450154,44,74,3,Thursday
4388161847,2016-04-21 04:00:00,0,79,49.12173913043478,42,73,4,Thursday
4388161847,2016-04-21 05:00:00,603,170,68.73275862068965,47,109,5,Thursday
4388161847,2016-04-21 06:00:00,1437,229,73.40939597315436,56,97,6,Thursday
4388161847,2016-04-21 07:00:00,325,110,62.46233766233766,52,85,7,Thursday
4388161847,2016-04-21 08:00:00,222,103,57.50997150997151,48,83,8,Thursday
4388161847,2016-04-21 09:00:00,35,91,55.76901408450704,48,67,9,Thursday
4388161847,2016-04-21 10:00:00,443,123,59.573264781491005,47,93,10,Thursday
4388161847,2016-04-21 11:00:00,249,106,60.60285714285714,51,96,11,Thursday
4388161847,2016-04-21 12:00:00,464,125,60.14016172506739,50,79,12,Thursday
4388161847,2016-04-21 13:00:00,190,101,59.73076923076923,52,89,13,Thursday
4388161847,2016-04-21 14:00:00,177,99,57.08426966292135,50,72,14,Thursday
4388161847,2016-04-21 15:00:00,195,107,60.891304347826086,52,85,15,Thursday
4388161847,2016-04-21 16:00:00,1068,183,71.72033898305085,56,110,16,Thursday
4388161847,2016-04-21 17:00:00,95,121,73.31666666666666,57,146,17,Thursday
4388161847,2016-04-21 18:00:00,1616,283,84.07625272331154,55,118,18,Thursday
4388161847,2016-04-21 19:00:00,1488,256,76.74948240165631,55,102,19,Thursday
4388161847,2016-04-21 20:00:00,1394,221,74.12437810945273,58,112,20,Thursday
4388161847,2016-04-21 21:00:00,32,87,60.48322147651007,57,68,21,Thursday
4388161847,2016-04-22 06:00:00,528,462,105.8718487394958,56,149,6,Friday
4388161847,2016-04-22 07:00:00,619,141,67.33080808080808,49,135,7,Friday
4388161847,2016-04-22 08:00:00,2503,317,87.1376673040153,61,134,8,Friday
4388161847,2016-04-22 09:00:00,2203,260,76.55555555555556,59,100,9,Friday
4388161847,2016-04-22 10:00:00,1035,186,70.479302832244,58,91,10,Friday
4388161847,2016-04-22 11:00:00,56,105,64.64322916666667,58,77,11,Friday
4388161847,2016-04-22 12:00:00,409,138,67.11675126903553,54,83,12,Friday
4388161847,2016-04-22 13:00:00,9,102,71.42934782608695,63,77,13,Friday
4388161847,2016-04-22 14:00:00,150,122,70.43147208121827,59,81,14,Friday
4388161847,2016-04-22 15:00:00,542,161,72.92230576441102,58,102,15,Friday
4388161847,2016-04-22 16:00:00,9,100,76.74631268436578,67,95,16,Friday
4388161847,2016-04-22 17:00:00,338,136,71.67045454545455,59,102,17,Friday
4388161847,2016-04-22 18:00:00,2985,321,79.98602794411178,61,123,18,Friday
4388161847,2016-04-22 19:00:00,355,129,61.370473537604454,53,81,19,Friday
4388161847,2016-04-22 20:00:00,192,109,64.57180851063829,53,85,20,Friday
4388161847,2016-04-22 21:00:00,0,93,67.28651685393258,58,79,21,Friday
4388161847,2016-04-22 22:00:00,197,108,65.09418282548476,55,93,22,Friday
4388161847,2016-04-22 23:00:00,9,84,61.973958333333336,55,73,23,Friday
4388161847,2016-04-23 00:00:00,22,83,55.969014084507045,47,78,0,Saturday
4388161847,2016-04-23 01:00:00,0,78,53.14159292035398,44,69,1,Saturday
4388161847,2016-04-23 02:00:00,0,79,54.3952802359882,48,78,2,Saturday
4388161847,2016-04-23 03:00:00,4,81,54.328402366863905,46,78,3,Saturday
4388161847,2016-04-23 04:00:00,0,79,52.664739884393065,46,73,4,Saturday
4388161847,2016-04-23 05:00:00,0,79,53.63354037267081,49,71,5,Saturday
4388161847,2016-04-23 06:00:00,42,89,56.643076923076926,47,86,6,Saturday
4388161847,2016-04-23 07:00:00,14,87,60.85970149253731,54,74,7,Saturday
4388161847,2016-04-23 08:00:00,71,96,59.44606413994169,50,70,8,Saturday
4388161847,2016-04-23 09:00:00,6,85,62.28034682080925,55,72,9,Saturday
4388161847,2016-04-23 10:00:00,829,168,70.1025641025641,51,99,10,Saturday
4388161847,2016-04-23 11:00:00,1343,197,70.73576309794989,55,107,11,Saturday
4388161847,2016-04-23 12:00:00,863,168,68.1659090909091,54,99,12,Saturday
4388161847,2016-04-23 13:00:00,2925,314,79.72504708097928,56,127,13,Saturday
4388161847,2016-04-23 14:00:00,5237,592,119.45051194539249,54,158,14,Saturday
4388161847,2016-04-23 15:00:00,575,142,65.83547008547009,52,95,15,Saturday
4388161847,2016-04-23 16:00:00,39,107,68.59909909909909,55,78,16,Saturday
4388161847,2016-04-23 17:00:00,30,109,70.65561224489795,62,82,17,Saturday
4388161847,2016-04-23 18:00:00,574,158,70.47101449275362,53,92,18,Saturday
4388161847,2016-04-23 19:00:00,181,109,63.221635883905016,46,82,19,Saturday
4388161847,2016-04-23 20:00:00,106,103,64.67560321715818,51,82,20,Saturday
4388161847,2016-04-23 21:00:00,24,84,56.45906432748538,50,70,21,Saturday
4388161847,2016-04-23 22:00:00,347,130,64.92424242424242,52,98,22,Saturday
4388161847,2016-04-23 23:00:00,4,94,66.03779069767442,58,91,23,Saturday
4388161847,2016-04-24 00:00:00,9,82,60.95762711864407,53,89,0,Sunday
4388161847,2016-04-24 01:00:00,14,83,58.523676880222844,50,73,1,Sunday
4388161847,2016-04-24 02:00:00,0,79,55.43768115942029,49,76,2,Sunday
4388161847,2016-04-24 03:00:00,9,81,55.88405797101449,50,75,3,Sunday
4388161847,2016-04-24 04:00:00,0,79,54.51735015772871,48,78,4,Sunday
4388161847,2016-04-24 05:00:00,9,81,56.252873563218394,50,76,5,Sunday
4388161847,2016-04-24 06:00:00,420,133,64.70822942643392,52,119,6,Sunday
4388161847,2016-04-24 07:00:00,22,86,61.48209366391185,52,72,7,Sunday
4388161847,2016-04-24 08:00:00,312,112,59.18441558441558,48,93,8,Sunday
4388161847,2016-04-24 09:00:00,0,79,52.06024096385542,45,60,9,Sunday
4388161847,2016-04-24 10:00:00,253,108,56.04,44,93,10,Sunday
4388161847,2016-04-24 11:00:00,72,92,59.50429799426934,53,77,11,Sunday
4388161847,2016-04-24 12:00:00,939,171,67.83807439824945,52,95,12,Sunday
4388161847,2016-04-24 13:00:00,966,187,69.93913043478261,53,100,13,Sunday
4388161847,2016-04-24 14:00:00,2228,251,71.66191446028513,51,131,14,Sunday
4388161847,2016-04-24 15:00:00,1708,216,69.48237885462555,54,139,15,Sunday
4388161847,2016-04-24 16:00:00,28,83,59.623456790123456,54,75,16,Sunday
4388161847,2016-04-24 17:00:00,0,79,56.314447592067985,49,73,17,Sunday
4388161847,2016-04-24 18:00:00,613,157,64.52554744525547,51,92,18,Sunday
4388161847,2016-04-24 19:00:00,215,108,61.71649484536083,52,83,19,Sunday
4388161847,2016-04-24 20:00:00,2235,266,74.28486055776892,56,99,20,Sunday
4388161847,2016-04-24 21:00:00,191,110,61.589333333333336,52,82,21,Sunday
4388161847,2016-04-24 22:00:00,0,81,57.49142857142857,52,66,22,Sunday
4388161847,2016-04-25 05:00:00,595,163,69.21887550200803,54,95,5,Monday
4388161847,2016-04-25 06:00:00,659,161,72.33333333333333,54,107,6,Monday
4388161847,2016-04-25 07:00:00,826,152,67.75853658536586,58,88,7,Monday
4388161847,2016-04-25 08:00:00,104,104,65.66022099447514,58,86,8,Monday
4388161847,2016-04-25 09:00:00,474,126,60.390745501285345,53,97,9,Monday
4388161847,2016-04-25 10:00:00,262,105,58.33064516129032,50,83,10,Monday
4388161847,2016-04-25 11:00:00,459,127,66.09367088607596,53,88,11,Monday
4388161847,2016-04-25 12:00:00,335,120,63.895161290322584,56,75,12,Monday
4388161847,2016-04-25 13:00:00,189,101,60.421487603305785,53,91,13,Monday
4388161847,2016-04-25 14:00:00,295,107,59.30548302872063,52,72,14,Monday
4388161847,2016-04-25 15:00:00,455,122,57.60880829015544,50,88,15,Monday
4388161847,2016-04-25 16:00:00,981,180,68.50450450450451,52,112,16,Monday
4388161847,2016-04-25 17:00:00,2238,304,87.13833992094861,55,150,17,Monday
4388161847,2016-04-25 18:00:00,667,159,71.44497607655502,51,103,18,Monday
4388161847,2016-04-25 19:00:00,1501,240,81.2299349240781,59,112,19,Monday
4388161847,2016-04-25 20:00:00,2349,309,83.82365145228216,60,114,20,Monday
4388161847,2016-04-25 21:00:00,511,144,64.34986225895317,50,108,21,Monday
4388161847,2016-04-25 22:00:00,46,90,55.37362637362637,46,97,22,Monday
4388161847,2016-04-25 23:00:00,15,83,51.33136094674556,45,72,23,Monday
4388161847,2016-04-26 00:00:00,0,79,51.79090909090909,43,69,0,Tuesday
4388161847,2016-04-26 01:00:00,0,79,53.92463768115942,47,81,1,Tuesday
4388161847,2016-04-26 02:00:00,4,80,51.32069970845481,42,61,2,Tuesday
4388161847,2016-04-26 03:00:00,11,81,53.767908309455585,44,78,3,Tuesday
4388161847,2016-04-26 04:00:00,14,84,52.455357142857146,44,71,4,Tuesday
4388161847,2016-04-26 05:00:00,838,202,76.68058455114823,52,128,5,Tuesday
4388161847,2016-04-26 06:00:00,2662,307,82.73137254901961,61,116,6,Tuesday
4388161847,2016-04-26 07:00:00,630,149,67.468671679198,54,94,7,Tuesday
4388161847,2016-04-26 08:00:00,122,101,61.19491525423729,53,78,8,Tuesday
4388161847,2016-04-26 09:00:00,407,125,59.68689320388349,49,97,9,Tuesday
4388161847,2016-04-26 10:00:00,631,139,60.50877192982456,50,85,10,Tuesday
4388161847,2016-04-26 11:00:00,383,119,63.66494845360825,56,88,11,Tuesday
4388161847,2016-04-26 12:00:00,414,131,64.7156862745098,55,86,12,Tuesday
4388161847,2016-04-26 13:00:00,279,107,60.214285714285715,49,81,13,Tuesday
4388161847,2016-04-26 14:00:00,369,118,62.99465240641711,54,86,14,Tuesday
4388161847,2016-04-26 15:00:00,435,123,60.140957446808514,53,81,15,Tuesday
4388161847,2016-04-26 16:00:00,571,131,62.28109452736319,48,104,16,Tuesday
4388161847,2016-04-26 17:00:00,1046,191,68.88025210084034,52,98,17,Tuesday
4388161847,2016-04-26 18:00:00,219,115,63.989769820971865,55,81,18,Tuesday
4388161847,2016-04-26 19:00:00,74,94,63.91340782122905,57,80,19,Tuesday
4388161847,2016-04-26 20:00:00,320,123,63.25459317585302,54,100,20,Tuesday
4388161847,2016-04-26 21:00:00,15,88,60.02332361516035,51,80,21,Tuesday
4388161847,2016-04-26 22:00:00,6,81,59.69298245614035,52,72,22,Tuesday
4388161847,2016-04-26 23:00:00,11,83,56.57865168539326,47,75,23,Tuesday
4388161847,2016-04-27 00:00:00,7,80,50.923280423280424,44,76,0,Wednesday
4388161847,2016-04-27 01:00:00,12,80,53.24425287356322,48,77,1,Wednesday
4388161847,2016-04-27 02:00:00,41,85,50.15277777777778,42,76,2,Wednesday
4388161847,2016-04-27 03:00:00,8,80,47.74924471299094,42,68,3,Wednesday
4388161847,2016-04-27 04:00:00,0,79,47.592375366568916,42,71,4,Wednesday
4388161847,2016-04-27 05:00:00,329,150,66.30648769574944,51,122,5,Wednesday
4388161847,2016-04-27 06:00:00,939,168,66.89731051344744,50,115,6,Wednesday
4388161847,2016-04-27 07:00:00,225,106,58.14247311827957,52,77,7,Wednesday
4388161847,2016-04-27 08:00:00,156,97,56.94609164420485,50,87,8,Wednesday
4388161847,2016-04-27 09:00:00,145,99,55.799457994579946,44,93,9,Wednesday
4388161847,2016-04-27 10:00:00,450,117,58.41711229946524,46,93,10,Wednesday
4388161847,2016-04-27 11:00:00,496,128,64.07226107226107,50,85,11,Wednesday
4388161847,2016-04-27 12:00:00,516,138,66.93446601941747,56,100,12,Wednesday
4388161847,2016-04-27 13:00:00,28,90,59.94736842105263,54,74,13,Wednesday
4388161847,2016-04-27 14:00:00,347,112,59.0625,53,72,14,Wednesday
4388161847,2016-04-27 15:00:00,284,112,62.56117021276596,55,84,15,Wednesday
4388161847,2016-04-27 16:00:00,856,178,70.39344262295081,53,153,16,Wednesday
4388161847,2016-04-27 17:00:00,1183,222,72.02127659574468,54,114,17,Wednesday
4388161847,2016-04-27 18:00:00,4037,398,86.19744058500915,70,117,18,Wednesday
4388161847,2016-04-27 19:00:00,447,143,67.61538461538461,57,92,19,Wednesday
4388161847,2016-04-27 20:00:00,357,123,64.43589743589743,54,84,20,Wednesday
4388161847,2016-04-27 21:00:00,304,114,62.57837837837838,53,86,21,Wednesday
4388161847,2016-04-27 22:00:00,12,86,60.85840707964602,55,82,22,Wednesday
4388161847,2016-04-27 23:00:00,14,88,60.34402332361516,49,85,23,Wednesday
4388161847,2016-04-28 00:00:00,0,79,52.78888888888889,47,72,0,Thursday
4388161847,2016-04-28 01:00:00,0,79,50.32721712538226,45,73,1,Thursday
4388161847,2016-04-28 02:00:00,10,80,47.88253012048193,41,61,2,Thursday
4388161847,2016-04-28 03:00:00,0,79,48.41741741741742,43,71,3,Thursday
4388161847,2016-04-28 04:00:00,8,80,47.76878612716763,41,75,4,Thursday
4388161847,2016-04-28 05:00:00,1305,226,74.929718875502,46,126,5,Thursday
4388161847,2016-04-28 06:00:00,2267,286,81.02448979591837,52,131,6,Thursday
4388161847,2016-04-28 07:00:00,733,150,70.37795275590551,61,85,7,Thursday
4388161847,2016-04-28 08:00:00,265,118,65.1606648199446,50,91,8,Thursday
4388161847,2016-04-28 09:00:00,52,94,55.55313351498638,44,67,9,Thursday
4388161847,2016-04-28 10:00:00,491,132,60.16627078384798,49,87,10,Thursday
4388161847,2016-04-28 11:00:00,593,136,59.8384074941452,50,85,11,Thursday
4388161847,2016-04-28 12:00:00,243,104,62.166666666666664,54,90,12,Thursday
4388161847,2016-04-28 13:00:00,301,118,61.067385444743934,53,79,13,Thursday
4388161847,2016-04-28 14:00:00,173,104,58.779369627507165,49,74,14,Thursday
4388161847,2016-04-28 15:00:00,191,103,55.98324022346369,50,70,15,Thursday
4388161847,2016-04-28 16:00:00,1251,204,73.4576802507837,55,102,16,Thursday
4388161847,2016-04-28 17:00:00,1180,196,74.37160120845921,54,109,17,Thursday
4388161847,2016-04-28 18:00:00,680,153,65.3054892601432,49,89,18,Thursday
4388161847,2016-04-28 19:00:00,178,111,63.65239294710327,53,95,19,Thursday
4388161847,2016-04-28 20:00:00,153,102,68.81497797356828,62,100,20,Thursday
4388161847,2016-04-29 05:00:00,1015,206,72.23319327731092,51,130,5,Friday
4388161847,2016-04-29 06:00:00,2168,286,81.90683229813665,61,133,6,Friday
4388161847,2016-04-29 07:00:00,795,157,66.0,53,93,7,Friday
4388161847,2016-04-29 08:00:00,178,100,58.12228260869565,49,90,8,Friday
4388161847,2016-04-29 09:00:00,242,107,58.680851063829785,50,88,9,Friday
4388161847,2016-04-29 10:00:00,306,113,59.2313829787234,50,107,10,Friday
4388161847,2016-04-29 11:00:00,210,102,57.08378378378379,44,78,11,Friday
4388161847,2016-04-29 12:00:00,355,115,58.98941798941799,47,83,12,Friday
4388161847,2016-04-29 13:00:00,316,113,61.30649350649351,53,82,13,Friday
4388161847,2016-04-29 14:00:00,543,130,65.56701030927834,54,94,14,Friday
4388161847,2016-04-29 15:00:00,25,104,72.87573964497041,66,79,15,Friday
4388161847,2016-04-29 16:00:00,44,114,72.11142061281338,62,83,16,Friday
4388161847,2016-04-29 17:00:00,894,180,68.5046511627907,57,96,17,Friday
4388161847,2016-04-29 18:00:00,726,160,67.22274881516587,55,82,18,Friday
4388161847,2016-04-29 19:00:00,162,112,64.68922305764411,54,80,19,Friday
4388161847,2016-04-29 20:00:00,946,180,70.55294117647058,58,92,20,Friday
4388161847,2016-04-29 21:00:00,45,104,66.28532608695652,58,76,21,Friday
4388161847,2016-04-29 22:00:00,246,118,66.73280423280423,54,89,22,Friday
4388161847,2016-04-29 23:00:00,16,87,61.5013698630137,54,78,23,Friday
4388161847,2016-04-30 00:00:00,6,82,60.131736526946106,51,88,0,Saturday
4388161847,2016-04-30 01:00:00,7,81,51.73076923076923,45,68,1,Saturday
4388161847,2016-04-30 02:00:00,11,82,52.88472622478386,47,76,2,Saturday
4388161847,2016-04-30 03:00:00,11,81,53.53105590062112,47,72,3,Saturday
4388161847,2016-04-30 04:00:00,0,79,55.48224852071006,49,83,4,Saturday
4388161847,2016-04-30 05:00:00,24,83,52.667605633802815,47,83,5,Saturday
4388161847,2016-04-30 06:00:00,185,103,59.45844504021448,45,95,6,Saturday
4388161847,2016-04-30 07:00:00,189,100,56.48275862068966,47,75,7,Saturday
4388161847,2016-04-30 08:00:00,0,81,56.56284153005465,49,66,8,Saturday
4388161847,2016-04-30 09:00:00,1349,211,73.89914163090128,51,104,9,Saturday
4388161847,2016-04-30 10:00:00,247,126,68.77694235588973,54,97,10,Saturday
4388161847,2016-04-30 11:00:00,2916,366,87.44375,62,113,11,Saturday
4388161847,2016-04-30 12:00:00,2355,313,82.119918699187,55,106,12,Saturday
4388161847,2016-04-30 13:00:00,1073,203,72.45190156599553,59,105,13,Saturday
4388161847,2016-04-30 14:00:00,35,84,58.94428969359331,54,74,14,Saturday
4388161847,2016-04-30 15:00:00,134,97,60.05,54,76,15,Saturday
4388161847,2016-04-30 16:00:00,1016,181,69.83177570093459,53,113,16,Saturday
4388161847,2016-04-30 17:00:00,269,111,60.52429667519181,51,77,17,Saturday
4388161847,2016-04-30 18:00:00,746,168,66.91981132075472,53,93,18,Saturday
4388161847,2016-04-30 19:00:00,328,117,63.997416020671835,53,94,19,Saturday
4388161847,2016-04-30 20:00:00,1245,233,74.73650107991361,52,112,20,Saturday
4388161847,2016-04-30 21:00:00,353,135,64.34715025906736,54,95,21,Saturday
4388161847,2016-04-30 22:00:00,11,83,56.377300613496935,49,73,22,Saturday
4388161847,2016-04-30 23:00:00,23,84,54.450581395348834,49,78,23,Saturday
4388161847,2016-05-01 00:00:00,20,81,56.34743202416919,50,74,0,Sunday
4388161847,2016-05-01 01:00:00,51,89,51.87896253602305,43,79,1,Sunday
4388161847,2016-05-01 02:00:00,0,78,49.208955223880594,44,74,2,Sunday
4388161847,2016-05-01 03:00:00,5,81,49.9080459770115,43,73,3,Sunday
4388161847,2016-05-01 04:00:00,0,78,46.94311377245509,40,70,4,Sunday
4388161847,2016-05-01 05:00:00,0,78,48.0932944606414,42,80,5,Sunday
4388161847,2016-05-01 06:00:00,0,79,47.69436201780415,42,75,6,Sunday
4388161847,2016-05-01 07:00:00,21,83,49.020114942528735,42,82,7,Sunday
4388161847,2016-05-01 08:00:00,2564,273,69.28861788617886,42,103,8,Sunday
4388161847,2016-05-01 09:00:00,201,109,61.142857142857146,53,78,9,Sunday
4388161847,2016-05-01 10:00:00,1238,186,65.93765586034912,52,98,10,Sunday
4388161847,2016-05-01 11:00:00,846,165,68.25510204081633,52,98,11,Sunday
4388161847,2016-05-01 12:00:00,914,176,69.79404466501241,54,92,12,Sunday
4388161847,2016-05-01 13:00:00,904,170,67.86524822695036,54,92,13,Sunday
4388161847,2016-05-01 14:00:00,21,83,57.57657657657658,53,78,14,Sunday
4388161847,2016-05-01 15:00:00,1214,202,72.11915887850468,51,100,15,Sunday
4388161847,2016-05-01 16:00:00,362,114,65.13498622589532,57,95,16,Sunday
4388161847,2016-05-01 17:00:00,477,141,71.87108013937282,59,102,17,Sunday
4388161847,2016-05-01 18:00:00,142,114,68.64050632911392,60,90,18,Sunday
4388161847,2016-05-01 19:00:00,831,168,68.65402843601896,52,105,19,Sunday
4388161847,2016-05-01 20:00:00,181,106,58.310526315789474,48,85,20,Sunday
4388161847,2016-05-01 21:00:00,78,94,55.52861035422343,50,69,21,Sunday
4388161847,2016-05-01 22:00:00,185,100,53.26724137931034,44,80,22,Sunday
4388161847,2016-05-01 23:00:00,0,78,52.88636363636363,47,66,23,Sunday
4388161847,2016-05-02 00:00:00,73,94,56.862637362637365,48,117,0,Monday
4388161847,2016-05-02 01:00:00,9,81,56.15405405405406,50,74,1,Monday
4388161847,2016-05-02 02:00:00,0,79,53.59171597633136,45,79,2,Monday
4388161847,2016-05-02 03:00:00,0,79,50.353115727002965,45,80,3,Monday
4388161847,2016-05-02 04:00:00,0,78,48.61492537313433,43,65,4,Monday
4388161847,2016-05-02 05:00:00,137,99,55.52873563218391,47,82,5,Monday
4388161847,2016-05-02 06:00:00,712,182,75.03703703703704,59,110,6,Monday
4388161847,2016-05-02 07:00:00,698,152,71.075,56,109,7,Monday
4388161847,2016-05-02 08:00:00,130,103,61.950413223140494,54,74,8,Monday
4388161847,2016-05-02 09:00:00,201,103,57.5427807486631,49,79,9,Monday
4388161847,2016-05-02 10:00:00,411,115,57.744791666666664,49,103,10,Monday
4388161847,2016-05-02 11:00:00,231,106,60.22911051212938,52,99,11,Monday
4388161847,2016-05-02 12:00:00,437,117,60.40163934426229,53,97,12,Monday
4388161847,2016-05-02 13:00:00,201,109,62.26586102719033,55,82,13,Monday
4388161847,2016-05-02 14:00:00,139,98,60.58083832335329,54,68,14,Monday
4388161847,2016-05-02 15:00:00,180,99,58.77437325905292,53,106,15,Monday
4388161847,2016-05-02 16:00:00,915,182,71.98300970873787,54,116,16,Monday
4388161847,2016-05-02 17:00:00,665,161,70.70617283950617,55,106,17,Monday
4388161847,2016-05-02 18:00:00,4273,536,115.71624266144813,61,180,18,Monday
4388161847,2016-05-02 19:00:00,322,176,86.46731234866829,62,105,19,Monday
4388161847,2016-05-02 20:00:00,181,123,68.68170426065163,54,101,20,Monday
4388161847,2016-05-02 21:00:00,181,118,72.18677042801556,55,114,21,Monday
4388161847,2016-05-03 05:00:00,1620,310,91.44421906693712,56,135,5,Tuesday
4388161847,2016-05-03 06:00:00,2252,280,81.03340292275574,58,114,6,Tuesday
4388161847,2016-05-03 07:00:00,457,129,64.512077294686,53,99,7,Tuesday
4388161847,2016-05-03 08:00:00,255,109,60.605194805194806,50,88,8,Tuesday
4388161847,2016-05-03 09:00:00,530,133,63.81472684085511,53,109,9,Tuesday
4388161847,2016-05-03 10:00:00,232,107,60.4632911392405,51,75,10,Tuesday
4388161847,2016-05-03 11:00:00,403,121,63.506702412868634,53,90,11,Tuesday
4388161847,2016-05-03 12:00:00,513,129,63.51030927835052,44,78,12,Tuesday
4388161847,2016-05-03 13:00:00,91,99,60.14835164835165,53,75,13,Tuesday
4388161847,2016-05-03 14:00:00,257,106,57.84022038567493,50,86,14,Tuesday
4388161847,2016-05-03 15:00:00,195,104,58.97843665768194,50,91,15,Tuesday
4388161847,2016-05-03 16:00:00,941,184,67.22871046228711,48,106,16,Tuesday
4388161847,2016-05-03 17:00:00,1139,217,71.40401785714286,48,103,17,Tuesday
4388161847,2016-05-03 18:00:00,1968,283,80.63026819923371,56,117,18,Tuesday
4388161847,2016-05-03 19:00:00,1228,197,72.9841986455982,54,101,19,Tuesday
4388161847,2016-05-03 20:00:00,325,123,58.89922480620155,50,88,20,Tuesday
4388161847,2016-05-03 21:00:00,313,109,55.83464566929134,46,83,21,Tuesday
4388161847,2016-05-03 22:00:00,0,79,56.52298850574713,50,73,22,Tuesday
4388161847,2016-05-03 23:00:00,8,80,56.75423728813559,48,74,23,Tuesday
4388161847,2016-05-04 00:00:00,12,82,51.05397727272727,45,79,0,Wednesday
4388161847,2016-05-04 01:00:00,0,79,52.24781341107872,43,70,1,Wednesday
4388161847,2016-05-04 02:00:00,49,90,50.73699421965318,42,86,2,Wednesday
4388161847,2016-05-04 03:00:00,0,78,47.69969040247678,43,61,3,Wednesday
4388161847,2016-05-04 04:00:00,0,79,47.87976539589443,43,72,4,Wednesday
4388161847,2016-05-04 05:00:00,803,170,68.13181818181818,45,120,5,Wednesday
4388161847,2016-05-04 06:00:00,1720,254,80.88984881209504,61,104,6,Wednesday
4388161847,2016-05-04 07:00:00,707,136,61.39637305699482,52,87,7,Wednesday
4388161847,2016-05-04 08:00:00,216,105,56.62397820163488,48,80,8,Wednesday
4388161847,2016-05-04 09:00:00,391,124,59.573170731707314,49,94,9,Wednesday
4388161847,2016-05-04 10:00:00,554,126,58.648293963254595,46,105,10,Wednesday
4388161847,2016-05-04 11:00:00,420,125,65.08587257617728,55,90,11,Wednesday
4388161847,2016-05-04 12:00:00,537,138,65.90526315789474,55,99,12,Wednesday
4388161847,2016-05-04 13:00:00,188,109,61.659279778393355,55,73,13,Wednesday
4388161847,2016-05-04 14:00:00,223,105,54.837465564738295,48,71,14,Wednesday
4388161847,2016-05-04 15:00:00,161,98,59.12215909090909,51,77,15,Wednesday
4388161847,2016-05-04 16:00:00,1022,200,69.47566371681415,54,102,16,Wednesday
4388161847,2016-05-04 17:00:00,3803,392,85.40645161290323,54,126,17,Wednesday
4388161847,2016-05-04 18:00:00,764,172,72.6219512195122,53,112,18,Wednesday
4388161847,2016-05-04 19:00:00,370,124,59.6265664160401,48,90,19,Wednesday
4388161847,2016-05-04 20:00:00,371,125,62.95873786407767,50,89,20,Wednesday
4388161847,2016-05-04 21:00:00,0,80,59.43342776203966,52,87,21,Wednesday
4388161847,2016-05-04 22:00:00,64,92,59.41618497109827,52,90,22,Wednesday
4388161847,2016-05-04 23:00:00,0,79,56.41256830601093,47,85,23,Wednesday
4388161847,2016-05-05 00:00:00,0,79,51.03550295857988,44,76,0,Thursday
4388161847,2016-05-05 01:00:00,0,78,52.05696202531646,45,79,1,Thursday
4388161847,2016-05-05 02:00:00,11,81,52.575,45,75,2,Thursday
4388161847,2016-05-05 03:00:00,36,95,53.27089337175793,42,121,3,Thursday
4388161847,2016-05-05 04:00:00,0,79,49.42388059701493,42,77,4,Thursday
4388161847,2016-05-05 05:00:00,582,156,68.24468085106383,50,114,5,Thursday
4388161847,2016-05-05 06:00:00,2160,275,81.96095444685466,57,123,6,Thursday
4388161847,2016-05-05 07:00:00,488,125,60.38659793814433,51,92,7,Thursday
4388161847,2016-05-05 08:00:00,381,118,58.92731829573935,47,85,8,Thursday
4388161847,2016-05-05 09:00:00,44,88,53.1586402266289,46,63,9,Thursday
4388161847,2016-05-05 10:00:00,408,113,56.797402597402595,46,88,10,Thursday
4388161847,2016-05-05 11:00:00,344,111,62.968831168831166,54,106,11,Thursday
4388161847,2016-05-05 12:00:00,557,128,60.910994764397905,47,98,12,Thursday
4388161847,2016-05-05 13:00:00,130,94,57.182072829131656,47,72,13,Thursday
4388161847,2016-05-05 14:00:00,241,106,55.526881720430104,47,76,14,Thursday
4388161847,2016-05-05 15:00:00,416,119,57.869680851063826,48,91,15,Thursday
4388161847,2016-05-05 16:00:00,1259,229,73.55862068965517,53,114,16,Thursday
4388161847,2016-05-05 17:00:00,1388,225,75.70794392523365,57,101,17,Thursday
4388161847,2016-05-05 18:00:00,387,121,60.248704663212436,50,83,18,Thursday
4388161847,2016-05-05 19:00:00,534,135,61.11835748792271,48,94,19,Thursday
4388161847,2016-05-05 20:00:00,237,110,68.51818181818182,54,90,20,Thursday
4388161847,2016-05-06 03:00:00,263,119,64.73913043478261,47,109,3,Friday
4388161847,2016-05-06 04:00:00,441,141,66.52847380410023,51,100,4,Friday
4388161847,2016-05-06 05:00:00,2844,390,95.21564885496183,51,151,5,Friday
4388161847,2016-05-06 06:00:00,1560,225,74.73903002309468,56,104,6,Friday
4388161847,2016-05-06 07:00:00,712,143,65.26600985221675,53,106,7,Friday
4388161847,2016-05-06 08:00:00,213,108,57.811023622047244,49,72,8,Friday
4388161847,2016-05-06 09:00:00,258,113,59.85569620253165,52,78,9,Friday
4388161847,2016-05-06 10:00:00,787,156,62.95497630331754,53,114,10,Friday
4388161847,2016-05-06 11:00:00,302,114,63.38935574229692,53,87,11,Friday
4388161847,2016-05-06 12:00:00,255,118,65.43264248704664,53,91,12,Friday
4388161847,2016-05-06 13:00:00,158,99,59.600558659217874,53,80,13,Friday
4388161847,2016-05-06 14:00:00,211,104,57.905817174515235,50,78,14,Friday
4388161847,2016-05-06 15:00:00,430,124,58.91076115485564,50,89,15,Friday
4388161847,2016-05-06 16:00:00,524,150,74.0997375328084,60,88,16,Friday
4388161847,2016-05-06 17:00:00,19,122,78.53908355795149,68,107,17,Friday
4388161847,2016-05-06 18:00:00,442,148,73.2005076142132,59,100,18,Friday
4388161847,2016-05-06 19:00:00,92,115,72.65454545454546,59,83,19,Friday
4388161847,2016-05-06 20:00:00,2715,339,83.41733870967742,61,114,20,Friday
4388161847,2016-05-06 21:00:00,936,181,72.17798594847775,59,103,21,Friday
4388161847,2016-05-06 22:00:00,13,92,62.997142857142855,55,83,22,Friday
4388161847,2016-05-06 23:00:00,0,88,62.88622754491018,54,81,23,Friday
4388161847,2016-05-07 00:00:00,6,82,58.256493506493506,52,83,0,Saturday
4388161847,2016-05-07 01:00:00,26,86,57.3421052631579,53,77,1,Saturday
4388161847,2016-05-07 02:00:00,0,80,58.370370370370374,51,80,2,Saturday
4388161847,2016-05-07 03:00:00,0,79,54.05507246376811,45,75,3,Saturday
4388161847,2016-05-07 04:00:00,0,79,51.83229813664596,46,68,4,Saturday
4388161847,2016-05-07 05:00:00,0,79,50.62280701754386,43,80,5,Saturday
4388161847,2016-05-07 06:00:00,0,78,48.69117647058823,44,65,6,Saturday
4388161847,2016-05-07 07:00:00,4,80,48.671469740634,41,78,7,Saturday
4388161847,2016-05-07 08:00:00,947,161,63.073417721518986,45,97,8,Saturday
4388161847,2016-05-07 09:00:00,3345,330,80.96598639455782,57,108,9,Saturday
4388161847,2016-05-07 10:00:00,650,155,67.2021978021978,54,100,10,Saturday
4388161847,2016-05-07 11:00:00,1972,284,81.01273885350318,53,144,11,Saturday
4388161847,2016-05-07 12:00:00,4167,436,93.17692307692307,59,153,12,Saturday
4388161847,2016-05-07 13:00:00,695,184,75.24256292906179,57,107,13,Saturday
4388161847,2016-05-07 14:00:00,0,87,63.631736526946106,56,76,14,Saturday
4388161847,2016-05-07 15:00:00,149,92,58.66381766381766,50,89,15,Saturday
4388161847,2016-05-07 16:00:00,3735,394,88.47727272727273,56,129,16,Saturday
4388161847,2016-05-07 17:00:00,1838,279,82.28265524625267,60,118,17,Saturday
4388161847,2016-05-07 18:00:00,676,155,67.52413793103449,47,101,18,Saturday
4388161847,2016-05-07 19:00:00,1853,226,64.63948497854078,50,100,19,Saturday
4388161847,2016-05-07 20:00:00,1991,252,68.25754527162978,48,90,20,Saturday
4388161847,2016-05-07 21:00:00,413,139,62.15384615384615,49,83,21,Saturday
4388161847,2016-05-07 22:00:00,287,122,61.10582010582011,49,85,22,Saturday
4388161847,2016-05-07 23:00:00,16,83,54.6,49,67,23,Saturday
4388161847,2016-05-08 00:00:00,10,81,53.33762886597938,49,74,0,Sunday
4388161847,2016-05-08 01:00:00,0,79,51.65028901734104,43,69,1,Sunday
4388161847,2016-05-08 02:00:00,9,80,52.41543026706231,44,69,2,Sunday
4388161847,2016-05-08 03:00:00,0,79,51.0606936416185,46,75,3,Sunday
4388161847,2016-05-08 04:00:00,0,79,50.68838526912181,44,79,4,Sunday
4388161847,2016-05-08 05:00:00,0,79,50.28709677419355,44,73,5,Sunday
4388161847,2016-05-08 06:00:00,0,79,49.865329512893986,44,74,6,Sunday
4388161847,2016-05-08 07:00:00,0,79,48.265306122448976,43,80,7,Sunday
4388161847,2016-05-08 08:00:00,292,110,56.43654822335025,44,94,8,Sunday
4388161847,2016-05-08 09:00:00,304,113,54.566326530612244,46,77,9,Sunday
4388161847,2016-05-08 10:00:00,2772,361,120.90789473684211,59,167,10,Sunday
4388161847,2016-05-08 11:00:00,0,92,65.89910979228486,56,83,11,Sunday
4388161847,2016-05-08 12:00:00,393,129,63.75773195876289,53,98,12,Sunday
4388161847,2016-05-08 13:00:00,3075,417,107.54809843400447,57,166,13,Sunday
4388161847,2016-05-08 14:00:00,1304,271,88.56892778993435,67,117,14,Sunday
4388161847,2016-05-08 15:00:00,381,153,75.32932692307692,64,111,15,Sunday
4388161847,2016-05-08 16:00:00,133,123,69.29186602870813,61,81,16,Sunday
4388161847,2016-05-08 17:00:00,951,208,72.81699346405229,53,101,17,Sunday
4388161847,2016-05-08 18:00:00,256,138,71.29475982532752,61,106,18,Sunday
4388161847,2016-05-08 19:00:00,4770,567,127.35222222222222,51,171,19,Sunday
4388161847,2016-05-08 20:00:00,2503,366,94.37575757575758,63,141,20,Sunday
4388161847,2016-05-08 21:00:00,145,96,63.95945945945946,53,76,21,Sunday
4388161847,2016-05-09 05:00:00,611,167,69.09241706161137,52,104,5,Monday
4388161847,2016-05-09 06:00:00,1558,260,80.59101123595505,57,140,6,Monday
4388161847,2016-05-09 07:00:00,556,126,61.18279569892473,53,94,7,Monday
4388161847,2016-05-09 08:00:00,223,109,58.911458333333336,51,79,8,Monday
4388161847,2016-05-09 09:00:00,269,107,59.1123595505618,53,75,9,Monday
4388161847,2016-05-09 10:00:00,319,114,60.56836461126005,48,89,10,Monday
4388161847,2016-05-09 11:00:00,373,113,61.236467236467234,53,89,11,Monday
4388161847,2016-05-09 12:00:00,373,119,59.729222520107236,52,81,12,Monday
4388161847,2016-05-09 13:00:00,198,106,59.353932584269664,53,78,13,Monday
4388161847,2016-05-09 14:00:00,117,99,57.83519553072626,52,73,14,Monday
4388161847,2016-05-09 15:00:00,372,114,56.739583333333336,47,78,15,Monday
4388161847,2016-05-09 16:00:00,914,177,66.5055928411633,50,104,16,Monday
4388161847,2016-05-09 17:00:00,953,196,73.6810551558753,53,104,17,Monday
4388161847,2016-05-09 18:00:00,989,186,74.29910714285714,51,97,18,Monday
4388161847,2016-05-09 19:00:00,2188,274,77.36666666666666,54,123,19,Monday
4388161847,2016-05-09 20:00:00,119,98,62.00289855072464,55,88,20,Monday
4388161847,2016-05-09 21:00:00,43,87,58.62397820163488,50,90,21,Monday
4388161847,2016-05-09 22:00:00,28,88,54.943005181347154,47,80,22,Monday
4388161847,2016-05-09 23:00:00,15,82,50.87613293051359,44,65,23,Monday
4388161847,2016-05-10 00:00:00,8,80,50.48231511254019,44,70,0,Tuesday
4388161847,2016-05-10 01:00:00,0,79,47.311764705882354,42,70,1,Tuesday
4388161847,2016-05-10 02:00:00,8,80,47.58479532163743,41,69,2,Tuesday
4388161847,2016-05-10 03:00:00,12,81,46.510510510510514,41,75,3,Tuesday
4388161847,2016-05-10 04:00:00,0,79,44.92261904761905,41,61,4,Tuesday
4388161847,2016-05-10 05:00:00,1887,273,80.03180914512923,43,116,5,Tuesday
4388161847,2016-05-10 06:00:00,1533,248,80.03541666666666,59,121,6,Tuesday
4388161847,2016-05-10 07:00:00,336,127,63.8987012987013,55,84,7,Tuesday
4388161847,2016-05-10 08:00:00,920,161,62.09313725490196,51,85,8,Tuesday
4388161847,2016-05-10 09:00:00,36,105,64.19506172839506,52,73,9,Tuesday
4388161847,2016-05-10 10:00:00,285,129,65.90602409638554,53,76,10,Tuesday
4388161847,2016-05-10 11:00:00,586,142,67.43287671232876,54,87,11,Tuesday
4388161847,2016-05-10 12:00:00,248,112,59.21333333333333,53,72,12,Tuesday
4388161847,2016-05-10 13:00:00,416,119,57.80628272251309,48,79,13,Tuesday
4388161847,2016-05-10 14:00:00,126,95,56.53072625698324,48,77,14,Tuesday
4388161847,2016-05-10 15:00:00,295,112,55.39787798408488,46,75,15,Tuesday
4388161847,2016-05-10 16:00:00,76,97,55.15659340659341,48,71,16,Tuesday
4388161847,2016-05-10 17:00:00,1078,195,68.41845493562232,48,110,17,Tuesday
4388161847,2016-05-10 18:00:00,721,176,69.74592074592074,55,87,18,Tuesday
4388161847,2016-05-10 19:00:00,1430,212,71.49469214437367,55,95,19,Tuesday
4388161847,2016-05-10 20:00:00,298,120,61.635897435897434,52,88,20,Tuesday
4388161847,2016-05-10 21:00:00,0,79,56.71919770773639,50,73,21,Tuesday
4388161847,2016-05-10 22:00:00,0,79,54.943820224719104,47,75,22,Tuesday
4388161847,2016-05-10 23:00:00,0,79,54.68985507246377,47,75,23,Tuesday
4388161847,2016-05-11 00:00:00,0,79,54.17785234899329,48,70,0,Wednesday
4388161847,2016-05-11 01:00:00,0,79,50.1,43,68,1,Wednesday
4388161847,2016-05-11 02:00:00,0,79,47.754658385093165,42,73,2,Wednesday
4388161847,2016-05-11 03:00:00,0,79,46.078947368421055,40,72,3,Wednesday
4388161847,2016-05-11 04:00:00,4,80,46.72025723472669,41,72,4,Wednesday
4388161847,2016-05-11 05:00:00,591,162,66.53379953379954,44,125,5,Wednesday
4388161847,2016-05-11 06:00:00,1938,266,81.55555555555556,60,114,6,Wednesday
4388161847,2016-05-11 07:00:00,747,142,62.07216494845361,52,96,7,Wednesday
4388161847,2016-05-11 08:00:00,364,119,57.455012853470436,44,84,8,Wednesday
4388161847,2016-05-11 09:00:00,175,99,55.260989010989015,44,75,9,Wednesday
4388161847,2016-05-11 10:00:00,642,140,56.589073634204276,46,93,10,Wednesday
4388161847,2016-05-11 11:00:00,252,108,60.617414248021106,50,79,11,Wednesday
4388161847,2016-05-11 12:00:00,566,133,62.54862842892768,52,93,12,Wednesday
4388161847,2016-05-11 13:00:00,458,122,59.11825192802056,52,77,13,Wednesday
4388161847,2016-05-11 14:00:00,147,100,54.939655172413794,47,69,14,Wednesday
4388161847,2016-05-11 15:00:00,365,121,55.440806045340054,45,76,15,Wednesday
4388161847,2016-05-11 16:00:00,1050,177,65.2719298245614,50,106,16,Wednesday
4388161847,2016-05-11 17:00:00,1280,216,69.16913319238901,50,112,17,Wednesday
4388161847,2016-05-11 18:00:00,310,119,59.73778920308483,50,83,18,Wednesday
4388161847,2016-05-11 19:00:00,688,162,66.80378250591016,49,95,19,Wednesday
4388161847,2016-05-11 20:00:00,624,138,63.17528735632184,50,101,20,Wednesday
4388161847,2016-05-12 06:00:00,161,104,78.01010101010101,62,99,6,Thursday
4388161847,2016-05-12 07:00:00,594,164,68.63875598086125,53,136,7,Thursday
4388161847,2016-05-12 08:00:00,120,101,57.908839779005525,49,84,8,Thursday
4388161847,2016-05-12 09:00:00,186,107,55.096256684491976,44,70,9,Thursday
4388161847,2016-05-12 10:00:00,182,101,54.92837465564738,46,76,10,Thursday
4388161847,2016-05-12 11:00:00,398,120,60.577127659574465,47,97,11,Thursday
4388161847,2016-05-12 12:00:00,799,157,63.71599045346062,49,92,12,Thursday
4388161847,2016-05-12 13:00:00,326,114,58.20108695652174,48,83,13,Thursday
4388161847,2016-05-12 14:00:00,313,117,57.462765957446805,46,82,14,Thursday
4558609924,2016-04-12 06:00:00,151,70,79.93693693693693,68,92,6,Tuesday
4558609924,2016-04-12 07:00:00,208,78,76.45812807881774,61,93,7,Tuesday
4558609924,2016-04-12 08:00:00,163,76,72.70379746835442,60,87,8,Tuesday
4558609924,2016-04-12 09:00:00,514,112,81.86666666666666,68,98,9,Tuesday
4558609924,2016-04-12 10:00:00,526,109,74.93946188340807,64,86,10,Tuesday
4558609924,2016-04-12 11:00:00,397,97,72.66759002770083,60,87,11,Tuesday
4558609924,2016-04-12 12:00:00,230,81,68.56,57,87,12,Tuesday
4558609924,2016-04-12 13:00:00,277,89,73.83375959079284,60,98,13,Tuesday
4558609924,2016-04-12 14:00:00,561,109,79.31511254019293,64,94,14,Tuesday
4558609924,2016-04-12 15:00:00,24,59,74.31666666666666,66,88,15,Tuesday
4558609924,2016-04-12 16:00:00,684,122,80.82560706401766,66,99,16,Tuesday
4558609924,2016-04-12 17:00:00,402,105,83.49677419354839,66,104,17,Tuesday
4558609924,2016-04-12 18:00:00,398,108,82.39810426540285,70,97,18,Tuesday
4558609924,2016-04-12 19:00:00,161,78,77.06265664160401,65,99,19,Tuesday
4558609924,2016-04-12 20:00:00,148,76,75.33720930232558,65,94,20,Tuesday
4558609924,2016-04-12 21:00:00,146,74,74.19578313253012,62,88,21,Tuesday
4558609924,2016-04-12 22:00:00,145,77,71.62771739130434,61,85,22,Tuesday
4558609924,2016-04-13 07:00:00,0,56,70.33333333333333,70,71,7,Wednesday
4558609924,2016-04-13 08:00:00,0,56,71.0,71,71,8,Wednesday
4558609924,2016-04-13 11:00:00,272,77,87.98319327731092,70,106,11,Wednesday
4558609924,2016-04-13 12:00:00,701,127,85.61135371179039,73,108,12,Wednesday
4558609924,2016-04-13 13:00:00,316,94,86.40495867768595,69,99,13,Wednesday
4558609924,2016-04-13 14:00:00,292,93,80.6086956521739,66,101,14,Wednesday
4558609924,2016-04-13 15:00:00,113,74,75.32315521628499,64,88,15,Wednesday
4558609924,2016-04-13 16:00:00,1957,178,94.20042643923242,64,144,16,Wednesday
4558609924,2016-04-13 17:00:00,1303,128,88.8792270531401,73,109,17,Wednesday
4558609924,2016-04-13 18:00:00,24,61,78.05645161290323,70,101,18,Wednesday
4558609924,2016-04-14 09:00:00,622,107,90.72156862745098,75,105,9,Thursday
4558609924,2016-04-14 10:00:00,280,85,83.62469733656174,63,103,10,Thursday
4558609924,2016-04-14 11:00:00,238,79,73.28947368421052,63,88,11,Thursday
4558609924,2016-04-14 12:00:00,528,105,79.06593406593407,67,98,12,Thursday
4558609924,2016-04-14 13:00:00,688,110,79.93333333333334,70,96,13,Thursday
4558609924,2016-04-14 14:00:00,1032,131,84.49888143176734,70,100,14,Thursday
4558609924,2016-04-14 15:00:00,71,71,83.08625336927224,70,100,15,Thursday
4558609924,2016-04-14 16:00:00,984,127,87.91873589164786,70,108,16,Thursday
4558609924,2016-04-14 17:00:00,966,125,86.83521444695259,72,107,17,Thursday
4558609924,2016-04-14 18:00:00,216,81,82.0026525198939,67,103,18,Thursday
4558609924,2016-04-14 19:00:00,431,99,83.1166253101737,68,103,19,Thursday
4558609924,2016-04-14 20:00:00,576,114,84.58901098901099,66,102,20,Thursday
4558609924,2016-04-14 21:00:00,112,69,70.45652173913044,57,99,21,Thursday
4558609924,2016-04-14 22:00:00,55,62,64.5695652173913,56,95,22,Thursday
4558609924,2016-04-15 01:00:00,0,56,60.0,60,60,1,Friday
4558609924,2016-04-15 08:00:00,110,69,80.21764705882353,72,89,8,Friday
4558609924,2016-04-15 09:00:00,269,96,82.51442307692308,72,97,9,Friday
4558609924,2016-04-15 10:00:00,411,99,84.48036951501155,63,98,10,Friday
4558609924,2016-04-15 11:00:00,468,108,85.37906976744186,73,115,11,Friday
4558609924,2016-04-15 12:00:00,459,100,84.56818181818181,72,105,12,Friday
4558609924,2016-04-15 13:00:00,1578,203,109.26734104046243,67,140,13,Friday
4558609924,2016-04-15 14:00:00,962,169,106.94846153846154,72,146,14,Friday
4558609924,2016-04-15 15:00:00,237,96,88.4131455399061,68,107,15,Friday
4558609924,2016-04-15 16:00:00,414,103,88.52173913043478,76,113,16,Friday
4558609924,2016-04-15 17:00:00,932,137,90.8351409978308,72,125,17,Friday
4558609924,2016-04-15 18:00:00,259,82,82.83641160949868,71,99,18,Friday
4558609924,2016-04-15 19:00:00,1238,139,86.97737556561086,68,136,19,Friday
4558609924,2016-04-15 20:00:00,234,81,78.14851485148515,63,89,20,Friday
4558609924,2016-04-15 21:00:00,10,57,72.5505617977528,63,87,21,Friday
4558609924,2016-04-15 22:00:00,150,72,70.9090909090909,59,94,22,Friday
4558609924,2016-04-15 23:00:00,64,65,71.50552486187846,58,88,23,Friday
4558609924,2016-04-16 00:00:00,89,68,69.88743455497382,55,98,0,Saturday
4558609924,2016-04-16 01:00:00,0,57,64.95197740112994,55,78,1,Saturday
4558609924,2016-04-16 02:00:00,11,57,64.17757009345794,58,76,2,Saturday
4558609924,2016-04-16 09:00:00,270,82,79.27659574468085,60,89,9,Saturday
4558609924,2016-04-16 10:00:00,604,114,79.75116279069768,66,93,10,Saturday
4558609924,2016-04-16 11:00:00,128,73,74.06598984771574,63,86,11,Saturday
4558609924,2016-04-16 12:00:00,514,110,76.41079812206573,58,125,12,Saturday
4558609924,2016-04-16 13:00:00,464,108,78.78155339805825,62,94,13,Saturday
4558609924,2016-04-16 14:00:00,917,142,83.00862068965517,65,103,14,Saturday
4558609924,2016-04-16 15:00:00,573,112,78.84967320261438,63,97,15,Saturday
4558609924,2016-04-16 16:00:00,465,103,78.58992805755396,64,95,16,Saturday
4558609924,2016-04-16 17:00:00,279,86,76.73148148148148,62,95,17,Saturday
4558609924,2016-04-16 18:00:00,364,98,75.08133971291866,66,87,18,Saturday
4558609924,2016-04-16 19:00:00,2036,170,90.3157894736842,67,135,19,Saturday
4558609924,2016-04-16 20:00:00,384,84,74.00258397932816,57,98,20,Saturday
4558609924,2016-04-16 21:00:00,30,61,67.44864864864864,56,89,21,Saturday
4558609924,2016-04-16 22:00:00,29,61,71.38303341902314,58,93,22,Saturday
4558609924,2016-04-16 23:00:00,108,71,76.3262599469496,65,104,23,Saturday
4558609924,2016-04-17 00:00:00,32,60,83.6923076923077,70,93,0,Sunday
4558609924,2016-04-17 09:00:00,360,102,83.85330073349633,72,102,9,Sunday
4558609924,2016-04-17 10:00:00,661,113,79.96017699115045,62,97,10,Sunday
4558609924,2016-04-17 11:00:00,2127,178,85.69690721649485,68,129,11,Sunday
4558609924,2016-04-17 12:00:00,2483,204,93.40264650283554,67,136,12,Sunday
4558609924,2016-04-17 13:00:00,258,90,79.98503740648378,68,105,13,Sunday
4558609924,2016-04-17 14:00:00,717,115,87.00531914893617,68,112,14,Sunday
4558609924,2016-04-17 15:00:00,246,92,89.25247524752476,73,100,15,Sunday
4558609924,2016-04-17 16:00:00,336,97,84.72104018912529,70,115,16,Sunday
4558609924,2016-04-17 17:00:00,800,135,90.19767441860465,72,109,17,Sunday
4558609924,2016-04-17 18:00:00,45,65,76.11838790931989,63,85,18,Sunday
4558609924,2016-04-17 19:00:00,659,107,82.8348623853211,68,96,19,Sunday
4558609924,2016-04-17 20:00:00,272,86,80.26395939086295,69,114,20,Sunday
4558609924,2016-04-17 21:00:00,349,89,81.39479905437352,68,103,21,Sunday
4558609924,2016-04-17 22:00:00,284,81,74.39294710327457,61,98,22,Sunday
4558609924,2016-04-17 23:00:00,5,57,64.36046511627907,57,83,23,Sunday
4558609924,2016-04-18 07:00:00,120,78,80.21933085501858,61,141,7,Monday
4558609924,2016-04-18 08:00:00,401,108,85.2196261682243,68,115,8,Monday
4558609924,2016-04-18 09:00:00,329,91,81.28985507246377,69,98,9,Monday
4558609924,2016-04-18 10:00:00,292,85,77.91624365482234,65,95,10,Monday
4558609924,2016-04-18 11:00:00,893,135,79.55257270693512,71,95,11,Monday
4558609924,2016-04-18 12:00:00,309,92,76.66832917705736,64,91,12,Monday
4558609924,2016-04-18 13:00:00,487,112,80.33101851851852,63,96,13,Monday
4558609924,2016-04-18 14:00:00,243,86,73.11369509043928,59,94,14,Monday
4558609924,2016-04-18 15:00:00,292,91,71.66363636363636,55,99,15,Monday
4558609924,2016-04-18 16:00:00,3396,228,91.65454545454546,62,114,16,Monday
4558609924,2016-04-18 17:00:00,547,116,88.6492027334852,72,112,17,Monday
4558609924,2016-04-18 18:00:00,463,112,88.02631578947368,76,104,18,Monday
4558609924,2016-04-18 19:00:00,596,115,87.05449591280654,73,108,19,Monday
4558609924,2016-04-18 20:00:00,471,96,81.94476744186046,64,104,20,Monday
4558609924,2016-04-18 21:00:00,92,67,69.28184281842819,56,90,21,Monday
4558609924,2016-04-18 22:00:00,9,59,63.94385964912281,56,75,22,Monday
4558609924,2016-04-19 10:00:00,0,56,99.0,99,99,10,Tuesday
4558609924,2016-04-19 12:00:00,27,58,94.25,93,96,12,Tuesday
4558609924,2016-04-19 13:00:00,480,113,83.51923076923077,70,100,13,Tuesday
4558609924,2016-04-19 14:00:00,444,111,86.41866028708134,75,103,14,Tuesday
4558609924,2016-04-19 15:00:00,197,82,79.69607843137256,63,96,15,Tuesday
4558609924,2016-04-19 16:00:00,386,92,85.57735849056604,66,132,16,Tuesday
4558609924,2016-04-19 17:00:00,1134,145,88.18722466960352,70,125,17,Tuesday
4558609924,2016-04-19 18:00:00,503,118,85.6896551724138,74,99,18,Tuesday
4558609924,2016-04-19 19:00:00,882,130,84.0187891440501,67,102,19,Tuesday
4558609924,2016-04-19 20:00:00,501,103,83.46,69,129,20,Tuesday
4558609924,2016-04-19 21:00:00,278,78,75.58510638297872,62,101,21,Tuesday
4558609924,2016-04-19 22:00:00,539,113,84.25,68,110,22,Tuesday
4558609924,2016-04-19 23:00:00,30,63,75.7966573816156,61,89,23,Tuesday
4558609924,2016-04-20 00:00:00,29,60,73.38036809815951,62,83,0,Wednesday
4558609924,2016-04-20 10:00:00,69,68,82.25966850828729,68,93,10,Wednesday
4558609924,2016-04-20 11:00:00,442,99,77.35,61,92,11,Wednesday
4558609924,2016-04-20 12:00:00,305,86,80.0320987654321,67,100,12,Wednesday
4558609924,2016-04-20 13:00:00,442,90,77.25485436893204,60,105,13,Wednesday
4558609924,2016-04-20 14:00:00,315,87,74.99228791773778,58,100,14,Wednesday
4558609924,2016-04-20 15:00:00,252,81,76.0987012987013,63,110,15,Wednesday
4558609924,2016-04-20 16:00:00,190,69,86.92105263157895,73,108,16,Wednesday
4558609924,2016-04-20 17:00:00,453,102,82.76021798365123,70,101,17,Wednesday
4558609924,2016-04-20 18:00:00,723,126,84.98076923076923,69,108,18,Wednesday
4558609924,2016-04-20 19:00:00,640,98,80.83516483516483,68,97,19,Wednesday
4558609924,2016-04-20 20:00:00,499,101,78.47235023041475,64,95,20,Wednesday
4558609924,2016-04-20 21:00:00,100,70,67.80829015544042,57,84,21,Wednesday
4558609924,2016-04-20 22:00:00,139,76,69.73936170212765,60,89,22,Wednesday
4558609924,2016-04-20 23:00:00,205,71,68.77368421052631,59,90,23,Wednesday
4558609924,2016-04-21 00:00:00,58,64,68.13661202185793,57,117,0,Thursday
4558609924,2016-04-21 01:00:00,0,56,66.33333333333333,56,80,1,Thursday
4558609924,2016-04-21 02:00:00,11,57,66.82575757575758,56,75,2,Thursday
4558609924,2016-04-21 07:00:00,188,80,81.34594594594594,70,108,7,Thursday
4558609924,2016-04-21 08:00:00,1190,149,90.01046025104603,75,110,8,Thursday
4558609924,2016-04-21 09:00:00,1096,172,96.83333333333333,76,117,9,Thursday
4558609924,2016-04-21 10:00:00,1954,188,102.57852882703777,64,121,10,Thursday
4558609924,2016-04-21 11:00:00,1449,166,98.59619450317125,78,120,11,Thursday
4558609924,2016-04-21 12:00:00,1045,158,97.95881006864988,80,119,12,Thursday
4558609924,2016-04-21 13:00:00,556,116,92.14285714285714,70,114,13,Thursday
4558609924,2016-04-21 14:00:00,548,110,90.13793103448276,74,115,14,Thursday
4558609924,2016-04-21 15:00:00,446,97,87.92161520190024,78,109,15,Thursday
4558609924,2016-04-21 16:00:00,803,119,88.34782608695652,71,107,16,Thursday
4558609924,2016-04-21 17:00:00,1498,151,86.16129032258064,67,104,17,Thursday
4558609924,2016-04-21 18:00:00,1686,163,90.44057377049181,68,114,18,Thursday
4558609924,2016-04-21 19:00:00,422,95,81.92434988179669,61,106,19,Thursday
4558609924,2016-04-21 20:00:00,212,83,81.93706293706293,65,103,20,Thursday
4558609924,2016-04-21 21:00:00,271,88,73.64634146341463,61,91,21,Thursday
4558609924,2016-04-21 22:00:00,208,82,70.86700767263427,56,91,22,Thursday
4558609924,2016-04-21 23:00:00,102,70,65.54131054131054,54,91,23,Thursday
4558609924,2016-04-22 00:00:00,32,61,63.760383386581466,57,84,0,Friday
4558609924,2016-04-22 01:00:00,62,63,76.98529411764706,65,140,1,Friday
4558609924,2016-04-22 09:00:00,235,86,81.23846153846154,70,97,9,Friday
4558609924,2016-04-22 10:00:00,487,110,83.73985680190931,68,100,10,Friday
4558609924,2016-04-22 11:00:00,387,91,79.90117647058824,63,103,11,Friday
4558609924,2016-04-22 12:00:00,147,72,75.10852713178295,61,95,12,Friday
4558609924,2016-04-22 13:00:00,365,84,75.16911764705883,60,100,13,Friday
4558609924,2016-04-22 14:00:00,438,100,83.27688787185355,65,101,14,Friday
4558609924,2016-04-22 15:00:00,829,139,95.42521367521367,78,114,15,Friday
4558609924,2016-04-22 16:00:00,367,102,83.8970588235294,63,101,16,Friday
4558609924,2016-04-22 17:00:00,317,93,82.76551724137931,62,101,17,Friday
4558609924,2016-04-22 18:00:00,4688,285,102.23230490018149,86,116,18,Friday
4558609924,2016-04-22 19:00:00,73,73,84.3,70,99,19,Friday
4558609924,2016-04-22 20:00:00,520,107,86.305,59,103,20,Friday
4558609924,2016-04-22 21:00:00,173,76,75.64761904761905,63,94,21,Friday
4558609924,2016-04-22 22:00:00,454,103,78.73493975903614,64,99,22,Friday
4558609924,2016-04-22 23:00:00,27,59,73.64469914040114,63,95,23,Friday
4558609924,2016-04-23 00:00:00,489,110,83.65951742627345,72,126,0,Saturday
4558609924,2016-04-23 01:00:00,56,64,74.77443609022556,63,91,1,Saturday
4558609924,2016-04-23 03:00:00,0,56,75.0,75,75,3,Saturday
4558609924,2016-04-23 07:00:00,0,56,70.0,70,70,7,Saturday
4558609924,2016-04-23 09:00:00,385,101,88.21135646687698,67,111,9,Saturday
4558609924,2016-04-23 10:00:00,269,97,88.39058823529412,73,110,10,Saturday
4558609924,2016-04-23 11:00:00,145,82,86.404,70,115,11,Saturday
4558609924,2016-04-23 12:00:00,187,88,83.9287356321839,63,112,12,Saturday
4558609924,2016-04-23 13:00:00,387,98,80.10688836104514,68,95,13,Saturday
4558609924,2016-04-23 14:00:00,1265,146,89.69444444444444,63,133,14,Saturday
4558609924,2016-04-23 15:00:00,838,130,91.83981693363845,73,118,15,Saturday
4558609924,2016-04-23 16:00:00,551,128,96.51923076923077,76,120,16,Saturday
4558609924,2016-04-23 17:00:00,350,108,95.11167512690355,77,112,17,Saturday
4558609924,2016-04-23 18:00:00,640,122,87.84035476718404,73,100,18,Saturday
4558609924,2016-04-23 19:00:00,516,111,86.36641221374046,69,99,19,Saturday
4558609924,2016-04-23 20:00:00,256,80,80.8252427184466,66,102,20,Saturday
4558609924,2016-04-23 21:00:00,399,96,82.45953002610966,62,113,21,Saturday
4558609924,2016-04-23 22:00:00,8,58,70.85753424657534,62,93,22,Saturday
4558609924,2016-04-23 23:00:00,149,71,75.5819209039548,60,93,23,Saturday
4558609924,2016-04-24 08:00:00,522,112,85.67021276595744,61,120,8,Sunday
4558609924,2016-04-24 09:00:00,422,99,81.22779043280183,65,95,9,Sunday
4558609924,2016-04-24 10:00:00,1081,140,85.67816091954023,63,103,10,Sunday
4558609924,2016-04-24 11:00:00,420,103,87.74031007751938,70,105,11,Sunday
4558609924,2016-04-24 12:00:00,1046,138,83.45788336933046,69,103,12,Sunday
4558609924,2016-04-24 13:00:00,214,89,80.52594339622641,65,103,13,Sunday
4558609924,2016-04-24 14:00:00,657,120,93.97727272727273,76,121,14,Sunday
4558609924,2016-04-24 15:00:00,1136,158,95.46774193548387,79,119,15,Sunday
4558609924,2016-04-24 16:00:00,484,111,89.06263982102908,79,113,16,Sunday
4558609924,2016-04-24 17:00:00,563,115,82.57241379310345,64,97,17,Sunday
4558609924,2016-04-24 18:00:00,401,88,78.73316708229426,65,97,18,Sunday
4558609924,2016-04-24 19:00:00,395,93,78.08854166666667,63,108,19,Sunday
4558609924,2016-04-24 20:00:00,219,80,79.75380710659898,65,92,20,Sunday
4558609924,2016-04-24 21:00:00,239,86,81.50420168067227,62,108,21,Sunday
4558609924,2016-04-24 22:00:00,271,90,82.00757575757575,67,97,22,Sunday
4558609924,2016-04-24 23:00:00,483,97,74.80412371134021,58,95,23,Sunday
4558609924,2016-04-25 00:00:00,98,65,65.54820936639119,56,84,0,Monday
4558609924,2016-04-25 01:00:00,54,60,62.58646616541353,55,86,1,Monday
4558609924,2016-04-25 09:00:00,359,94,87.04489795918367,75,121,9,Monday
4558609924,2016-04-25 10:00:00,476,121,88.01797752808989,74,101,10,Monday
4558609924,2016-04-25 11:00:00,289,93,80.76328502415458,59,103,11,Monday
4558609924,2016-04-25 12:00:00,272,85,73.9126213592233,58,98,12,Monday
4558609924,2016-04-25 13:00:00,499,113,77.40178571428571,61,114,13,Monday
4558609924,2016-04-25 14:00:00,570,114,75.25603864734299,63,88,14,Monday
4558609924,2016-04-25 15:00:00,670,111,79.91154791154791,64,104,15,Monday
4558609924,2016-04-25 16:00:00,1641,249,108.20934959349593,66,163,16,Monday
4558609924,2016-04-25 17:00:00,358,134,96.62676056338029,80,119,17,Monday
4558609924,2016-04-25 18:00:00,433,118,89.71296296296296,74,110,18,Monday
4558609924,2016-04-25 19:00:00,654,123,91.6978417266187,77,106,19,Monday
4558609924,2016-04-25 20:00:00,449,98,85.14320388349515,72,108,20,Monday
4558609924,2016-04-25 21:00:00,990,122,83.19529411764705,70,101,21,Monday
4558609924,2016-04-25 22:00:00,283,79,74.27777777777777,63,95,22,Monday
4558609924,2016-04-25 23:00:00,0,56,66.69345238095238,59,82,23,Monday
4558609924,2016-04-26 00:00:00,0,56,66.6969696969697,59,84,0,Tuesday
4558609924,2016-04-26 02:00:00,0,56,64.0,64,64,2,Tuesday
4558609924,2016-04-26 08:00:00,192,77,82.77573529411765,72,99,8,Tuesday
4558609924,2016-04-26 09:00:00,491,108,85.67136150234742,74,102,9,Tuesday
4558609924,2016-04-26 10:00:00,303,100,88.78436018957346,70,104,10,Tuesday
4558609924,2016-04-26 11:00:00,628,114,85.68171557562077,71,102,11,Tuesday
4558609924,2016-04-26 12:00:00,334,95,81.87259615384616,62,97,12,Tuesday
4558609924,2016-04-26 13:00:00,228,85,79.81842818428184,69,92,13,Tuesday
4558609924,2016-04-26 14:00:00,150,75,78.57260273972602,67,96,14,Tuesday
4558609924,2016-04-26 15:00:00,1319,190,110.87553648068669,70,148,15,Tuesday
4558609924,2016-04-26 16:00:00,152,120,103.1474245115453,70,129,16,Tuesday
4558609924,2016-04-26 17:00:00,2600,211,101.36590436590437,85,121,17,Tuesday
4558609924,2016-04-26 18:00:00,1500,140,93.92857142857143,77,117,18,Tuesday
4558609924,2016-04-26 19:00:00,124,87,90.81994459833795,82,104,19,Tuesday
4558609924,2016-04-26 20:00:00,651,137,99.07345971563981,81,123,20,Tuesday
4558609924,2016-04-26 21:00:00,187,90,87.51351351351352,70,110,21,Tuesday
4558609924,2016-04-26 22:00:00,64,61,73.2010582010582,64,93,22,Tuesday
4558609924,2016-04-26 23:00:00,225,82,74.73958333333333,61,110,23,Tuesday
4558609924,2016-04-27 00:00:00,72,65,79.95121951219512,67,90,0,Wednesday
4558609924,2016-04-27 09:00:00,263,85,87.36437246963563,66,122,9,Wednesday
4558609924,2016-04-27 10:00:00,601,119,85.55581395348837,76,103,10,Wednesday
4558609924,2016-04-27 11:00:00,242,86,79.60406091370558,65,101,11,Wednesday
4558609924,2016-04-27 12:00:00,598,114,80.37470167064438,65,101,12,Wednesday
4558609924,2016-04-27 13:00:00,233,89,76.83804627249357,62,91,13,Wednesday
4558609924,2016-04-27 14:00:00,201,81,71.08,61,86,14,Wednesday
4558609924,2016-04-27 15:00:00,720,118,81.78638497652582,63,101,15,Wednesday
4558609924,2016-04-27 16:00:00,264,100,89.01030927835052,81,103,16,Wednesday
4558609924,2016-04-27 17:00:00,346,98,84.6261980830671,70,97,17,Wednesday
4558609924,2016-04-27 18:00:00,3807,231,97.46225680933853,67,118,18,Wednesday
4558609924,2016-04-27 19:00:00,1113,132,89.44111776447106,68,106,19,Wednesday
4558609924,2016-04-27 20:00:00,602,110,81.87919463087249,62,104,20,Wednesday
4558609924,2016-04-27 21:00:00,351,92,76.3436018957346,60,94,21,Wednesday
4558609924,2016-04-27 22:00:00,144,74,74.17204301075269,60,101,22,Wednesday
4558609924,2016-04-27 23:00:00,0,56,70.0,70,70,23,Wednesday
4558609924,2016-04-28 06:00:00,480,96,92.93989071038251,70,102,6,Thursday
4558609924,2016-04-28 07:00:00,840,129,84.51168224299066,68,101,7,Thursday
4558609924,2016-04-28 08:00:00,875,127,89.45708154506438,70,111,8,Thursday
4558609924,2016-04-28 09:00:00,770,123,89.02758620689656,69,112,9,Thursday
4558609924,2016-04-28 10:00:00,566,108,83.46853146853147,65,112,10,Thursday
4558609924,2016-04-28 11:00:00,515,93,76.25581395348837,60,106,11,Thursday
4558609924,2016-04-28 12:00:00,459,87,73.5631067961165,60,99,12,Thursday
4558609924,2016-04-28 13:00:00,797,116,83.91334894613583,66,106,13,Thursday
4558609924,2016-04-28 14:00:00,565,118,87.64150943396227,73,105,14,Thursday
4558609924,2016-04-28 15:00:00,821,145,92.18954248366013,73,111,15,Thursday
4558609924,2016-04-28 16:00:00,1606,158,94.71855541718556,72,121,16,Thursday
4558609924,2016-04-28 17:00:00,498,125,104.21102362204725,75,133,17,Thursday
4558609924,2016-04-28 18:00:00,110,73,83.56582633053222,63,101,18,Thursday
4558609924,2016-04-28 19:00:00,156,77,82.18732782369146,70,111,19,Thursday
4558609924,2016-04-28 20:00:00,178,75,80.72164948453609,67,106,20,Thursday
4558609924,2016-04-28 21:00:00,143,75,78.09574468085107,59,119,21,Thursday
4558609924,2016-04-28 22:00:00,67,68,71.05571030640668,59,93,22,Thursday
4558609924,2016-04-28 23:00:00,5,58,71.87608069164266,59,86,23,Thursday
4558609924,2016-04-29 00:00:00,0,56,67.40056022408963,59,80,0,Friday
4558609924,2016-04-29 01:00:00,0,56,63.22348484848485,55,87,1,Friday
4558609924,2016-04-29 09:00:00,41,62,74.69117647058823,65,99,9,Friday
4558609924,2016-04-29 10:00:00,416,95,82.22946175637394,60,107,10,Friday
4558609924,2016-04-29 11:00:00,213,82,79.88502673796792,67,91,11,Friday
4558609924,2016-04-29 12:00:00,411,93,80.66493506493507,65,112,12,Friday
4558609924,2016-04-29 13:00:00,612,109,83.136,66,117,13,Friday
4558609924,2016-04-29 14:00:00,66,70,72.12574850299401,61,89,14,Friday
4558609924,2016-04-29 15:00:00,2190,165,104.40466926070039,78,139,15,Friday
4558609924,2016-04-29 16:00:00,2660,186,95.65684410646388,67,137,16,Friday
4558609924,2016-04-29 17:00:00,93,72,72.5,58,89,17,Friday
4558609924,2016-04-29 18:00:00,95,70,74.296875,62,109,18,Friday
4558609924,2016-04-29 19:00:00,279,84,75.73778920308483,60,108,19,Friday
4558609924,2016-04-29 20:00:00,164,85,72.90710382513662,58,125,20,Friday
4558609924,2016-04-29 21:00:00,410,104,76.6030534351145,56,94,21,Friday
4558609924,2016-04-29 22:00:00,86,67,62.1510989010989,54,81,22,Friday
4558609924,2016-04-29 23:00:00,97,73,66.51714285714286,53,119,23,Friday
4558609924,2016-04-30 00:00:00,0,57,63.84823848238482,54,75,0,Saturday
4558609924,2016-04-30 01:00:00,105,64,69.98076923076923,59,91,1,Saturday
4558609924,2016-04-30 06:00:00,303,82,79.01532567049809,57,106,6,Saturday
4558609924,2016-04-30 07:00:00,218,73,75.78260869565217,61,97,7,Saturday
4558609924,2016-04-30 08:00:00,155,69,73.10653753026634,63,92,8,Saturday
4558609924,2016-04-30 09:00:00,360,96,78.52048192771085,64,93,9,Saturday
4558609924,2016-04-30 10:00:00,365,102,76.6,55,96,10,Saturday
4558609924,2016-04-30 11:00:00,117,75,76.28099173553719,63,91,11,Saturday
4558609924,2016-04-30 12:00:00,273,92,82.64764267990074,68,99,12,Saturday
4558609924,2016-04-30 13:00:00,360,90,78.4937965260546,60,107,13,Saturday
4558609924,2016-04-30 14:00:00,1721,171,91.67505241090147,78,121,14,Saturday
4558609924,2016-04-30 15:00:00,410,96,83.4987714987715,66,108,15,Saturday
4558609924,2016-04-30 16:00:00,142,75,73.55670103092784,56,93,16,Saturday
4558609924,2016-04-30 17:00:00,812,116,82.57242990654206,68,110,17,Saturday
4558609924,2016-04-30 18:00:00,3370,233,99.03648915187377,74,134,18,Saturday
4558609924,2016-04-30 19:00:00,1239,115,77.52155172413794,58,108,19,Saturday
4558609924,2016-04-30 20:00:00,15,61,72.31016042780749,61,89,20,Saturday
4558609924,2016-04-30 21:00:00,143,83,74.98918918918919,57,124,21,Saturday
4558609924,2016-04-30 22:00:00,156,72,64.55613577023499,53,111,22,Saturday
4558609924,2016-04-30 23:00:00,46,60,64.70046082949308,58,95,23,Saturday
4558609924,2016-05-01 09:00:00,361,98,83.98188405797102,71,97,9,Sunday
4558609924,2016-05-01 10:00:00,594,101,75.0,58,99,10,Sunday
4558609924,2016-05-01 11:00:00,117,70,66.43157894736842,56,87,11,Sunday
4558609924,2016-05-01 12:00:00,305,92,70.75182481751825,55,91,12,Sunday
4558609924,2016-05-01 13:00:00,287,87,79.78964401294499,63,98,13,Sunday
4558609924,2016-05-01 14:00:00,409,94,75.33101851851852,63,97,14,Sunday
4558609924,2016-05-01 15:00:00,433,85,71.15366430260048,57,100,15,Sunday
4558609924,2016-05-01 16:00:00,25,60,64.13577023498695,56,81,16,Sunday
4558609924,2016-05-01 17:00:00,282,88,71.30864197530865,55,104,17,Sunday
4558609924,2016-05-01 18:00:00,190,82,67.29057591623037,53,127,18,Sunday
4558609924,2016-05-01 19:00:00,343,93,72.23185011709602,54,88,19,Sunday
4558609924,2016-05-01 20:00:00,50,64,66.07103825136612,54,86,20,Sunday
4558609924,2016-05-01 21:00:00,32,62,63.58522727272727,55,115,21,Sunday
4558609924,2016-05-01 22:00:00,0,56,66.62745098039215,58,89,22,Sunday
4558609924,2016-05-01 23:00:00,0,56,70.0,70,70,23,Sunday
4558609924,2016-05-02 00:00:00,0,56,70.0,70,70,0,Monday
4558609924,2016-05-02 01:00:00,0,56,69.0,69,69,1,Monday
4558609924,2016-05-02 02:00:00,0,56,69.5,69,70,2,Monday
4558609924,2016-05-02 08:00:00,623,115,88.11981566820276,73,104,8,Monday
4558609924,2016-05-02 09:00:00,452,93,77.1196388261851,61,108,9,Monday
4558609924,2016-05-02 10:00:00,902,132,83.25726141078839,62,99,10,Monday
4558609924,2016-05-02 11:00:00,1036,133,83.1569416498994,67,108,11,Monday
4558609924,2016-05-02 12:00:00,308,90,78.67990654205607,65,96,12,Monday
4558609924,2016-05-02 13:00:00,180,80,72.88520408163265,62,90,13,Monday
4558609924,2016-05-02 14:00:00,362,103,80.55116279069767,63,96,14,Monday
4558609924,2016-05-02 15:00:00,356,97,78.53482587064677,64,94,15,Monday
4558609924,2016-05-02 16:00:00,532,101,80.05319148936171,62,101,16,Monday
4558609924,2016-05-02 17:00:00,283,91,85.06529209621993,72,99,17,Monday
4558609924,2016-05-02 18:00:00,582,109,81.36997319034853,66,98,18,Monday
4558609924,2016-05-02 19:00:00,515,102,78.35550458715596,67,97,19,Monday
4558609924,2016-05-02 20:00:00,746,117,80.59292035398231,69,97,20,Monday
4558609924,2016-05-02 21:00:00,849,124,80.16267942583733,61,101,21,Monday
4558609924,2016-05-02 22:00:00,131,72,64.98907103825137,55,85,22,Monday
4558609924,2016-05-02 23:00:00,34,63,61.977715877437326,55,80,23,Monday
4558609924,2016-05-03 00:00:00,36,58,57.94886363636363,52,81,0,Tuesday
4558609924,2016-05-03 01:00:00,48,62,60.82789317507418,53,122,1,Tuesday
4558609924,2016-05-03 02:00:00,2,57,70.0,70,70,2,Tuesday
4558609924,2016-05-03 09:00:00,245,81,81.02916666666667,68,111,9,Tuesday
4558609924,2016-05-03 10:00:00,301,91,75.78454332552693,55,96,10,Tuesday
4558609924,2016-05-03 11:00:00,367,103,79.82352941176471,67,108,11,Tuesday
4558609924,2016-05-03 12:00:00,253,99,82.65301724137932,72,95,12,Tuesday
4558609924,2016-05-03 13:00:00,200,82,75.06852791878173,67,89,13,Tuesday
4558609924,2016-05-03 14:00:00,266,89,76.68194070080862,64,88,14,Tuesday
4558609924,2016-05-03 15:00:00,86,69,72.6624203821656,57,90,15,Tuesday
4558609924,2016-05-03 16:00:00,758,114,80.66359447004608,57,114,16,Tuesday
4558609924,2016-05-03 17:00:00,337,97,79.87743190661479,62,108,17,Tuesday
4558609924,2016-05-03 18:00:00,1714,261,114.02279924002534,73,148,18,Tuesday
4558609924,2016-05-03 19:00:00,44,65,73.36134453781513,60,93,19,Tuesday
4558609924,2016-05-03 20:00:00,29,62,63.51923076923077,54,85,20,Tuesday
4558609924,2016-05-03 21:00:00,307,92,77.9971671388102,56,97,21,Tuesday
4558609924,2016-05-03 22:00:00,229,79,72.94711538461539,55,91,22,Tuesday
4558609924,2016-05-03 23:00:00,45,60,58.08878504672897,52,85,23,Tuesday
4558609924,2016-05-04 05:00:00,0,56,68.44444444444444,63,70,5,Wednesday
4558609924,2016-05-04 10:00:00,243,88,80.44477611940299,67,95,10,Wednesday
4558609924,2016-05-04 11:00:00,261,90,80.4076923076923,71,93,11,Wednesday
4558609924,2016-05-04 12:00:00,203,83,77.81294964028777,56,107,12,Wednesday
4558609924,2016-05-04 13:00:00,51,63,69.13492063492063,54,89,13,Wednesday
4558609924,2016-05-04 14:00:00,195,69,69.25699745547074,58,93,14,Wednesday
4558609924,2016-05-04 15:00:00,893,112,74.57142857142857,60,105,15,Wednesday
4558609924,2016-05-04 16:00:00,166,82,77.95273631840796,60,110,16,Wednesday
4558609924,2016-05-04 17:00:00,1119,142,86.77281947261663,67,109,17,Wednesday
4558609924,2016-05-04 18:00:00,287,92,83.0952380952381,70,103,18,Wednesday
4558609924,2016-05-04 19:00:00,390,100,80.92789968652038,67,127,19,Wednesday
4558609924,2016-05-04 20:00:00,434,93,75.0375,63,93,20,Wednesday
4558609924,2016-05-04 21:00:00,502,105,76.27403846153847,60,99,21,Wednesday
4558609924,2016-05-04 22:00:00,212,80,70.48593350383632,58,87,22,Wednesday
4558609924,2016-05-04 23:00:00,276,87,71.9366391184573,57,95,23,Wednesday
4558609924,2016-05-05 07:00:00,140,83,95.296,74,111,7,Thursday
4558609924,2016-05-05 08:00:00,420,104,87.5456570155902,63,113,8,Thursday
4558609924,2016-05-05 09:00:00,1240,174,94.87884615384615,73,112,9,Thursday
4558609924,2016-05-05 10:00:00,237,83,78.9037037037037,60,102,10,Thursday
4558609924,2016-05-05 11:00:00,2975,199,89.91816367265469,65,112,11,Thursday
4558609924,2016-05-05 12:00:00,887,144,94.68927789934355,72,122,12,Thursday
4558609924,2016-05-05 13:00:00,244,86,81.34693877551021,66,106,13,Thursday
4558609924,2016-05-05 14:00:00,127,77,82.88319088319088,68,99,14,Thursday
4558609924,2016-05-05 15:00:00,451,104,83.35400516795866,71,106,15,Thursday
4558609924,2016-05-05 16:00:00,1183,142,87.22311827956989,69,112,16,Thursday
4558609924,2016-05-05 17:00:00,768,127,85.75169300225734,70,99,17,Thursday
4558609924,2016-05-05 18:00:00,520,110,78.65458937198068,69,107,18,Thursday
4558609924,2016-05-05 19:00:00,444,109,77.91232227488152,66,95,19,Thursday
4558609924,2016-05-05 20:00:00,447,114,79.44857142857143,65,130,20,Thursday
4558609924,2016-05-05 21:00:00,325,88,70.91168831168831,54,91,21,Thursday
4558609924,2016-05-05 22:00:00,186,70,64.26683937823834,54,88,22,Thursday
4558609924,2016-05-05 23:00:00,17,59,56.244897959183675,48,80,23,Thursday
4558609924,2016-05-06 00:00:00,9,57,56.95348837209303,51,86,0,Friday
4558609924,2016-05-06 09:00:00,571,96,83.01941747572816,68,102,9,Friday
4558609924,2016-05-06 10:00:00,596,112,78.48758465011286,63,99,10,Friday
4558609924,2016-05-06 11:00:00,366,96,74.03117505995203,61,96,11,Friday
4558609924,2016-05-06 12:00:00,547,111,76.26709401709402,59,91,12,Friday
4558609924,2016-05-06 13:00:00,331,89,75.14825581395348,58,103,13,Friday
4558609924,2016-05-06 14:00:00,212,78,76.82926829268293,67,93,14,Friday
4558609924,2016-05-06 15:00:00,183,79,78.61363636363636,64,99,15,Friday
4558609924,2016-05-06 16:00:00,348,91,75.92326139088729,58,96,16,Friday
4558609924,2016-05-06 17:00:00,57,63,69.18666666666667,55,87,17,Friday
4558609924,2016-05-06 18:00:00,49,63,61.54068241469816,54,79,18,Friday
4558609924,2016-05-06 19:00:00,43,61,62.06410256410256,54,93,19,Friday
4558609924,2016-05-06 20:00:00,70,65,61.161879895561356,51,96,20,Friday
4558609924,2016-05-06 21:00:00,321,99,75.06549118387909,56,110,21,Friday
4558609924,2016-05-06 22:00:00,42,62,63.26027397260274,54,85,22,Friday
4558609924,2016-05-06 23:00:00,10,57,62.666666666666664,56,73,23,Friday
4558609924,2016-05-07 02:00:00,0,56,70.0,70,70,2,Saturday
4558609924,2016-05-07 08:00:00,49,60,105.75,99,107,8,Saturday
4558609924,2016-05-07 09:00:00,292,84,75.70038910505836,58,95,9,Saturday
4558609924,2016-05-07 10:00:00,263,85,78.9702380952381,66,110,10,Saturday
4558609924,2016-05-07 11:00:00,382,103,77.62591687041565,57,94,11,Saturday
4558609924,2016-05-07 12:00:00,97,68,66.63684210526316,54,80,12,Saturday
4558609924,2016-05-07 13:00:00,79,66,64.76190476190476,57,81,13,Saturday
4558609924,2016-05-07 14:00:00,361,93,76.89690721649484,60,107,14,Saturday
4558609924,2016-05-07 15:00:00,602,124,81.78526315789473,68,98,15,Saturday
4558609924,2016-05-07 16:00:00,4281,265,94.96747967479675,73,116,16,Saturday
4558609924,2016-05-07 17:00:00,121,74,75.77952755905511,62,109,17,Saturday
4558609924,2016-05-07 18:00:00,241,80,75.78325123152709,62,96,18,Saturday
4558609924,2016-05-07 19:00:00,428,98,76.9307875894988,64,99,19,Saturday
4558609924,2016-05-07 20:00:00,495,102,82.08977556109726,65,107,20,Saturday
4558609924,2016-05-07 21:00:00,169,74,70.21374045801527,61,84,21,Saturday
4558609924,2016-05-07 22:00:00,370,97,71.28235294117647,56,101,22,Saturday
4558609924,2016-05-07 23:00:00,7,57,60.77840909090909,54,76,23,Saturday
4558609924,2016-05-08 00:00:00,0,56,65.36170212765957,52,81,0,Sunday
4558609924,2016-05-08 01:00:00,0,56,62.86813186813187,45,86,1,Sunday
4558609924,2016-05-08 02:00:00,0,56,111.0,111,111,2,Sunday
4558609924,2016-05-08 03:00:00,0,56,81.25,70,99,3,Sunday
4558609924,2016-05-08 04:00:00,0,56,96.0,96,96,4,Sunday
4558609924,2016-05-08 10:00:00,0,56,59.774193548387096,54,70,10,Sunday
4558609924,2016-05-08 11:00:00,0,56,59.63636363636363,52,82,11,Sunday
4558609924,2016-05-08 12:00:00,0,56,55.0,55,55,12,Sunday
4558609924,2016-05-08 13:00:00,2136,386,150.20620842572063,83,199,13,Sunday
4558609924,2016-05-08 14:00:00,1782,258,109.04861111111111,69,158,14,Sunday
4558609924,2016-05-08 15:00:00,882,179,93.44802867383513,67,134,15,Sunday
4558609924,2016-05-08 16:00:00,481,202,104.86481481481482,70,139,16,Sunday
4558609924,2016-05-08 17:00:00,100,161,102.34475806451613,85,137,17,Sunday
4558609924,2016-05-08 18:00:00,182,126,98.0469387755102,74,118,18,Sunday
4558609924,2016-05-08 19:00:00,118,131,97.47083333333333,79,119,19,Sunday
4558609924,2016-05-08 20:00:00,838,297,116.61748633879782,82,151,20,Sunday
4558609924,2016-05-08 21:00:00,24,92,112.6,98,128,21,Sunday
4558609924,2016-05-09 07:00:00,127,80,78.12037037037037,60,102,7,Monday
4558609924,2016-05-09 08:00:00,390,101,84.71648351648352,60,100,8,Monday
4558609924,2016-05-09 09:00:00,705,136,86.58968609865471,70,108,9,Monday
4558609924,2016-05-09 10:00:00,485,99,83.07674418604651,70,100,10,Monday
4558609924,2016-05-09 11:00:00,1760,155,87.39429928741093,66,109,11,Monday
4558609924,2016-05-09 12:00:00,175,81,81.81432360742706,71,107,12,Monday
4558609924,2016-05-09 13:00:00,3432,229,91.85106382978724,67,110,13,Monday
4558609924,2016-05-09 14:00:00,976,131,86.41253263707571,73,106,14,Monday
4558609924,2016-05-09 15:00:00,444,100,81.14888337468983,70,105,15,Monday
4558609924,2016-05-09 16:00:00,575,106,79.57692307692308,66,100,16,Monday
4558609924,2016-05-09 17:00:00,139,74,75.5693641618497,61,96,17,Monday
4558609924,2016-05-09 18:00:00,92,70,69.875,61,86,18,Monday
4558609924,2016-05-09 19:00:00,496,99,73.37275064267352,60,99,19,Monday
4558609924,2016-05-09 20:00:00,503,96,70.77540106951872,62,90,20,Monday
4558609924,2016-05-09 21:00:00,785,127,77.34878048780487,58,99,21,Monday
4558609924,2016-05-09 22:00:00,348,91,70.15649867374005,54,92,22,Monday
4558609924,2016-05-09 23:00:00,19,61,62.61849710982659,55,87,23,Monday
4558609924,2016-05-10 00:00:00,37,65,64.9532967032967,55,84,0,Tuesday
4558609924,2016-05-10 01:00:00,92,72,70.9675925925926,57,122,1,Tuesday
4558609924,2016-05-10 08:00:00,0,56,73.0,73,73,8,Tuesday
4558609924,2016-05-10 10:00:00,0,56,71.01587301587301,65,81,10,Tuesday
4558609924,2016-05-10 11:00:00,101,72,70.31565656565657,55,85,11,Tuesday
4558609924,2016-05-10 12:00:00,209,87,70.17424242424242,56,83,12,Tuesday
4558609924,2016-05-10 13:00:00,150,75,59.255639097744364,52,79,13,Tuesday
4558609924,2016-05-10 14:00:00,313,90,64.80154639175258,50,87,14,Tuesday
4558609924,2016-05-10 15:00:00,43,63,69.21888412017168,59,106,15,Tuesday
4558609924,2016-05-10 16:00:00,257,92,74.18858560794045,54,111,16,Tuesday
4558609924,2016-05-10 17:00:00,314,99,85.74266365688487,68,120,17,Tuesday
4558609924,2016-05-10 18:00:00,271,104,83.53302961275627,64,98,18,Tuesday
4558609924,2016-05-10 19:00:00,3420,230,97.0541012216405,69,147,19,Tuesday
4558609924,2016-05-10 20:00:00,92,66,69.22865013774104,57,86,20,Tuesday
4558609924,2016-05-10 21:00:00,419,92,69.54545454545455,56,91,21,Tuesday
4558609924,2016-05-10 22:00:00,631,117,74.75342465753425,58,104,22,Tuesday
4558609924,2016-05-10 23:00:00,86,66,62.34796238244514,54,83,23,Tuesday
4558609924,2016-05-11 00:00:00,63,67,61.89795918367347,44,102,0,Wednesday
4558609924,2016-05-11 01:00:00,70,81,67.91666666666667,51,133,1,Wednesday
4558609924,2016-05-11 08:00:00,0,56,72.94736842105263,65,110,8,Wednesday
4558609924,2016-05-11 09:00:00,382,94,72.2576112412178,61,84,9,Wednesday
4558609924,2016-05-11 10:00:00,380,101,75.13333333333334,62,88,10,Wednesday
4558609924,2016-05-11 11:00:00,360,83,68.36567164179104,55,86,11,Wednesday
4558609924,2016-05-11 12:00:00,160,73,64.8894348894349,54,83,12,Wednesday
4558609924,2016-05-11 13:00:00,326,87,65.44559585492227,56,91,13,Wednesday
4558609924,2016-05-11 14:00:00,3580,237,90.21684210526315,65,138,14,Wednesday
4558609924,2016-05-11 15:00:00,527,118,85.40779220779221,70,112,15,Wednesday
4558609924,2016-05-11 16:00:00,374,108,83.364896073903,73,98,16,Wednesday
4558609924,2016-05-11 17:00:00,170,81,79.98223350253807,65,117,17,Wednesday
4558609924,2016-05-11 18:00:00,627,113,79.1824644549763,61,99,18,Wednesday
4558609924,2016-05-11 19:00:00,504,116,80.28463476070529,60,109,19,Wednesday
4558609924,2016-05-11 20:00:00,272,83,71.26108374384236,58,89,20,Wednesday
4558609924,2016-05-11 21:00:00,596,122,76.66329113924051,61,87,21,Wednesday
4558609924,2016-05-11 22:00:00,285,86,67.93243243243244,55,85,22,Wednesday
4558609924,2016-05-11 23:00:00,432,90,73.22972972972973,68,80,23,Wednesday
4558609924,2016-05-12 01:00:00,0,56,74.0,74,74,1,Thursday
4558609924,2016-05-12 07:00:00,49,63,67.52631578947368,54,99,7,Thursday
4558609924,2016-05-12 08:00:00,246,87,74.3048780487805,56,86,8,Thursday
4558609924,2016-05-12 09:00:00,700,134,87.00898876404494,68,117,9,Thursday
4558609924,2016-05-12 10:00:00,826,122,78.49122807017544,67,99,10,Thursday
4558609924,2016-05-12 11:00:00,440,102,78.81411764705882,65,100,11,Thursday
4558609924,2016-05-12 12:00:00,698,110,80.06221198156682,67,101,12,Thursday
4558609924,2016-05-12 13:00:00,1233,145,83.76359832635983,68,113,13,Thursday
4558609924,2016-05-12 14:00:00,1332,141,83.20253164556962,69,107,14,Thursday
4558609924,2016-05-12 15:00:00,496,111,75.95990566037736,61,93,15,Thursday
5553957443,2016-04-12 00:00:00,2,56,57.624605678233436,54,70,0,Tuesday
5553957443,2016-04-12 01:00:00,0,55,58.483552631578945,54,67,1,Tuesday
5553957443,2016-04-12 02:00:00,0,56,59.993355481727576,55,70,2,Tuesday
5553957443,2016-04-12 03:00:00,0,55,58.402027027027025,53,66,3,Tuesday
5553957443,2016-04-12 04:00:00,0,56,57.370607028753994,51,70,4,Tuesday
5553957443,2016-04-12 05:00:00,0,55,56.903225806451616,53,78,5,Tuesday
5553957443,2016-04-12 06:00:00,248,82,68.05555555555556,57,94,6,Tuesday
5553957443,2016-04-12 07:00:00,2030,157,74.12676056338029,59,104,7,Tuesday
5553957443,2016-04-12 08:00:00,1168,109,69.09677419354838,55,100,8,Tuesday
5553957443,2016-04-12 09:00:00,64,61,64.41011235955057,57,83,9,Tuesday
5553957443,2016-04-12 10:00:00,65,61,60.06508875739645,54,78,10,Tuesday
5553957443,2016-04-12 11:00:00,52,60,59.76093294460642,55,78,11,Tuesday
5553957443,2016-04-12 12:00:00,656,92,63.418546365914786,54,80,12,Tuesday
5553957443,2016-04-12 13:00:00,459,85,65.48257372654156,56,91,13,Tuesday
5553957443,2016-04-12 14:00:00,0,57,61.21818181818182,58,67,14,Tuesday
5553957443,2016-04-12 15:00:00,80,61,60.73015873015873,55,73,15,Tuesday
5553957443,2016-04-12 16:00:00,2192,157,73.21634615384616,56,101,16,Tuesday
5553957443,2016-04-12 17:00:00,1243,123,71.51463414634146,56,106,17,Tuesday
5553957443,2016-04-12 18:00:00,321,93,65.66911764705883,57,75,18,Tuesday
5553957443,2016-04-12 19:00:00,776,101,65.88040712468194,56,86,19,Tuesday
5553957443,2016-04-12 20:00:00,330,90,65.08883248730965,55,76,20,Tuesday
5553957443,2016-04-12 21:00:00,740,104,64.45430809399478,55,82,21,Tuesday
5553957443,2016-04-12 22:00:00,534,89,64.9060773480663,55,96,22,Tuesday
5553957443,2016-04-12 23:00:00,636,111,65.4187643020595,50,96,23,Tuesday
5553957443,2016-04-13 00:00:00,61,60,52.51757188498402,47,81,0,Wednesday
5553957443,2016-04-13 01:00:00,0,55,53.26072607260726,48,62,1,Wednesday
5553957443,2016-04-13 02:00:00,0,55,56.00970873786408,52,70,2,Wednesday
5553957443,2016-04-13 03:00:00,0,55,58.68421052631579,53,74,3,Wednesday
5553957443,2016-04-13 04:00:00,0,56,58.82051282051282,53,74,4,Wednesday
5553957443,2016-04-13 05:00:00,0,55,57.7246835443038,50,77,5,Wednesday
5553957443,2016-04-13 06:00:00,0,55,55.56230031948882,48,70,6,Wednesday
5553957443,2016-04-13 07:00:00,0,55,54.338235294117645,49,67,7,Wednesday
5553957443,2016-04-13 08:00:00,121,67,60.233333333333334,49,79,8,Wednesday
5553957443,2016-04-13 09:00:00,138,67,65.5391304347826,59,84,9,Wednesday
5553957443,2016-04-13 10:00:00,189,74,68.98223350253807,61,82,10,Wednesday
5553957443,2016-04-13 11:00:00,32,60,63.691588785046726,57,75,11,Wednesday
5553957443,2016-04-13 12:00:00,120,64,62.27745664739884,50,77,12,Wednesday
5553957443,2016-04-13 13:00:00,48,63,62.85981308411215,56,75,13,Wednesday
5553957443,2016-04-13 14:00:00,29,61,62.76307692307692,58,69,14,Wednesday
5553957443,2016-04-13 15:00:00,481,98,68.3678756476684,60,95,15,Wednesday
5553957443,2016-04-13 16:00:00,367,86,63.59556786703601,55,85,16,Wednesday
5553957443,2016-04-13 17:00:00,268,80,63.60606060606061,56,89,17,Wednesday
5553957443,2016-04-13 18:00:00,119,73,61.395705521472394,57,74,18,Wednesday
5553957443,2016-04-13 19:00:00,1130,122,64.58705357142857,56,82,19,Wednesday
5553957443,2016-04-13 20:00:00,1055,129,64.26168224299066,51,80,20,Wednesday
5553957443,2016-04-13 21:00:00,415,90,65.22636815920399,54,86,21,Wednesday
5553957443,2016-04-13 22:00:00,259,83,61.257294429708224,52,82,22,Wednesday
5553957443,2016-04-13 23:00:00,0,55,57.58360655737705,52,75,23,Wednesday
5553957443,2016-04-14 00:00:00,16,57,60.987730061349694,55,72,0,Thursday
5553957443,2016-04-14 01:00:00,12,57,60.601941747572816,54,75,1,Thursday
5553957443,2016-04-14 02:00:00,14,58,57.92258064516129,53,69,2,Thursday
5553957443,2016-04-14 03:00:00,11,58,62.11784511784512,55,78,3,Thursday
5553957443,2016-04-14 04:00:00,8,57,59.053872053872055,55,68,4,Thursday
5553957443,2016-04-14 05:00:00,125,69,63.458333333333336,53,87,5,Thursday
5553957443,2016-04-14 06:00:00,1258,142,74.62315789473685,60,95,6,Thursday
5553957443,2016-04-14 07:00:00,2257,155,76.5079365079365,55,103,7,Thursday
5553957443,2016-04-14 08:00:00,0,57,60.091445427728615,54,68,8,Thursday
5553957443,2016-04-14 09:00:00,0,56,61.53954802259887,56,70,9,Thursday
5553957443,2016-04-14 10:00:00,107,63,60.77777777777778,55,80,10,Thursday
5553957443,2016-04-14 11:00:00,0,56,62.20710059171598,56,68,11,Thursday
5553957443,2016-04-14 12:00:00,95,62,63.564841498559076,56,78,12,Thursday
5553957443,2016-04-14 13:00:00,478,85,68.77777777777777,59,101,13,Thursday
5553957443,2016-04-14 14:00:00,2106,248,107.39110429447852,72,133,14,Thursday
5553957443,2016-04-14 15:00:00,249,77,69.5,58,86,15,Thursday
5553957443,2016-04-14 16:00:00,1641,136,75.25647058823529,59,98,16,Thursday
5553957443,2016-04-14 17:00:00,5808,304,89.58156028368795,67,106,17,Thursday
5553957443,2016-04-14 18:00:00,267,77,65.25531914893617,55,87,18,Thursday
5553957443,2016-04-14 19:00:00,143,72,65.68096514745308,57,78,19,Thursday
5553957443,2016-04-14 20:00:00,624,102,67.93396226415095,58,98,20,Thursday
5553957443,2016-04-14 21:00:00,1519,138,75.51134020618557,55,114,21,Thursday
5553957443,2016-04-14 22:00:00,247,80,61.93157894736842,56,73,22,Thursday
5553957443,2016-04-14 23:00:00,37,60,55.06349206349206,51,67,23,Thursday
5553957443,2016-04-15 00:00:00,6,56,57.05750798722045,52,71,0,Friday
5553957443,2016-04-15 01:00:00,0,55,56.81879194630873,53,67,1,Friday
5553957443,2016-04-15 02:00:00,0,55,57.10666666666667,50,63,2,Friday
5553957443,2016-04-15 03:00:00,7,57,58.04,51,70,3,Friday
5553957443,2016-04-15 04:00:00,0,55,58.80132450331126,54,66,4,Friday
5553957443,2016-04-15 05:00:00,6,57,58.7831715210356,53,75,5,Friday
5553957443,2016-04-15 06:00:00,860,124,71.92567567567568,55,100,6,Friday
5553957443,2016-04-15 07:00:00,1427,132,74.1405529953917,58,109,7,Friday
5553957443,2016-04-15 08:00:00,146,64,60.25239616613418,56,76,8,Friday
5553957443,2016-04-15 09:00:00,123,64,58.95061728395062,52,77,9,Friday
5553957443,2016-04-15 10:00:00,2718,180,73.6046511627907,54,97,10,Friday
5553957443,2016-04-15 11:00:00,1959,144,72.35251798561151,55,99,11,Friday
5553957443,2016-04-15 12:00:00,874,95,66.29032258064517,51,108,12,Friday
5553957443,2016-04-15 13:00:00,9,58,61.98382749326146,54,71,13,Friday
5553957443,2016-04-15 14:00:00,2183,217,102.17733473242393,56,123,14,Friday
5553957443,2016-04-15 15:00:00,261,77,64.14025974025974,55,102,15,Friday
5553957443,2016-04-15 16:00:00,3256,202,75.77056277056278,57,99,16,Friday
5553957443,2016-04-15 17:00:00,1035,111,66.6657824933687,55,95,17,Friday
5553957443,2016-04-15 18:00:00,762,103,65.54381443298969,54,99,18,Friday
5553957443,2016-04-15 19:00:00,484,82,68.44,60,91,19,Friday
5553957443,2016-04-15 20:00:00,0,55,61.531772575250834,56,67,20,Friday
5553957443,2016-04-15 21:00:00,148,71,66.76190476190476,58,81,21,Friday
5553957443,2016-04-15 22:00:00,280,84,65.90751445086705,57,86,22,Friday
5553957443,2016-04-15 23:00:00,12,57,57.863945578231295,53,68,23,Friday
5553957443,2016-04-16 00:00:00,0,55,65.33668341708542,59,78,0,Saturday
5553957443,2016-04-16 01:00:00,8,57,63.520930232558136,58,75,1,Saturday
5553957443,2016-04-16 02:00:00,0,56,60.584717607973424,56,80,2,Saturday
5553957443,2016-04-16 03:00:00,10,57,61.75704225352113,55,80,3,Saturday
5553957443,2016-04-16 04:00:00,15,58,58.36625514403292,52,77,4,Saturday
5553957443,2016-04-16 05:00:00,8,57,58.73376623376623,55,80,5,Saturday
5553957443,2016-04-16 06:00:00,9,57,58.577922077922075,54,80,6,Saturday
5553957443,2016-04-16 07:00:00,9,56,60.038216560509554,54,74,7,Saturday
5553957443,2016-04-16 08:00:00,0,55,59.95145631067961,54,75,8,Saturday
5553957443,2016-04-16 09:00:00,65,62,62.20175438596491,55,82,9,Saturday
5553957443,2016-04-16 10:00:00,501,94,71.8578431372549,58,90,10,Saturday
5553957443,2016-04-16 11:00:00,18,59,69.07185628742515,61,82,11,Saturday
5553957443,2016-04-16 12:00:00,17,59,72.7202380952381,61,90,12,Saturday
5553957443,2016-04-16 13:00:00,280,81,74.14423076923077,59,116,13,Saturday
5553957443,2016-04-16 14:00:00,671,104,68.31963470319634,56,83,14,Saturday
5553957443,2016-04-16 15:00:00,564,103,70.72389791183295,59,83,15,Saturday
5553957443,2016-04-16 16:00:00,1024,125,70.21030042918454,55,89,16,Saturday
5553957443,2016-04-16 17:00:00,783,124,69.91903719912473,56,86,17,Saturday
5553957443,2016-04-16 18:00:00,377,88,68.2133676092545,58,92,18,Saturday
5553957443,2016-04-16 19:00:00,580,93,67.24038461538461,56,87,19,Saturday
5553957443,2016-04-16 20:00:00,408,99,68.86298076923077,56,93,20,Saturday
5553957443,2016-04-16 21:00:00,88,74,67.34818941504179,57,85,21,Saturday
5553957443,2016-04-16 22:00:00,170,79,64.08883248730965,50,78,22,Saturday
5553957443,2016-04-16 23:00:00,166,78,62.20661157024794,54,75,23,Saturday
5553957443,2016-04-17 00:00:00,22,61,57.91475409836065,52,64,0,Sunday
5553957443,2016-04-17 01:00:00,305,87,60.65610859728507,54,77,1,Sunday
5553957443,2016-04-17 02:00:00,133,72,53.94267515923567,49,64,2,Sunday
5553957443,2016-04-17 03:00:00,0,55,57.59090909090909,52,70,3,Sunday
5553957443,2016-04-17 04:00:00,0,55,66.58024691358025,61,68,4,Sunday
5553957443,2016-04-17 05:00:00,24,59,67.38461538461539,66,79,5,Sunday
5553957443,2016-04-17 06:00:00,0,55,61.25925925925926,61,66,6,Sunday
5553957443,2016-04-17 07:00:00,0,56,62.074074074074076,60,64,7,Sunday
5553957443,2016-04-17 22:00:00,111,66,62.093333333333334,56,84,22,Sunday
5553957443,2016-04-17 23:00:00,20,58,59.151125401929264,55,74,23,Sunday
5553957443,2016-04-18 00:00:00,0,55,63.890728476821195,57,80,0,Monday
5553957443,2016-04-18 01:00:00,0,55,60.36513157894737,55,69,1,Monday
5553957443,2016-04-18 02:00:00,0,55,62.1160409556314,56,72,2,Monday
5553957443,2016-04-18 03:00:00,9,57,61.706713780918726,56,66,3,Monday
5553957443,2016-04-18 04:00:00,9,56,59.9204152249135,53,68,4,Monday
5553957443,2016-04-18 05:00:00,6,56,56.8943894389439,53,72,5,Monday
5553957443,2016-04-18 06:00:00,83,65,62.14102564102564,54,84,6,Monday
5553957443,2016-04-18 07:00:00,153,71,63.915942028985505,57,74,7,Monday
5553957443,2016-04-18 08:00:00,10,57,67.95962732919254,64,78,8,Monday
5553957443,2016-04-18 09:00:00,103,63,69.08211143695014,63,82,9,Monday
5553957443,2016-04-18 10:00:00,373,86,68.65277777777777,60,87,10,Monday
5553957443,2016-04-18 11:00:00,374,90,70.05817174515235,61,87,11,Monday
5553957443,2016-04-18 12:00:00,454,96,68.82142857142857,59,82,12,Monday
5553957443,2016-04-18 13:00:00,98,66,62.77917981072555,58,78,13,Monday
5553957443,2016-04-18 14:00:00,0,56,64.10967741935484,54,86,14,Monday
5553957443,2016-04-18 15:00:00,425,98,71.04314720812182,60,82,15,Monday
5553957443,2016-04-18 16:00:00,5,61,67.67159763313609,60,82,16,Monday
5553957443,2016-04-18 17:00:00,519,109,74.78342245989305,64,91,17,Monday
5553957443,2016-04-18 18:00:00,373,82,67.68181818181819,57,82,18,Monday
5553957443,2016-04-18 19:00:00,0,55,60.16828478964401,56,71,19,Monday
5553957443,2016-04-18 20:00:00,409,99,71.81283422459893,60,85,20,Monday
5553957443,2016-04-18 21:00:00,317,84,67.09768637532133,54,85,21,Monday
5553957443,2016-04-18 22:00:00,7,56,56.48726114649681,53,78,22,Monday
5553957443,2016-04-18 23:00:00,0,55,61.13418530351438,55,75,23,Monday
5553957443,2016-04-19 00:00:00,0,55,59.074918566775246,54,73,0,Tuesday
5553957443,2016-04-19 01:00:00,0,56,57.10130718954248,53,73,1,Tuesday
5553957443,2016-04-19 02:00:00,116,65,59.18037974683544,53,81,2,Tuesday
5553957443,2016-04-19 03:00:00,0,55,59.99673202614379,56,75,3,Tuesday
5553957443,2016-04-19 04:00:00,6,57,60.687732342007436,56,77,4,Tuesday
5553957443,2016-04-19 05:00:00,0,56,61.266666666666666,57,82,5,Tuesday
5553957443,2016-04-19 06:00:00,525,112,71.24590163934427,58,108,6,Tuesday
5553957443,2016-04-19 07:00:00,1983,153,73.30201342281879,59,98,7,Tuesday
5553957443,2016-04-19 08:00:00,950,100,69.66925064599484,55,109,8,Tuesday
5553957443,2016-04-19 09:00:00,125,69,64.44535519125684,53,82,9,Tuesday
5553957443,2016-04-19 10:00:00,6,57,64.04065040650407,55,73,10,Tuesday
5553957443,2016-04-19 11:00:00,70,59,65.20754716981132,57,73,11,Tuesday
5553957443,2016-04-19 12:00:00,2379,164,78.28630705394191,60,103,12,Tuesday
5553957443,2016-04-19 13:00:00,2277,163,76.27312775330397,63,97,13,Tuesday
5553957443,2016-04-19 14:00:00,7,58,64.68587896253602,56,73,14,Tuesday
5553957443,2016-04-19 15:00:00,2538,244,109.40613718411552,57,128,15,Tuesday
5553957443,2016-04-19 16:00:00,448,113,84.4609375,67,120,16,Tuesday
5553957443,2016-04-19 17:00:00,2598,174,80.0,49,113,17,Tuesday
5553957443,2016-04-19 18:00:00,554,98,77.37777777777778,68,98,18,Tuesday
5553957443,2016-04-19 19:00:00,217,84,72.32241813602015,60,91,19,Tuesday
5553957443,2016-04-19 20:00:00,120,70,68.74598930481284,59,79,20,Tuesday
5553957443,2016-04-19 21:00:00,466,99,70.51,57,86,21,Tuesday
5553957443,2016-04-19 22:00:00,97,69,62.04643962848297,54,74,22,Tuesday
5553957443,2016-04-19 23:00:00,0,55,54.776729559748425,50,61,23,Tuesday
5553957443,2016-04-20 00:00:00,0,55,58.9728813559322,56,78,0,Wednesday
5553957443,2016-04-20 01:00:00,4,57,59.12852664576803,54,71,1,Wednesday
5553957443,2016-04-20 02:00:00,16,58,59.42356687898089,54,71,2,Wednesday
5553957443,2016-04-20 03:00:00,0,55,60.17834394904459,54,74,3,Wednesday
5553957443,2016-04-20 04:00:00,17,58,56.794642857142854,53,71,4,Wednesday
5553957443,2016-04-20 05:00:00,7,57,56.952229299363054,53,74,5,Wednesday
5553957443,2016-04-20 06:00:00,96,63,57.567567567567565,51,81,6,Wednesday
5553957443,2016-04-20 07:00:00,0,55,58.61490683229814,54,69,7,Wednesday
5553957443,2016-04-20 08:00:00,11,58,58.38080495356037,54,68,8,Wednesday
5553957443,2016-04-20 09:00:00,0,55,54.01875,48,72,9,Wednesday
5553957443,2016-04-20 10:00:00,144,65,57.825581395348834,50,82,10,Wednesday
5553957443,2016-04-20 11:00:00,118,65,61.836158192090394,53,73,11,Wednesday
5553957443,2016-04-20 12:00:00,479,90,65.36649214659685,56,84,12,Wednesday
5553957443,2016-04-20 13:00:00,534,96,64.93866666666666,55,84,13,Wednesday
5553957443,2016-04-20 14:00:00,135,71,62.31758530183727,51,78,14,Wednesday
5553957443,2016-04-20 15:00:00,42,61,60.32984293193717,55,68,15,Wednesday
5553957443,2016-04-20 16:00:00,114,65,61.03465346534654,54,76,16,Wednesday
5553957443,2016-04-20 17:00:00,85,64,62.058510638297875,53,77,17,Wednesday
5553957443,2016-04-20 18:00:00,38,58,62.82170542635659,56,76,18,Wednesday
5553957443,2016-04-20 19:00:00,46,62,60.932432432432435,52,83,19,Wednesday
5553957443,2016-04-20 20:00:00,349,90,62.57142857142857,51,77,20,Wednesday
5553957443,2016-04-20 21:00:00,228,76,60.4060773480663,52,81,21,Wednesday
5553957443,2016-04-20 22:00:00,239,80,61.014044943820224,50,81,22,Wednesday
5553957443,2016-04-20 23:00:00,11,57,51.88709677419355,48,65,23,Wednesday
5553957443,2016-04-21 00:00:00,0,55,55.75796178343949,51,67,0,Thursday
5553957443,2016-04-21 01:00:00,0,55,53.901023890784984,49,58,1,Thursday
5553957443,2016-04-21 02:00:00,111,65,56.38957055214724,49,85,2,Thursday
5553957443,2016-04-21 03:00:00,0,56,52.820598006644516,49,59,3,Thursday
5553957443,2016-04-21 04:00:00,0,55,60.87951807228916,55,70,4,Thursday
5553957443,2016-04-21 05:00:00,13,58,59.84496124031008,54,74,5,Thursday
5553957443,2016-04-21 06:00:00,410,94,69.65587044534414,56,80,6,Thursday
5553957443,2016-04-21 07:00:00,644,96,69.58868894601542,57,90,7,Thursday
5553957443,2016-04-21 08:00:00,1844,138,73.51690821256038,56,99,8,Thursday
5553957443,2016-04-21 09:00:00,99,62,65.64383561643835,60,82,9,Thursday
5553957443,2016-04-21 10:00:00,19,58,64.74515235457064,54,72,10,Thursday
5553957443,2016-04-21 11:00:00,198,67,64.05376344086021,56,84,11,Thursday
5553957443,2016-04-21 12:00:00,243,75,66.17478510028653,56,83,12,Thursday
5553957443,2016-04-21 13:00:00,243,70,62.81388888888889,54,82,13,Thursday
5553957443,2016-04-21 14:00:00,11,58,62.4756446991404,57,71,14,Thursday
5553957443,2016-04-21 15:00:00,0,56,61.23410404624278,56,70,15,Thursday
5553957443,2016-04-21 16:00:00,0,56,58.9969512195122,52,66,16,Thursday
5553957443,2016-04-21 17:00:00,2325,234,107.43056768558952,58,127,17,Thursday
5553957443,2016-04-21 18:00:00,3026,204,82.8395061728395,66,100,18,Thursday
5553957443,2016-04-21 19:00:00,1021,102,72.08683473389355,60,98,19,Thursday
5553957443,2016-04-21 20:00:00,9,59,68.78823529411764,61,75,20,Thursday
5553957443,2016-04-21 21:00:00,1472,135,76.3076923076923,61,104,21,Thursday
5553957443,2016-04-21 22:00:00,39,61,68.15337423312883,62,77,22,Thursday
5553957443,2016-04-21 23:00:00,619,98,68.5121293800539,54,91,23,Thursday
5553957443,2016-04-22 00:00:00,0,55,56.66555183946488,52,72,0,Friday
5553957443,2016-04-22 01:00:00,0,56,58.891447368421055,54,74,1,Friday
5553957443,2016-04-22 02:00:00,14,57,57.803174603174604,52,75,2,Friday
5553957443,2016-04-22 03:00:00,0,55,56.245847176079735,52,66,3,Friday
5553957443,2016-04-22 04:00:00,0,55,58.68181818181818,54,69,4,Friday
5553957443,2016-04-22 05:00:00,126,69,60.39375,53,81,5,Friday
5553957443,2016-04-22 06:00:00,1360,138,73.64402810304449,61,92,6,Friday
5553957443,2016-04-22 07:00:00,1743,133,79.79735682819383,60,105,7,Friday
5553957443,2016-04-22 08:00:00,326,72,67.18243243243244,54,82,8,Friday
5553957443,2016-04-22 09:00:00,290,72,62.0467032967033,53,80,9,Friday
5553957443,2016-04-22 10:00:00,112,62,60.80172413793103,55,76,10,Friday
5553957443,2016-04-22 11:00:00,91,62,60.60857142857143,53,78,11,Friday
5553957443,2016-04-22 12:00:00,335,78,65.77866666666667,56,86,12,Friday
5553957443,2016-04-22 13:00:00,319,80,63.51881720430107,53,81,13,Friday
5553957443,2016-04-22 14:00:00,556,87,64.18997361477572,51,91,14,Friday
5553957443,2016-04-22 15:00:00,1002,132,88.72753209700429,55,121,15,Friday
5553957443,2016-04-22 16:00:00,1603,197,97.058039961941,65,128,16,Friday
5553957443,2016-04-22 17:00:00,347,86,69.58194774346794,58,88,17,Friday
5553957443,2016-04-22 18:00:00,538,90,71.11989795918367,58,112,18,Friday
5553957443,2016-04-22 19:00:00,1419,133,74.67058823529412,57,105,19,Friday
5553957443,2016-04-22 20:00:00,489,86,65.28888888888889,56,84,20,Friday
5553957443,2016-04-22 21:00:00,736,104,66.89876543209877,55,92,21,Friday
5553957443,2016-04-22 22:00:00,53,67,60.69470404984423,55,68,22,Friday
5553957443,2016-04-22 23:00:00,211,79,64.72649572649573,58,81,23,Friday
5553957443,2016-04-23 00:00:00,258,82,64.69459459459459,57,79,0,Saturday
5553957443,2016-04-23 01:00:00,10,58,69.62153846153846,60,79,1,Saturday
5553957443,2016-04-23 02:00:00,9,56,66.08026755852843,63,71,2,Saturday
5553957443,2016-04-23 03:00:00,0,56,63.593650793650795,57,77,3,Saturday
5553957443,2016-04-23 04:00:00,0,56,60.93464052287582,55,71,4,Saturday
5553957443,2016-04-23 05:00:00,76,60,60.84415584415584,55,78,5,Saturday
5553957443,2016-04-23 06:00:00,8,57,60.411949685534594,55,69,6,Saturday
5553957443,2016-04-23 07:00:00,0,56,60.15576323987539,54,78,7,Saturday
5553957443,2016-04-23 08:00:00,0,56,61.57993730407524,53,73,8,Saturday
5553957443,2016-04-23 09:00:00,10,57,60.49683544303797,52,73,9,Saturday
5553957443,2016-04-23 10:00:00,28,58,61.45945945945946,56,84,10,Saturday
5553957443,2016-04-23 11:00:00,102,63,65.93548387096774,57,79,11,Saturday
5553957443,2016-04-23 12:00:00,88,69,71.24671916010499,64,84,12,Saturday
5553957443,2016-04-23 13:00:00,26,58,63.48816568047337,52,78,13,Saturday
5553957443,2016-04-23 14:00:00,0,55,61.46621621621622,53,73,14,Saturday
5553957443,2016-04-23 15:00:00,66,68,68.26409495548961,54,87,15,Saturday
5553957443,2016-04-23 16:00:00,394,100,72.78756476683938,64,86,16,Saturday
5553957443,2016-04-23 17:00:00,412,96,71.65879265091864,64,92,17,Saturday
5553957443,2016-04-23 18:00:00,501,114,75.51741293532338,66,86,18,Saturday
5553957443,2016-04-23 19:00:00,785,114,74.99759036144579,63,89,19,Saturday
5553957443,2016-04-23 20:00:00,484,104,73.7467700258398,60,94,20,Saturday
5553957443,2016-04-23 21:00:00,237,95,72.13609467455622,62,91,21,Saturday
5553957443,2016-04-23 22:00:00,266,87,67.93539325842697,56,75,22,Saturday
5553957443,2016-04-23 23:00:00,350,103,70.48062015503876,63,85,23,Saturday
5553957443,2016-04-24 00:00:00,154,71,63.03021978021978,54,75,0,Sunday
5553957443,2016-04-24 01:00:00,0,55,68.08695652173913,59,79,1,Sunday
5553957443,2016-04-24 02:00:00,0,55,65.76875,59,85,2,Sunday
5553957443,2016-04-24 03:00:00,25,57,64.31498470948013,56,75,3,Sunday
5553957443,2016-04-24 04:00:00,80,63,62.697452229299365,53,84,4,Sunday
5553957443,2016-04-24 05:00:00,18,59,59.90415335463259,54,71,5,Sunday
5553957443,2016-04-24 06:00:00,23,58,57.985611510791365,50,64,6,Sunday
5553957443,2016-04-24 07:00:00,6,57,59.2,54,75,7,Sunday
5553957443,2016-04-24 08:00:00,0,56,59.682119205298015,54,72,8,Sunday
5553957443,2016-04-24 09:00:00,10,58,61.265,57,85,9,Sunday
5553957443,2016-04-24 10:00:00,204,74,65.78975741239893,56,83,10,Sunday
5553957443,2016-04-24 11:00:00,119,67,66.84675324675325,60,83,11,Sunday
5553957443,2016-04-24 12:00:00,89,67,66.3994708994709,58,85,12,Sunday
5553957443,2016-04-24 13:00:00,24,59,64.6842105263158,59,77,13,Sunday
5553957443,2016-04-24 14:00:00,80,62,64.41428571428571,56,80,14,Sunday
5553957443,2016-04-24 15:00:00,0,55,59.21943573667711,54,64,15,Sunday
5553957443,2016-04-24 16:00:00,39,59,66.02380952380952,54,78,16,Sunday
5553957443,2016-04-24 17:00:00,297,76,69.7336956521739,61,92,17,Sunday
5553957443,2016-04-24 18:00:00,59,63,64.60281690140845,56,81,18,Sunday
5553957443,2016-04-24 19:00:00,26,59,64.04494382022472,56,73,19,Sunday
5553957443,2016-04-24 20:00:00,251,82,67.22842639593908,58,81,20,Sunday
5553957443,2016-04-24 21:00:00,282,84,64.80456852791878,55,82,21,Sunday
5553957443,2016-04-24 22:00:00,21,57,59.47077922077922,56,72,22,Sunday
5553957443,2016-04-24 23:00:00,0,55,61.91961414790997,57,70,23,Sunday
5553957443,2016-04-25 00:00:00,0,55,59.6,56,72,0,Monday
5553957443,2016-04-25 01:00:00,0,55,58.0586319218241,52,81,1,Monday
5553957443,2016-04-25 02:00:00,0,56,59.37748344370861,55,74,2,Monday
5553957443,2016-04-25 03:00:00,0,55,60.468152866242036,55,78,3,Monday
5553957443,2016-04-25 04:00:00,0,55,58.35197368421053,54,81,4,Monday
5553957443,2016-04-25 05:00:00,40,60,60.88659793814433,53,75,5,Monday
5553957443,2016-04-25 06:00:00,572,102,73.14110429447852,63,128,6,Monday
5553957443,2016-04-25 07:00:00,2715,178,77.95936794582393,59,107,7,Monday
5553957443,2016-04-25 08:00:00,13,58,64.86898395721926,54,75,8,Monday
5553957443,2016-04-25 09:00:00,19,59,64.85498489425981,56,73,9,Monday
5553957443,2016-04-25 10:00:00,108,62,61.956989247311824,52,81,10,Monday
5553957443,2016-04-25 11:00:00,154,68,60.909604519774014,54,77,11,Monday
5553957443,2016-04-25 12:00:00,34,59,61.18941504178273,55,72,12,Monday
5553957443,2016-04-25 13:00:00,2451,236,108.3293172690763,56,132,13,Monday
5553957443,2016-04-25 14:00:00,601,111,84.94117647058823,60,118,14,Monday
5553957443,2016-04-25 15:00:00,275,73,70.80281690140845,60,98,15,Monday
5553957443,2016-04-25 16:00:00,83,67,65.69364161849711,58,76,16,Monday
5553957443,2016-04-25 17:00:00,1838,141,77.6712643678161,57,107,17,Monday
5553957443,2016-04-25 18:00:00,1149,123,77.66421568627452,62,109,18,Monday
5553957443,2016-04-25 19:00:00,380,90,68.0792349726776,58,91,19,Monday
5553957443,2016-04-25 20:00:00,65,64,63.98498498498498,58,74,20,Monday
5553957443,2016-04-25 21:00:00,423,91,71.39189189189189,64,83,21,Monday
5553957443,2016-04-25 22:00:00,26,61,65.99373040752351,61,70,22,Monday
5553957443,2016-04-25 23:00:00,0,55,65.61261261261261,60,80,23,Monday
5553957443,2016-04-26 00:00:00,0,55,64.9543973941368,59,81,0,Tuesday
5553957443,2016-04-26 01:00:00,0,55,62.40836012861736,58,75,1,Tuesday
5553957443,2016-04-26 02:00:00,5,57,61.47682119205298,57,69,2,Tuesday
5553957443,2016-04-26 03:00:00,10,57,63.43689320388349,58,74,3,Tuesday
5553957443,2016-04-26 04:00:00,0,56,60.07119741100323,55,69,4,Tuesday
5553957443,2016-04-26 05:00:00,11,57,57.68571428571428,53,71,5,Tuesday
5553957443,2016-04-26 06:00:00,888,124,72.4095634095634,55,102,6,Tuesday
5553957443,2016-04-26 07:00:00,2641,172,78.65853658536585,60,102,7,Tuesday
5553957443,2016-04-26 08:00:00,20,59,62.54054054054054,57,75,8,Tuesday
5553957443,2016-04-26 09:00:00,161,68,62.24731182795699,55,95,9,Tuesday
5553957443,2016-04-26 10:00:00,55,64,61.40920716112532,54,70,10,Tuesday
5553957443,2016-04-26 11:00:00,114,63,62.35537190082645,56,76,11,Tuesday
5553957443,2016-04-26 12:00:00,2595,231,104.27909011373578,56,128,12,Tuesday
5553957443,2016-04-26 13:00:00,834,123,84.45505617977528,63,126,13,Tuesday
5553957443,2016-04-26 14:00:00,74,63,66.5220588235294,54,77,14,Tuesday
5553957443,2016-04-26 17:00:00,2411,165,78.30975609756098,58,101,17,Tuesday
5553957443,2016-04-26 18:00:00,517,95,72.76157407407408,63,98,18,Tuesday
5553957443,2016-04-26 19:00:00,406,89,74.14146341463415,60,93,19,Tuesday
5553957443,2016-04-26 20:00:00,184,83,69.4639175257732,60,80,20,Tuesday
5553957443,2016-04-26 21:00:00,204,76,65.89722222222223,58,81,21,Tuesday
5553957443,2016-04-26 22:00:00,691,112,73.41162790697675,56,100,22,Tuesday
5553957443,2016-04-26 23:00:00,65,64,61.510263929618766,54,87,23,Tuesday
5553957443,2016-04-27 00:00:00,0,55,59.874233128834355,53,79,0,Wednesday
5553957443,2016-04-27 01:00:00,0,55,60.838095238095235,55,73,1,Wednesday
5553957443,2016-04-27 02:00:00,8,57,59.82831325301205,55,75,2,Wednesday
5553957443,2016-04-27 03:00:00,0,55,56.61952861952862,54,68,3,Wednesday
5553957443,2016-04-27 04:00:00,4,57,58.64026402640264,53,69,4,Wednesday
5553957443,2016-04-27 05:00:00,7,56,57.061016949152545,52,68,5,Wednesday
5553957443,2016-04-27 06:00:00,942,126,72.91067538126362,58,89,6,Wednesday
5553957443,2016-04-27 07:00:00,1267,124,72.67990074441687,60,101,7,Wednesday
5553957443,2016-04-27 08:00:00,466,77,65.1043956043956,58,88,8,Wednesday
5553957443,2016-04-27 09:00:00,177,66,62.93805309734513,56,78,9,Wednesday
5553957443,2016-04-27 10:00:00,142,64,63.554621848739494,58,85,10,Wednesday
5553957443,2016-04-27 11:00:00,423,82,63.40409207161125,55,89,11,Wednesday
5553957443,2016-04-27 12:00:00,480,84,65.34883720930233,56,81,12,Wednesday
5553957443,2016-04-27 13:00:00,395,78,66.8048128342246,56,89,13,Wednesday
5553957443,2016-04-27 14:00:00,106,64,62.57725947521866,56,81,14,Wednesday
5553957443,2016-04-27 15:00:00,542,84,64.67287234042553,57,85,15,Wednesday
5553957443,2016-04-27 16:00:00,95,62,59.465714285714284,49,85,16,Wednesday
5553957443,2016-04-27 17:00:00,3605,217,78.86262626262626,57,104,17,Wednesday
5553957443,2016-04-27 18:00:00,1341,127,73.87219730941705,60,94,18,Wednesday
5553957443,2016-04-27 19:00:00,4,58,63.54178674351585,57,72,19,Wednesday
5553957443,2016-04-27 20:00:00,276,85,70.86873508353221,62,89,20,Wednesday
5553957443,2016-04-27 21:00:00,258,78,64.63636363636364,54,80,21,Wednesday
5553957443,2016-04-27 22:00:00,0,56,58.54754098360656,54,67,22,Wednesday
5553957443,2016-04-27 23:00:00,0,55,60.327922077922075,56,75,23,Wednesday
5553957443,2016-04-28 00:00:00,0,55,56.67,51,69,0,Thursday
5553957443,2016-04-28 01:00:00,0,55,55.68690095846645,51,81,1,Thursday
5553957443,2016-04-28 02:00:00,9,57,56.63455149501661,52,78,2,Thursday
5553957443,2016-04-28 03:00:00,15,58,56.98432601880878,52,71,3,Thursday
5553957443,2016-04-28 04:00:00,0,55,59.080128205128204,53,76,4,Thursday
5553957443,2016-04-28 05:00:00,0,55,59.117834394904456,54,77,5,Thursday
5553957443,2016-04-28 06:00:00,107,65,71.05102040816327,57,82,6,Thursday
5553957443,2016-04-28 07:00:00,2046,160,82.76633165829146,61,130,7,Thursday
5553957443,2016-04-28 08:00:00,861,97,68.28055555555555,56,101,8,Thursday
5553957443,2016-04-28 09:00:00,170,69,61.73623188405797,55,75,9,Thursday
5553957443,2016-04-28 10:00:00,164,70,63.01111111111111,55,80,10,Thursday
5553957443,2016-04-28 11:00:00,80,64,63.42048517520216,56,79,11,Thursday
5553957443,2016-04-28 12:00:00,118,66,62.09283819628647,56,76,12,Thursday
5553957443,2016-04-28 13:00:00,456,87,71.44251626898048,57,121,13,Thursday
5553957443,2016-04-28 14:00:00,3729,284,112.98416666666667,68,149,14,Thursday
5553957443,2016-04-28 15:00:00,42,59,68.60955056179775,59,76,15,Thursday
5553957443,2016-04-28 16:00:00,1999,148,76.37690631808279,55,112,16,Thursday
5553957443,2016-04-28 17:00:00,1157,116,71.0324074074074,57,101,17,Thursday
5553957443,2016-04-28 18:00:00,31,60,64.40687679083095,57,74,18,Thursday
5553957443,2016-04-28 19:00:00,96,66,67.79154929577464,60,89,19,Thursday
5553957443,2016-04-28 20:00:00,95,65,65.74492753623188,59,77,20,Thursday
5553957443,2016-04-28 21:00:00,210,77,60.21369863013699,51,79,21,Thursday
5553957443,2016-04-28 22:00:00,0,55,56.5344262295082,52,61,22,Thursday
5553957443,2016-04-28 23:00:00,8,56,58.175548589341695,54,72,23,Thursday
5553957443,2016-04-29 00:00:00,0,55,56.48888888888889,53,70,0,Friday
5553957443,2016-04-29 01:00:00,0,55,58.30218068535826,54,70,1,Friday
5553957443,2016-04-29 02:00:00,8,56,59.31464174454829,52,78,2,Friday
5553957443,2016-04-29 03:00:00,60,62,59.793510324483776,53,76,3,Friday
5553957443,2016-04-29 04:00:00,13,58,58.72990353697749,52,72,4,Friday
5553957443,2016-04-29 05:00:00,0,56,56.943333333333335,52,73,5,Friday
5553957443,2016-04-29 06:00:00,687,116,71.97658079625293,55,96,6,Friday
5553957443,2016-04-29 07:00:00,2761,180,79.01973684210526,61,110,7,Friday
5553957443,2016-04-29 08:00:00,179,66,65.5068870523416,55,90,8,Friday
5553957443,2016-04-29 09:00:00,0,57,61.39031339031339,53,68,9,Friday
5553957443,2016-04-29 10:00:00,305,81,64.60835509138381,53,84,10,Friday
5553957443,2016-04-29 11:00:00,2456,254,104.37822164948453,68,124,11,Friday
5553957443,2016-04-29 12:00:00,469,91,73.00069444444445,57,102,12,Friday
5553957443,2016-04-29 13:00:00,359,82,74.27777777777777,62,110,13,Friday
5553957443,2016-04-29 14:00:00,73,64,67.6710875331565,57,87,14,Friday
5553957443,2016-04-29 15:00:00,247,75,68.5752427184466,59,86,15,Friday
5553957443,2016-04-29 16:00:00,2887,192,87.26105263157895,57,156,16,Friday
5553957443,2016-04-29 17:00:00,803,107,71.42009132420091,59,95,17,Friday
5553957443,2016-04-29 18:00:00,662,105,70.66183574879227,60,92,18,Friday
5553957443,2016-04-29 19:00:00,157,75,68.56684491978609,55,81,19,Friday
5553957443,2016-04-29 20:00:00,139,74,67.3732590529248,55,79,20,Friday
5553957443,2016-04-29 21:00:00,165,67,62.31693989071038,50,76,21,Friday
5553957443,2016-04-29 22:00:00,7,59,62.58381502890173,50,74,22,Friday
5553957443,2016-04-29 23:00:00,327,83,63.10899182561308,54,84,23,Friday
5553957443,2016-04-30 00:00:00,0,55,63.508250825082506,57,73,0,Saturday
5553957443,2016-04-30 01:00:00,0,55,65.63517915309447,62,78,1,Saturday
5553957443,2016-04-30 02:00:00,0,55,65.11974110032362,61,76,2,Saturday
5553957443,2016-04-30 03:00:00,0,55,64.75244299674267,58,79,3,Saturday
5553957443,2016-04-30 04:00:00,0,55,66.35403726708074,60,81,4,Saturday
5553957443,2016-04-30 05:00:00,9,57,64.64217252396166,59,77,5,Saturday
5553957443,2016-04-30 06:00:00,32,58,61.95918367346939,57,79,6,Saturday
5553957443,2016-04-30 07:00:00,0,56,62.31596091205212,58,75,7,Saturday
5553957443,2016-04-30 08:00:00,0,55,61.80718954248366,55,82,8,Saturday
5553957443,2016-04-30 09:00:00,0,55,62.503184713375795,56,83,9,Saturday
5553957443,2016-04-30 10:00:00,8,57,64.31192660550458,58,79,10,Saturday
5553957443,2016-04-30 11:00:00,127,68,66.53631284916202,56,86,11,Saturday
5553957443,2016-04-30 12:00:00,143,70,71.20680628272251,56,89,12,Saturday
5553957443,2016-04-30 13:00:00,0,56,73.06024096385542,68,82,13,Saturday
5553957443,2016-04-30 14:00:00,41,60,71.20879120879121,66,81,14,Saturday
5553957443,2016-04-30 15:00:00,38,59,67.1907514450867,61,78,15,Saturday
5553957443,2016-04-30 16:00:00,13,57,66.40438871473354,59,84,16,Saturday
5553957443,2016-04-30 17:00:00,22,59,63.74556213017752,55,78,17,Saturday
5553957443,2016-04-30 18:00:00,61,62,68.71164021164022,62,79,18,Saturday
5553957443,2016-04-30 19:00:00,297,92,69.60191846522781,56,81,19,Saturday
5553957443,2016-04-30 20:00:00,49,61,67.00586510263929,60,75,20,Saturday
5553957443,2016-04-30 21:00:00,113,66,66.33050847457628,60,80,21,Saturday
5553957443,2016-04-30 22:00:00,179,76,64.94050991501416,57,78,22,Saturday
5553957443,2016-04-30 23:00:00,70,64,55.321100917431195,49,80,23,Saturday
5553957443,2016-05-01 00:00:00,0,55,53.80456026058632,49,72,0,Sunday
5553957443,2016-05-01 01:00:00,0,55,58.57861635220126,53,68,1,Sunday
5553957443,2016-05-01 02:00:00,0,55,59.945,56,75,2,Sunday
5553957443,2016-05-01 03:00:00,0,56,62.56190476190476,50,76,3,Sunday
5553957443,2016-05-01 04:00:00,0,55,64.05111821086263,58,82,4,Sunday
5553957443,2016-05-01 05:00:00,53,62,63.67272727272727,58,80,5,Sunday
5553957443,2016-05-01 06:00:00,5,57,64.5632911392405,57,80,6,Sunday
5553957443,2016-05-01 07:00:00,0,55,66.29447852760737,59,88,7,Sunday
5553957443,2016-05-01 08:00:00,13,58,63.37071651090343,57,84,8,Sunday
5553957443,2016-05-01 09:00:00,174,76,68.96428571428571,56,85,9,Sunday
5553957443,2016-05-01 10:00:00,702,114,74.02974828375287,63,95,10,Sunday
5553957443,2016-05-01 11:00:00,418,92,70.93540051679587,63,83,11,Sunday
5553957443,2016-05-01 12:00:00,1171,133,72.21443298969072,54,93,12,Sunday
5553957443,2016-05-01 13:00:00,605,102,68.94279176201373,58,87,13,Sunday
5553957443,2016-05-01 14:00:00,225,71,69.59148936170213,59,91,14,Sunday
5553957443,2016-05-01 15:00:00,0,55,72.50862068965517,66,105,15,Sunday
5553957443,2016-05-01 16:00:00,105,67,69.3208722741433,62,92,16,Sunday
5553957443,2016-05-01 17:00:00,332,85,69.52830188679245,60,88,17,Sunday
5553957443,2016-05-01 18:00:00,384,77,70.43478260869566,62,87,18,Sunday
5553957443,2016-05-01 19:00:00,504,107,70.47072599531616,58,91,19,Sunday
5553957443,2016-05-01 20:00:00,322,80,69.02770083102493,62,97,20,Sunday
5553957443,2016-05-01 21:00:00,68,61,72.77586206896552,57,116,21,Sunday
5553957443,2016-05-01 22:00:00,83,63,57.34969325153374,52,84,22,Sunday
5553957443,2016-05-01 23:00:00,0,55,58.5114006514658,54,72,23,Sunday
5553957443,2016-05-02 00:00:00,0,55,58.66112956810631,54,72,0,Monday
5553957443,2016-05-02 01:00:00,0,55,57.13057324840764,53,69,1,Monday
5553957443,2016-05-02 02:00:00,8,56,58.91373801916933,54,70,2,Monday
5553957443,2016-05-02 03:00:00,0,55,59.971698113207545,55,82,3,Monday
5553957443,2016-05-02 04:00:00,0,55,58.753894080996886,50,80,4,Monday
5553957443,2016-05-02 05:00:00,24,58,58.666666666666664,54,76,5,Monday
5553957443,2016-05-02 06:00:00,831,118,71.83863636363637,61,94,6,Monday
5553957443,2016-05-02 07:00:00,1649,136,74.0262467191601,57,114,7,Monday
5553957443,2016-05-02 08:00:00,345,74,67.23255813953489,61,84,8,Monday
5553957443,2016-05-02 09:00:00,338,73,65.80882352941177,57,90,9,Monday
5553957443,2016-05-02 10:00:00,332,75,64.83193277310924,56,87,10,Monday
5553957443,2016-05-02 11:00:00,384,76,62.47905759162304,52,82,11,Monday
5553957443,2016-05-02 12:00:00,143,65,64.44473007712082,55,84,12,Monday
5553957443,2016-05-02 13:00:00,82,63,65.96708860759493,57,81,13,Monday
5553957443,2016-05-02 14:00:00,103,61,63.54046997389034,54,74,14,Monday
5553957443,2016-05-02 15:00:00,108,63,61.25552050473186,55,72,15,Monday
5553957443,2016-05-02 16:00:00,2457,219,106.10326659641728,53,125,16,Monday
5553957443,2016-05-02 17:00:00,1386,186,97.68244575936883,63,118,17,Monday
5553957443,2016-05-02 18:00:00,1181,124,83.33253588516746,67,109,18,Monday
5553957443,2016-05-02 19:00:00,102,75,73.36438356164383,65,81,19,Monday
5553957443,2016-05-02 20:00:00,140,71,69.078125,52,80,20,Monday
5553957443,2016-05-02 21:00:00,126,69,65.6020942408377,56,79,21,Monday
5553957443,2016-05-02 22:00:00,30,58,59.383870967741935,55,74,22,Monday
5553957443,2016-05-02 23:00:00,0,55,59.04702194357367,54,73,23,Monday
5553957443,2016-05-03 00:00:00,24,60,60.963855421686745,55,73,0,Tuesday
5553957443,2016-05-03 01:00:00,8,56,60.612307692307695,56,74,1,Tuesday
5553957443,2016-05-03 02:00:00,12,56,60.957703927492446,54,76,2,Tuesday
5553957443,2016-05-03 03:00:00,5,56,59.58912386706949,55,80,3,Tuesday
5553957443,2016-05-03 04:00:00,0,55,61.528301886792455,56,65,4,Tuesday
5553957443,2016-05-03 05:00:00,201,77,65.26086956521739,54,86,5,Tuesday
5553957443,2016-05-03 06:00:00,1528,147,75.92505854800937,65,96,6,Tuesday
5553957443,2016-05-03 07:00:00,833,99,71.90126582278481,58,105,7,Tuesday
5553957443,2016-05-03 08:00:00,0,55,58.97791798107256,53,67,8,Tuesday
5553957443,2016-05-03 09:00:00,106,64,59.293103448275865,54,73,9,Tuesday
5553957443,2016-05-03 10:00:00,204,68,59.68834688346883,51,82,10,Tuesday
5553957443,2016-05-03 11:00:00,70,62,57.75706214689266,54,67,11,Tuesday
5553957443,2016-05-03 12:00:00,612,92,63.38167938931298,54,89,12,Tuesday
5553957443,2016-05-03 13:00:00,68,58,63.153424657534245,56,79,13,Tuesday
5553957443,2016-05-03 14:00:00,0,56,61.51412429378531,53,67,14,Tuesday
5553957443,2016-05-03 15:00:00,25,58,60.09549071618037,52,73,15,Tuesday
5553957443,2016-05-03 16:00:00,1613,176,100.59136690647482,54,134,16,Tuesday
5553957443,2016-05-03 17:00:00,2518,195,97.77134587554269,66,127,17,Tuesday
5553957443,2016-05-03 18:00:00,797,106,74.21608040201005,58,98,18,Tuesday
5553957443,2016-05-03 19:00:00,1502,133,74.8177966101695,59,95,19,Tuesday
5553957443,2016-05-03 20:00:00,1362,136,72.53167420814479,56,96,20,Tuesday
5553957443,2016-05-03 21:00:00,84,67,64.33988764044943,50,76,21,Tuesday
5553957443,2016-05-03 22:00:00,986,106,65.5978835978836,52,99,22,Tuesday
5553957443,2016-05-03 23:00:00,263,76,62.82216494845361,51,100,23,Tuesday
5553957443,2016-05-04 00:00:00,244,75,57.44166666666667,47,88,0,Wednesday
5553957443,2016-05-04 01:00:00,0,55,54.611111111111114,50,72,1,Wednesday
5553957443,2016-05-04 02:00:00,10,56,62.48502994011976,54,79,2,Wednesday
5553957443,2016-05-04 03:00:00,0,56,60.079268292682926,55,75,3,Wednesday
5553957443,2016-05-04 04:00:00,0,55,63.6382252559727,55,69,4,Wednesday
5553957443,2016-05-04 05:00:00,0,55,57.236666666666665,54,80,5,Wednesday
5553957443,2016-05-04 06:00:00,66,61,59.984756097560975,51,77,6,Wednesday
5553957443,2016-05-04 07:00:00,0,56,58.07598784194529,52,79,7,Wednesday
5553957443,2016-05-04 08:00:00,61,64,60.602777777777774,51,75,8,Wednesday
5553957443,2016-05-04 09:00:00,61,60,62.51156069364162,56,79,9,Wednesday
5553957443,2016-05-04 10:00:00,83,63,62.42651296829971,56,76,10,Wednesday
5553957443,2016-05-04 11:00:00,23,57,59.5,53,75,11,Wednesday
5553957443,2016-05-04 12:00:00,116,67,64.7003367003367,57,108,12,Wednesday
5553957443,2016-05-04 13:00:00,118,68,62.61479591836735,55,82,13,Wednesday
5553957443,2016-05-04 14:00:00,321,87,66.03980099502488,57,77,14,Wednesday
5553957443,2016-05-04 15:00:00,578,99,64.93198992443325,53,84,15,Wednesday
5553957443,2016-05-04 16:00:00,454,88,64.15094339622641,55,90,16,Wednesday
5553957443,2016-05-04 17:00:00,432,100,65.07125307125307,55,86,17,Wednesday
5553957443,2016-05-04 18:00:00,557,99,63.220843672456574,53,82,18,Wednesday
5553957443,2016-05-04 19:00:00,566,105,67.49507389162562,53,99,19,Wednesday
5553957443,2016-05-04 20:00:00,111,66,62.37158469945355,54,73,20,Wednesday
5553957443,2016-05-04 21:00:00,345,86,62.58839050131926,53,79,21,Wednesday
5553957443,2016-05-04 22:00:00,103,65,57.87965616045845,52,74,22,Wednesday
5553957443,2016-05-04 23:00:00,0,55,55.739811912225704,47,69,23,Wednesday
5553957443,2016-05-05 00:00:00,0,55,55.943894389438945,53,59,0,Thursday
5553957443,2016-05-05 01:00:00,10,56,56.55555555555556,50,64,1,Thursday
5553957443,2016-05-05 02:00:00,0,55,57.348837209302324,54,65,2,Thursday
5553957443,2016-05-05 03:00:00,0,55,57.36601307189542,54,64,3,Thursday
5553957443,2016-05-05 04:00:00,0,55,56.74285714285714,53,62,4,Thursday
5553957443,2016-05-05 05:00:00,5,56,56.83280757097792,50,69,5,Thursday
5553957443,2016-05-05 06:00:00,262,85,72.3076923076923,57,120,6,Thursday
5553957443,2016-05-05 07:00:00,1366,129,74.47652582159624,61,108,7,Thursday
5553957443,2016-05-05 08:00:00,1683,141,79.84669811320755,53,165,8,Thursday
5553957443,2016-05-05 09:00:00,376,77,60.309192200557106,53,81,9,Thursday
5553957443,2016-05-05 10:00:00,42,59,60.75070028011204,54,74,10,Thursday
5553957443,2016-05-05 11:00:00,51,61,60.380434782608695,53,72,11,Thursday
5553957443,2016-05-05 12:00:00,262,73,61.75,52,86,12,Thursday
5553957443,2016-05-05 13:00:00,203,69,59.13142857142857,52,85,13,Thursday
5553957443,2016-05-05 14:00:00,585,87,65.64066193853428,55,94,14,Thursday
5553957443,2016-05-05 15:00:00,90,61,60.8972972972973,54,83,15,Thursday
5553957443,2016-05-05 16:00:00,2951,203,97.82236154649948,52,124,16,Thursday
5553957443,2016-05-05 17:00:00,3133,219,91.37359550561797,58,127,17,Thursday
5553957443,2016-05-05 18:00:00,874,100,71.79797979797979,58,114,18,Thursday
5553957443,2016-05-05 19:00:00,744,98,69.38541666666667,59,91,19,Thursday
5553957443,2016-05-05 20:00:00,1061,131,72.84662576687117,60,96,20,Thursday
5553957443,2016-05-05 21:00:00,271,85,64.88557213930348,53,75,21,Thursday
5553957443,2016-05-05 22:00:00,348,88,62.67430025445292,51,91,22,Thursday
5553957443,2016-05-05 23:00:00,14,56,55.99659863945578,49,63,23,Thursday
5553957443,2016-05-06 00:00:00,0,55,60.458333333333336,54,70,0,Friday
5553957443,2016-05-06 01:00:00,0,55,61.13395638629284,55,73,1,Friday
5553957443,2016-05-06 02:00:00,0,55,59.86538461538461,56,72,2,Friday
5553957443,2016-05-06 03:00:00,13,57,58.26031746031746,54,73,3,Friday
5553957443,2016-05-06 04:00:00,86,62,61.19155844155844,52,83,4,Friday
5553957443,2016-05-06 05:00:00,7,56,58.04746835443038,54,70,5,Friday
5553957443,2016-05-06 06:00:00,225,75,69.37037037037037,58,80,6,Friday
5553957443,2016-05-06 07:00:00,1506,143,76.43400447427292,58,103,7,Friday
5553957443,2016-05-06 08:00:00,2054,147,75.3743842364532,57,104,8,Friday
5553957443,2016-05-06 09:00:00,21,60,59.535928143712574,52,68,9,Friday
5553957443,2016-05-06 10:00:00,4,58,58.99442896935933,53,65,10,Friday
5553957443,2016-05-06 11:00:00,68,62,60.886178861788615,55,71,11,Friday
5553957443,2016-05-06 12:00:00,280,72,63.16901408450704,51,87,12,Friday
5553957443,2016-05-06 13:00:00,52,59,61.78670360110803,55,72,13,Friday
5553957443,2016-05-06 14:00:00,339,83,62.91566265060241,55,76,14,Friday
5553957443,2016-05-06 15:00:00,75,60,58.760416666666664,53,75,15,Friday
5553957443,2016-05-06 16:00:00,0,55,59.073214285714286,52,70,16,Friday
5553957443,2016-05-06 17:00:00,2042,155,65.29132569558101,51,91,17,Friday
5553957443,2016-05-06 18:00:00,897,119,66.04651162790698,55,86,18,Friday
5553957443,2016-05-06 19:00:00,1142,129,67.87301587301587,56,102,19,Friday
5553957443,2016-05-06 20:00:00,293,89,64.86792452830188,57,73,20,Friday
5553957443,2016-05-06 21:00:00,31,58,61.03703703703704,58,66,21,Friday
5553957443,2016-05-07 01:00:00,7,56,62.629629629629626,62,65,1,Saturday
5553957443,2016-05-07 17:00:00,98,74,72.02054794520548,56,140,17,Saturday
5553957443,2016-05-07 18:00:00,550,94,61.3551637279597,54,88,18,Saturday
5553957443,2016-05-07 19:00:00,144,70,59.300813008130085,53,71,19,Saturday
5553957443,2016-05-07 20:00:00,56,66,62.71978021978022,56,70,20,Saturday
5553957443,2016-05-07 21:00:00,294,76,64.71,53,85,21,Saturday
5553957443,2016-05-07 22:00:00,336,88,65.66129032258064,56,93,22,Saturday
5553957443,2016-05-07 23:00:00,201,75,60.325905292479106,51,89,23,Saturday
5553957443,2016-05-08 00:00:00,0,55,61.328519855595665,55,69,0,Sunday
5553957443,2016-05-08 01:00:00,0,55,65.32013201320132,60,68,1,Sunday
5553957443,2016-05-08 02:00:00,0,55,65.88253968253969,60,84,2,Sunday
5553957443,2016-05-08 03:00:00,0,55,64.25714285714285,58,78,3,Sunday
5553957443,2016-05-08 04:00:00,42,60,65.72425249169436,58,83,4,Sunday
5553957443,2016-05-08 05:00:00,9,56,62.174193548387095,57,78,5,Sunday
5553957443,2016-05-08 06:00:00,7,57,59.71296296296296,54,75,6,Sunday
5553957443,2016-05-08 07:00:00,0,55,59.131147540983605,53,77,7,Sunday
5553957443,2016-05-08 08:00:00,0,55,59.47435897435897,53,69,8,Sunday
5553957443,2016-05-08 09:00:00,123,68,63.63428571428572,54,82,9,Sunday
5553957443,2016-05-08 10:00:00,350,92,67.12953367875647,60,83,10,Sunday
5553957443,2016-05-08 11:00:00,9,58,63.96209912536443,55,73,11,Sunday
5553957443,2016-05-08 12:00:00,1969,151,74.7051282051282,63,100,12,Sunday
5553957443,2016-05-08 13:00:00,870,102,72.81658291457286,61,100,13,Sunday
5553957443,2016-05-08 14:00:00,52,65,64.77222222222223,51,75,14,Sunday
5553957443,2016-05-08 15:00:00,111,70,63.28358208955224,55,78,15,Sunday
5553957443,2016-05-08 16:00:00,287,86,65.63466666666666,56,76,16,Sunday
5553957443,2016-05-08 17:00:00,269,78,66.74525745257452,56,86,17,Sunday
5553957443,2016-05-08 18:00:00,638,101,71.00488997555013,59,104,18,Sunday
5553957443,2016-05-08 19:00:00,767,121,71.96279069767442,56,110,19,Sunday
5553957443,2016-05-08 20:00:00,247,72,63.34550561797753,56,85,20,Sunday
5553957443,2016-05-08 21:00:00,324,85,63.90860215053763,54,94,21,Sunday
5553957443,2016-05-08 22:00:00,9,56,62.954692556634306,56,70,22,Sunday
5553957443,2016-05-08 23:00:00,0,55,64.34915254237288,59,72,23,Sunday
5553957443,2016-05-09 00:00:00,43,60,62.18412698412698,56,79,0,Monday
5553957443,2016-05-09 01:00:00,5,56,61.17460317460318,57,74,1,Monday
5553957443,2016-05-09 02:00:00,0,55,59.488958990536275,55,73,2,Monday
5553957443,2016-05-09 03:00:00,8,56,59.54012345679013,55,77,3,Monday
5553957443,2016-05-09 04:00:00,0,55,58.47352024922118,53,73,4,Monday
5553957443,2016-05-09 05:00:00,0,55,59.00429184549356,55,68,5,Monday
5553957443,2016-05-09 06:00:00,539,104,74.98846153846154,64,91,6,Monday
5553957443,2016-05-09 07:00:00,1782,150,77.09276018099547,56,121,7,Monday
5553957443,2016-05-09 08:00:00,1470,123,71.81885856079404,56,108,8,Monday
5553957443,2016-05-09 09:00:00,20,58,63.526881720430104,55,71,9,Monday
5553957443,2016-05-09 10:00:00,232,74,61.059125964010285,53,80,10,Monday
5553957443,2016-05-09 11:00:00,153,67,57.566473988439306,51,81,11,Monday
5553957443,2016-05-09 12:00:00,125,67,62.72,54,85,12,Monday
5553957443,2016-05-09 13:00:00,17,59,59.405099150141645,53,70,13,Monday
5553957443,2016-05-09 14:00:00,4,57,61.08479532163743,53,70,14,Monday
5553957443,2016-05-09 15:00:00,0,56,59.16975308641975,55,66,15,Monday
5553957443,2016-05-09 16:00:00,1736,233,113.81350482315112,56,149,16,Monday
5553957443,2016-05-09 17:00:00,722,260,112.77050413844997,68,148,17,Monday
5553957443,2016-05-09 18:00:00,2661,178,82.71238938053098,58,112,18,Monday
5553957443,2016-05-09 19:00:00,1283,152,78.97033898305085,65,101,19,Monday
5553957443,2016-05-09 20:00:00,443,97,72.3952380952381,61,90,20,Monday
5553957443,2016-05-09 21:00:00,261,76,68.6734693877551,57,88,21,Monday
5553957443,2016-05-09 22:00:00,107,68,61.89142857142857,55,78,22,Monday
5553957443,2016-05-09 23:00:00,0,55,62.459016393442624,56,71,23,Monday
5553957443,2016-05-10 00:00:00,0,55,64.01904761904763,60,77,0,Tuesday
5553957443,2016-05-10 01:00:00,0,55,63.762057877813504,58,79,1,Tuesday
5553957443,2016-05-10 02:00:00,0,55,62.660377358490564,57,74,2,Tuesday
5553957443,2016-05-10 03:00:00,61,61,62.18674698795181,55,78,3,Tuesday
5553957443,2016-05-10 04:00:00,0,55,61.397476340694006,55,71,4,Tuesday
5553957443,2016-05-10 05:00:00,0,55,63.03691275167785,56,66,5,Tuesday
5553957443,2016-05-10 06:00:00,737,119,74.29601990049751,57,102,6,Tuesday
5553957443,2016-05-10 07:00:00,2830,179,83.22969837587007,60,118,7,Tuesday
5553957443,2016-05-10 08:00:00,15,59,65.16918429003022,59,74,8,Tuesday
5553957443,2016-05-10 09:00:00,0,56,59.432432432432435,55,65,9,Tuesday
5553957443,2016-05-10 10:00:00,7,57,59.286127167630056,53,69,10,Tuesday
5553957443,2016-05-10 11:00:00,2690,236,106.9478935698448,54,131,11,Tuesday
5553957443,2016-05-10 12:00:00,3160,248,106.25860688550841,68,133,12,Tuesday
5553957443,2016-05-10 13:00:00,97,73,74.26612903225806,63,82,13,Tuesday
5553957443,2016-05-10 14:00:00,0,56,64.82367758186398,53,74,14,Tuesday
5553957443,2016-05-10 15:00:00,38,61,63.857142857142854,54,71,15,Tuesday
5553957443,2016-05-10 16:00:00,152,71,65.15817694369973,57,76,16,Tuesday
5553957443,2016-05-10 17:00:00,2245,160,79.41605839416059,58,111,17,Tuesday
5553957443,2016-05-10 18:00:00,969,120,77.58518518518518,62,110,18,Tuesday
5553957443,2016-05-10 19:00:00,309,86,71.1269035532995,62,88,19,Tuesday
5553957443,2016-05-10 20:00:00,497,98,73.68648648648649,66,93,20,Tuesday
5553957443,2016-05-10 21:00:00,1098,116,74.14987080103359,62,96,21,Tuesday
5553957443,2016-05-10 22:00:00,971,114,70.96305418719211,60,90,22,Tuesday
5553957443,2016-05-10 23:00:00,439,92,69.1318407960199,57,103,23,Tuesday
5553957443,2016-05-11 00:00:00,109,64,63.17878787878788,58,76,0,Wednesday
5553957443,2016-05-11 01:00:00,0,55,61.74324324324324,56,71,1,Wednesday
5553957443,2016-05-11 02:00:00,6,56,62.98051948051948,57,76,2,Wednesday
5553957443,2016-05-11 03:00:00,0,55,62.549839228295816,56,75,3,Wednesday
5553957443,2016-05-11 04:00:00,0,55,62.303225806451614,55,70,4,Wednesday
5553957443,2016-05-11 05:00:00,0,55,62.18709677419355,56,69,5,Wednesday
5553957443,2016-05-11 06:00:00,5,56,61.484,57,70,6,Wednesday
5553957443,2016-05-11 07:00:00,0,55,61.797665369649806,56,76,7,Wednesday
5553957443,2016-05-11 08:00:00,407,83,67.12051282051281,55,103,8,Wednesday
5553957443,2016-05-11 09:00:00,79,64,67.46131805157593,57,78,9,Wednesday
5553957443,2016-05-11 10:00:00,455,91,69.31162790697674,59,83,10,Wednesday
5553957443,2016-05-11 11:00:00,69,69,65.9683908045977,58,77,11,Wednesday
5553957443,2016-05-11 12:00:00,392,90,67.97267759562841,59,87,12,Wednesday
5553957443,2016-05-11 13:00:00,9,57,62.730886850152906,58,72,13,Wednesday
5553957443,2016-05-11 14:00:00,532,99,69.42670157068063,59,92,14,Wednesday
5553957443,2016-05-11 15:00:00,523,91,68.13483146067416,62,97,15,Wednesday
5553957443,2016-05-11 16:00:00,302,75,65.9047619047619,56,91,16,Wednesday
5553957443,2016-05-11 17:00:00,10,57,63.231231231231234,55,72,17,Wednesday
5553957443,2016-05-11 18:00:00,469,93,67.86178861788618,59,83,18,Wednesday
5553957443,2016-05-11 19:00:00,745,92,72.08310991957104,61,99,19,Wednesday
5553957443,2016-05-11 20:00:00,441,82,68.37016574585635,61,95,20,Wednesday
5553957443,2016-05-11 21:00:00,344,88,66.88919667590028,58,81,21,Wednesday
5553957443,2016-05-11 22:00:00,0,55,58.63414634146341,54,62,22,Wednesday
5553957443,2016-05-11 23:00:00,29,57,56.50420168067227,54,76,23,Wednesday
5553957443,2016-05-12 00:00:00,11,56,57.29,54,73,0,Thursday
5553957443,2016-05-12 01:00:00,9,56,57.95501730103806,54,72,1,Thursday
5553957443,2016-05-12 02:00:00,24,60,60.34871794871795,56,80,2,Thursday
5553957443,2016-05-12 03:00:00,0,55,59.94174757281554,54,66,3,Thursday
5553957443,2016-05-12 04:00:00,0,55,59.66216216216216,56,72,4,Thursday
5553957443,2016-05-12 05:00:00,55,60,59.18909090909091,54,79,5,Thursday
5553957443,2016-05-12 06:00:00,312,89,71.69433962264151,62,84,6,Thursday
5553957443,2016-05-12 07:00:00,2710,175,81.76984126984127,60,107,7,Thursday
5553957443,2016-05-12 09:00:00,0,55,78.0,78,78,9,Thursday
5577150313,2016-04-12 00:00:00,0,78,50.50479233226837,45,74,0,Tuesday
5577150313,2016-04-12 01:00:00,0,78,51.15588235294118,46,67,1,Tuesday
5577150313,2016-04-12 02:00:00,0,78,51.27936507936508,47,60,2,Tuesday
5577150313,2016-04-12 03:00:00,0,78,51.14414414414414,46,64,3,Tuesday
5577150313,2016-04-12 04:00:00,0,78,49.853731343283584,44,67,4,Tuesday
5577150313,2016-04-12 05:00:00,31,84,50.523668639053255,41,62,5,Tuesday
5577150313,2016-04-12 06:00:00,2073,456,97.40343347639485,53,129,6,Tuesday
5577150313,2016-04-12 07:00:00,112,143,68.15945945945946,56,112,7,Tuesday
5577150313,2016-04-12 08:00:00,339,123,64.63072776280323,48,96,8,Tuesday
5577150313,2016-04-12 09:00:00,120,121,62.672,54,105,9,Tuesday
5577150313,2016-04-12 10:00:00,276,188,73.62878787878788,50,113,10,Tuesday
5577150313,2016-04-12 11:00:00,1434,263,86.64885496183206,52,154,11,Tuesday
5577150313,2016-04-12 12:00:00,58,106,66.0,52,78,12,Tuesday
5577150313,2016-04-12 13:00:00,142,109,67.01612903225806,53,86,13,Tuesday
5577150313,2016-04-12 14:00:00,14,100,66.06366047745358,55,81,14,Tuesday
5577150313,2016-04-12 15:00:00,200,118,64.5570652173913,51,100,15,Tuesday
5577150313,2016-04-12 16:00:00,1653,263,81.33095238095238,49,153,16,Tuesday
5577150313,2016-04-12 17:00:00,229,140,68.29971988795518,52,125,17,Tuesday
5577150313,2016-04-12 18:00:00,222,113,61.17906336088154,55,77,18,Tuesday
5577150313,2016-04-12 19:00:00,875,303,86.53316326530613,53,125,19,Tuesday
5577150313,2016-04-12 20:00:00,216,128,64.56534954407294,53,111,20,Tuesday
5577150313,2016-04-12 21:00:00,105,98,60.391304347826086,52,77,21,Tuesday
5577150313,2016-04-12 22:00:00,36,83,53.16867469879518,49,76,22,Tuesday
5577150313,2016-04-12 23:00:00,0,77,52.11875,47,59,23,Tuesday
5577150313,2016-04-13 00:00:00,0,78,52.30555555555556,44,65,0,Wednesday
5577150313,2016-04-13 01:00:00,0,78,54.93225806451613,51,64,1,Wednesday
5577150313,2016-04-13 02:00:00,6,80,55.11578947368421,48,63,2,Wednesday
5577150313,2016-04-13 03:00:00,8,79,51.29824561403509,48,58,3,Wednesday
5577150313,2016-04-13 04:00:00,64,84,52.266666666666666,47,63,4,Wednesday
5577150313,2016-04-13 05:00:00,32,86,48.50704225352113,46,51,5,Wednesday
5577150313,2016-04-13 06:00:00,1908,241,57.407407407407405,47,60,6,Wednesday
5577150313,2016-04-13 17:00:00,420,171,72.35714285714286,54,114,17,Wednesday
5577150313,2016-04-13 18:00:00,0,90,60.732044198895025,49,70,18,Wednesday
5577150313,2016-04-13 19:00:00,339,115,58.92838196286472,46,88,19,Wednesday
5577150313,2016-04-13 20:00:00,869,273,80.21813725490196,50,121,20,Wednesday
5577150313,2016-04-13 21:00:00,23,92,59.640866873065015,49,78,21,Wednesday
5577150313,2016-04-13 22:00:00,0,77,54.35333333333333,51,58,22,Wednesday
5577150313,2016-04-13 23:00:00,0,78,52.735562310030396,47,71,23,Wednesday
5577150313,2016-04-14 00:00:00,72,85,49.95412844036697,43,69,0,Thursday
5577150313,2016-04-14 01:00:00,0,77,50.125,46,58,1,Thursday
5577150313,2016-04-14 02:00:00,0,78,51.97947214076246,45,62,2,Thursday
5577150313,2016-04-14 03:00:00,0,78,50.67628205128205,45,64,3,Thursday
5577150313,2016-04-14 04:00:00,6,79,52.07185628742515,47,73,4,Thursday
5577150313,2016-04-14 05:00:00,158,107,57.3405572755418,48,86,5,Thursday
5577150313,2016-04-14 06:00:00,1410,414,108.23076923076923,64,128,6,Thursday
5577150313,2016-04-14 07:00:00,430,166,73.29695431472081,59,112,7,Thursday
5577150313,2016-04-14 08:00:00,98,110,69.92676056338028,53,101,8,Thursday
5577150313,2016-04-14 09:00:00,124,113,66.82152230971128,53,95,9,Thursday
5577150313,2016-04-14 10:00:00,0,93,61.49431818181818,52,70,10,Thursday
5577150313,2016-04-14 11:00:00,1444,354,98.21933962264151,59,172,11,Thursday
5577150313,2016-04-14 12:00:00,267,140,72.53787878787878,54,104,12,Thursday
5577150313,2016-04-14 13:00:00,169,122,64.47191011235955,51,110,13,Thursday
5577150313,2016-04-14 14:00:00,1489,574,117.70791749833666,70,163,14,Thursday
5577150313,2016-04-14 15:00:00,870,303,93.71698113207547,63,133,15,Thursday
5577150313,2016-04-14 16:00:00,582,293,88.50354609929079,64,113,16,Thursday
5577150313,2016-04-14 17:00:00,205,143,75.46891191709845,53,108,17,Thursday
5577150313,2016-04-14 18:00:00,119,107,64.86058981233244,58,74,18,Thursday
5577150313,2016-04-14 19:00:00,688,240,79.64183381088826,55,128,19,Thursday
5577150313,2016-04-14 20:00:00,351,154,74.9119170984456,58,101,20,Thursday
5577150313,2016-04-14 21:00:00,100,107,63.719887955182074,54,92,21,Thursday
5577150313,2016-04-14 22:00:00,14,82,53.832317073170735,50,70,22,Thursday
5577150313,2016-04-14 23:00:00,0,78,50.58860759493671,47,57,23,Thursday
5577150313,2016-04-15 00:00:00,48,83,51.92284866468843,46,64,0,Friday
5577150313,2016-04-15 01:00:00,0,78,55.831288343558285,50,71,1,Friday
5577150313,2016-04-15 02:00:00,5,78,51.063973063973066,46,62,2,Friday
5577150313,2016-04-15 03:00:00,6,78,48.328267477203646,40,67,3,Friday
5577150313,2016-04-15 04:00:00,9,79,47.68731563421829,40,72,4,Friday
5577150313,2016-04-15 05:00:00,787,153,62.498795180722894,43,157,5,Friday
5577150313,2016-04-15 06:00:00,1822,425,96.78728070175438,50,135,6,Friday
5577150313,2016-04-15 07:00:00,239,173,72.55497382198953,58,115,7,Friday
5577150313,2016-04-15 08:00:00,215,118,64.73150684931507,56,91,8,Friday
5577150313,2016-04-15 09:00:00,199,126,63.96116504854369,53,102,9,Friday
5577150313,2016-04-15 10:00:00,291,116,61.771117166212534,49,106,10,Friday
5577150313,2016-04-15 11:00:00,1295,230,78.83,52,137,11,Friday
5577150313,2016-04-15 12:00:00,255,170,71.6454081632653,49,110,12,Friday
5577150313,2016-04-15 13:00:00,581,158,68.12219451371571,47,112,13,Friday
5577150313,2016-04-15 14:00:00,634,181,77.80740740740741,50,119,14,Friday
5577150313,2016-04-15 15:00:00,1940,284,82.13191489361702,54,126,15,Friday
5577150313,2016-04-15 16:00:00,288,160,78.48548278190412,60,122,16,Friday
5577150313,2016-04-15 17:00:00,106,93,72.0632911392405,61,83,17,Friday
5577150313,2016-04-15 18:00:00,785,229,95.98448519040903,57,128,18,Friday
5577150313,2016-04-15 19:00:00,1431,380,96.22179239200516,59,156,19,Friday
5577150313,2016-04-15 20:00:00,1102,347,89.91021247429747,59,132,20,Friday
5577150313,2016-04-15 21:00:00,4,95,65.87,56,75,21,Friday
5577150313,2016-04-15 22:00:00,45,93,59.9953667953668,51,71,22,Friday
5577150313,2016-04-15 23:00:00,0,76,52.09069020866774,48,57,23,Friday
5577150313,2016-04-16 00:00:00,68,87,49.31570639305446,43,68,0,Saturday
5577150313,2016-04-16 01:00:00,4,78,47.38030424339472,43,69,1,Saturday
5577150313,2016-04-16 02:00:00,62,85,50.42790697674418,44,73,2,Saturday
5577150313,2016-04-16 03:00:00,5,78,46.13870967741936,43,55,3,Saturday
5577150313,2016-04-16 04:00:00,0,77,51.61221374045802,43,66,4,Saturday
5577150313,2016-04-16 05:00:00,0,77,49.59148264984227,45,67,5,Saturday
5577150313,2016-04-16 06:00:00,2088,284,79.3289552238806,45,134,6,Saturday
5577150313,2016-04-16 07:00:00,1525,371,92.61259541984732,54,118,7,Saturday
5577150313,2016-04-16 08:00:00,85,94,58.868263473053894,53,80,8,Saturday
5577150313,2016-04-16 09:00:00,4,84,58.202127659574465,50,69,9,Saturday
5577150313,2016-04-16 10:00:00,1526,335,86.93998736576121,49,134,10,Saturday
5577150313,2016-04-16 11:00:00,964,225,74.06605113636364,53,116,11,Saturday
5577150313,2016-04-16 12:00:00,316,169,69.02178649237473,53,115,12,Saturday
5577150313,2016-04-16 13:00:00,1173,421,101.31508771929825,59,128,13,Saturday
5577150313,2016-04-16 14:00:00,3729,612,114.10106051154087,94,136,14,Saturday
5577150313,2016-04-16 15:00:00,457,155,73.52364149611856,58,114,15,Saturday
5577150313,2016-04-16 16:00:00,173,107,62.92956713132795,52,89,16,Saturday
5577150313,2016-04-16 17:00:00,471,157,67.0246913580247,52,114,17,Saturday
5577150313,2016-04-16 18:00:00,715,237,77.97176913425345,52,136,18,Saturday
5577150313,2016-04-16 19:00:00,648,198,73.59436379163108,56,119,19,Saturday
5577150313,2016-04-16 20:00:00,241,111,63.422222222222224,54,91,20,Saturday
5577150313,2016-04-16 21:00:00,0,76,55.09717868338558,52,59,21,Saturday
5577150313,2016-04-16 22:00:00,7,78,51.287425149700596,47,58,22,Saturday
5577150313,2016-04-16 23:00:00,0,76,47.818471337579616,45,60,23,Saturday
5577150313,2016-04-17 00:00:00,8,78,47.71290322580645,43,54,0,Sunday
5577150313,2016-04-17 01:00:00,0,76,50.17358490566038,46,55,1,Sunday
5577150313,2016-04-17 02:00:00,62,83,49.05555555555556,41,66,2,Sunday
5577150313,2016-04-17 03:00:00,0,76,43.35403726708075,41,57,3,Sunday
5577150313,2016-04-17 04:00:00,7,78,44.102409638554214,40,55,4,Sunday
5577150313,2016-04-17 05:00:00,8,78,45.946587537091986,40,53,5,Sunday
5577150313,2016-04-17 06:00:00,569,249,75.32975871313673,46,118,6,Sunday
5577150313,2016-04-17 07:00:00,2249,464,110.57928118393235,53,174,7,Sunday
5577150313,2016-04-17 08:00:00,312,150,70.01699716713881,53,106,8,Sunday
5577150313,2016-04-17 09:00:00,807,257,84.52519893899205,55,126,9,Sunday
5577150313,2016-04-17 10:00:00,1034,237,77.74305555555556,53,124,10,Sunday
5577150313,2016-04-17 11:00:00,1091,355,92.88657407407408,58,129,11,Sunday
5577150313,2016-04-17 12:00:00,2035,562,111.89484978540773,57,138,12,Sunday
5577150313,2016-04-17 13:00:00,1695,405,96.53089244851259,55,124,13,Sunday
5577150313,2016-04-17 14:00:00,401,189,72.64675324675325,55,123,14,Sunday
5577150313,2016-04-17 15:00:00,222,140,65.70855614973262,52,117,15,Sunday
5577150313,2016-04-17 16:00:00,23,99,62.71153846153846,56,71,16,Sunday
5577150313,2016-04-17 17:00:00,6,97,63.581717451523545,57,72,17,Sunday
5577150313,2016-04-17 18:00:00,401,172,68.97542997542998,51,118,18,Sunday
5577150313,2016-04-17 19:00:00,186,106,59.94117647058823,52,91,19,Sunday
5577150313,2016-04-17 20:00:00,382,162,65.64127764127764,50,109,20,Sunday
5577150313,2016-04-17 21:00:00,719,284,88.52136752136752,53,128,21,Sunday
5577150313,2016-04-17 22:00:00,14,78,55.303405572755416,51,60,22,Sunday
5577150313,2016-04-17 23:00:00,0,76,50.729166666666664,47,62,23,Sunday
5577150313,2016-04-18 00:00:00,0,76,48.4885993485342,45,75,0,Monday
5577150313,2016-04-18 01:00:00,0,76,48.06542056074766,43,56,1,Monday
5577150313,2016-04-18 02:00:00,0,76,49.61300309597523,45,56,2,Monday
5577150313,2016-04-18 03:00:00,0,76,49.79141104294479,46,64,3,Monday
5577150313,2016-04-18 04:00:00,0,76,50.44897959183673,44,64,4,Monday
5577150313,2016-04-18 05:00:00,11,78,49.07738095238095,44,59,5,Monday
5577150313,2016-04-18 06:00:00,0,77,51.42686567164179,46,81,6,Monday
5577150313,2016-04-18 07:00:00,223,115,62.78717201166181,51,80,7,Monday
5577150313,2016-04-18 08:00:00,41,100,63.418282548476455,53,88,8,Monday
5577150313,2016-04-18 09:00:00,4181,424,93.166,53,129,9,Monday
5577150313,2016-04-18 10:00:00,2539,544,106.98538622129436,70,132,10,Monday
5577150313,2016-04-18 11:00:00,11,128,71.42191780821918,56,114,11,Monday
5577150313,2016-04-18 12:00:00,53,113,69.112,55,92,12,Monday
5577150313,2016-04-18 13:00:00,7,81,56.45427728613569,41,63,13,Monday
5577150313,2016-04-18 14:00:00,631,189,73.4937965260546,52,117,14,Monday
5577150313,2016-04-18 15:00:00,56,193,77.53947368421052,51,165,15,Monday
5577150313,2016-04-18 16:00:00,419,149,74.33933933933933,55,128,16,Monday
5577150313,2016-04-18 17:00:00,134,112,68.65281899109792,62,101,17,Monday
5577150313,2016-04-18 18:00:00,866,223,81.23394495412845,57,119,18,Monday
5577150313,2016-04-18 19:00:00,362,268,88.88059701492537,67,117,19,Monday
5577150313,2016-04-18 20:00:00,96,145,77.09718670076727,62,103,20,Monday
5577150313,2016-04-18 21:00:00,248,138,68.18717948717949,55,107,21,Monday
5577150313,2016-04-18 22:00:00,0,83,60.19230769230769,55,73,22,Monday
5577150313,2016-04-18 23:00:00,15,85,61.39156626506024,57,79,23,Monday
5577150313,2016-04-19 00:00:00,0,80,58.4070796460177,53,76,0,Tuesday
5577150313,2016-04-19 01:00:00,0,79,58.43636363636364,53,78,1,Tuesday
5577150313,2016-04-19 02:00:00,0,80,57.528301886792455,51,116,2,Tuesday
5577150313,2016-04-19 03:00:00,0,76,55.19881305637982,51,75,3,Tuesday
5577150313,2016-04-19 04:00:00,0,77,54.8698224852071,50,77,4,Tuesday
5577150313,2016-04-19 05:00:00,0,76,51.70809248554913,47,60,5,Tuesday
5577150313,2016-04-19 06:00:00,38,87,56.64825581395349,49,75,6,Tuesday
5577150313,2016-04-19 07:00:00,3910,359,82.62677484787018,51,112,7,Tuesday
5577150313,2016-04-19 08:00:00,1704,247,98.72272727272727,79,118,8,Tuesday
5577150313,2016-04-19 09:00:00,9,102,72.2816091954023,42,81,9,Tuesday
5577150313,2016-04-19 10:00:00,176,123,70.3013698630137,56,104,10,Tuesday
5577150313,2016-04-19 11:00:00,69,106,66.11016949152543,55,92,11,Tuesday
5577150313,2016-04-19 12:00:00,929,187,73.2568578553616,55,111,12,Tuesday
5577150313,2016-04-19 13:00:00,257,139,73.22906403940887,59,100,13,Tuesday
5577150313,2016-04-19 14:00:00,2181,314,87.40616966580977,61,132,14,Tuesday
5577150313,2016-04-19 15:00:00,393,203,86.5974358974359,59,151,15,Tuesday
5577150313,2016-04-19 16:00:00,249,167,85.12032085561498,64,156,16,Tuesday
5577150313,2016-04-19 17:00:00,0,101,75.01709401709402,55,92,17,Tuesday
5577150313,2016-04-19 18:00:00,142,114,65.78217821782178,51,82,18,Tuesday
5577150313,2016-04-19 19:00:00,114,102,63.0,50,88,19,Tuesday
5577150313,2016-04-19 20:00:00,2303,414,98.21810699588477,65,159,20,Tuesday
5577150313,2016-04-19 21:00:00,74,104,66.90084985835693,56,75,21,Tuesday
5577150313,2016-04-19 22:00:00,14,82,58.91746031746032,56,66,22,Tuesday
5577150313,2016-04-19 23:00:00,12,81,58.23711340206186,54,63,23,Tuesday
5577150313,2016-04-20 00:00:00,0,78,58.017391304347825,53,63,0,Wednesday
5577150313,2016-04-20 01:00:00,0,76,54.08064516129032,50,58,1,Wednesday
5577150313,2016-04-20 02:00:00,6,78,50.16153846153846,47,56,2,Wednesday
5577150313,2016-04-20 03:00:00,4,78,48.592592592592595,48,52,3,Wednesday
5577150313,2016-04-20 04:00:00,9,78,53.592592592592595,48,56,4,Wednesday
5577150313,2016-04-20 05:00:00,0,76,47.77777777777778,45,56,5,Wednesday
5577150313,2016-04-20 08:00:00,4000,430,99.01225490196079,62,132,8,Wednesday
5577150313,2016-04-20 09:00:00,702,240,85.1029411764706,59,135,9,Wednesday
5577150313,2016-04-20 10:00:00,536,218,82.29611650485437,56,130,10,Wednesday
5577150313,2016-04-20 11:00:00,307,149,102.70833333333333,70,123,11,Wednesday
5577150313,2016-04-20 12:00:00,283,169,76.25257731958763,61,125,12,Wednesday
5577150313,2016-04-20 13:00:00,499,148,68.83585858585859,59,97,13,Wednesday
5577150313,2016-04-20 14:00:00,343,138,69.36561743341404,59,99,14,Wednesday
5577150313,2016-04-20 15:00:00,5,95,63.668508287292816,57,74,15,Wednesday
5577150313,2016-04-20 16:00:00,353,149,68.93472584856397,59,113,16,Wednesday
5577150313,2016-04-20 17:00:00,60,106,62.56032171581769,54,77,17,Wednesday
5577150313,2016-04-20 18:00:00,342,147,70.31619537275064,59,113,18,Wednesday
5577150313,2016-04-20 19:00:00,435,190,72.26884422110552,52,113,19,Wednesday
5577150313,2016-04-20 20:00:00,281,135,66.42934782608695,52,116,20,Wednesday
5577150313,2016-04-20 21:00:00,27,83,55.92035398230089,51,73,21,Wednesday
5577150313,2016-04-20 22:00:00,83,96,55.481159420289856,47,92,22,Wednesday
5577150313,2016-04-20 23:00:00,55,82,51.894904458598724,46,81,23,Wednesday
5577150313,2016-04-21 00:00:00,0,79,57.75,48,76,0,Thursday
5577150313,2016-04-21 01:00:00,0,76,55.22159090909091,49,60,1,Thursday
5577150313,2016-04-21 02:00:00,5,79,53.32361516034985,48,63,2,Thursday
5577150313,2016-04-21 03:00:00,6,78,52.545180722891565,47,71,3,Thursday
5577150313,2016-04-21 04:00:00,0,76,52.0059880239521,47,82,4,Thursday
5577150313,2016-04-21 05:00:00,5,79,48.36857142857143,43,78,5,Thursday
5577150313,2016-04-21 06:00:00,2017,511,107.30603448275862,52,134,6,Thursday
5577150313,2016-04-21 07:00:00,326,182,73.80156657963447,56,118,7,Thursday
5577150313,2016-04-21 08:00:00,382,136,69.2082262210797,54,114,8,Thursday
5577150313,2016-04-21 09:00:00,230,131,69.19576719576719,52,101,9,Thursday
5577150313,2016-04-21 10:00:00,0,97,68.27941176470588,58,83,10,Thursday
5577150313,2016-04-21 11:00:00,1738,334,96.19362186788155,57,168,11,Thursday
5577150313,2016-04-21 12:00:00,64,108,66.2425068119891,57,86,12,Thursday
5577150313,2016-04-21 13:00:00,236,149,68.45753424657535,51,121,13,Thursday
5577150313,2016-04-21 14:00:00,1409,241,78.03581661891117,54,120,14,Thursday
5577150313,2016-04-21 15:00:00,2020,336,88.78250591016548,56,124,15,Thursday
5577150313,2016-04-21 16:00:00,477,288,91.48607594936709,67,123,16,Thursday
5577150313,2016-04-21 17:00:00,640,265,85.18636363636364,59,147,17,Thursday
5577150313,2016-04-21 18:00:00,101,112,65.09418282548476,56,97,18,Thursday
5577150313,2016-04-21 19:00:00,788,272,83.43920595533498,58,115,19,Thursday
5577150313,2016-04-21 20:00:00,239,131,65.06318681318682,53,111,20,Thursday
5577150313,2016-04-21 21:00:00,8,80,54.982089552238804,48,62,21,Thursday
5577150313,2016-04-21 22:00:00,139,102,56.23011363636363,47,77,22,Thursday
5577150313,2016-04-21 23:00:00,0,77,51.01639344262295,47,57,23,Thursday
5577150313,2016-04-22 00:00:00,9,78,49.20066889632107,46,53,0,Friday
5577150313,2016-04-22 01:00:00,0,77,53.21818181818182,47,68,1,Friday
5577150313,2016-04-22 02:00:00,0,77,54.14733542319749,49,73,2,Friday
5577150313,2016-04-22 03:00:00,206,97,52.9044776119403,45,71,3,Friday
5577150313,2016-04-22 04:00:00,0,76,47.63719512195122,44,70,4,Friday
5577150313,2016-04-22 05:00:00,608,137,57.95486935866983,43,110,5,Friday
5577150313,2016-04-22 06:00:00,2196,456,99.03966597077245,57,132,6,Friday
5577150313,2016-04-22 07:00:00,432,163,70.32467532467533,54,100,7,Friday
5577150313,2016-04-22 08:00:00,315,152,71.69459459459459,56,119,8,Friday
5577150313,2016-04-22 09:00:00,293,140,67.19809069212411,53,113,9,Friday
5577150313,2016-04-22 10:00:00,271,132,62.19201995012469,50,105,10,Friday
5577150313,2016-04-22 11:00:00,335,155,67.23703703703704,50,112,11,Friday
5577150313,2016-04-22 12:00:00,540,154,66.01566579634465,45,115,12,Friday
5577150313,2016-04-22 13:00:00,49,85,55.883870967741935,48,72,13,Friday
5577150313,2016-04-22 14:00:00,37,83,56.76338028169014,48,73,14,Friday
5577150313,2016-04-22 15:00:00,9,81,52.6687306501548,44,64,15,Friday
5577150313,2016-04-22 16:00:00,88,90,54.08266666666667,45,75,16,Friday
5577150313,2016-04-22 17:00:00,316,131,64.98997493734336,45,103,17,Friday
5577150313,2016-04-22 18:00:00,663,164,69.77272727272727,48,115,18,Friday
5577150313,2016-04-22 19:00:00,714,162,75.32413793103449,54,110,19,Friday
5577150313,2016-04-22 20:00:00,874,185,79.78676470588235,56,123,20,Friday
5577150313,2016-04-22 21:00:00,92,82,101.0,94,107,21,Friday
5577150313,2016-04-22 22:00:00,536,221,80.33856502242152,56,125,22,Friday
5577150313,2016-04-22 23:00:00,117,105,59.207282913165265,44,96,23,Friday
5577150313,2016-04-23 00:00:00,6,78,49.17571884984026,45,61,0,Saturday
5577150313,2016-04-23 01:00:00,0,79,56.28947368421053,48,75,1,Saturday
5577150313,2016-04-23 02:00:00,9,78,55.83987915407855,50,69,2,Saturday
5577150313,2016-04-23 03:00:00,0,78,56.27272727272727,49,69,3,Saturday
5577150313,2016-04-23 04:00:00,41,82,55.399441340782126,48,70,4,Saturday
5577150313,2016-04-23 05:00:00,0,76,51.65064102564103,46,66,5,Saturday
5577150313,2016-04-23 06:00:00,193,111,58.25068870523416,46,105,6,Saturday
5577150313,2016-04-23 07:00:00,325,185,73.26165803108809,52,114,7,Saturday
5577150313,2016-04-23 08:00:00,56,89,58.25068119891008,50,73,8,Saturday
5577150313,2016-04-23 09:00:00,346,121,63.397590361445786,52,91,9,Saturday
5577150313,2016-04-23 10:00:00,973,243,77.15288220551379,49,119,10,Saturday
5577150313,2016-04-23 11:00:00,550,160,70.44619422572178,54,123,11,Saturday
5577150313,2016-04-23 12:00:00,376,122,71.35742971887551,54,105,12,Saturday
5577150313,2016-04-23 13:00:00,407,154,76.6268221574344,55,113,13,Saturday
5577150313,2016-04-23 14:00:00,63,88,69.045197740113,60,110,14,Saturday
5577150313,2016-04-23 15:00:00,1764,263,81.4963503649635,55,117,15,Saturday
5577150313,2016-04-23 16:00:00,175,117,64.57712765957447,51,100,16,Saturday
5577150313,2016-04-23 17:00:00,854,199,76.69815195071868,55,111,17,Saturday
5577150313,2016-04-23 18:00:00,628,217,77.24578313253012,53,143,18,Saturday
5577150313,2016-04-23 19:00:00,267,206,73.49868073878628,52,171,19,Saturday
5577150313,2016-04-23 20:00:00,556,163,67.0185676392573,40,119,20,Saturday
5577150313,2016-04-23 21:00:00,31,87,58.45592705167173,54,113,21,Saturday
5577150313,2016-04-23 22:00:00,7,79,54.40853658536585,50,62,22,Saturday
5577150313,2016-04-23 23:00:00,11,78,52.07598784194529,46,61,23,Saturday
5577150313,2016-04-24 00:00:00,0,77,54.518181818181816,48,67,0,Sunday
5577150313,2016-04-24 01:00:00,44,89,54.095652173913045,40,87,1,Sunday
5577150313,2016-04-24 02:00:00,58,84,50.899705014749266,45,72,2,Sunday
5577150313,2016-04-24 03:00:00,0,77,53.959537572254334,47,67,3,Sunday
5577150313,2016-04-24 04:00:00,0,77,52.88036809815951,49,65,4,Sunday
5577150313,2016-04-24 05:00:00,0,76,52.489296636085626,47,70,5,Sunday
5577150313,2016-04-24 06:00:00,10,78,51.83673469387755,47,65,6,Sunday
5577150313,2016-04-24 07:00:00,206,134,63.201166180758015,50,114,7,Sunday
5577150313,2016-04-24 08:00:00,175,136,65.12435233160622,51,113,8,Sunday
5577150313,2016-04-24 09:00:00,329,122,64.04370179948586,53,95,9,Sunday
5577150313,2016-04-24 10:00:00,2833,370,86.73271889400921,60,118,10,Sunday
5577150313,2016-04-24 11:00:00,3857,512,106.73049645390071,93,124,11,Sunday
5577150313,2016-04-24 12:00:00,191,130,84.37,59,110,12,Sunday
5577150313,2016-04-24 13:00:00,280,130,90.0,63,131,13,Sunday
5577150313,2016-04-24 14:00:00,399,187,74.09903381642512,55,122,14,Sunday
5577150313,2016-04-24 15:00:00,3393,525,108.41521739130435,58,130,15,Sunday
5577150313,2016-04-24 16:00:00,1512,335,93.55555555555556,67,119,16,Sunday
5577150313,2016-04-24 17:00:00,1154,447,103.06136363636364,65,131,17,Sunday
5577150313,2016-04-24 18:00:00,399,189,77.28533333333333,56,115,18,Sunday
5577150313,2016-04-24 19:00:00,629,239,88.95238095238095,59,120,19,Sunday
5577150313,2016-04-24 20:00:00,138,114,66.32954545454545,59,112,20,Sunday
5577150313,2016-04-24 21:00:00,108,102,61.98879551820728,50,87,21,Sunday
5577150313,2016-04-24 22:00:00,17,81,56.50437317784257,51,69,22,Sunday
5577150313,2016-04-24 23:00:00,32,81,56.924698795180724,51,75,23,Sunday
5577150313,2016-04-25 00:00:00,7,78,55.67058823529412,52,63,0,Monday
5577150313,2016-04-25 01:00:00,0,76,55.50788643533123,48,63,1,Monday
5577150313,2016-04-25 02:00:00,0,76,53.17878787878788,49,68,2,Monday
5577150313,2016-04-25 03:00:00,7,78,48.78395061728395,44,67,3,Monday
5577150313,2016-04-25 04:00:00,11,78,50.1875,44,61,4,Monday
5577150313,2016-04-25 05:00:00,99,90,48.44864864864865,43,69,5,Monday
5577150313,2016-04-25 06:00:00,1597,408,99.62583518930958,56,125,6,Monday
5577150313,2016-04-25 07:00:00,657,183,72.45038167938931,55,103,7,Monday
5577150313,2016-04-25 08:00:00,304,120,64.93211488250653,45,97,8,Monday
5577150313,2016-04-25 09:00:00,83,108,73.63157894736842,59,94,9,Monday
5577150313,2016-04-25 10:00:00,253,290,88.91521197007481,57,123,10,Monday
5577150313,2016-04-25 11:00:00,568,191,77.49636803874093,56,117,11,Monday
5577150313,2016-04-25 12:00:00,236,195,82.49333333333334,61,107,12,Monday
5577150313,2016-04-25 13:00:00,202,194,83.75961538461539,66,110,13,Monday
5577150313,2016-04-25 14:00:00,211,120,69.9400544959128,53,111,14,Monday
5577150313,2016-04-25 15:00:00,190,114,67.0754716981132,55,80,15,Monday
5577150313,2016-04-25 16:00:00,365,166,71.31850117096019,57,97,16,Monday
5577150313,2016-04-25 17:00:00,449,129,67.07629427792915,52,96,17,Monday
5577150313,2016-04-25 18:00:00,86,97,60.41711229946524,54,85,18,Monday
5577150313,2016-04-25 19:00:00,734,213,77.27363184079601,51,124,19,Monday
5577150313,2016-04-25 20:00:00,229,118,60.80281690140845,49,113,20,Monday
5577150313,2016-04-25 21:00:00,95,93,58.41379310344828,52,77,21,Monday
5577150313,2016-04-25 22:00:00,10,83,57.12957746478873,49,70,22,Monday
5577150313,2016-04-25 23:00:00,0,76,50.696369636963695,47,55,23,Monday
5577150313,2016-04-26 00:00:00,42,79,52.725,46,63,0,Tuesday
5577150313,2016-04-26 01:00:00,0,76,52.641975308641975,47,65,1,Tuesday
5577150313,2016-04-26 02:00:00,0,77,52.51940298507463,46,69,2,Tuesday
5577150313,2016-04-26 03:00:00,0,76,48.83125,44,57,3,Tuesday
5577150313,2016-04-26 04:00:00,20,81,46.21913580246913,42,54,4,Tuesday
5577150313,2016-04-26 05:00:00,884,230,74.6682808716707,44,118,5,Tuesday
5577150313,2016-04-26 06:00:00,1128,296,86.23333333333333,56,122,6,Tuesday
5577150313,2016-04-26 07:00:00,212,124,69.61948955916473,56,99,7,Tuesday
5577150313,2016-04-26 08:00:00,129,155,71.89544235924933,54,113,8,Tuesday
5577150313,2016-04-26 09:00:00,10,102,65.183908045977,54,118,9,Tuesday
5577150313,2016-04-26 10:00:00,168,112,64.49333333333334,48,106,10,Tuesday
5577150313,2016-04-26 11:00:00,280,128,67.26987951807229,54,103,11,Tuesday
5577150313,2016-04-26 12:00:00,596,169,74.67857142857143,54,100,12,Tuesday
5577150313,2016-04-26 13:00:00,125,197,83.08943089430895,59,114,13,Tuesday
5577150313,2016-04-26 14:00:00,265,148,75.1644908616188,53,109,14,Tuesday
5577150313,2016-04-26 15:00:00,117,111,68.54691689008042,54,85,15,Tuesday
5577150313,2016-04-26 16:00:00,205,114,66.77837837837838,57,85,16,Tuesday
5577150313,2016-04-26 17:00:00,0,86,61.29705882352941,53,72,17,Tuesday
5577150313,2016-04-26 18:00:00,298,115,63.45152354570637,52,111,18,Tuesday
5577150313,2016-04-26 19:00:00,368,152,69.53448275862068,53,109,19,Tuesday
5577150313,2016-04-26 20:00:00,370,212,73.95879120879121,50,113,20,Tuesday
5577150313,2016-04-26 21:00:00,77,93,56.97406340057637,50,70,21,Tuesday
5577150313,2016-04-26 22:00:00,0,76,50.24038461538461,40,61,22,Tuesday
5577150313,2016-04-26 23:00:00,31,79,51.691588785046726,41,63,23,Tuesday
5577150313,2016-04-27 00:00:00,0,76,53.74447949526814,49,76,0,Wednesday
5577150313,2016-04-27 01:00:00,5,78,52.609756097560975,47,66,1,Wednesday
5577150313,2016-04-27 02:00:00,0,77,52.967359050445104,47,73,2,Wednesday
5577150313,2016-04-27 03:00:00,0,76,53.669724770642205,49,68,3,Wednesday
5577150313,2016-04-27 04:00:00,0,76,51.745222929936304,45,69,4,Wednesday
5577150313,2016-04-27 05:00:00,313,108,53.72323759791123,42,94,5,Wednesday
5577150313,2016-04-27 06:00:00,2153,430,98.45286885245902,55,130,6,Wednesday
5577150313,2016-04-27 07:00:00,286,141,71.13227513227513,56,111,7,Wednesday
5577150313,2016-04-27 08:00:00,290,128,69.2724795640327,53,97,8,Wednesday
5577150313,2016-04-27 09:00:00,429,167,75.24069478908189,53,119,9,Wednesday
5577150313,2016-04-27 10:00:00,92,107,64.18384401114206,54,84,10,Wednesday
5577150313,2016-04-27 11:00:00,207,137,72.60835509138381,53,98,11,Wednesday
5577150313,2016-04-27 12:00:00,168,116,67.10220994475138,54,98,12,Wednesday
5577150313,2016-04-27 13:00:00,117,109,66.81564245810056,54,91,13,Wednesday
5577150313,2016-04-27 14:00:00,15,98,67.02941176470588,57,90,14,Wednesday
5577150313,2016-04-27 15:00:00,382,188,78.9746835443038,58,117,15,Wednesday
5577150313,2016-04-27 16:00:00,350,150,70.47619047619048,53,114,16,Wednesday
5577150313,2016-04-27 17:00:00,252,113,63.129629629629626,51,90,17,Wednesday
5577150313,2016-04-27 18:00:00,418,172,73.15544041450777,58,125,18,Wednesday
5577150313,2016-04-27 19:00:00,939,387,92.99759036144579,53,127,19,Wednesday
5577150313,2016-04-27 20:00:00,61,90,58.04360465116279,49,91,20,Wednesday
5577150313,2016-04-27 21:00:00,203,99,55.8413597733711,47,69,21,Wednesday
5577150313,2016-04-27 22:00:00,118,91,52.2094395280236,45,67,22,Wednesday
5577150313,2016-04-27 23:00:00,7,78,50.2013201320132,44,56,23,Wednesday
5577150313,2016-04-28 00:00:00,10,80,56.256965944272444,50,69,0,Thursday
5577150313,2016-04-28 01:00:00,0,79,55.597101449275364,50,72,1,Thursday
5577150313,2016-04-28 02:00:00,4,78,52.0210843373494,45,75,2,Thursday
5577150313,2016-04-28 03:00:00,0,76,50.03416149068323,40,68,3,Thursday
5577150313,2016-04-28 04:00:00,0,76,49.625,44,64,4,Thursday
5577150313,2016-04-28 05:00:00,1064,169,62.64492753623188,41,147,5,Thursday
5577150313,2016-04-28 06:00:00,1556,381,101.58263305322129,79,128,6,Thursday
5577150313,2016-04-28 07:00:00,356,213,74.36438356164383,57,115,7,Thursday
5577150313,2016-04-28 08:00:00,238,144,69.0132625994695,51,109,8,Thursday
5577150313,2016-04-28 09:00:00,117,100,61.892857142857146,52,88,9,Thursday
5577150313,2016-04-28 10:00:00,100,111,65.52230971128608,51,112,10,Thursday
5577150313,2016-04-28 11:00:00,1635,312,131.9383886255924,96,171,11,Thursday
5577150313,2016-04-28 13:00:00,1001,189,89.14136904761905,65,128,13,Thursday
5577150313,2016-04-28 14:00:00,1076,199,78.65846456692914,53,102,14,Thursday
5577150313,2016-04-28 15:00:00,511,187,76.52896725440806,55,123,15,Thursday
5577150313,2016-04-28 16:00:00,106,110,67.55619596541787,55,102,16,Thursday
5577150313,2016-04-28 17:00:00,526,174,73.24226804123711,57,114,17,Thursday
5577150313,2016-04-28 18:00:00,153,105,61.7008797653959,54,80,18,Thursday
5577150313,2016-04-28 19:00:00,1035,331,93.47857142857143,58,124,19,Thursday
5577150313,2016-04-28 20:00:00,241,132,67.57808219178082,57,115,20,Thursday
5577150313,2016-04-28 21:00:00,112,106,62.92917847025496,54,97,21,Thursday
5577150313,2016-04-28 22:00:00,0,76,53.06774193548387,49,60,22,Thursday
5577150313,2016-04-28 23:00:00,0,77,51.46319018404908,47,64,23,Thursday
5577150313,2016-04-29 00:00:00,0,76,52.031948881789134,48,64,0,Friday
5577150313,2016-04-29 01:00:00,58,82,52.25438596491228,47,77,1,Friday
5577150313,2016-04-29 02:00:00,0,76,49.93927125506073,46,58,2,Friday
5577150313,2016-04-29 03:00:00,0,77,48.4797507788162,44,58,3,Friday
5577150313,2016-04-29 04:00:00,0,76,45.57707509881423,42,57,4,Friday
5577150313,2016-04-29 05:00:00,31,81,48.17251461988304,42,58,5,Friday
5577150313,2016-04-29 06:00:00,1744,411,99.2907949790795,47,124,6,Friday
5577150313,2016-04-29 07:00:00,562,239,79.05128205128206,57,124,7,Friday
5577150313,2016-04-29 08:00:00,148,117,66.496,53,98,8,Friday
5577150313,2016-04-29 09:00:00,383,153,70.50473933649289,54,111,9,Friday
5577150313,2016-04-29 10:00:00,158,136,64.79539641943734,51,106,10,Friday
5577150313,2016-04-29 11:00:00,252,154,69.07177033492823,51,108,11,Friday
5577150313,2016-04-29 12:00:00,353,150,70.42647058823529,52,109,12,Friday
5577150313,2016-04-29 13:00:00,86,87,58.44808743169399,51,77,13,Friday
5577150313,2016-04-29 14:00:00,68,93,60.4478021978022,50,78,14,Friday
5577150313,2016-04-29 15:00:00,80,102,60.98701298701299,47,102,15,Friday
5577150313,2016-04-29 16:00:00,119,112,62.14404432132964,51,109,16,Friday
5577150313,2016-04-29 17:00:00,143,91,55.79943502824859,44,84,17,Friday
5577150313,2016-04-29 18:00:00,413,142,62.15897435897436,48,102,18,Friday
5577150313,2016-04-29 19:00:00,1014,372,94.08863636363637,51,126,19,Friday
5577150313,2016-04-29 20:00:00,2206,463,102.52066115702479,59,141,20,Friday
5577150313,2016-04-29 21:00:00,28,88,59.4633431085044,54,71,21,Friday
5577150313,2016-04-29 22:00:00,78,89,57.293948126801155,50,73,22,Friday
5577150313,2016-04-29 23:00:00,0,76,51.99050632911393,47,59,23,Friday
5577150313,2016-04-30 00:00:00,0,77,52.61300309597523,48,64,0,Saturday
5577150313,2016-04-30 01:00:00,0,76,50.63253012048193,45,58,1,Saturday
5577150313,2016-04-30 02:00:00,0,77,51.81707317073171,46,69,2,Saturday
5577150313,2016-04-30 03:00:00,0,76,49.4012539184953,45,58,3,Saturday
5577150313,2016-04-30 04:00:00,0,76,50.75460122699386,43,66,4,Saturday
5577150313,2016-04-30 05:00:00,9,79,48.15501519756839,41,68,5,Saturday
5577150313,2016-04-30 06:00:00,86,90,53.690962099125365,47,82,6,Saturday
5577150313,2016-04-30 07:00:00,199,112,61.47704081632653,48,103,7,Saturday
5577150313,2016-04-30 08:00:00,256,125,65.19132653061224,53,116,8,Saturday
5577150313,2016-04-30 09:00:00,72,98,64.68,53,87,9,Saturday
5577150313,2016-04-30 10:00:00,1228,390,98.46117647058824,60,125,10,Saturday
5577150313,2016-04-30 11:00:00,2444,519,107.71461716937355,66,133,11,Saturday
5577150313,2016-04-30 12:00:00,952,253,79.89671361502347,56,138,12,Saturday
5577150313,2016-04-30 13:00:00,1031,332,91.22142857142858,62,116,13,Saturday
5577150313,2016-04-30 14:00:00,621,299,89.05326876513317,59,121,14,Saturday
5577150313,2016-04-30 15:00:00,240,130,68.73157894736842,58,118,15,Saturday
5577150313,2016-04-30 16:00:00,36,87,57.553623188405794,53,65,16,Saturday
5577150313,2016-04-30 17:00:00,390,154,69.57650273224044,54,125,17,Saturday
5577150313,2016-04-30 18:00:00,2249,586,113.86326530612244,84,129,18,Saturday
5577150313,2016-04-30 19:00:00,1832,410,94.54767184035477,54,129,19,Saturday
5577150313,2016-04-30 20:00:00,278,139,62.894459102902374,50,117,20,Saturday
5577150313,2016-04-30 21:00:00,259,126,66.42440318302387,52,105,21,Saturday
5577150313,2016-04-30 22:00:00,125,102,58.483282674772035,51,113,22,Saturday
5577150313,2016-04-30 23:00:00,56,89,57.7514450867052,51,76,23,Saturday
5577150313,2016-05-01 00:00:00,0,76,56.88785046728972,52,62,0,Sunday
5577150313,2016-05-01 01:00:00,8,78,54.271844660194176,50,66,1,Sunday
5577150313,2016-05-01 02:00:00,11,80,54.35168195718654,49,67,2,Sunday
5577150313,2016-05-01 03:00:00,0,78,54.07552870090635,46,72,3,Sunday
5577150313,2016-05-01 04:00:00,0,76,52.054054054054056,47,62,4,Sunday
5577150313,2016-05-01 05:00:00,0,76,54.13442622950819,45,67,5,Sunday
5577150313,2016-05-01 06:00:00,133,105,62.16129032258065,50,108,6,Sunday
5577150313,2016-05-01 07:00:00,21,86,58.185483870967744,53,65,7,Sunday
5577150313,2016-05-01 08:00:00,1404,335,90.46636771300449,56,124,8,Sunday
5577150313,2016-05-01 09:00:00,2010,374,91.42488262910798,66,115,9,Sunday
5577150313,2016-05-01 10:00:00,2161,524,109.55450236966824,82,125,10,Sunday
5577150313,2016-05-01 11:00:00,2110,467,103.36384439359267,72,122,11,Sunday
5577150313,2016-05-01 12:00:00,230,159,77.2578947368421,57,126,12,Sunday
5577150313,2016-05-01 13:00:00,369,155,70.98241206030151,56,109,13,Sunday
5577150313,2016-05-01 14:00:00,643,177,72.57894736842105,56,102,14,Sunday
5577150313,2016-05-01 15:00:00,281,137,71.35309278350516,60,100,15,Sunday
5577150313,2016-05-01 16:00:00,1028,308,88.13513513513513,56,116,16,Sunday
5577150313,2016-05-01 17:00:00,288,130,67.96938775510205,57,104,17,Sunday
5577150313,2016-05-01 18:00:00,1098,371,94.92216981132076,57,130,18,Sunday
5577150313,2016-05-01 19:00:00,1388,395,107.72063492063492,60,140,19,Sunday
5577150313,2016-05-01 20:00:00,108,106,64.14161849710983,54,102,20,Sunday
5577150313,2016-05-01 21:00:00,71,96,63.81844380403458,54,89,21,Sunday
5577150313,2016-05-01 22:00:00,0,76,54.90214067278288,44,63,22,Sunday
5577150313,2016-05-01 23:00:00,6,80,56.74691358024691,50,66,23,Sunday
5577150313,2016-05-02 00:00:00,0,76,52.70987654320987,48,57,0,Monday
5577150313,2016-05-02 01:00:00,0,76,51.26361031518625,44,62,1,Monday
5577150313,2016-05-02 02:00:00,67,84,52.12684365781711,45,80,2,Monday
5577150313,2016-05-02 03:00:00,0,76,48.82608695652174,43,54,3,Monday
5577150313,2016-05-02 04:00:00,0,76,46.57453416149068,43,52,4,Monday
5577150313,2016-05-02 05:00:00,8,79,48.33827893175074,43,77,5,Monday
5577150313,2016-05-02 06:00:00,1856,413,96.97186147186147,47,128,6,Monday
5577150313,2016-05-02 07:00:00,556,244,80.95260663507109,55,124,7,Monday
5577150313,2016-05-02 08:00:00,210,116,64.72323759791122,54,108,8,Monday
5577150313,2016-05-02 09:00:00,74,106,67.22600619195046,56,94,9,Monday
5577150313,2016-05-02 10:00:00,448,186,76.61919504643963,55,114,10,Monday
5577150313,2016-05-02 11:00:00,391,129,70.28292682926829,59,83,11,Monday
5577150313,2016-05-02 12:00:00,259,105,63.55555555555556,59,83,12,Monday
5577150313,2016-05-02 23:00:00,32,89,98.84210526315789,66,113,23,Monday
5577150313,2016-05-03 00:00:00,582,200,77.8905472636816,61,117,0,Tuesday
5577150313,2016-05-03 01:00:00,1719,286,86.09859154929578,51,122,1,Tuesday
5577150313,2016-05-03 02:00:00,203,213,83.71505376344086,66,114,2,Tuesday
5577150313,2016-05-03 03:00:00,101,106,65.69859154929577,42,102,3,Tuesday
5577150313,2016-05-03 04:00:00,1036,209,73.21689497716895,56,114,4,Tuesday
5577150313,2016-05-03 05:00:00,717,201,75.86746987951807,57,107,5,Tuesday
5577150313,2016-05-03 06:00:00,419,141,71.39522546419099,57,97,6,Tuesday
5577150313,2016-05-03 07:00:00,520,173,77.25848563968668,56,117,7,Tuesday
5577150313,2016-05-03 08:00:00,271,160,71.8422619047619,56,111,8,Tuesday
5577150313,2016-05-03 09:00:00,1775,244,78.7237851662404,55,126,9,Tuesday
5577150313,2016-05-03 10:00:00,2557,495,111.2358276643991,69,154,10,Tuesday
5577150313,2016-05-03 11:00:00,129,108,66.23480662983425,52,85,11,Tuesday
5577150313,2016-05-03 12:00:00,10,81,55.483582089552236,51,66,12,Tuesday
5577150313,2016-05-03 13:00:00,10,78,54.79245283018868,49,65,13,Tuesday
5577150313,2016-05-03 14:00:00,0,76,53.04719764011799,48,61,14,Tuesday
5577150313,2016-05-03 15:00:00,12,81,54.71940298507463,44,70,15,Tuesday
5577150313,2016-05-03 16:00:00,0,76,52.69969040247678,49,60,16,Tuesday
5577150313,2016-05-03 17:00:00,0,76,52.142028985507245,47,61,17,Tuesday
5577150313,2016-05-03 18:00:00,0,77,52.37538461538462,47,69,18,Tuesday
5577150313,2016-05-03 19:00:00,9,78,48.43283582089552,45,57,19,Tuesday
5577150313,2016-05-03 20:00:00,21,82,50.52662721893491,43,61,20,Tuesday
5577150313,2016-05-03 21:00:00,394,186,68.9945652173913,44,123,21,Tuesday
5577150313,2016-05-03 22:00:00,540,257,96.72592592592592,66,127,22,Tuesday
5577150313,2016-05-03 23:00:00,20,112,79.42382271468144,60,92,23,Tuesday
5577150313,2016-05-04 00:00:00,342,148,75.6790450928382,56,102,0,Wednesday
5577150313,2016-05-04 01:00:00,36,94,59.72093023255814,41,69,1,Wednesday
5577150313,2016-05-04 02:00:00,316,131,65.00275482093664,45,103,2,Wednesday
5577150313,2016-05-04 03:00:00,40,99,65.58263305322129,55,85,3,Wednesday
5577150313,2016-05-04 04:00:00,390,162,69.7018469656992,53,119,4,Wednesday
5577150313,2016-05-04 05:00:00,287,126,64.30352303523036,54,106,5,Wednesday
5577150313,2016-05-04 06:00:00,77,131,66.23218997361478,53,107,6,Wednesday
5577150313,2016-05-04 07:00:00,354,136,65.18233618233619,40,116,7,Wednesday
5577150313,2016-05-04 08:00:00,450,180,69.87142857142857,55,117,8,Wednesday
5577150313,2016-05-04 09:00:00,1673,231,74.27688787185355,50,143,9,Wednesday
5577150313,2016-05-04 10:00:00,476,154,72.43030303030304,45,118,10,Wednesday
5577150313,2016-05-04 11:00:00,0,76,55.72477064220183,53,68,11,Wednesday
5577150313,2016-05-04 12:00:00,9,79,53.80757097791798,49,75,12,Wednesday
5577150313,2016-05-04 13:00:00,0,77,54.671554252199414,48,64,13,Wednesday
5577150313,2016-05-04 14:00:00,0,76,53.64329268292683,48,65,14,Wednesday
5577150313,2016-05-04 15:00:00,0,78,55.94444444444444,51,68,15,Wednesday
5577150313,2016-05-04 16:00:00,0,76,53.75454545454546,49,66,16,Wednesday
5577150313,2016-05-04 17:00:00,0,76,50.573667711598745,45,65,17,Wednesday
5577150313,2016-05-04 18:00:00,0,77,48.115625,40,71,18,Wednesday
5577150313,2016-05-04 19:00:00,0,77,47.907462686567165,44,57,19,Wednesday
5577150313,2016-05-04 20:00:00,6,78,48.94512195121951,44,63,20,Wednesday
5577150313,2016-05-04 21:00:00,110,112,60.11507936507937,45,114,21,Wednesday
5577150313,2016-05-04 22:00:00,616,174,86.01960784313725,58,120,22,Wednesday
5577150313,2016-05-04 23:00:00,24,109,73.7231638418079,62,83,23,Wednesday
5577150313,2016-05-05 00:00:00,297,152,75.02571428571429,57,104,0,Thursday
5577150313,2016-05-05 09:00:00,0,77,62.93103448275862,58,69,9,Thursday
5577150313,2016-05-05 10:00:00,243,121,65.29972752043597,53,130,10,Thursday
5577150313,2016-05-05 11:00:00,828,168,69.18858560794045,52,115,11,Thursday
5577150313,2016-05-05 12:00:00,2089,276,85.54257907542579,59,118,12,Thursday
5577150313,2016-05-05 13:00:00,7,84,59.046783625730995,53,69,13,Thursday
5577150313,2016-05-05 14:00:00,523,178,72.03553299492386,53,135,14,Thursday
5577150313,2016-05-05 15:00:00,12,92,61.411764705882355,52,84,15,Thursday
5577150313,2016-05-05 16:00:00,57,104,62.8567335243553,54,80,16,Thursday
5577150313,2016-05-05 17:00:00,668,191,73.5230352303523,53,141,17,Thursday
5577150313,2016-05-05 18:00:00,145,101,59.69164265129683,50,94,18,Thursday
5577150313,2016-05-05 19:00:00,1142,235,81.48820754716981,51,130,19,Thursday
5577150313,2016-05-05 20:00:00,226,183,79.183879093199,62,118,20,Thursday
5577150313,2016-05-05 21:00:00,1313,286,88.43037974683544,55,122,21,Thursday
5577150313,2016-05-06 06:00:00,5,81,100.7,70,112,6,Friday
5577150313,2016-05-06 07:00:00,923,319,89.11555555555556,58,130,7,Friday
5577150313,2016-05-06 08:00:00,798,190,73.63614457831325,54,119,8,Friday
5577150313,2016-05-06 09:00:00,4,83,57.90489913544668,51,69,9,Friday
5577150313,2016-05-06 10:00:00,770,185,72.86153846153846,53,134,10,Friday
5577150313,2016-05-06 11:00:00,1537,261,83.64406779661017,64,124,11,Friday
5577150313,2016-05-06 12:00:00,511,179,77.44736842105263,56,119,12,Friday
5577150313,2016-05-06 13:00:00,69,94,61.20224719101124,50,79,13,Friday
5577150313,2016-05-06 14:00:00,180,97,59.139275766016716,52,90,14,Friday
5577150313,2016-05-06 15:00:00,0,78,56.12759643916914,48,64,15,Friday
5577150313,2016-05-06 16:00:00,153,90,58.178082191780824,49,95,16,Friday
5577150313,2016-05-09 11:00:00,57,84,78.54545454545455,71,102,11,Monday
5577150313,2016-05-09 12:00:00,1305,198,78.20194647201946,56,130,12,Monday
5577150313,2016-05-09 13:00:00,166,110,67.16927083333333,56,88,13,Monday
5577150313,2016-05-09 14:00:00,217,198,80.4575,52,109,14,Monday
5577150313,2016-05-09 15:00:00,250,131,69.67924528301887,56,113,15,Monday
5577150313,2016-05-09 16:00:00,82,98,64.98837209302326,53,91,16,Monday
5577150313,2016-05-09 17:00:00,252,116,66.33333333333333,57,91,17,Monday
5577150313,2016-05-09 18:00:00,175,118,67.01680672268908,55,101,18,Monday
5577150313,2016-05-09 19:00:00,652,254,84.30952380952381,58,123,19,Monday
5577150313,2016-05-09 20:00:00,144,95,61.826470588235296,54,110,20,Monday
5577150313,2016-05-09 21:00:00,68,90,58.94100294985251,53,81,21,Monday
5577150313,2016-05-09 22:00:00,0,76,54.84935897435897,51,64,22,Monday
5577150313,2016-05-09 23:00:00,53,86,55.01176470588236,51,69,23,Monday
5577150313,2016-05-10 00:00:00,8,79,55.36593059936909,50,66,0,Tuesday
5577150313,2016-05-10 01:00:00,0,76,54.10625,51,58,1,Tuesday
5577150313,2016-05-10 02:00:00,4,78,53.25076452599389,47,69,2,Tuesday
5577150313,2016-05-10 03:00:00,0,76,50.39873417721519,46,54,3,Tuesday
5577150313,2016-05-10 04:00:00,0,76,47.22935779816514,44,58,4,Tuesday
5577150313,2016-05-10 05:00:00,182,96,50.77167630057804,42,82,5,Tuesday
5577150313,2016-05-10 06:00:00,1559,397,97.69827586206897,64,131,6,Tuesday
5577150313,2016-05-10 07:00:00,163,161,73.00808625336927,58,121,7,Tuesday
5577150313,2016-05-10 08:00:00,183,241,84.00769230769231,53,120,8,Tuesday
5577150313,2016-05-10 09:00:00,578,208,78.08788598574822,57,113,9,Tuesday
5577150313,2016-05-10 10:00:00,119,121,66.9501312335958,56,108,10,Tuesday
5577150313,2016-05-10 11:00:00,1572,307,93.72553699284009,57,172,11,Tuesday
5577150313,2016-05-10 12:00:00,61,102,72.41954022988506,63,86,12,Tuesday
5577150313,2016-05-10 13:00:00,319,129,69.31398416886543,49,108,13,Tuesday
5577150313,2016-05-10 14:00:00,1911,330,90.56079404466502,58,131,14,Tuesday
5577150313,2016-05-10 15:00:00,241,191,86.79432624113475,57,125,15,Tuesday
5577150313,2016-05-10 16:00:00,268,138,75.53353057199212,55,107,16,Tuesday
5577150313,2016-05-10 17:00:00,460,191,80.50757575757575,65,122,17,Tuesday
5577150313,2016-05-10 18:00:00,148,120,73.36363636363636,66,101,18,Tuesday
5577150313,2016-05-10 19:00:00,848,322,99.57009345794393,65,121,19,Tuesday
5577150313,2016-05-10 20:00:00,102,129,73.65976331360947,58,126,20,Tuesday
5577150313,2016-05-10 21:00:00,82,110,68.5,58,86,21,Tuesday
5577150313,2016-05-10 22:00:00,4,80,59.85576923076923,55,66,22,Tuesday
5577150313,2016-05-10 23:00:00,57,84,57.15384615384615,50,80,23,Tuesday
5577150313,2016-05-11 00:00:00,0,77,56.22121212121212,53,72,0,Wednesday
5577150313,2016-05-11 01:00:00,0,79,57.23372781065089,51,81,1,Wednesday
5577150313,2016-05-11 02:00:00,14,80,53.38662790697674,47,62,2,Wednesday
5577150313,2016-05-11 03:00:00,0,76,53.573208722741434,50,68,3,Wednesday
5577150313,2016-05-11 04:00:00,14,79,51.72809667673716,45,77,4,Wednesday
5577150313,2016-05-11 05:00:00,42,84,50.12684365781711,46,78,5,Wednesday
5577150313,2016-05-11 06:00:00,1589,415,99.87982832618026,59,135,6,Wednesday
5577150313,2016-05-11 07:00:00,187,160,72.56234718826406,60,107,7,Wednesday
5577150313,2016-05-11 08:00:00,248,115,66.82070707070707,51,94,8,Wednesday
5577150313,2016-05-11 09:00:00,255,134,69.4419191919192,60,124,9,Wednesday
5577150313,2016-05-11 10:00:00,304,109,64.0427807486631,51,121,10,Wednesday
5577150313,2016-05-11 11:00:00,1276,242,90.6875,55,173,11,Wednesday
6117666160,2016-04-15 11:00:00,1201,148,104.29389312977099,86,137,11,Friday
6117666160,2016-04-15 12:00:00,2175,205,100.09073359073359,82,123,12,Friday
6117666160,2016-04-15 13:00:00,1020,172,93.86236559139785,78,112,13,Friday
6117666160,2016-04-15 14:00:00,1000,174,100.26730310262529,85,126,14,Friday
6117666160,2016-04-15 15:00:00,831,173,99.463133640553,83,119,15,Friday
6117666160,2016-04-15 16:00:00,1427,193,102.44753747323341,70,134,16,Friday
6117666160,2016-04-15 17:00:00,1313,213,104.60810810810811,89,120,17,Friday
6117666160,2016-04-15 18:00:00,1195,184,98.64876957494407,85,119,18,Friday
6117666160,2016-04-15 19:00:00,1277,185,99.39024390243902,76,121,19,Friday
6117666160,2016-04-15 20:00:00,1523,218,103.55402750491159,81,123,20,Friday
6117666160,2016-04-15 21:00:00,550,127,93.78365384615384,77,113,21,Friday
6117666160,2016-04-15 22:00:00,190,82,82.59574468085107,70,101,22,Friday
6117666160,2016-04-15 23:00:00,317,105,81.82712765957447,57,125,23,Friday
6117666160,2016-04-16 00:00:00,131,75,83.13941018766756,68,108,0,Saturday
6117666160,2016-04-16 01:00:00,0,62,81.11705685618729,69,95,1,Saturday
6117666160,2016-04-16 02:00:00,9,65,83.4077380952381,75,97,2,Saturday
6117666160,2016-04-16 03:00:00,15,65,76.15774647887324,64,103,3,Saturday
6117666160,2016-04-16 04:00:00,0,63,71.78134110787173,62,91,4,Saturday
6117666160,2016-04-16 05:00:00,0,62,67.20977011494253,57,92,5,Saturday
6117666160,2016-04-16 06:00:00,0,63,63.275080906148865,54,100,6,Saturday
6117666160,2016-04-16 07:00:00,268,84,74.12531969309462,56,113,7,Saturday
6117666160,2016-04-16 08:00:00,1274,181,97.73291925465838,78,124,8,Saturday
6117666160,2016-04-16 09:00:00,982,151,90.90927835051546,73,110,9,Saturday
6117666160,2016-04-16 10:00:00,1549,183,96.3953934740883,80,115,10,Saturday
6117666160,2016-04-16 11:00:00,1019,168,91.14285714285714,77,114,11,Saturday
6117666160,2016-04-16 12:00:00,1297,182,94.7710843373494,78,110,12,Saturday
6117666160,2016-04-16 13:00:00,1196,174,92.89194915254237,79,110,13,Saturday
6117666160,2016-04-16 14:00:00,740,122,87.3731343283582,68,109,14,Saturday
6117666160,2016-04-16 15:00:00,1030,164,94.53862660944206,81,109,15,Saturday
6117666160,2016-04-16 16:00:00,548,126,91.7281795511222,69,114,16,Saturday
6117666160,2016-04-16 17:00:00,570,129,91.10218978102189,70,110,17,Saturday
6117666160,2016-04-16 18:00:00,491,113,87.24311926605505,70,118,18,Saturday
6117666160,2016-04-16 19:00:00,370,101,82.97323600973236,70,101,19,Saturday
6117666160,2016-04-16 20:00:00,1513,164,99.0719794344473,78,155,20,Saturday
6117666160,2016-04-16 21:00:00,62,77,77.62179487179488,72,87,21,Saturday
6117666160,2016-04-16 22:00:00,893,145,96.75725593667546,72,128,22,Saturday
6117666160,2016-04-16 23:00:00,493,110,90.12207792207792,74,111,23,Saturday
6117666160,2016-04-17 00:00:00,169,94,90.23822714681441,79,105,0,Sunday
6117666160,2016-04-17 01:00:00,671,121,91.79800498753117,63,121,1,Sunday
6117666160,2016-04-17 02:00:00,19,72,83.34491315136476,68,96,2,Sunday
6117666160,2016-04-17 03:00:00,182,81,78.83109919571045,64,101,3,Sunday
6117666160,2016-04-17 04:00:00,0,64,82.22255192878339,66,93,4,Sunday
6117666160,2016-04-17 05:00:00,7,66,87.02890173410404,77,119,5,Sunday
6117666160,2016-04-17 06:00:00,0,65,88.04504504504504,71,96,6,Sunday
6117666160,2016-04-17 07:00:00,0,64,83.75,68,114,7,Sunday
6117666160,2016-04-17 08:00:00,167,86,79.41752577319588,60,125,8,Sunday
6117666160,2016-04-17 09:00:00,178,80,74.5485564304462,64,108,9,Sunday
6117666160,2016-04-17 10:00:00,80,73,74.28260869565217,61,88,10,Sunday
6117666160,2016-04-17 11:00:00,271,92,84.17602040816327,68,102,11,Sunday
6117666160,2016-04-17 12:00:00,172,101,90.52147239263803,59,114,12,Sunday
6117666160,2016-04-17 13:00:00,1772,192,98.6797385620915,80,130,13,Sunday
6117666160,2016-04-17 14:00:00,434,111,93.09154929577464,85,103,14,Sunday
6117666160,2016-04-17 15:00:00,366,107,93.61083743842364,78,109,15,Sunday
6117666160,2016-04-17 16:00:00,0,62,70.99065420560747,63,81,16,Sunday
6117666160,2016-04-17 18:00:00,499,109,74.35714285714286,63,95,18,Sunday
6117666160,2016-04-18 13:00:00,631,119,96.82971014492753,70,116,13,Monday
6117666160,2016-04-18 14:00:00,36,74,88.42539682539683,70,105,14,Monday
6117666160,2016-04-18 15:00:00,237,93,83.62720403022671,73,108,15,Monday
6117666160,2016-04-18 16:00:00,299,103,85.30632911392405,70,100,16,Monday
6117666160,2016-04-18 17:00:00,643,121,84.79582366589327,66,114,17,Monday
6117666160,2016-04-18 18:00:00,333,94,81.1025,66,108,18,Monday
6117666160,2016-04-18 19:00:00,927,136,85.24330357142857,62,105,19,Monday
6117666160,2016-04-18 20:00:00,133,80,78.90751445086705,62,115,20,Monday
6117666160,2016-04-18 21:00:00,0,64,73.35593220338983,61,82,21,Monday
6117666160,2016-04-18 22:00:00,212,90,77.47769028871392,63,104,22,Monday
6117666160,2016-04-18 23:00:00,187,84,80.05497382198953,62,115,23,Monday
6117666160,2016-04-19 00:00:00,0,63,75.23076923076923,67,97,0,Tuesday
6117666160,2016-04-19 01:00:00,4,64,75.73860182370821,64,85,1,Tuesday
6117666160,2016-04-19 02:00:00,0,62,68.25217391304348,61,79,2,Tuesday
6117666160,2016-04-19 03:00:00,7,64,67.71084337349397,59,93,3,Tuesday
6117666160,2016-04-19 04:00:00,0,63,61.8056338028169,53,75,4,Tuesday
6117666160,2016-04-19 05:00:00,0,63,60.722063037249285,53,91,5,Tuesday
6117666160,2016-04-19 06:00:00,0,63,59.79178885630498,53,87,6,Tuesday
6117666160,2016-04-19 07:00:00,0,63,62.42178770949721,54,121,7,Tuesday
6117666160,2016-04-19 08:00:00,521,117,88.89516129032258,54,113,8,Tuesday
6117666160,2016-04-19 09:00:00,361,102,83.07446808510639,62,119,9,Tuesday
6117666160,2016-04-19 10:00:00,933,147,95.48803827751196,70,117,10,Tuesday
6117666160,2016-04-19 11:00:00,908,131,87.82742316784869,66,115,11,Tuesday
6117666160,2016-04-19 12:00:00,316,101,84.74074074074075,65,112,12,Tuesday
6117666160,2016-04-19 13:00:00,615,133,92.7994722955145,76,109,13,Tuesday
6117666160,2016-04-19 14:00:00,902,145,91.27464788732394,65,110,14,Tuesday
6117666160,2016-04-19 15:00:00,800,155,97.65962441314554,82,116,15,Tuesday
6117666160,2016-04-19 16:00:00,1148,166,98.07042253521126,70,119,16,Tuesday
6117666160,2016-04-19 17:00:00,1202,171,98.7170626349892,79,124,17,Tuesday
6117666160,2016-04-19 18:00:00,841,154,93.38297872340425,68,118,18,Tuesday
6117666160,2016-04-19 19:00:00,1063,171,95.54923413566739,78,116,19,Tuesday
6117666160,2016-04-19 20:00:00,739,145,94.25961538461539,66,117,20,Tuesday
6117666160,2016-04-19 21:00:00,264,91,83.40633245382585,64,116,21,Tuesday
6117666160,2016-04-19 22:00:00,174,81,80.59946236559139,62,101,22,Tuesday
6117666160,2016-04-19 23:00:00,337,89,79.85975609756098,65,116,23,Tuesday
6117666160,2016-04-20 00:00:00,0,63,82.59740259740259,69,97,0,Wednesday
6117666160,2016-04-20 01:00:00,0,64,83.70915032679738,66,99,1,Wednesday
6117666160,2016-04-20 02:00:00,8,64,68.158357771261,56,87,2,Wednesday
6117666160,2016-04-20 03:00:00,0,63,68.26878612716763,59,87,3,Wednesday
6117666160,2016-04-20 04:00:00,8,64,61.55840455840456,52,84,4,Wednesday
6117666160,2016-04-20 05:00:00,0,62,65.12571428571428,55,80,5,Wednesday
6117666160,2016-04-20 06:00:00,0,63,61.91784702549575,52,84,6,Wednesday
6117666160,2016-04-20 07:00:00,327,93,72.63427109974424,55,101,7,Wednesday
6117666160,2016-04-20 08:00:00,458,107,82.09045226130654,68,123,8,Wednesday
6117666160,2016-04-20 09:00:00,686,124,85.82227488151659,69,105,9,Wednesday
6117666160,2016-04-20 10:00:00,624,133,90.8369304556355,75,110,10,Wednesday
6117666160,2016-04-20 11:00:00,567,119,86.67164179104478,72,107,11,Wednesday
6117666160,2016-04-20 12:00:00,741,139,89.71733966745843,76,106,12,Wednesday
6117666160,2016-04-20 13:00:00,627,128,90.1746835443038,78,105,13,Wednesday
6117666160,2016-04-20 14:00:00,984,144,91.18867924528301,71,112,14,Wednesday
6117666160,2016-04-20 15:00:00,1850,206,106.09032258064516,75,181,15,Wednesday
6117666160,2016-04-20 16:00:00,2448,249,119.45887445887446,82,180,16,Wednesday
6117666160,2016-04-20 17:00:00,366,116,93.98029556650246,80,115,17,Wednesday
6117666160,2016-04-20 18:00:00,6,101,99.03529411764706,70,115,18,Wednesday
6117666160,2016-04-20 19:00:00,295,120,96.02,81,113,19,Wednesday
6117666160,2016-04-20 20:00:00,274,97,93.46315789473684,79,114,20,Wednesday
6117666160,2016-04-20 21:00:00,24,68,84.53977272727273,73,98,21,Wednesday
6117666160,2016-04-20 22:00:00,0,64,78.1731843575419,71,89,22,Wednesday
6117666160,2016-04-20 23:00:00,156,83,78.28172588832487,62,97,23,Wednesday
6117666160,2016-04-21 00:00:00,0,63,74.07418397626112,64,88,0,Thursday
6117666160,2016-04-21 01:00:00,10,64,67.80289855072463,57,82,1,Thursday
6117666160,2016-04-21 02:00:00,0,63,62.25519287833828,55,76,2,Thursday
6117666160,2016-04-21 03:00:00,0,63,60.773743016759774,53,110,3,Thursday
6117666160,2016-04-21 04:00:00,0,63,65.07714285714286,56,92,4,Thursday
6117666160,2016-04-21 05:00:00,0,63,61.705882352941174,52,80,5,Thursday
6117666160,2016-04-21 06:00:00,0,64,63.279761904761905,54,89,6,Thursday
6117666160,2016-04-21 07:00:00,23,65,63.54651162790697,54,84,7,Thursday
6117666160,2016-04-21 08:00:00,15,64,65.47398843930635,55,83,8,Thursday
6117666160,2016-04-21 09:00:00,550,113,81.71046228710462,66,103,9,Thursday
6117666160,2016-04-21 10:00:00,1798,194,102.97858672376874,64,154,10,Thursday
6117666160,2016-04-21 11:00:00,0,67,85.765625,65,99,11,Thursday
6117666160,2016-04-21 12:00:00,1122,147,95.17370892018779,77,132,12,Thursday
6117666160,2016-04-21 13:00:00,1240,159,93.23110151187905,76,116,13,Thursday
6117666160,2016-04-21 14:00:00,999,142,92.07191011235955,60,118,14,Thursday
6117666160,2016-04-21 15:00:00,807,139,89.47084233261339,62,113,15,Thursday
6117666160,2016-04-21 16:00:00,149,83,88.33018867924528,75,116,16,Thursday
6117666160,2016-04-21 17:00:00,100,80,85.95175438596492,65,104,17,Thursday
6117666160,2016-04-21 21:00:00,411,99,88.13725490196079,74,109,21,Thursday
6117666160,2016-04-21 22:00:00,152,86,83.9795918367347,69,98,22,Thursday
6117666160,2016-04-21 23:00:00,100,77,83.14213197969544,69,97,23,Thursday
6117666160,2016-04-22 00:00:00,80,81,93.36813186813187,84,108,0,Friday
6117666160,2016-04-22 01:00:00,0,72,93.46428571428571,76,109,1,Friday
6117666160,2016-04-22 02:00:00,0,62,76.25742574257426,71,97,2,Friday
6117666160,2016-04-22 03:00:00,4,64,73.84705882352941,61,94,3,Friday
6117666160,2016-04-22 04:00:00,0,63,72.51470588235294,65,86,4,Friday
6117666160,2016-04-22 05:00:00,0,63,65.22636103151862,56,88,5,Friday
6117666160,2016-04-22 06:00:00,26,67,62.190751445086704,53,92,6,Friday
6117666160,2016-04-22 07:00:00,126,72,68.5982905982906,56,100,7,Friday
6117666160,2016-04-22 08:00:00,0,63,63.059322033898304,55,90,8,Friday
6117666160,2016-04-22 09:00:00,284,85,72.66756756756757,56,101,9,Friday
6117666160,2016-04-22 10:00:00,275,99,85.26746987951807,70,100,10,Friday
6117666160,2016-04-22 11:00:00,336,91,85.8688524590164,72,105,11,Friday
6117666160,2016-04-22 12:00:00,551,119,91.23741007194245,69,123,12,Friday
6117666160,2016-04-22 13:00:00,526,123,86.16152019002375,67,113,13,Friday
6117666160,2016-04-22 14:00:00,542,122,82.30295566502463,69,108,14,Friday
6117666160,2016-04-22 15:00:00,646,143,87.4066985645933,70,108,15,Friday
6117666160,2016-04-22 16:00:00,707,122,87.65816326530613,72,107,16,Friday
6117666160,2016-04-22 17:00:00,890,154,90.88139534883722,68,139,17,Friday
6117666160,2016-04-22 18:00:00,617,137,89.17782909930716,61,111,18,Friday
6117666160,2016-04-22 19:00:00,678,166,95.34057971014492,81,113,19,Friday
6117666160,2016-04-22 20:00:00,976,162,94.20823798627002,77,113,20,Friday
6117666160,2016-04-22 21:00:00,557,119,83.22738386308069,64,100,21,Friday
6117666160,2016-04-22 22:00:00,323,93,76.70076726342711,61,108,22,Friday
6117666160,2016-04-22 23:00:00,62,68,72.61318051575931,64,95,23,Friday
6117666160,2016-04-23 00:00:00,7,64,70.20578778135048,61,78,0,Saturday
6117666160,2016-04-23 01:00:00,0,62,71.40361445783132,62,87,1,Saturday
6117666160,2016-04-23 02:00:00,166,77,68.27613941018767,57,95,2,Saturday
6117666160,2016-04-23 03:00:00,8,64,62.718654434250766,55,87,3,Saturday
6117666160,2016-04-23 04:00:00,0,63,62.0,54,76,4,Saturday
6117666160,2016-04-23 05:00:00,0,62,63.66954022988506,55,71,5,Saturday
6117666160,2016-04-23 06:00:00,0,63,61.554545454545455,55,94,6,Saturday
6117666160,2016-04-23 07:00:00,143,81,68.12328767123287,55,102,7,Saturday
6117666160,2016-04-23 08:00:00,542,114,82.74,64,107,8,Saturday
6117666160,2016-04-23 09:00:00,1023,164,89.96235294117648,77,112,9,Saturday
6117666160,2016-04-23 10:00:00,839,151,88.08053691275168,75,108,10,Saturday
6117666160,2016-04-23 11:00:00,1042,163,90.76419213973799,79,113,11,Saturday
6117666160,2016-04-23 12:00:00,877,161,92.0139211136891,77,108,12,Saturday
6117666160,2016-04-23 13:00:00,957,145,90.33333333333333,75,116,13,Saturday
6117666160,2016-04-23 14:00:00,820,155,88.68348623853211,62,108,14,Saturday
6117666160,2016-04-23 15:00:00,1048,158,90.65188470066519,65,121,15,Saturday
6117666160,2016-04-23 16:00:00,977,151,91.15765765765765,70,114,16,Saturday
6117666160,2016-04-23 17:00:00,1211,170,88.74530271398747,62,111,17,Saturday
6117666160,2016-04-23 18:00:00,662,130,89.9375,69,111,18,Saturday
6117666160,2016-04-23 19:00:00,77,82,85.86015831134564,72,105,19,Saturday
6117666160,2016-04-23 20:00:00,478,113,87.9829268292683,57,118,20,Saturday
6117666160,2016-04-23 21:00:00,26,71,81.33153638814017,72,95,21,Saturday
6117666160,2016-04-23 22:00:00,39,73,80.79444444444445,67,92,22,Saturday
6117666160,2016-04-23 23:00:00,553,115,88.29667519181585,69,119,23,Saturday
6117666160,2016-04-24 00:00:00,162,98,84.8943488943489,69,129,0,Sunday
6117666160,2016-04-24 01:00:00,234,95,84.09948979591837,69,118,1,Sunday
6117666160,2016-04-24 02:00:00,8,64,79.82080924855491,66,92,2,Sunday
6117666160,2016-04-24 03:00:00,0,62,77.97058823529412,68,96,3,Sunday
6117666160,2016-04-24 04:00:00,10,64,75.0392749244713,59,89,4,Sunday
6117666160,2016-04-24 05:00:00,0,62,69.74311926605505,59,78,5,Sunday
6117666160,2016-04-24 06:00:00,0,63,71.20298507462687,56,95,6,Sunday
6117666160,2016-04-24 07:00:00,0,63,75.08498583569406,55,95,7,Sunday
6117666160,2016-04-24 08:00:00,262,96,83.47043701799485,57,115,8,Sunday
6117666160,2016-04-24 09:00:00,775,139,93.30622009569377,78,115,9,Sunday
6117666160,2016-04-24 10:00:00,1147,182,99.07239819004525,83,115,10,Sunday
6117666160,2016-04-24 11:00:00,518,128,86.6540404040404,60,102,11,Sunday
6117666160,2016-04-24 12:00:00,1069,157,93.43835616438356,73,110,12,Sunday
6117666160,2016-04-24 13:00:00,1249,167,93.75851393188854,78,111,13,Sunday
6117666160,2016-04-24 14:00:00,700,133,90.45614035087719,87,97,14,Sunday
6117666160,2016-04-24 15:00:00,737,143,96.66666666666667,88,100,15,Sunday
6117666160,2016-04-24 18:00:00,68,67,70.0,70,70,18,Sunday
6117666160,2016-04-24 19:00:00,0,62,70.0,70,70,19,Sunday
6117666160,2016-04-26 07:00:00,51,68,94.9047619047619,70,122,7,Tuesday
6117666160,2016-04-26 08:00:00,428,109,86.8840579710145,71,107,8,Tuesday
6117666160,2016-04-26 09:00:00,241,82,81.15083798882682,66,111,9,Tuesday
6117666160,2016-04-26 10:00:00,9,67,76.68711656441718,60,87,10,Tuesday
6117666160,2016-04-26 11:00:00,559,103,87.46197183098592,69,112,11,Tuesday
6117666160,2016-04-26 12:00:00,972,163,95.9304347826087,77,116,12,Tuesday
6117666160,2016-04-26 13:00:00,572,122,92.89376443418014,67,112,13,Tuesday
6117666160,2016-04-26 14:00:00,174,87,89.71390374331551,67,106,14,Tuesday
6117666160,2016-04-26 15:00:00,867,147,97.8,72,124,15,Tuesday
6117666160,2016-04-26 16:00:00,715,170,101.7925,69,136,16,Tuesday
6117666160,2016-04-26 17:00:00,1049,174,98.57826086956521,81,120,17,Tuesday
6117666160,2016-04-26 18:00:00,1070,162,98.37219730941705,83,115,18,Tuesday
6117666160,2016-04-26 19:00:00,1098,144,96.72139303482587,84,114,19,Tuesday
6117666160,2016-04-26 20:00:00,1078,156,96.14489311163895,71,117,20,Tuesday
6117666160,2016-04-26 21:00:00,195,81,79.16666666666667,70,103,21,Tuesday
6117666160,2016-04-26 22:00:00,195,88,80.33516483516483,68,102,22,Tuesday
6117666160,2016-04-26 23:00:00,270,91,79.12664907651715,61,113,23,Tuesday
6117666160,2016-04-27 00:00:00,8,64,69.27745664739885,58,86,0,Wednesday
6117666160,2016-04-27 01:00:00,0,63,69.51694915254237,59,81,1,Wednesday
6117666160,2016-04-27 02:00:00,0,63,63.50284090909091,55,87,2,Wednesday
6117666160,2016-04-27 03:00:00,0,63,64.13414634146342,56,83,3,Wednesday
6117666160,2016-04-27 04:00:00,5,64,60.92655367231639,54,71,4,Wednesday
6117666160,2016-04-27 05:00:00,0,63,62.056497175141246,52,90,5,Wednesday
6117666160,2016-04-27 06:00:00,0,62,67.7752808988764,58,87,6,Wednesday
6117666160,2016-04-27 07:00:00,0,63,63.78409090909091,53,94,7,Wednesday
6117666160,2016-04-27 08:00:00,0,63,71.46814404432133,58,93,8,Wednesday
6117666160,2016-04-27 09:00:00,219,93,82.54263565891473,59,110,9,Wednesday
6117666160,2016-04-27 10:00:00,0,63,78.97604790419162,65,91,10,Wednesday
6117666160,2016-04-27 11:00:00,779,136,90.33170731707317,76,115,11,Wednesday
6117666160,2016-04-27 12:00:00,715,144,100.75510204081633,89,119,12,Wednesday
6117666160,2016-04-27 13:00:00,1072,181,98.27826086956522,82,121,13,Wednesday
6117666160,2016-04-27 14:00:00,720,153,94.69837587006961,79,116,14,Wednesday
6117666160,2016-04-27 15:00:00,1076,162,92.28361344537815,60,115,15,Wednesday
6117666160,2016-04-27 16:00:00,934,137,91.20913461538461,66,120,16,Wednesday
6117666160,2016-04-27 17:00:00,978,172,98.24703087885986,79,121,17,Wednesday
6117666160,2016-04-27 18:00:00,670,171,101.46699266503667,85,126,18,Wednesday
6117666160,2016-04-27 19:00:00,635,152,94.59857482185274,78,121,19,Wednesday
6117666160,2016-04-27 20:00:00,663,154,95.78752886836028,80,111,20,Wednesday
6117666160,2016-04-27 21:00:00,373,114,90.89896373056995,73,119,21,Wednesday
6117666160,2016-04-27 22:00:00,306,92,84.72282608695652,62,113,22,Wednesday
6117666160,2016-04-27 23:00:00,258,88,85.24932249322494,69,108,23,Wednesday
6117666160,2016-04-28 00:00:00,0,63,82.22865853658537,66,94,0,Thursday
6117666160,2016-04-28 01:00:00,0,62,77.16119402985075,63,89,1,Thursday
6117666160,2016-04-28 02:00:00,0,63,68.70414201183432,61,84,2,Thursday
6117666160,2016-04-28 03:00:00,19,67,65.7966573816156,57,106,3,Thursday
6117666160,2016-04-28 04:00:00,0,63,64.6717791411043,55,82,4,Thursday
6117666160,2016-04-28 05:00:00,0,63,61.93471810089021,54,99,5,Thursday
6117666160,2016-04-28 06:00:00,6,65,63.88483146067416,55,83,6,Thursday
6117666160,2016-04-28 07:00:00,16,64,71.13296398891967,62,86,7,Thursday
6117666160,2016-04-28 08:00:00,315,101,77.34625322997417,63,111,8,Thursday
6117666160,2016-04-28 09:00:00,130,77,79.69139465875371,70,110,9,Thursday
6117666160,2016-04-28 10:00:00,818,143,93.79086538461539,72,112,10,Thursday
6117666160,2016-04-28 11:00:00,0,64,78.59386973180077,59,100,11,Thursday
6117666160,2016-04-28 12:00:00,0,65,84.40114613180516,75,94,12,Thursday
6117666160,2016-04-28 13:00:00,212,85,85.06788511749347,72,99,13,Thursday
6117666160,2016-04-28 14:00:00,0,64,85.31564245810056,79,91,14,Thursday
6117666160,2016-04-28 15:00:00,0,68,86.28169014084507,78,108,15,Thursday
6117666160,2016-04-28 16:00:00,719,124,92.9051094890511,66,145,16,Thursday
6117666160,2016-04-28 17:00:00,811,146,95.7016317016317,70,126,17,Thursday
6117666160,2016-04-28 18:00:00,56,76,82.1680216802168,64,100,18,Thursday
6117666160,2016-04-28 19:00:00,206,92,87.37859007832898,69,103,19,Thursday
6117666160,2016-04-28 20:00:00,6,66,90.125,79,100,20,Thursday
6117666160,2016-04-28 21:00:00,89,73,83.75,70,116,21,Thursday
6117666160,2016-04-28 22:00:00,0,62,79.13253012048193,69,95,22,Thursday
6117666160,2016-04-28 23:00:00,0,64,84.28285714285714,76,100,23,Thursday
6117666160,2016-04-29 00:00:00,0,62,73.99140401146131,68,82,0,Friday
6117666160,2016-04-29 01:00:00,0,63,77.95467422096317,70,87,1,Friday
6117666160,2016-04-29 02:00:00,0,62,69.57055214723927,60,81,2,Friday
6117666160,2016-04-29 03:00:00,0,63,64.82507288629738,56,78,3,Friday
6117666160,2016-04-29 04:00:00,0,63,66.24857142857142,57,79,4,Friday
6117666160,2016-04-29 05:00:00,0,63,65.88115942028986,56,94,5,Friday
6117666160,2016-04-29 06:00:00,0,63,62.07365439093484,55,89,6,Friday
6117666160,2016-04-29 07:00:00,0,63,63.52571428571429,55,89,7,Friday
6117666160,2016-04-29 08:00:00,190,84,75.56992084432717,56,103,8,Friday
6117666160,2016-04-29 09:00:00,71,72,79.81632653061224,64,95,9,Friday
6117666160,2016-04-29 10:00:00,386,112,86.67638483965014,64,115,10,Friday
6117666160,2016-04-29 11:00:00,369,116,93.22493224932249,66,115,11,Friday
6117666160,2016-04-29 12:00:00,1147,180,97.3589164785553,78,119,12,Friday
6117666160,2016-04-29 13:00:00,1062,171,94.11538461538461,64,116,13,Friday
6117666160,2016-04-29 14:00:00,1134,169,91.24507658643326,74,115,14,Friday
6117666160,2016-04-29 15:00:00,774,157,90.4151376146789,71,108,15,Friday
6117666160,2016-04-29 16:00:00,1065,155,89.8047619047619,63,114,16,Friday
6117666160,2016-04-29 17:00:00,653,155,93.01133786848072,73,117,17,Friday
6117666160,2016-04-29 18:00:00,660,143,90.74029126213593,70,110,18,Friday
6117666160,2016-04-29 19:00:00,1029,162,90.84375,74,109,19,Friday
6117666160,2016-04-29 20:00:00,592,140,90.54726368159204,69,121,20,Friday
6117666160,2016-04-29 21:00:00,116,81,77.77807486631016,67,100,21,Friday
6117666160,2016-04-29 22:00:00,235,86,80.88341968911917,65,98,22,Friday
6117666160,2016-04-29 23:00:00,109,78,83.06301369863014,74,97,23,Friday
6117666160,2016-04-30 00:00:00,13,70,92.76190476190476,70,110,0,Saturday
6117666160,2016-04-30 05:00:00,0,62,70.0,70,70,5,Saturday
6117666160,2016-04-30 09:00:00,0,62,74.6,70,79,9,Saturday
6117666160,2016-04-30 10:00:00,432,105,86.21111111111111,66,107,10,Saturday
6117666160,2016-04-30 11:00:00,418,106,81.52820512820513,63,106,11,Saturday
6117666160,2016-04-30 12:00:00,542,117,84.06542056074767,70,100,12,Saturday
6117666160,2016-04-30 13:00:00,712,131,87.53286384976526,76,108,13,Saturday
6117666160,2016-04-30 14:00:00,468,114,86.42786069651741,75,104,14,Saturday
6117666160,2016-04-30 15:00:00,1104,150,90.23019801980197,75,126,15,Saturday
6117666160,2016-04-30 16:00:00,550,125,86.22524752475248,66,103,16,Saturday
6117666160,2016-04-30 17:00:00,547,128,88.3389423076923,66,105,17,Saturday
6117666160,2016-04-30 18:00:00,501,122,85.08928571428571,53,102,18,Saturday
6117666160,2016-04-30 19:00:00,521,127,88.38805970149254,58,111,19,Saturday
6117666160,2016-04-30 20:00:00,613,137,89.0692124105012,72,109,20,Saturday
6117666160,2016-04-30 21:00:00,295,127,93.04825737265415,56,189,21,Saturday
6117666160,2016-04-30 22:00:00,271,94,78.70304568527919,63,117,22,Saturday
6117666160,2016-04-30 23:00:00,0,63,67.18980169971671,58,86,23,Saturday
6117666160,2016-05-01 00:00:00,0,63,81.48546511627907,62,98,0,Sunday
6117666160,2016-05-01 01:00:00,7,65,74.33333333333333,62,86,1,Sunday
6117666160,2016-05-01 02:00:00,378,105,78.80710659898477,60,114,2,Sunday
6117666160,2016-05-01 03:00:00,5,64,70.3092485549133,55,79,3,Sunday
6117666160,2016-05-01 04:00:00,0,63,70.7753164556962,60,82,4,Sunday
6117666160,2016-05-01 05:00:00,0,62,68.41296928327645,60,91,5,Sunday
6117666160,2016-05-01 06:00:00,0,62,68.91279069767442,59,88,6,Sunday
6117666160,2016-05-01 07:00:00,0,62,67.04310344827586,56,86,7,Sunday
6117666160,2016-05-01 08:00:00,0,64,69.7122905027933,55,84,8,Sunday
6117666160,2016-05-01 09:00:00,633,114,81.17518248175182,61,108,9,Sunday
6117666160,2016-05-01 10:00:00,864,132,84.84210526315789,67,112,10,Sunday
6117666160,2016-05-01 11:00:00,1252,170,88.15420560747664,74,109,11,Sunday
6117666160,2016-05-01 12:00:00,683,145,86.38271604938272,75,101,12,Sunday
6117666160,2016-05-01 13:00:00,947,158,91.4074074074074,80,105,13,Sunday
6117666160,2016-05-01 14:00:00,851,135,89.32075471698113,86,97,14,Sunday
6117666160,2016-05-01 15:00:00,426,114,84.89473684210526,79,94,15,Sunday
6117666160,2016-05-02 03:00:00,332,99,86.86363636363636,61,113,3,Monday
6117666160,2016-05-02 04:00:00,801,136,87.95973154362416,69,123,4,Monday
6117666160,2016-05-02 05:00:00,870,157,92.84285714285714,75,110,5,Monday
6117666160,2016-05-02 06:00:00,778,142,88.2192393736018,69,112,6,Monday
6117666160,2016-05-02 07:00:00,854,161,93.00952380952381,68,114,7,Monday
6117666160,2016-05-02 08:00:00,903,179,97.02068965517242,75,114,8,Monday
6117666160,2016-05-02 09:00:00,389,108,96.43827160493827,72,112,9,Monday
6117666160,2016-05-04 18:00:00,620,152,102.48397435897436,76,115,18,Wednesday
6117666160,2016-05-04 19:00:00,907,199,105.71824480369516,78,122,19,Wednesday
6117666160,2016-05-04 20:00:00,720,149,94.36104513064133,68,124,20,Wednesday
6117666160,2016-05-04 21:00:00,384,115,87.3733681462141,64,111,21,Wednesday
6117666160,2016-05-04 22:00:00,13,69,84.78529411764706,69,106,22,Wednesday
6117666160,2016-05-04 23:00:00,353,96,81.65354330708661,62,110,23,Wednesday
6117666160,2016-05-05 00:00:00,0,63,83.15697674418605,67,92,0,Thursday
6117666160,2016-05-05 01:00:00,0,63,72.48224852071006,64,88,1,Thursday
6117666160,2016-05-05 02:00:00,0,63,67.6165191740413,57,85,2,Thursday
6117666160,2016-05-05 03:00:00,6,64,64.84240687679083,55,98,3,Thursday
6117666160,2016-05-05 04:00:00,0,63,59.07780979827089,53,83,4,Thursday
6117666160,2016-05-05 05:00:00,0,63,60.09798270893372,53,106,5,Thursday
6117666160,2016-05-05 06:00:00,6,65,62.55807365439094,52,85,6,Thursday
6117666160,2016-05-05 07:00:00,516,124,82.32853717026379,55,118,7,Thursday
6117666160,2016-05-05 08:00:00,395,106,82.37196765498652,66,109,8,Thursday
6117666160,2016-05-05 09:00:00,836,163,95.41906873614191,78,113,9,Thursday
6117666160,2016-05-05 10:00:00,880,155,92.417943107221,62,114,10,Thursday
6117666160,2016-05-05 11:00:00,688,159,98.21852731591449,83,116,11,Thursday
6117666160,2016-05-05 12:00:00,750,135,91.54394299287411,63,117,12,Thursday
6117666160,2016-05-05 13:00:00,733,130,90.4009324009324,63,113,13,Thursday
6117666160,2016-05-05 14:00:00,795,147,91.84615384615384,70,116,14,Thursday
6117666160,2016-05-05 15:00:00,796,155,95.32696897374701,72,114,15,Thursday
6117666160,2016-05-05 16:00:00,772,154,98.62807881773399,81,116,16,Thursday
6117666160,2016-05-05 17:00:00,441,131,93.36040609137056,68,111,17,Thursday
6117666160,2016-05-05 18:00:00,634,123,91.16937354988399,73,120,18,Thursday
6117666160,2016-05-05 19:00:00,451,121,92.5680751173709,81,108,19,Thursday
6117666160,2016-05-05 20:00:00,443,123,90.31336405529954,78,103,20,Thursday
6117666160,2016-05-05 21:00:00,27,69,81.6584699453552,72,94,21,Thursday
6117666160,2016-05-05 22:00:00,630,136,90.74759615384616,67,116,22,Thursday
6117666160,2016-05-05 23:00:00,0,62,80.97507788161994,65,91,23,Thursday
6117666160,2016-05-06 00:00:00,0,63,79.01618122977347,63,99,0,Friday
6117666160,2016-05-06 01:00:00,0,63,71.90265486725664,55,85,1,Friday
6117666160,2016-05-06 02:00:00,0,63,66.92358803986711,58,86,2,Friday
6117666160,2016-05-06 03:00:00,0,63,64.33333333333333,57,76,3,Friday
6117666160,2016-05-06 04:00:00,0,63,61.611111111111114,58,66,4,Friday
6117666160,2016-05-06 05:00:00,0,63,61.47692307692308,54,82,5,Friday
6117666160,2016-05-06 13:00:00,0,64,78.0,65,84,13,Friday
6117666160,2016-05-06 18:00:00,421,111,90.76368876080691,74,126,18,Friday
6117666160,2016-05-06 19:00:00,146,86,85.3730964467005,69,110,19,Friday
6117666160,2016-05-06 20:00:00,32,72,78.47311827956989,62,91,20,Friday
6117666160,2016-05-06 21:00:00,127,86,79.50381679389314,64,91,21,Friday
6117666160,2016-05-06 22:00:00,58,67,75.55555555555556,62,92,22,Friday
6117666160,2016-05-06 23:00:00,0,63,71.10198300283287,63,81,23,Friday
6117666160,2016-05-07 00:00:00,447,106,78.61556603773585,61,106,0,Saturday
6117666160,2016-05-07 01:00:00,0,62,67.24566473988439,56,80,1,Saturday
6117666160,2016-05-07 02:00:00,0,63,73.49142857142857,60,91,2,Saturday
6117666160,2016-05-07 03:00:00,0,63,72.88760806916426,56,92,3,Saturday
6117666160,2016-05-07 04:00:00,0,62,68.56269113149847,59,83,4,Saturday
6117666160,2016-05-07 05:00:00,0,62,64.56571428571428,54,95,5,Saturday
6117666160,2016-05-07 06:00:00,0,63,65.91379310344827,55,104,6,Saturday
6117666160,2016-05-07 07:00:00,126,75,68.85792349726776,56,108,7,Saturday
6117666160,2016-05-07 08:00:00,462,116,87.1589861751152,71,105,8,Saturday
6117666160,2016-05-07 09:00:00,557,132,88.16055045871559,75,108,9,Saturday
6117666160,2016-05-07 10:00:00,642,149,92.70212765957447,65,112,10,Saturday
6117666160,2016-05-07 11:00:00,754,175,100.43028846153847,76,117,11,Saturday
6117666160,2016-05-07 12:00:00,399,133,94.672,67,114,12,Saturday
6117666160,2016-05-07 13:00:00,694,163,100.0325,79,122,13,Saturday
6117666160,2016-05-07 14:00:00,878,183,104.03140096618357,85,121,14,Saturday
6117666160,2016-05-07 15:00:00,558,133,93.86269430051813,81,108,15,Saturday
6117666160,2016-05-07 16:00:00,548,130,88.6761658031088,65,107,16,Saturday
6117666160,2016-05-07 17:00:00,522,132,91.625,68,118,17,Saturday
6117666160,2016-05-07 18:00:00,296,97,82.21917808219177,66,122,18,Saturday
6117666160,2016-05-07 19:00:00,187,85,82.13101604278074,63,99,19,Saturday
6117666160,2016-05-07 20:00:00,15,67,85.51963746223565,74,93,20,Saturday
6117666160,2016-05-07 21:00:00,247,90,89.80453257790369,71,126,21,Saturday
6117666160,2016-05-07 22:00:00,4,64,82.51008645533142,76,90,22,Saturday
6117666160,2016-05-07 23:00:00,0,63,73.7485549132948,61,97,23,Saturday
6117666160,2016-05-08 00:00:00,149,77,76.22133333333333,64,98,0,Sunday
6117666160,2016-05-08 01:00:00,0,63,73.09509202453988,52,86,1,Sunday
6117666160,2016-05-08 02:00:00,0,63,66.62647058823529,58,84,2,Sunday
6117666160,2016-05-08 03:00:00,0,63,66.7810650887574,55,83,3,Sunday
6117666160,2016-05-08 04:00:00,12,65,67.74052478134111,55,93,4,Sunday
6117666160,2016-05-08 05:00:00,0,63,64.58166189111748,55,86,5,Sunday
6117666160,2016-05-08 06:00:00,0,63,64.56851311953353,55,92,6,Sunday
6117666160,2016-05-08 07:00:00,0,63,66.60171919770774,57,93,7,Sunday
6117666160,2016-05-08 08:00:00,0,63,70.81899109792285,57,86,8,Sunday
6117666160,2016-05-08 09:00:00,543,122,88.6578313253012,64,118,9,Sunday
6117666160,2016-05-08 10:00:00,373,113,91.20289855072464,79,108,10,Sunday
6117666160,2016-05-08 11:00:00,375,108,89.19,70,106,11,Sunday
6117666160,2016-05-08 12:00:00,362,121,87.68215158924205,72,103,12,Sunday
6117666160,2016-05-08 13:00:00,419,115,87.12718204488777,65,105,13,Sunday
6117666160,2016-05-08 14:00:00,267,99,81.7275204359673,57,101,14,Sunday
6117666160,2016-05-08 15:00:00,868,154,92.38651685393259,77,113,15,Sunday
6117666160,2016-05-08 16:00:00,651,121,86.32701421800948,57,116,16,Sunday
6117666160,2016-05-08 17:00:00,1197,166,92.97274633123689,63,114,17,Sunday
6117666160,2016-05-08 18:00:00,1569,164,94.37938144329897,68,111,18,Sunday
6117666160,2016-05-08 19:00:00,240,86,75.77513227513228,63,95,19,Sunday
6117666160,2016-05-08 20:00:00,4,66,80.52247191011236,67,94,20,Sunday
6117666160,2016-05-08 21:00:00,9,71,87.61647727272727,74,106,21,Sunday
6117666160,2016-05-08 22:00:00,290,103,91.05023923444976,67,115,22,Sunday
6117666160,2016-05-08 23:00:00,0,63,80.06586826347305,71,94,23,Sunday
6117666160,2016-05-09 00:00:00,0,63,74.1976401179941,63,100,0,Monday
6117666160,2016-05-09 01:00:00,0,63,67.9483870967742,57,79,1,Monday
6117666160,2016-05-09 02:00:00,7,64,63.217514124293785,54,103,2,Monday
6117666160,2016-05-09 03:00:00,0,63,62.476323119777156,54,85,3,Monday
6117666160,2016-05-09 04:00:00,0,62,64.72571428571429,58,102,4,Monday
6117666160,2016-05-09 05:00:00,4,64,60.96820809248555,52,102,5,Monday
6117666160,2016-05-09 06:00:00,17,66,64.22985074626865,54,82,6,Monday
6117666160,2016-05-09 07:00:00,408,104,77.16341463414633,53,105,7,Monday
6117666160,2016-05-09 08:00:00,615,118,83.35609756097561,70,104,8,Monday
6117666160,2016-05-09 09:00:00,729,142,89.74707259953162,75,108,9,Monday
6117666160,2016-05-09 10:00:00,860,142,88.08131868131868,67,106,10,Monday
6117666160,2016-05-09 11:00:00,657,134,88.39583333333333,75,100,11,Monday
6775888955,2016-04-13 02:00:00,147,93,76.86065573770492,63,106,2,Wednesday
6775888955,2016-04-13 03:00:00,0,77,66.07430340557275,56,90,3,Wednesday
6775888955,2016-04-13 04:00:00,32,83,69.55270655270655,58,135,4,Wednesday
6775888955,2016-04-13 05:00:00,0,77,66.63323782234957,57,82,5,Wednesday
6775888955,2016-04-13 06:00:00,10,80,65.24927536231884,55,102,6,Wednesday
6775888955,2016-04-13 07:00:00,268,109,77.66230366492147,59,119,7,Wednesday
6775888955,2016-04-13 08:00:00,395,175,96.15789473684211,64,130,8,Wednesday
6775888955,2016-04-13 09:00:00,74,86,77.39889196675901,67,90,9,Wednesday
6775888955,2016-04-13 10:00:00,21,84,85.49397590361446,73,101,10,Wednesday
6775888955,2016-04-13 16:00:00,0,77,70.0,70,70,16,Wednesday
6775888955,2016-04-13 18:00:00,0,77,70.0,70,70,18,Wednesday
6775888955,2016-04-13 19:00:00,183,111,100.3587786259542,89,116,19,Wednesday
6775888955,2016-04-13 20:00:00,1131,190,96.675,83,132,20,Wednesday
6775888955,2016-04-13 21:00:00,119,118,88.88642659279779,79,104,21,Wednesday
6775888955,2016-04-13 22:00:00,1200,195,99.87055837563452,82,124,22,Wednesday
6775888955,2016-04-13 23:00:00,473,153,93.59366754617415,72,116,23,Wednesday
6775888955,2016-04-14 00:00:00,0,77,76.4367816091954,69,89,0,Thursday
6775888955,2016-04-14 01:00:00,0,77,75.0632530120482,67,96,1,Thursday
6775888955,2016-04-14 02:00:00,7,79,73.18181818181819,62,102,2,Thursday
6775888955,2016-04-14 03:00:00,0,77,69.27696793002916,59,92,3,Thursday
6775888955,2016-04-14 04:00:00,8,79,69.25,60,90,4,Thursday
6775888955,2016-04-14 05:00:00,0,77,65.54335260115607,58,75,5,Thursday
6775888955,2016-04-14 06:00:00,0,77,65.29411764705883,57,98,6,Thursday
6775888955,2016-04-14 07:00:00,277,112,75.17941952506597,57,121,7,Thursday
6775888955,2016-04-14 08:00:00,1196,182,86.05568445475637,61,134,8,Thursday
6775888955,2016-04-14 09:00:00,55,86,72.54068241469817,61,105,9,Thursday
6775888955,2016-04-14 10:00:00,241,111,75.90180878552971,62,119,10,Thursday
6775888955,2016-04-14 11:00:00,44,83,71.68713450292398,60,87,11,Thursday
6775888955,2016-04-14 12:00:00,650,152,93.34362934362935,67,118,12,Thursday
6775888955,2016-04-14 20:00:00,1112,237,111.30817610062893,70,126,20,Thursday
6775888955,2016-04-14 21:00:00,998,188,93.8883495145631,77,126,21,Thursday
6775888955,2016-04-14 22:00:00,259,128,86.76407506702412,69,108,22,Thursday
6775888955,2016-04-14 23:00:00,315,147,88.2886075949367,78,120,23,Thursday
6775888955,2016-04-15 00:00:00,37,94,81.5625,73,97,0,Friday
6775888955,2016-04-15 01:00:00,9,90,82.43354430379746,67,94,1,Friday
6775888955,2016-04-15 02:00:00,0,80,76.91784702549575,68,87,2,Friday
6775888955,2016-04-15 03:00:00,0,77,73.27089337175792,66,91,3,Friday
6775888955,2016-04-15 04:00:00,0,77,73.35446685878962,66,92,4,Friday
6775888955,2016-04-15 05:00:00,0,77,72.81481481481481,66,80,5,Friday
6775888955,2016-04-15 06:00:00,20,81,72.52173913043478,62,100,6,Friday
6775888955,2016-04-15 07:00:00,648,196,96.24479166666667,69,122,7,Friday
6775888955,2016-04-15 08:00:00,480,185,94.61559139784946,69,126,8,Friday
6775888955,2016-04-15 09:00:00,88,96,79.51836734693877,68,116,9,Friday
6775888955,2016-04-15 12:00:00,0,77,79.29629629629629,70,103,12,Friday
6775888955,2016-04-15 13:00:00,0,77,75.0,70,80,13,Friday
6775888955,2016-04-15 14:00:00,0,77,70.0,70,70,14,Friday
6775888955,2016-04-15 16:00:00,0,77,94.66666666666667,70,107,16,Friday
6775888955,2016-04-16 18:00:00,3629,350,108.18575063613231,91,126,18,Saturday
6775888955,2016-04-16 19:00:00,1103,187,110.24468085106383,93,143,19,Saturday
6775888955,2016-04-16 20:00:00,0,77,113.0,113,113,20,Saturday
6775888955,2016-04-16 21:00:00,0,77,70.0,70,70,21,Saturday
6775888955,2016-04-16 23:00:00,0,77,70.0,70,70,23,Saturday
6775888955,2016-04-17 01:00:00,0,77,70.0,70,70,1,Sunday
6775888955,2016-04-17 06:00:00,0,77,70.0,70,70,6,Sunday
6775888955,2016-04-17 07:00:00,0,77,70.0,70,70,7,Sunday
6775888955,2016-04-17 08:00:00,2303,276,103.7279792746114,89,118,8,Sunday
6775888955,2016-04-17 09:00:00,194,104,98.82666666666667,90,108,9,Sunday
6775888955,2016-04-18 09:00:00,9,82,85.22222222222223,76,114,9,Monday
6775888955,2016-04-18 10:00:00,311,115,81.82555282555282,66,118,10,Monday
6775888955,2016-04-18 11:00:00,1369,320,106.89678899082568,72,132,11,Monday
6775888955,2016-04-18 12:00:00,2492,299,104.09429824561404,85,130,12,Monday
6775888955,2016-04-18 13:00:00,1687,263,99.15778251599147,80,122,13,Monday
6775888955,2016-04-18 14:00:00,1652,252,95.5734126984127,81,116,14,Monday
6775888955,2016-04-18 15:00:00,774,163,100.02926829268293,83,117,15,Monday
6775888955,2016-04-18 16:00:00,0,77,78.66666666666667,70,83,16,Monday
6775888955,2016-04-18 20:00:00,0,77,83.0,83,83,20,Monday
6775888955,2016-04-18 22:00:00,0,77,159.66666666666666,151,177,22,Monday
6775888955,2016-04-19 00:00:00,0,77,116.875,70,177,0,Tuesday
6775888955,2016-04-19 01:00:00,0,77,70.0,70,70,1,Tuesday
6775888955,2016-04-19 06:00:00,0,77,72.66666666666667,66,76,6,Tuesday
6775888955,2016-04-20 06:00:00,858,170,118.0220588235294,108,134,6,Wednesday
6775888955,2016-04-20 07:00:00,1012,253,103.20476190476191,70,140,7,Wednesday
6775888955,2016-04-20 08:00:00,806,229,99.16243654822335,73,137,8,Wednesday
6775888955,2016-04-20 09:00:00,410,184,106.73478260869565,74,140,9,Wednesday
6775888955,2016-04-20 10:00:00,711,168,108.765625,85,121,10,Wednesday
6775888955,2016-04-20 11:00:00,1135,327,110.94272076372314,84,128,11,Wednesday
6775888955,2016-04-20 12:00:00,1008,228,102.37823834196891,81,124,12,Wednesday
6775888955,2016-04-20 13:00:00,1334,274,104.40291262135922,81,126,13,Wednesday
6775888955,2016-04-20 14:00:00,990,216,99.87637969094922,86,123,14,Wednesday
6775888955,2016-04-20 15:00:00,392,232,109.96305418719211,89,155,15,Wednesday
6775888955,2016-04-20 16:00:00,1707,318,110.18937644341801,85,130,16,Wednesday
6775888955,2016-04-20 17:00:00,222,148,103.13978494623656,72,117,17,Wednesday
6775888955,2016-04-20 18:00:00,186,137,108.46323529411765,89,126,18,Wednesday
6775888955,2016-04-22 07:00:00,43,86,110.8695652173913,103,123,7,Friday
6775888955,2016-04-22 08:00:00,594,149,89.4384858044164,66,116,8,Friday
6775888955,2016-04-24 11:00:00,742,174,111.58666666666667,98,121,11,Sunday
6775888955,2016-04-24 12:00:00,0,77,113.0,113,113,12,Sunday
6775888955,2016-04-24 16:00:00,0,77,84.33333333333333,70,113,16,Sunday
6775888955,2016-04-24 17:00:00,0,77,70.0,70,70,17,Sunday
6775888955,2016-04-24 18:00:00,1411,191,109.95081967213115,94,140,18,Sunday
6775888955,2016-04-25 09:00:00,1272,193,118.70921985815603,107,131,9,Monday
6775888955,2016-04-25 10:00:00,719,191,93.79506172839505,73,124,10,Monday
6775888955,2016-04-25 11:00:00,1008,181,88.82151029748283,71,117,11,Monday
6775888955,2016-04-25 12:00:00,2719,292,96.63654223968565,70,124,12,Monday
6775888955,2016-04-25 13:00:00,745,167,94.32330827067669,70,127,13,Monday
6775888955,2016-04-25 15:00:00,0,77,70.0,70,70,15,Monday
6775888955,2016-04-25 18:00:00,0,77,70.0,70,70,18,Monday
6775888955,2016-04-25 21:00:00,0,77,64.46511627906976,58,70,21,Monday
6775888955,2016-04-26 05:00:00,2127,273,116.51136363636364,94,143,5,Tuesday
6775888955,2016-04-26 06:00:00,3241,322,117.55254237288136,87,143,6,Tuesday
6775888955,2016-04-26 07:00:00,0,77,87.0,87,87,7,Tuesday
6775888955,2016-04-26 08:00:00,755,227,103.30263157894737,75,131,8,Tuesday
6775888955,2016-04-26 09:00:00,74,104,92.24324324324324,72,124,9,Tuesday
6775888955,2016-04-26 10:00:00,0,77,71.1,70,74,10,Tuesday
6775888955,2016-04-26 11:00:00,0,77,64.5945945945946,60,75,11,Tuesday
6775888955,2016-04-26 12:00:00,0,78,72.29,56,92,12,Tuesday
6775888955,2016-04-26 13:00:00,0,77,65.36206896551724,61,70,13,Tuesday
6775888955,2016-04-26 17:00:00,0,77,66.0,66,66,17,Tuesday
6775888955,2016-04-26 18:00:00,281,126,114.98666666666666,66,133,18,Tuesday
6775888955,2016-04-26 19:00:00,613,151,115.99065420560747,107,134,19,Tuesday
6775888955,2016-04-28 02:00:00,0,77,70.0,70,70,2,Thursday
6775888955,2016-04-28 07:00:00,0,77,70.0,70,70,7,Thursday
6775888955,2016-04-28 08:00:00,0,77,70.0,70,70,8,Thursday
6775888955,2016-04-28 13:00:00,88,103,113.21428571428571,70,134,13,Thursday
6775888955,2016-04-28 14:00:00,615,203,106.31836734693877,75,133,14,Thursday
6775888955,2016-04-28 16:00:00,0,77,70.0,70,70,16,Thursday
6775888955,2016-04-28 18:00:00,0,77,70.0,70,70,18,Thursday
6775888955,2016-04-28 20:00:00,0,77,76.0,76,76,20,Thursday
6775888955,2016-04-29 06:00:00,0,77,89.0,89,89,6,Friday
6775888955,2016-04-29 08:00:00,0,77,70.0,70,70,8,Friday
6775888955,2016-04-29 14:00:00,0,77,71.2,71,72,14,Friday
6775888955,2016-04-29 16:00:00,0,77,88.0,70,109,16,Friday
6775888955,2016-04-30 06:00:00,0,77,70.0,70,70,6,Saturday
6775888955,2016-04-30 09:00:00,0,77,70.0,70,70,9,Saturday
6775888955,2016-04-30 16:00:00,0,77,70.0,70,70,16,Saturday
6775888955,2016-04-30 19:00:00,715,214,110.6829268292683,70,125,19,Saturday
6775888955,2016-04-30 20:00:00,5,98,91.8966565349544,84,106,20,Saturday
6775888955,2016-04-30 21:00:00,828,187,100.08436724565757,89,117,21,Saturday
6775888955,2016-04-30 22:00:00,270,151,91.01291989664082,68,117,22,Saturday
6775888955,2016-04-30 23:00:00,685,173,93.01173708920187,82,115,23,Saturday
6775888955,2016-05-01 00:00:00,422,158,99.70048309178743,78,126,0,Sunday
6775888955,2016-05-01 01:00:00,0,77,78.0,70,94,1,Sunday
6775888955,2016-05-01 09:00:00,0,77,70.0,70,70,9,Sunday
6775888955,2016-05-01 10:00:00,0,77,70.0,70,70,10,Sunday
6775888955,2016-05-01 12:00:00,550,182,105.72644376899696,70,125,12,Sunday
6775888955,2016-05-01 13:00:00,305,163,119.31896551724138,112,129,13,Sunday
6775888955,2016-05-01 16:00:00,208,135,105.27586206896552,70,129,16,Sunday
6775888955,2016-05-01 17:00:00,1002,224,113.31535269709543,89,127,17,Sunday
6775888955,2016-05-06 18:00:00,614,184,99.74242424242425,71,132,18,Friday
6775888955,2016-05-06 19:00:00,338,154,99.24857142857142,85,121,19,Friday
6775888955,2016-05-06 20:00:00,596,210,105.2935064935065,84,135,20,Friday
6775888955,2016-05-06 21:00:00,1500,226,100.2425,80,129,21,Friday
6775888955,2016-05-06 22:00:00,1021,178,95.7625,80,114,22,Friday
6775888955,2016-05-06 23:00:00,573,163,93.14035087719299,73,128,23,Friday
6775888955,2016-05-07 00:00:00,557,133,111.06024096385542,100,118,0,Saturday
6775888955,2016-05-07 07:00:00,585,143,101.94634146341464,70,117,7,Saturday
6775888955,2016-05-07 08:00:00,738,183,97.13625866050808,83,118,8,Saturday
6775888955,2016-05-07 09:00:00,12,92,83.70670391061452,74,92,9,Saturday
6962181067,2016-04-12 00:00:00,32,58,72.9746835443038,66,88,0,Tuesday
6962181067,2016-04-12 01:00:00,0,55,71.08064516129032,67,96,1,Tuesday
6962181067,2016-04-12 02:00:00,0,55,70.05177993527508,60,78,2,Tuesday
6962181067,2016-04-12 03:00:00,0,55,67.90789473684211,64,82,3,Tuesday
6962181067,2016-04-12 04:00:00,0,55,64.00325732899023,60,70,4,Tuesday
6962181067,2016-04-12 05:00:00,0,55,66.56466876971609,60,85,5,Tuesday
6962181067,2016-04-12 06:00:00,21,59,68.02121212121212,61,86,6,Tuesday
6962181067,2016-04-12 07:00:00,412,95,77.72463768115942,65,98,7,Tuesday
6962181067,2016-04-12 08:00:00,156,75,74.09189189189189,59,96,8,Tuesday
6962181067,2016-04-12 09:00:00,2812,186,106.40207156308851,65,134,9,Tuesday
6962181067,2016-04-12 10:00:00,2477,201,118.879848628193,80,176,10,Tuesday
6962181067,2016-04-12 11:00:00,431,92,81.99492385786802,70,102,11,Tuesday
6962181067,2016-04-12 12:00:00,128,69,75.18684210526315,68,91,12,Tuesday
6962181067,2016-04-12 13:00:00,26,59,75.47293447293447,67,97,13,Tuesday
6962181067,2016-04-12 14:00:00,76,65,75.64,68,89,14,Tuesday
6962181067,2016-04-12 15:00:00,214,71,76.11764705882354,67,98,15,Tuesday
6962181067,2016-04-12 16:00:00,382,91,78.15831134564644,65,110,16,Tuesday
6962181067,2016-04-12 17:00:00,333,93,83.96992481203007,65,106,17,Tuesday
6962181067,2016-04-12 18:00:00,936,122,91.82835820895522,73,111,18,Tuesday
6962181067,2016-04-12 19:00:00,1717,159,94.68778280542986,47,122,19,Tuesday
6962181067,2016-04-12 20:00:00,0,54,100.0,100,100,20,Tuesday
6962181067,2016-04-12 22:00:00,4,61,74.6734693877551,64,115,22,Tuesday
6962181067,2016-04-12 23:00:00,42,59,80.04371584699453,71,99,23,Tuesday
6962181067,2016-04-13 00:00:00,16,56,77.41533546325878,72,94,0,Wednesday
6962181067,2016-04-13 01:00:00,34,58,79.30461538461539,73,106,1,Wednesday
6962181067,2016-04-13 02:00:00,0,55,82.6993670886076,74,95,2,Wednesday
6962181067,2016-04-13 03:00:00,9,57,84.38291139240506,76,95,3,Wednesday
6962181067,2016-04-13 04:00:00,27,59,77.53636363636363,70,101,4,Wednesday
6962181067,2016-04-13 05:00:00,0,55,74.33434650455926,69,86,5,Wednesday
6962181067,2016-04-13 06:00:00,0,55,72.1859756097561,67,90,6,Wednesday
6962181067,2016-04-13 07:00:00,0,54,73.00931677018633,67,97,7,Wednesday
6962181067,2016-04-13 08:00:00,54,62,78.01388888888889,67,100,8,Wednesday
6962181067,2016-04-13 09:00:00,51,59,78.15160349854227,72,98,9,Wednesday
6962181067,2016-04-13 10:00:00,0,54,73.56586826347305,67,87,10,Wednesday
6962181067,2016-04-13 11:00:00,0,54,71.978125,68,97,11,Wednesday
6962181067,2016-04-13 12:00:00,108,68,81.25935828877006,73,96,12,Wednesday
6962181067,2016-04-13 13:00:00,81,65,92.0,77,116,13,Wednesday
6962181067,2016-04-13 14:00:00,45,62,81.68131868131869,70,133,14,Wednesday
6962181067,2016-04-13 15:00:00,616,109,90.6926406926407,73,112,15,Wednesday
6962181067,2016-04-13 16:00:00,197,82,82.8688524590164,73,98,16,Wednesday
6962181067,2016-04-13 17:00:00,1754,153,92.87577639751552,65,120,17,Wednesday
6962181067,2016-04-13 18:00:00,1696,144,92.28165938864629,71,149,18,Wednesday
6962181067,2016-04-13 19:00:00,78,68,77.88046647230321,68,93,19,Wednesday
6962181067,2016-04-13 20:00:00,658,98,83.91962174940899,59,106,20,Wednesday
6962181067,2016-04-13 21:00:00,18,58,76.52445652173913,69,94,21,Wednesday
6962181067,2016-04-13 22:00:00,185,75,81.48711340206185,70,103,22,Wednesday
6962181067,2016-04-13 23:00:00,25,57,68.4095238095238,61,84,23,Wednesday
6962181067,2016-04-14 00:00:00,0,54,66.01980198019803,63,73,0,Thursday
6962181067,2016-04-14 01:00:00,29,58,69.49375,64,88,1,Thursday
6962181067,2016-04-14 02:00:00,0,54,68.5945945945946,64,83,2,Thursday
6962181067,2016-04-14 03:00:00,8,55,66.17821782178218,62,83,3,Thursday
6962181067,2016-04-14 04:00:00,0,54,65.984375,63,81,4,Thursday
6962181067,2016-04-14 05:00:00,0,54,66.25,60,101,5,Thursday
6962181067,2016-04-14 06:00:00,34,59,67.63057324840764,63,93,6,Thursday
6962181067,2016-04-14 07:00:00,0,54,66.578125,61,90,7,Thursday
6962181067,2016-04-14 08:00:00,116,65,74.22739726027397,62,100,8,Thursday
6962181067,2016-04-14 09:00:00,293,75,75.69773299748111,61,104,9,Thursday
6962181067,2016-04-14 10:00:00,4,56,73.62459546925567,66,87,10,Thursday
6962181067,2016-04-14 11:00:00,54,62,71.68627450980392,62,91,11,Thursday
6962181067,2016-04-14 12:00:00,171,74,77.04166666666667,63,98,12,Thursday
6962181067,2016-04-14 13:00:00,33,59,71.70056497175142,64,86,13,Thursday
6962181067,2016-04-14 14:00:00,30,59,69.00581395348837,60,87,14,Thursday
6962181067,2016-04-14 15:00:00,177,71,71.13903743315508,60,93,15,Thursday
6962181067,2016-04-14 16:00:00,60,60,63.37891737891738,55,76,16,Thursday
6962181067,2016-04-14 17:00:00,215,74,68.51851851851852,58,131,17,Thursday
6962181067,2016-04-14 18:00:00,24,59,69.75504322766571,60,84,18,Thursday
6962181067,2016-04-14 19:00:00,24,59,70.50279329608938,65,80,19,Thursday
6962181067,2016-04-14 20:00:00,107,69,74.13066666666667,63,95,20,Thursday
6962181067,2016-04-14 21:00:00,0,56,69.7768361581921,62,83,21,Thursday
6962181067,2016-04-14 22:00:00,165,72,74.77747252747253,63,109,22,Thursday
6962181067,2016-04-14 23:00:00,7,56,66.25,62,76,23,Thursday
6962181067,2016-04-15 00:00:00,36,57,65.54029850746268,59,91,0,Friday
6962181067,2016-04-15 01:00:00,0,54,62.875838926174495,59,68,1,Friday
6962181067,2016-04-15 02:00:00,0,54,62.461783439490446,59,74,2,Friday
6962181067,2016-04-15 03:00:00,7,55,60.938311688311686,57,74,3,Friday
6962181067,2016-04-15 04:00:00,0,54,61.44407894736842,57,67,4,Friday
6962181067,2016-04-15 05:00:00,0,54,60.352739726027394,57,86,5,Friday
6962181067,2016-04-15 06:00:00,26,57,62.68535825545171,54,93,6,Friday
6962181067,2016-04-15 07:00:00,1158,133,86.45701357466064,67,113,7,Friday
6962181067,2016-04-15 08:00:00,551,116,84.56572769953051,62,107,8,Friday
6962181067,2016-04-15 09:00:00,1109,153,92.59243697478992,66,115,9,Friday
6962181067,2016-04-15 10:00:00,19,58,69.35752688172043,57,79,10,Friday
6962181067,2016-04-15 11:00:00,1151,127,81.27394209354121,60,107,11,Friday
6962181067,2016-04-15 12:00:00,444,85,78.60574412532637,68,101,12,Friday
6962181067,2016-04-15 13:00:00,0,55,71.84943181818181,60,84,13,Friday
6962181067,2016-04-15 14:00:00,207,70,72.29945054945055,62,91,14,Friday
6962181067,2016-04-15 15:00:00,43,60,67.9570200573066,57,81,15,Friday
6962181067,2016-04-15 16:00:00,0,56,67.26031746031747,62,73,16,Friday
6962181067,2016-04-15 17:00:00,82,65,69.52439024390245,63,88,17,Friday
6962181067,2016-04-15 18:00:00,557,101,80.64483627204031,62,105,18,Friday
6962181067,2016-04-15 19:00:00,41,61,71.75783475783476,62,89,19,Friday
6962181067,2016-04-15 20:00:00,61,60,74.86842105263158,68,89,20,Friday
6962181067,2016-04-15 21:00:00,0,54,75.23809523809524,71,88,21,Friday
6962181067,2016-04-15 22:00:00,47,60,73.60567823343848,65,83,22,Friday
6962181067,2016-04-15 23:00:00,24,56,72.26190476190476,67,95,23,Friday
6962181067,2016-04-16 00:00:00,6,56,68.9390243902439,63,81,0,Saturday
6962181067,2016-04-16 01:00:00,22,58,66.50662251655629,59,82,1,Saturday
6962181067,2016-04-16 02:00:00,0,54,62.32394366197183,59,67,2,Saturday
6962181067,2016-04-16 03:00:00,6,55,62.77597402597402,59,69,3,Saturday
6962181067,2016-04-16 04:00:00,0,54,60.79233226837061,55,69,4,Saturday
6962181067,2016-04-16 05:00:00,0,54,61.23202614379085,56,73,5,Saturday
6962181067,2016-04-16 06:00:00,0,54,61.006711409395976,57,67,6,Saturday
6962181067,2016-04-16 07:00:00,79,64,67.53703703703704,59,91,7,Saturday
6962181067,2016-04-16 08:00:00,902,132,89.21767241379311,72,114,8,Saturday
6962181067,2016-04-16 09:00:00,5692,316,113.38603425559947,87,142,9,Saturday
6962181067,2016-04-16 10:00:00,837,118,96.31827515400411,72,126,10,Saturday
6962181067,2016-04-16 11:00:00,925,125,88.86167800453515,69,107,11,Saturday
6962181067,2016-04-16 12:00:00,632,96,81.82901554404145,69,108,12,Saturday
6962181067,2016-04-16 13:00:00,187,69,76.74084507042254,62,100,13,Saturday
6962181067,2016-04-16 14:00:00,17,58,74.91061452513966,68,89,14,Saturday
6962181067,2016-04-16 15:00:00,504,103,83.14975845410628,69,105,15,Saturday
6962181067,2016-04-16 16:00:00,273,87,80.4517766497462,71,95,16,Saturday
6962181067,2016-04-16 17:00:00,538,100,81.0498753117207,69,113,17,Saturday
6962181067,2016-04-16 18:00:00,569,109,82.555,67,97,18,Saturday
6962181067,2016-04-16 19:00:00,1274,144,92.33411214953271,69,134,19,Saturday
6962181067,2016-04-16 20:00:00,635,90,76.67132867132867,66,102,20,Saturday
6962181067,2016-04-16 21:00:00,0,55,70.28448275862068,63,81,21,Saturday
6962181067,2016-04-16 22:00:00,72,60,68.64480874316939,63,86,22,Saturday
6962181067,2016-04-16 23:00:00,47,60,67.55795148247978,60,93,23,Saturday
6962181067,2016-04-17 00:00:00,5,55,63.564625850340136,60,72,0,Sunday
6962181067,2016-04-17 01:00:00,0,54,63.705298013245034,59,68,1,Sunday
6962181067,2016-04-17 02:00:00,30,58,64.54966887417218,59,81,2,Sunday
6962181067,2016-04-17 03:00:00,0,54,66.02884615384616,61,81,3,Sunday
6962181067,2016-04-17 04:00:00,0,54,64.43464052287581,59,89,4,Sunday
6962181067,2016-04-17 05:00:00,0,54,63.85034013605442,58,79,5,Sunday
6962181067,2016-04-17 06:00:00,0,54,64.34129692832765,61,83,6,Sunday
6962181067,2016-04-17 07:00:00,201,74,72.45180722891567,58,96,7,Sunday
6962181067,2016-04-17 08:00:00,1055,126,84.11899313501144,61,116,8,Sunday
6962181067,2016-04-17 09:00:00,112,82,83.9068493150685,69,139,9,Sunday
6962181067,2016-04-17 10:00:00,1095,114,80.54441913439635,61,110,10,Sunday
6962181067,2016-04-17 11:00:00,353,86,76.82380952380953,60,110,11,Sunday
6962181067,2016-04-17 12:00:00,1095,124,84.50862068965517,63,104,12,Sunday
6962181067,2016-04-17 13:00:00,292,83,76.90361445783132,65,107,13,Sunday
6962181067,2016-04-17 14:00:00,153,66,75.1264367816092,63,89,14,Sunday
6962181067,2016-04-17 15:00:00,2012,170,91.65918367346939,68,122,15,Sunday
6962181067,2016-04-17 16:00:00,1125,139,91.74285714285715,69,113,16,Sunday
6962181067,2016-04-17 17:00:00,502,111,84.10421286031043,64,104,17,Sunday
6962181067,2016-04-17 18:00:00,1035,122,83.28947368421052,62,112,18,Sunday
6962181067,2016-04-17 19:00:00,1038,119,85.18933333333334,66,132,19,Sunday
6962181067,2016-04-17 21:00:00,0,60,73.74074074074075,59,118,21,Sunday
6962181067,2016-04-17 22:00:00,42,61,66.84225352112676,60,80,22,Sunday
6962181067,2016-04-17 23:00:00,0,54,64.40849673202614,59,75,23,Sunday
6962181067,2016-04-18 00:00:00,0,54,65.29893238434164,60,75,0,Monday
6962181067,2016-04-18 01:00:00,0,54,63.131832797427656,59,72,1,Monday
6962181067,2016-04-18 02:00:00,0,54,63.724919093851135,59,68,2,Monday
6962181067,2016-04-18 03:00:00,22,56,63.965408805031444,58,92,3,Monday
6962181067,2016-04-18 04:00:00,0,54,59.303225806451614,55,63,4,Monday
6962181067,2016-04-18 05:00:00,0,54,61.490625,55,75,5,Monday
6962181067,2016-04-18 06:00:00,12,56,61.17307692307692,55,75,6,Monday
6962181067,2016-04-18 07:00:00,586,113,81.2004716981132,63,108,7,Monday
6962181067,2016-04-18 08:00:00,456,88,80.61940298507463,62,109,8,Monday
6962181067,2016-04-18 09:00:00,215,71,72.15934065934066,59,111,9,Monday
6962181067,2016-04-18 10:00:00,304,78,72.37270341207349,60,113,10,Monday
6962181067,2016-04-18 11:00:00,4988,287,105.84317718940937,72,128,11,Monday
6962181067,2016-04-18 12:00:00,1276,136,92.4566037735849,62,119,12,Monday
6962181067,2016-04-18 13:00:00,67,62,77.93239436619719,66,96,13,Monday
6962181067,2016-04-18 14:00:00,0,56,68.58255451713396,61,75,14,Monday
6962181067,2016-04-18 15:00:00,687,107,78.30690537084399,60,111,15,Monday
6962181067,2016-04-18 16:00:00,1162,140,87.20137299771167,68,106,16,Monday
6962181067,2016-04-18 17:00:00,696,106,84.70676691729324,68,105,17,Monday
6962181067,2016-04-18 18:00:00,278,89,79.47630922693267,62,103,18,Monday
6962181067,2016-04-18 19:00:00,602,95,83.71008403361344,70,110,19,Monday
6962181067,2016-04-18 22:00:00,48,67,85.27631578947368,67,134,22,Monday
6962181067,2016-04-18 23:00:00,5,55,63.30275229357798,57,76,23,Monday
6962181067,2016-04-19 00:00:00,6,55,62.48494983277592,59,76,0,Tuesday
6962181067,2016-04-19 01:00:00,0,54,61.20748299319728,58,64,1,Tuesday
6962181067,2016-04-19 02:00:00,23,57,63.800632911392405,59,84,2,Tuesday
6962181067,2016-04-19 03:00:00,0,54,63.017361111111114,59,75,3,Tuesday
6962181067,2016-04-19 04:00:00,0,55,65.31189710610933,58,77,4,Tuesday
6962181067,2016-04-19 05:00:00,0,54,60.937106918238996,58,80,5,Tuesday
6962181067,2016-04-19 06:00:00,0,54,64.3944099378882,59,76,6,Tuesday
6962181067,2016-04-19 07:00:00,0,54,66.68167202572347,62,84,7,Tuesday
6962181067,2016-04-19 08:00:00,659,113,86.04634146341463,62,117,8,Tuesday
6962181067,2016-04-19 09:00:00,1360,156,92.38815789473684,64,135,9,Tuesday
6962181067,2016-04-19 10:00:00,4083,255,105.84848484848484,75,130,10,Tuesday
6962181067,2016-04-19 11:00:00,94,69,77.28795811518324,63,97,11,Tuesday
6962181067,2016-04-19 12:00:00,45,59,74.33137829912023,67,83,12,Tuesday
6962181067,2016-04-19 13:00:00,258,78,76.87064676616916,62,107,13,Tuesday
6962181067,2016-04-19 14:00:00,40,62,77.8015873015873,67,97,14,Tuesday
6962181067,2016-04-19 15:00:00,921,132,89.5456570155902,70,112,15,Tuesday
6962181067,2016-04-19 16:00:00,1510,151,92.45687645687646,64,127,16,Tuesday
6962181067,2016-04-19 17:00:00,1284,147,91.61743341404359,67,122,17,Tuesday
6962181067,2016-04-19 18:00:00,170,76,75.8361204013378,64,117,18,Tuesday
6962181067,2016-04-19 19:00:00,143,73,79.84478371501272,67,99,19,Tuesday
6962181067,2016-04-19 20:00:00,87,66,74.81770833333333,63,87,20,Tuesday
6962181067,2016-04-19 21:00:00,22,58,73.11607142857143,65,87,21,Tuesday
6962181067,2016-04-19 22:00:00,6,56,76.30882352941177,70,86,22,Tuesday
6962181067,2016-04-19 23:00:00,31,58,69.42628205128206,60,84,23,Tuesday
6962181067,2016-04-20 00:00:00,0,54,64.43382352941177,61,71,0,Wednesday
6962181067,2016-04-20 01:00:00,0,54,65.64263322884013,59,74,1,Wednesday
6962181067,2016-04-20 02:00:00,0,54,61.74074074074074,58,66,2,Wednesday
6962181067,2016-04-20 03:00:00,0,54,62.015325670498086,59,74,3,Wednesday
6962181067,2016-04-20 04:00:00,0,54,63.35338345864662,58,75,4,Wednesday
6962181067,2016-04-20 05:00:00,0,54,61.62323943661972,56,68,5,Wednesday
6962181067,2016-04-20 06:00:00,0,54,66.53538461538461,61,81,6,Wednesday
6962181067,2016-04-20 07:00:00,625,112,81.0702947845805,68,99,7,Wednesday
6962181067,2016-04-20 08:00:00,735,108,82.63063063063063,62,117,8,Wednesday
6962181067,2016-04-20 09:00:00,3837,246,101.71153846153847,72,124,9,Wednesday
6962181067,2016-04-20 10:00:00,3089,193,94.679203539823,66,137,10,Wednesday
6962181067,2016-04-20 11:00:00,693,111,82.0485651214128,66,101,11,Wednesday
6962181067,2016-04-20 12:00:00,2022,171,86.93705035971223,69,99,12,Wednesday
6962181067,2016-04-20 13:00:00,0,56,68.07980049875312,62,79,13,Wednesday
6962181067,2016-04-20 14:00:00,194,76,66.055,53,90,14,Wednesday
6962181067,2016-04-20 15:00:00,1397,133,76.68893528183716,50,95,15,Wednesday
6962181067,2016-04-20 16:00:00,4,56,65.87738419618529,58,73,16,Wednesday
6962181067,2016-04-20 17:00:00,254,77,74.52054794520548,55,121,17,Wednesday
6962181067,2016-04-20 18:00:00,411,96,80.8896551724138,65,115,18,Wednesday
6962181067,2016-04-20 19:00:00,65,68,73.9612188365651,62,104,19,Wednesday
6962181067,2016-04-20 20:00:00,525,117,83.34422110552764,62,121,20,Wednesday
6962181067,2016-04-20 21:00:00,14,59,63.075581395348834,54,80,21,Wednesday
6962181067,2016-04-20 22:00:00,51,60,63.09649122807018,53,79,22,Wednesday
6962181067,2016-04-20 23:00:00,12,57,62.9,57,80,23,Wednesday
6962181067,2016-04-21 00:00:00,0,54,65.91935483870968,63,73,0,Thursday
6962181067,2016-04-21 01:00:00,0,54,67.00803212851406,64,69,1,Thursday
6962181067,2016-04-21 02:00:00,0,54,63.702508960573475,60,80,2,Thursday
6962181067,2016-04-21 03:00:00,0,54,65.48039215686275,55,98,3,Thursday
6962181067,2016-04-21 04:00:00,0,54,57.81350482315113,49,84,4,Thursday
6962181067,2016-04-21 05:00:00,4,55,59.95070422535211,55,67,5,Thursday
6962181067,2016-04-21 06:00:00,0,54,62.033557046979865,57,77,6,Thursday
6962181067,2016-04-21 07:00:00,815,122,83.65116279069767,65,107,7,Thursday
6962181067,2016-04-21 08:00:00,240,87,79.81647058823529,64,101,8,Thursday
6962181067,2016-04-21 09:00:00,1802,174,91.43702290076335,60,115,9,Thursday
6962181067,2016-04-21 10:00:00,3120,256,108.2316384180791,73,156,10,Thursday
6962181067,2016-04-21 11:00:00,667,116,85.14685314685315,65,102,11,Thursday
6962181067,2016-04-21 12:00:00,3935,316,128.86858475894246,78,173,12,Thursday
6962181067,2016-04-21 13:00:00,0,68,88.29972752043597,68,107,13,Thursday
6962181067,2016-04-21 14:00:00,95,63,74.22702702702702,62,88,14,Thursday
6962181067,2016-04-21 15:00:00,9,57,67.44474393530997,58,82,15,Thursday
6962181067,2016-04-21 16:00:00,564,104,83.31603773584905,58,118,16,Thursday
6962181067,2016-04-21 17:00:00,155,70,71.53239436619718,57,100,17,Thursday
6962181067,2016-04-21 18:00:00,383,88,76.31604938271605,60,99,18,Thursday
6962181067,2016-04-21 19:00:00,6,56,68.14647887323943,59,77,19,Thursday
6962181067,2016-04-21 20:00:00,20,57,65.43,58,81,20,Thursday
6962181067,2016-04-21 21:00:00,0,56,71.58108108108108,64,79,21,Thursday
6962181067,2016-04-21 22:00:00,20,56,68.48725212464589,62,81,22,Thursday
6962181067,2016-04-21 23:00:00,0,54,64.61515151515151,57,89,23,Thursday
6962181067,2016-04-22 00:00:00,0,54,61.76897689768977,59,67,0,Friday
6962181067,2016-04-22 01:00:00,0,54,62.83673469387755,59,69,1,Friday
6962181067,2016-04-22 02:00:00,0,54,62.30249110320285,58,69,2,Friday
6962181067,2016-04-22 03:00:00,0,54,60.669934640522875,56,68,3,Friday
6962181067,2016-04-22 04:00:00,0,54,60.07717041800643,55,65,4,Friday
6962181067,2016-04-22 05:00:00,0,54,63.02875399361022,56,75,5,Friday
6962181067,2016-04-22 06:00:00,7,55,64.66772151898734,58,82,6,Friday
6962181067,2016-04-22 07:00:00,818,138,87.08126410835214,69,107,7,Friday
6962181067,2016-04-22 08:00:00,180,81,77.60406091370558,64,98,8,Friday
6962181067,2016-04-22 09:00:00,3301,239,100.1713747645951,64,129,9,Friday
6962181067,2016-04-22 10:00:00,755,93,79.93956043956044,67,121,10,Friday
6962181067,2016-04-22 11:00:00,788,117,80.27839643652561,62,111,11,Friday
6962181067,2016-04-22 12:00:00,2193,220,120.79827915869981,64,169,12,Friday
6962181067,2016-04-22 13:00:00,17,62,76.02005730659026,64,92,13,Friday
6962181067,2016-04-22 14:00:00,271,78,73.43410852713178,65,93,14,Friday
6962181067,2016-04-22 15:00:00,170,73,67.99513381995133,56,90,15,Friday
6962181067,2016-04-22 16:00:00,716,111,77.48430493273543,60,107,16,Friday
6962181067,2016-04-22 17:00:00,579,97,75.13716814159292,63,102,17,Friday
6962181067,2016-04-22 18:00:00,338,84,79.04639175257732,66,99,18,Friday
6962181067,2016-04-22 19:00:00,495,86,74.66402116402116,60,102,19,Friday
6962181067,2016-04-22 20:00:00,29,57,76.75384615384615,70,84,20,Friday
6962181067,2016-04-22 21:00:00,36,61,67.42774566473989,57,124,21,Friday
6962181067,2016-04-22 22:00:00,32,58,68.42339832869081,62,82,22,Friday
6962181067,2016-04-22 23:00:00,0,54,64.41503267973856,60,75,23,Friday
6962181067,2016-04-23 00:00:00,0,54,61.138047138047135,57,65,0,Saturday
6962181067,2016-04-23 01:00:00,0,54,63.268,62,66,1,Saturday
6962181067,2016-04-23 02:00:00,0,54,63.39442231075697,55,67,2,Saturday
6962181067,2016-04-23 03:00:00,0,54,58.60357142857143,53,63,3,Saturday
6962181067,2016-04-23 04:00:00,0,54,58.468152866242036,52,74,4,Saturday
6962181067,2016-04-23 05:00:00,0,54,59.53105590062112,53,67,5,Saturday
6962181067,2016-04-23 06:00:00,0,54,60.64375,55,85,6,Saturday
6962181067,2016-04-23 07:00:00,7,56,62.06687898089172,55,84,7,Saturday
6962181067,2016-04-23 08:00:00,650,120,83.24881516587678,61,111,8,Saturday
6962181067,2016-04-23 09:00:00,5890,349,122.1401189689359,85,152,9,Saturday
6962181067,2016-04-23 10:00:00,292,98,96.49785407725322,75,125,10,Saturday
6962181067,2016-04-23 11:00:00,189,75,76.5130890052356,66,101,11,Saturday
6962181067,2016-04-23 12:00:00,445,94,78.27751196172248,62,103,12,Saturday
6962181067,2016-04-23 13:00:00,250,81,77.81796690307328,67,102,13,Saturday
6962181067,2016-04-23 14:00:00,1209,142,87.8322440087146,68,112,14,Saturday
6962181067,2016-04-23 15:00:00,884,126,86.42954545454545,70,106,15,Saturday
6962181067,2016-04-23 16:00:00,2124,178,92.2004132231405,70,114,16,Saturday
6962181067,2016-04-23 17:00:00,3353,233,102.8619957537155,75,118,17,Saturday
6962181067,2016-04-23 18:00:00,619,100,86.77027027027027,74,117,18,Saturday
6962181067,2016-04-23 19:00:00,1858,162,89.8677130044843,71,111,19,Saturday
6962181067,2016-04-23 20:00:00,790,113,79.41981132075472,67,109,20,Saturday
6962181067,2016-04-23 21:00:00,713,105,76.48735632183909,63,97,21,Saturday
6962181067,2016-04-23 22:00:00,87,65,69.976,64,85,22,Saturday
6962181067,2016-04-23 23:00:00,671,97,82.07981220657277,60,105,23,Saturday
6962181067,2016-04-24 00:00:00,0,54,58.1656050955414,51,66,0,Sunday
6962181067,2016-04-24 01:00:00,0,54,57.721875,53,78,1,Sunday
6962181067,2016-04-24 02:00:00,0,54,59.73076923076923,55,71,2,Sunday
6962181067,2016-04-24 03:00:00,0,54,60.182410423452765,52,81,3,Sunday
6962181067,2016-04-24 04:00:00,0,54,56.848101265822784,49,81,4,Sunday
6962181067,2016-04-24 05:00:00,0,54,58.784982935153586,53,66,5,Sunday
6962181067,2016-04-24 06:00:00,0,54,59.64353312302839,55,65,6,Sunday
6962181067,2016-04-24 07:00:00,9,55,59.969969969969966,55,67,7,Sunday
6962181067,2016-04-24 08:00:00,22,57,60.654970760233915,50,77,8,Sunday
6962181067,2016-04-24 09:00:00,572,102,74.57560975609756,59,100,9,Sunday
6962181067,2016-04-24 10:00:00,614,102,83.24824355971897,65,114,10,Sunday
6962181067,2016-04-24 11:00:00,372,86,82.3575,69,109,11,Sunday
6962181067,2016-04-24 12:00:00,546,96,81.1217183770883,64,104,12,Sunday
6962181067,2016-04-24 13:00:00,135,66,72.62872628726288,63,95,13,Sunday
6962181067,2016-04-24 14:00:00,42,61,69.79100529100529,61,88,14,Sunday
6962181067,2016-04-24 15:00:00,4,55,63.25935828877005,54,75,15,Sunday
6962181067,2016-04-24 16:00:00,869,107,76.94055201698514,61,104,16,Sunday
6962181067,2016-04-24 17:00:00,621,102,79.08490566037736,65,105,17,Sunday
6962181067,2016-04-24 18:00:00,378,95,75.57110609480813,60,93,18,Sunday
6962181067,2016-04-24 19:00:00,225,81,71.56737588652483,62,89,19,Sunday
6962181067,2016-04-24 20:00:00,300,79,70.10941475826972,53,92,20,Sunday
6962181067,2016-04-24 21:00:00,219,67,65.68652849740933,56,101,21,Sunday
6962181067,2016-04-24 22:00:00,101,62,64.80916030534351,56,95,22,Sunday
6962181067,2016-04-24 23:00:00,0,54,62.665689149560116,57,77,23,Sunday
6962181067,2016-04-25 00:00:00,0,54,61.00677966101695,57,67,0,Monday
6962181067,2016-04-25 01:00:00,0,54,62.73101265822785,57,83,1,Monday
6962181067,2016-04-25 02:00:00,0,54,60.42546583850932,55,77,2,Monday
6962181067,2016-04-25 03:00:00,0,54,59.896907216494846,54,73,3,Monday
6962181067,2016-04-25 04:00:00,11,56,59.18556701030928,53,85,4,Monday
6962181067,2016-04-25 05:00:00,0,54,57.74920634920635,51,81,5,Monday
6962181067,2016-04-25 06:00:00,0,54,58.0059880239521,53,81,6,Monday
6962181067,2016-04-25 07:00:00,1330,149,83.99065420560747,59,107,7,Monday
6962181067,2016-04-25 08:00:00,1225,147,85.87320574162679,67,114,8,Monday
6962181067,2016-04-25 09:00:00,868,130,83.24249422632795,62,115,9,Monday
6962181067,2016-04-25 10:00:00,3636,238,99.4245939675174,64,128,10,Monday
6962181067,2016-04-25 11:00:00,521,89,73.77023498694517,62,97,11,Monday
6962181067,2016-04-25 12:00:00,895,139,91.84702549575071,69,142,12,Monday
6962181067,2016-04-25 13:00:00,0,57,72.65242165242165,60,87,13,Monday
6962181067,2016-04-25 14:00:00,253,76,71.39698492462311,61,95,14,Monday
6962181067,2016-04-25 15:00:00,293,85,72.4765625,59,119,15,Monday
6962181067,2016-04-25 16:00:00,857,126,80.47874720357942,63,107,16,Monday
6962181067,2016-04-25 17:00:00,2818,190,86.38125,62,119,17,Monday
6962181067,2016-04-25 18:00:00,285,83,69.82573726541555,56,89,18,Monday
6962181067,2016-04-25 19:00:00,130,70,74.0,65,94,19,Monday
6962181067,2016-04-25 20:00:00,14,57,68.171581769437,59,87,20,Monday
6962181067,2016-04-25 21:00:00,8,57,69.3732590529248,62,78,21,Monday
6962181067,2016-04-25 22:00:00,95,66,65.26149425287356,56,92,22,Monday
6962181067,2016-04-25 23:00:00,0,54,59.47402597402598,55,78,23,Monday
6962181067,2016-04-26 00:00:00,0,54,60.8140350877193,57,70,0,Tuesday
6962181067,2016-04-26 01:00:00,7,55,59.965870307167236,55,69,1,Tuesday
6962181067,2016-04-26 02:00:00,0,54,57.18248175182482,54,62,2,Tuesday
6962181067,2016-04-26 03:00:00,0,54,56.56333333333333,52,61,3,Tuesday
6962181067,2016-04-26 04:00:00,0,54,57.95065789473684,51,86,4,Tuesday
6962181067,2016-04-26 05:00:00,0,54,58.9113475177305,52,76,5,Tuesday
6962181067,2016-04-26 06:00:00,188,69,65.84615384615384,51,98,6,Tuesday
6962181067,2016-04-26 07:00:00,514,106,80.12735849056604,64,106,7,Tuesday
6962181067,2016-04-26 08:00:00,429,93,78.6201923076923,66,100,8,Tuesday
6962181067,2016-04-26 09:00:00,501,102,81.90384615384616,65,109,9,Tuesday
6962181067,2016-04-26 10:00:00,665,113,80.31764705882352,63,103,10,Tuesday
6962181067,2016-04-26 11:00:00,832,125,84.5181598062954,63,114,11,Tuesday
6962181067,2016-04-26 12:00:00,5110,294,109.38245614035088,69,140,12,Tuesday
6962181067,2016-04-26 13:00:00,22,63,79.99459459459459,65,108,13,Tuesday
6962181067,2016-04-26 14:00:00,58,61,70.71866295264624,60,84,14,Tuesday
6962181067,2016-04-26 15:00:00,323,82,68.67237163814181,58,91,15,Tuesday
6962181067,2016-04-26 16:00:00,251,81,69.51842105263158,57,94,16,Tuesday
6962181067,2016-04-26 17:00:00,161,72,71.76165803108809,58,95,17,Tuesday
6962181067,2016-04-26 18:00:00,857,107,75.5580808080808,66,97,18,Tuesday
6962181067,2016-04-26 19:00:00,299,86,73.60099750623442,62,92,19,Tuesday
6962181067,2016-04-26 20:00:00,216,77,69.7410071942446,58,98,20,Tuesday
6962181067,2016-04-26 22:00:00,0,54,71.36,63,94,22,Tuesday
6962181067,2016-04-26 23:00:00,0,54,62.25157232704402,57,77,23,Tuesday
6962181067,2016-04-27 00:00:00,0,54,65.41554054054055,57,72,0,Wednesday
6962181067,2016-04-27 01:00:00,0,54,65.13183279742765,61,87,1,Wednesday
6962181067,2016-04-27 02:00:00,0,54,60.371517027863774,55,75,2,Wednesday
6962181067,2016-04-27 03:00:00,8,55,59.65615141955836,55,73,3,Wednesday
6962181067,2016-04-27 04:00:00,0,54,61.61022364217252,58,70,4,Wednesday
6962181067,2016-04-27 05:00:00,0,54,59.99076923076923,56,72,5,Wednesday
6962181067,2016-04-27 06:00:00,77,61,63.285714285714285,57,92,6,Wednesday
6962181067,2016-04-27 07:00:00,660,115,80.84222737819026,63,98,7,Wednesday
6962181067,2016-04-27 08:00:00,588,100,77.90654205607477,61,104,8,Wednesday
6962181067,2016-04-27 09:00:00,259,81,74.1,62,97,9,Wednesday
6962181067,2016-04-27 10:00:00,441,93,75.6452380952381,63,99,10,Wednesday
6962181067,2016-04-27 11:00:00,3081,209,92.62192393736018,69,106,11,Wednesday
6962181067,2016-04-27 12:00:00,371,87,78.07161125319693,64,115,12,Wednesday
6962181067,2016-04-27 13:00:00,23,58,68.3550135501355,60,77,13,Wednesday
6962181067,2016-04-27 14:00:00,71,62,67.77929155313352,54,90,14,Wednesday
6962181067,2016-04-27 15:00:00,0,56,66.37700534759358,59,72,15,Wednesday
6962181067,2016-04-27 16:00:00,816,120,79.22045454545454,56,109,16,Wednesday
6962181067,2016-04-27 17:00:00,620,109,77.6127562642369,53,108,17,Wednesday
6962181067,2016-04-27 18:00:00,799,135,87.75060532687651,67,116,18,Wednesday
6962181067,2016-04-27 19:00:00,1229,127,82.8488120950324,64,114,19,Wednesday
6962181067,2016-04-27 20:00:00,1106,112,89.92607003891051,62,142,20,Wednesday
6962181067,2016-04-27 21:00:00,50,65,77.44186046511628,58,136,21,Wednesday
6962181067,2016-04-27 22:00:00,6,55,59.69914040114613,53,85,22,Wednesday
6962181067,2016-04-27 23:00:00,115,66,64.2911051212938,54,85,23,Wednesday
6962181067,2016-04-28 00:00:00,0,54,59.61724137931034,56,74,0,Thursday
6962181067,2016-04-28 01:00:00,4,55,60.22027972027972,57,66,1,Thursday
6962181067,2016-04-28 02:00:00,38,57,63.296052631578945,58,89,2,Thursday
6962181067,2016-04-28 03:00:00,0,54,62.67218543046358,59,70,3,Thursday
6962181067,2016-04-28 04:00:00,0,54,62.801261829652994,58,78,4,Thursday
6962181067,2016-04-28 05:00:00,0,54,62.65016501650165,58,77,5,Thursday
6962181067,2016-04-28 06:00:00,0,54,62.29738562091503,56,70,6,Thursday
6962181067,2016-04-28 07:00:00,0,54,61.91975308641975,54,77,7,Thursday
6962181067,2016-04-28 08:00:00,632,110,80.10829493087557,56,102,8,Thursday
6962181067,2016-04-28 09:00:00,901,123,80.93501048218029,63,101,9,Thursday
6962181067,2016-04-28 10:00:00,775,106,82.4519906323185,66,106,10,Thursday
6962181067,2016-04-28 11:00:00,1226,140,86.40950226244344,68,115,11,Thursday
6962181067,2016-04-28 12:00:00,3769,274,119.86874487284659,69,166,12,Thursday
6962181067,2016-04-28 13:00:00,1469,168,111.02037845705968,67,174,13,Thursday
6962181067,2016-04-28 14:00:00,168,74,76.26525198938992,61,95,14,Thursday
6962181067,2016-04-28 15:00:00,851,111,78.16666666666667,60,109,15,Thursday
6962181067,2016-04-28 16:00:00,394,81,70.09571788413098,60,96,16,Thursday
6962181067,2016-04-28 17:00:00,1313,147,85.0109409190372,61,108,17,Thursday
6962181067,2016-04-28 18:00:00,410,90,75.85049019607843,59,111,18,Thursday
6962181067,2016-04-28 19:00:00,543,95,76.62647058823529,63,122,19,Thursday
6962181067,2016-04-28 20:00:00,134,68,72.1055900621118,61,99,20,Thursday
6962181067,2016-04-28 23:00:00,0,54,63.807377049180324,56,76,23,Thursday
6962181067,2016-04-29 00:00:00,0,54,60.622895622895626,57,66,0,Friday
6962181067,2016-04-29 01:00:00,0,54,64.28178694158076,60,81,1,Friday
6962181067,2016-04-29 02:00:00,0,54,65.68620689655172,61,73,2,Friday
6962181067,2016-04-29 03:00:00,0,54,68.68650793650794,63,71,3,Friday
6962181067,2016-04-29 04:00:00,0,54,64.66666666666667,58,69,4,Friday
6962181067,2016-04-29 05:00:00,0,54,62.607594936708864,56,72,5,Friday
6962181067,2016-04-29 06:00:00,82,62,67.53372434017595,58,101,6,Friday
6962181067,2016-04-29 07:00:00,582,110,82.22062350119904,63,104,7,Friday
6962181067,2016-04-29 08:00:00,649,112,80.54691075514874,56,112,8,Friday
6962181067,2016-04-29 09:00:00,1162,168,94.58333333333333,69,129,9,Friday
6962181067,2016-04-29 10:00:00,1345,232,108.32914046121593,89,127,10,Friday
6962181067,2016-04-29 11:00:00,697,107,86.24418604651163,69,113,11,Friday
6962181067,2016-04-29 12:00:00,2129,175,103.29237770193402,59,141,12,Friday
6962181067,2016-04-29 13:00:00,100,68,78.5618556701031,67,103,13,Friday
6962181067,2016-04-29 14:00:00,89,69,73.61408450704225,60,93,14,Friday
6962181067,2016-04-29 15:00:00,587,102,79.10148514851485,63,109,15,Friday
6962181067,2016-04-29 16:00:00,737,109,81.68345323741008,67,104,16,Friday
6962181067,2016-04-29 17:00:00,526,113,84.29227053140097,66,116,17,Friday
6962181067,2016-04-29 18:00:00,979,133,88.92583732057416,69,116,18,Friday
6962181067,2016-04-29 19:00:00,433,102,82.24935732647815,66,111,19,Friday
6962181067,2016-04-29 20:00:00,560,94,75.10386473429952,63,102,20,Friday
6962181067,2016-04-29 21:00:00,77,62,70.99145299145299,63,86,21,Friday
6962181067,2016-04-29 22:00:00,0,54,83.63636363636364,70,125,22,Friday
6962181067,2016-04-29 23:00:00,28,57,70.27350427350427,64,92,23,Friday
6962181067,2016-04-30 00:00:00,0,55,69.44477611940299,63,80,0,Saturday
6962181067,2016-04-30 01:00:00,7,55,66.26073619631902,59,81,1,Saturday
6962181067,2016-04-30 02:00:00,0,54,62.26837060702876,58,67,2,Saturday
6962181067,2016-04-30 03:00:00,0,54,60.885245901639344,55,77,3,Saturday
6962181067,2016-04-30 04:00:00,0,54,62.67313915857605,58,72,4,Saturday
6962181067,2016-04-30 05:00:00,0,54,62.86274509803921,59,68,5,Saturday
6962181067,2016-04-30 06:00:00,0,54,63.869565217391305,59,75,6,Saturday
6962181067,2016-04-30 07:00:00,0,54,63.80258899676375,58,83,7,Saturday
6962181067,2016-04-30 08:00:00,10,56,67.4092219020173,56,93,8,Saturday
6962181067,2016-04-30 09:00:00,572,98,75.97405660377359,62,103,9,Saturday
6962181067,2016-04-30 10:00:00,3293,222,114.0843949044586,62,141,10,Saturday
6962181067,2016-04-30 11:00:00,736,125,89.35505617977527,71,109,11,Saturday
6962181067,2016-04-30 12:00:00,613,111,86.03432494279176,70,106,12,Saturday
6962181067,2016-04-30 13:00:00,824,124,90.69789227166277,71,117,13,Saturday
6962181067,2016-04-30 14:00:00,676,107,81.3435294117647,65,110,14,Saturday
6962181067,2016-04-30 15:00:00,271,85,75.88311688311688,62,107,15,Saturday
6962181067,2016-04-30 16:00:00,0,56,64.22443181818181,53,75,16,Saturday
6962181067,2016-04-30 17:00:00,407,95,75.42,54,105,17,Saturday
6962181067,2016-04-30 18:00:00,686,115,82.86374695863746,65,103,18,Saturday
6962181067,2016-04-30 19:00:00,384,85,73.80856423173803,57,97,19,Saturday
6962181067,2016-04-30 20:00:00,1602,129,89.65625,68,122,20,Saturday
6962181067,2016-05-01 00:00:00,0,56,66.26605504587155,56,127,0,Sunday
6962181067,2016-05-01 01:00:00,0,54,61.166666666666664,56,73,1,Sunday
6962181067,2016-05-01 02:00:00,0,54,60.72843450479233,56,69,2,Sunday
6962181067,2016-05-01 03:00:00,16,56,71.08833922261483,60,90,3,Sunday
6962181067,2016-05-01 04:00:00,0,54,65.28616352201257,61,69,4,Sunday
6962181067,2016-05-01 05:00:00,0,54,69.17105263157895,58,92,5,Sunday
6962181067,2016-05-01 06:00:00,0,54,66.01208459214502,59,89,6,Sunday
6962181067,2016-05-01 07:00:00,0,55,67.17857142857143,61,83,7,Sunday
6962181067,2016-05-01 08:00:00,667,108,81.95238095238095,65,112,8,Sunday
6962181067,2016-05-01 09:00:00,289,80,83.42239185750635,65,109,9,Sunday
6962181067,2016-05-01 10:00:00,1647,144,85.83956043956044,67,108,10,Sunday
6962181067,2016-05-01 11:00:00,295,76,71.73857868020305,58,94,11,Sunday
6962181067,2016-05-01 12:00:00,205,82,75.91315789473684,64,86,12,Sunday
6962181067,2016-05-01 13:00:00,139,78,77.25984251968504,66,93,13,Sunday
6962181067,2016-05-01 14:00:00,181,77,73.97142857142858,64,93,14,Sunday
6962181067,2016-05-01 15:00:00,163,69,70.46969696969697,60,93,15,Sunday
6962181067,2016-05-01 16:00:00,25,59,69.75,61,79,16,Sunday
6962181067,2016-05-01 17:00:00,468,96,80.95696202531646,66,99,17,Sunday
6962181067,2016-05-01 18:00:00,544,106,81.08450704225352,62,105,18,Sunday
6962181067,2016-05-01 19:00:00,740,103,78.49627791563276,62,108,19,Sunday
6962181067,2016-05-01 20:00:00,31,58,70.00282485875707,63,76,20,Sunday
6962181067,2016-05-01 21:00:00,40,58,71.128,65,82,21,Sunday
6962181067,2016-05-01 22:00:00,4,56,69.06349206349206,61,120,22,Sunday
6962181067,2016-05-01 23:00:00,0,54,65.8344827586207,60,71,23,Sunday
6962181067,2016-05-02 00:00:00,0,54,65.54368932038835,61,70,0,Monday
6962181067,2016-05-02 01:00:00,6,55,66.17350157728707,60,80,1,Monday
6962181067,2016-05-02 02:00:00,0,54,65.56089743589743,61,83,2,Monday
6962181067,2016-05-02 03:00:00,0,54,65.36990595611286,58,76,3,Monday
6962181067,2016-05-02 04:00:00,29,57,64.96794871794872,60,90,4,Monday
6962181067,2016-05-02 05:00:00,0,54,63.99346405228758,59,78,5,Monday
6962181067,2016-05-02 06:00:00,68,61,69.90751445086705,61,99,6,Monday
6962181067,2016-05-02 07:00:00,1123,129,84.67157894736842,66,108,7,Monday
6962181067,2016-05-02 08:00:00,517,100,81.03597122302158,65,104,8,Monday
6962181067,2016-05-02 09:00:00,1469,136,86.73305954825462,65,118,9,Monday
6962181067,2016-05-02 10:00:00,752,93,75.55308641975309,63,102,10,Monday
6962181067,2016-05-02 11:00:00,528,99,80.26252983293556,64,102,11,Monday
6962181067,2016-05-02 12:00:00,1937,165,106.56027554535017,71,140,12,Monday
6962181067,2016-05-02 13:00:00,20,60,77.27083333333333,68,88,13,Monday
6962181067,2016-05-02 14:00:00,149,70,75.1978021978022,61,100,14,Monday
6962181067,2016-05-02 15:00:00,430,93,78.00262467191601,67,98,15,Monday
6962181067,2016-05-02 16:00:00,737,111,82.25176470588235,56,112,16,Monday
6962181067,2016-05-02 17:00:00,1006,128,82.2984054669704,64,100,17,Monday
6962181067,2016-05-02 18:00:00,1385,143,88.38352941176471,70,115,18,Monday
6962181067,2016-05-02 19:00:00,2368,187,101.14882506527415,69,132,19,Monday
6962181067,2016-05-02 20:00:00,50,60,76.8586956521739,62,117,20,Monday
6962181067,2016-05-02 21:00:00,44,60,75.7010582010582,61,91,21,Monday
6962181067,2016-05-02 22:00:00,178,73,72.53462603878117,61,92,22,Monday
6962181067,2016-05-02 23:00:00,116,65,68.70523415977961,62,81,23,Monday
6962181067,2016-05-03 00:00:00,0,54,64.53716216216216,61,70,0,Tuesday
6962181067,2016-05-03 01:00:00,28,57,67.05263157894737,63,85,1,Tuesday
6962181067,2016-05-03 02:00:00,0,54,66.52447552447552,63,69,2,Tuesday
6962181067,2016-05-03 03:00:00,0,54,63.0503355704698,56,80,3,Tuesday
6962181067,2016-05-03 04:00:00,67,59,65.53353658536585,59,95,4,Tuesday
6962181067,2016-05-03 05:00:00,0,54,61.869281045751634,58,66,5,Tuesday
6962181067,2016-05-03 06:00:00,6,55,64.2515923566879,57,84,6,Tuesday
6962181067,2016-05-03 07:00:00,1058,132,84.92444444444445,65,105,7,Tuesday
6962181067,2016-05-03 08:00:00,1083,132,86.72961373390558,64,113,8,Tuesday
6962181067,2016-05-03 09:00:00,111,65,69.13573407202216,59,110,9,Tuesday
6962181067,2016-05-03 10:00:00,1181,110,79.06413301662708,53,157,10,Tuesday
6962181067,2016-05-03 11:00:00,1729,150,93.62138084632517,61,152,11,Tuesday
6962181067,2016-05-03 12:00:00,3053,208,92.46679316888046,75,109,12,Tuesday
6962181067,2016-05-03 13:00:00,1702,136,84.50786516853933,61,122,13,Tuesday
6962181067,2016-05-03 14:00:00,213,71,72.59620596205961,60,102,14,Tuesday
6962181067,2016-05-03 15:00:00,577,112,85.68160377358491,64,109,15,Tuesday
6962181067,2016-05-03 16:00:00,391,86,74.20673076923077,62,109,16,Tuesday
6962181067,2016-05-03 17:00:00,88,68,72.64879356568365,61,82,17,Tuesday
6962181067,2016-05-03 18:00:00,306,85,77.02625298329356,61,110,18,Tuesday
6962181067,2016-05-03 19:00:00,121,72,71.83379501385042,61,92,19,Tuesday
6962181067,2016-05-03 20:00:00,308,83,72.01785714285714,62,92,20,Tuesday
6962181067,2016-05-03 21:00:00,74,66,66.1120218579235,57,80,21,Tuesday
6962181067,2016-05-03 22:00:00,13,57,68.21666666666667,63,106,22,Tuesday
6962181067,2016-05-03 23:00:00,0,54,65.49693251533742,60,82,23,Tuesday
6962181067,2016-05-04 00:00:00,0,54,65.79276315789474,62,79,0,Wednesday
6962181067,2016-05-04 01:00:00,23,56,66.27476038338658,59,90,1,Wednesday
6962181067,2016-05-04 02:00:00,10,55,66.49517684887459,63,78,2,Wednesday
6962181067,2016-05-04 03:00:00,0,54,61.90584415584416,55,88,3,Wednesday
6962181067,2016-05-04 04:00:00,9,55,62.45454545454545,58,83,4,Wednesday
6962181067,2016-05-04 05:00:00,0,54,61.15596330275229,56,80,5,Wednesday
6962181067,2016-05-04 06:00:00,58,60,65.14626865671642,57,104,6,Wednesday
6962181067,2016-05-04 07:00:00,628,110,81.69196428571429,63,105,7,Wednesday
6962181067,2016-05-04 08:00:00,710,107,79.68099547511312,58,101,8,Wednesday
6962181067,2016-05-04 09:00:00,1066,151,103.71136653895275,61,151,9,Wednesday
6962181067,2016-05-04 10:00:00,1809,193,118.30635838150289,77,174,10,Wednesday
6962181067,2016-05-04 11:00:00,1621,146,89.71291866028709,67,118,11,Wednesday
6962181067,2016-05-04 12:00:00,455,86,79.35858585858585,66,105,12,Wednesday
6962181067,2016-05-04 13:00:00,0,55,67.15714285714286,61,78,13,Wednesday
6962181067,2016-05-04 14:00:00,61,65,69.81481481481481,63,85,14,Wednesday
6962181067,2016-05-04 15:00:00,294,85,70.53435114503817,58,89,15,Wednesday
6962181067,2016-05-04 16:00:00,308,78,67.91538461538461,59,93,16,Wednesday
6962181067,2016-05-04 17:00:00,521,113,85.21875,63,99,17,Wednesday
6962181067,2016-05-04 18:00:00,731,105,81.61904761904762,67,109,18,Wednesday
6962181067,2016-05-04 19:00:00,1094,134,88.31806615776081,68,134,19,Wednesday
6962181067,2016-05-04 20:00:00,602,92,80.36092715231788,62,104,20,Wednesday
6962181067,2016-05-04 21:00:00,0,59,71.51351351351352,65,111,21,Wednesday
6962181067,2016-05-04 22:00:00,91,61,69.81471389645776,58,83,22,Wednesday
6962181067,2016-05-04 23:00:00,56,58,67.20348837209302,61,88,23,Wednesday
6962181067,2016-05-05 00:00:00,0,54,65.82835820895522,61,74,0,Thursday
6962181067,2016-05-05 01:00:00,10,56,68.55714285714286,63,96,1,Thursday
6962181067,2016-05-05 02:00:00,0,54,67.0,65,73,2,Thursday
6962181067,2016-05-05 03:00:00,0,54,64.03859649122808,59,67,3,Thursday
6962181067,2016-05-05 04:00:00,0,54,64.87878787878788,58,76,4,Thursday
6962181067,2016-05-05 05:00:00,0,54,61.00955414012739,56,83,5,Thursday
6962181067,2016-05-05 06:00:00,33,57,64.36764705882354,58,86,6,Thursday
6962181067,2016-05-05 07:00:00,7,55,63.32915360501568,58,75,7,Thursday
6962181067,2016-05-05 08:00:00,817,121,86.82471910112359,66,111,8,Thursday
6962181067,2016-05-05 09:00:00,663,123,89.53318077803203,67,114,9,Thursday
6962181067,2016-05-05 10:00:00,730,109,80.44392523364486,63,95,10,Thursday
6962181067,2016-05-05 11:00:00,606,105,79.36214953271028,62,105,11,Thursday
6962181067,2016-05-05 12:00:00,769,123,84.13129102844638,64,108,12,Thursday
6962181067,2016-05-05 13:00:00,16,59,65.96829971181556,58,76,13,Thursday
6962181067,2016-05-05 14:00:00,157,72,68.49468085106383,54,85,14,Thursday
6962181067,2016-05-05 15:00:00,446,93,73.94162436548223,59,101,15,Thursday
6962181067,2016-05-05 16:00:00,727,113,79.76241900647948,61,107,16,Thursday
6962181067,2016-05-05 17:00:00,731,110,81.18863636363636,60,128,17,Thursday
6962181067,2016-05-05 18:00:00,819,113,84.46731234866829,64,119,18,Thursday
6962181067,2016-05-05 19:00:00,3673,242,104.32914046121593,70,128,19,Thursday
6962181067,2016-05-05 20:00:00,320,83,84.45911949685535,64,103,20,Thursday
6962181067,2016-05-05 23:00:00,0,54,65.06944444444444,60,93,23,Thursday
6962181067,2016-05-06 00:00:00,7,55,64.93354430379746,60,71,0,Friday
6962181067,2016-05-06 01:00:00,0,54,63.88235294117647,60,72,1,Friday
6962181067,2016-05-06 02:00:00,0,54,63.198019801980195,58,69,2,Friday
6962181067,2016-05-06 03:00:00,0,54,58.12933753943218,52,90,3,Friday
6962181067,2016-05-06 04:00:00,0,54,60.34591194968554,55,76,4,Friday
6962181067,2016-05-06 05:00:00,0,54,59.9203821656051,53,80,5,Friday
6962181067,2016-05-06 06:00:00,0,54,61.62847222222222,56,65,6,Friday
6962181067,2016-05-06 07:00:00,493,101,78.85645933014354,59,111,7,Friday
6962181067,2016-05-06 08:00:00,897,121,85.22559652928416,66,114,8,Friday
6962181067,2016-05-06 09:00:00,422,93,77.64720194647202,61,101,9,Friday
6962181067,2016-05-06 10:00:00,58,67,72.09943181818181,66,79,10,Friday
6962181067,2016-05-06 11:00:00,145,72,68.4253164556962,61,78,11,Friday
6962181067,2016-05-06 12:00:00,297,82,73.78743961352657,61,96,12,Friday
6962181067,2016-05-06 13:00:00,252,74,76.18673218673219,63,97,13,Friday
6962181067,2016-05-06 14:00:00,93,70,72.85567010309278,64,86,14,Friday
6962181067,2016-05-06 15:00:00,7,57,70.26495726495726,60,79,15,Friday
6962181067,2016-05-06 16:00:00,258,87,71.83120204603581,58,101,16,Friday
6962181067,2016-05-06 17:00:00,417,90,74.17574257425743,56,106,17,Friday
6962181067,2016-05-06 18:00:00,682,106,79.85241730279898,59,107,18,Friday
6962181067,2016-05-06 19:00:00,67,61,67.90641711229947,58,78,19,Friday
6962181067,2016-05-06 20:00:00,587,105,79.02417582417583,58,103,20,Friday
6962181067,2016-05-06 21:00:00,480,95,77.5,61,96,21,Friday
6962181067,2016-05-06 22:00:00,584,113,84.4659090909091,70,104,22,Friday
6962181067,2016-05-06 23:00:00,162,77,71.49738219895288,65,85,23,Friday
6962181067,2016-05-07 00:00:00,13,59,71.53672316384181,64,87,0,Saturday
6962181067,2016-05-07 01:00:00,175,76,75.43817204301075,65,88,1,Saturday
6962181067,2016-05-07 02:00:00,285,85,77.96694214876032,69,96,2,Saturday
6962181067,2016-05-07 03:00:00,75,62,66.44771241830065,60,97,3,Saturday
6962181067,2016-05-07 04:00:00,56,59,65.49226006191951,59,93,4,Saturday
6962181067,2016-05-07 05:00:00,0,54,65.04823151125402,59,85,5,Saturday
6962181067,2016-05-07 06:00:00,101,60,66.85840707964601,59,92,6,Saturday
6962181067,2016-05-07 07:00:00,0,54,63.585669781931465,57,87,7,Saturday
6962181067,2016-05-07 08:00:00,49,60,67.32352941176471,58,84,8,Saturday
6962181067,2016-05-07 09:00:00,573,121,87.82038834951456,71,118,9,Saturday
6962181067,2016-05-07 10:00:00,153,73,81.25888324873097,63,99,10,Saturday
6962181067,2016-05-07 11:00:00,763,118,83.53275109170306,66,108,11,Saturday
6962181067,2016-05-07 12:00:00,125,74,72.37468982630273,58,101,12,Saturday
6962181067,2016-05-07 13:00:00,462,96,74.35831381733021,63,98,13,Saturday
6962181067,2016-05-07 14:00:00,264,80,84.4875,67,125,14,Saturday
6962181067,2016-05-07 15:00:00,0,54,70.0,70,70,15,Saturday
6962181067,2016-05-07 16:00:00,387,94,84.83552631578948,64,105,16,Saturday
6962181067,2016-05-07 17:00:00,318,81,81.52380952380952,72,98,17,Saturday
6962181067,2016-05-07 18:00:00,681,114,88.9796437659033,74,107,18,Saturday
6962181067,2016-05-07 19:00:00,1026,139,89.04356846473028,72,109,19,Saturday
6962181067,2016-05-07 20:00:00,502,104,83.24601366742597,66,97,20,Saturday
6962181067,2016-05-07 21:00:00,294,73,74.15584415584415,63,103,21,Saturday
6962181067,2016-05-07 22:00:00,319,85,75.50510204081633,65,99,22,Saturday
6962181067,2016-05-07 23:00:00,194,72,76.70914127423822,68,100,23,Saturday
6962181067,2016-05-08 00:00:00,0,55,76.46666666666667,70,89,0,Sunday
6962181067,2016-05-08 01:00:00,0,54,72.51746031746032,68,90,1,Sunday
6962181067,2016-05-08 02:00:00,0,54,71.18589743589743,64,85,2,Sunday
6962181067,2016-05-08 03:00:00,0,54,68.39383561643835,64,74,3,Sunday
6962181067,2016-05-08 04:00:00,87,61,67.95498392282958,61,93,4,Sunday
6962181067,2016-05-08 05:00:00,4,55,63.08571428571429,59,72,5,Sunday
6962181067,2016-05-08 06:00:00,0,54,63.69255663430421,58,83,6,Sunday
6962181067,2016-05-08 07:00:00,0,54,63.12883435582822,56,73,7,Sunday
6962181067,2016-05-08 08:00:00,5,55,65.90654205607477,60,75,8,Sunday
6962181067,2016-05-08 09:00:00,48,62,69.69970845481049,60,90,9,Sunday
6962181067,2016-05-08 10:00:00,771,113,81.67245657568238,54,113,10,Sunday
6962181067,2016-05-08 11:00:00,569,105,83.13475177304964,68,104,11,Sunday
6962181067,2016-05-08 12:00:00,429,92,82.41388174807199,72,97,12,Sunday
6962181067,2016-05-08 13:00:00,53,65,78.35532994923858,62,95,13,Sunday
6962181067,2016-05-08 14:00:00,106,73,82.29441624365482,67,94,14,Sunday
6962181067,2016-05-08 15:00:00,196,75,76.82820512820513,67,110,15,Sunday
6962181067,2016-05-08 16:00:00,1465,157,91.33170731707317,65,116,16,Sunday
6962181067,2016-05-08 17:00:00,396,90,79.33854166666667,67,98,17,Sunday
6962181067,2016-05-08 18:00:00,36,58,67.25541125541126,61,79,18,Sunday
6962181067,2016-05-08 21:00:00,0,54,86.41666666666667,75,112,21,Sunday
6962181067,2016-05-08 22:00:00,0,55,76.8832807570978,72,93,22,Sunday
6962181067,2016-05-08 23:00:00,23,57,75.7082066869301,70,83,23,Sunday
6962181067,2016-05-09 00:00:00,0,54,71.33110367892976,67,78,0,Monday
6962181067,2016-05-09 01:00:00,0,55,68.30491803278689,62,77,1,Monday
6962181067,2016-05-09 02:00:00,0,54,64.875,61,76,2,Monday
6962181067,2016-05-09 03:00:00,0,55,63.19417475728155,59,88,3,Monday
6962181067,2016-05-09 04:00:00,0,54,65.93354430379746,58,78,4,Monday
6962181067,2016-05-09 05:00:00,0,54,64.87748344370861,61,81,5,Monday
6962181067,2016-05-09 06:00:00,0,55,66.70032573289902,60,86,6,Monday
6962181067,2016-05-09 07:00:00,15,56,67.95820895522388,60,95,7,Monday
6962181067,2016-05-09 08:00:00,886,120,83.5045871559633,64,111,8,Monday
6962181067,2016-05-09 09:00:00,1322,144,91.57601713062098,70,127,9,Monday
6962181067,2016-05-09 10:00:00,4203,266,105.93975903614458,75,125,10,Monday
6962181067,2016-05-09 11:00:00,690,113,85.61971830985915,64,107,11,Monday
6962181067,2016-05-09 12:00:00,383,90,79.61818181818182,61,104,12,Monday
6962181067,2016-05-09 13:00:00,106,64,74.50429799426934,65,89,13,Monday
6962181067,2016-05-09 14:00:00,169,73,76.51790633608816,60,89,14,Monday
6962181067,2016-05-09 15:00:00,14,59,71.97032640949556,65,84,15,Monday
6962181067,2016-05-09 16:00:00,116,70,70.77994428969359,64,90,16,Monday
6962181067,2016-05-09 17:00:00,890,147,93.90843373493976,68,121,17,Monday
6962181067,2016-05-09 18:00:00,100,68,73.29080118694363,66,88,18,Monday
6962181067,2016-05-09 19:00:00,3269,211,97.10046728971963,67,123,19,Monday
6962181067,2016-05-09 20:00:00,52,65,72.08682634730539,64,181,20,Monday
6962181067,2016-05-09 21:00:00,52,62,69.38810198300283,56,87,21,Monday
6962181067,2016-05-09 22:00:00,75,62,70.85866666666666,62,91,22,Monday
6962181067,2016-05-09 23:00:00,0,54,66.35806451612903,63,76,23,Monday
6962181067,2016-05-10 00:00:00,35,57,67.63333333333334,64,83,0,Tuesday
6962181067,2016-05-10 01:00:00,11,56,67.77852348993288,64,72,1,Tuesday
6962181067,2016-05-10 02:00:00,6,55,66.92150170648465,59,80,2,Tuesday
6962181067,2016-05-10 03:00:00,0,54,65.37460317460318,59,86,3,Tuesday
6962181067,2016-05-10 04:00:00,0,54,64.03975535168196,59,85,4,Tuesday
6962181067,2016-05-10 05:00:00,0,54,63.69716088328076,58,82,5,Tuesday
6962181067,2016-05-10 06:00:00,36,58,65.15060240963855,57,85,6,Tuesday
6962181067,2016-05-10 07:00:00,2175,198,115.15235173824131,67,184,7,Tuesday
6962181067,2016-05-10 08:00:00,445,100,90.28391959798995,66,109,8,Tuesday
6962181067,2016-05-10 09:00:00,2491,212,99.5361216730038,77,136,9,Tuesday
6962181067,2016-05-10 10:00:00,4269,310,119.38563327032136,89,158,10,Tuesday
6962181067,2016-05-10 11:00:00,888,124,92.53791469194313,69,163,11,Tuesday
6962181067,2016-05-10 12:00:00,129,69,75.17914438502673,63,89,12,Tuesday
6962181067,2016-05-10 13:00:00,17,60,71.43175487465182,65,80,13,Tuesday
6962181067,2016-05-10 14:00:00,122,66,72.14246575342466,63,85,14,Tuesday
6962181067,2016-05-10 15:00:00,250,79,70.89340101522842,62,92,15,Tuesday
6962181067,2016-05-10 16:00:00,1460,160,86.71101871101871,69,106,16,Tuesday
6962181067,2016-05-10 17:00:00,1740,146,84.29525862068965,62,127,17,Tuesday
6962181067,2016-05-10 18:00:00,750,119,86.12771084337349,67,108,18,Tuesday
6962181067,2016-05-10 19:00:00,532,104,84.21637426900585,63,126,19,Tuesday
6962181067,2016-05-10 21:00:00,13,57,65.8659217877095,60,86,21,Tuesday
6962181067,2016-05-10 22:00:00,72,59,67.21802325581395,57,82,22,Tuesday
6962181067,2016-05-10 23:00:00,7,56,65.37579617834395,59,78,23,Tuesday
6962181067,2016-05-11 00:00:00,0,54,63.16206896551724,59,69,0,Wednesday
6962181067,2016-05-11 01:00:00,0,54,63.30448717948718,58,69,1,Wednesday
6962181067,2016-05-11 02:00:00,0,54,63.37337662337662,57,74,2,Wednesday
6962181067,2016-05-11 03:00:00,0,54,64.07817589576547,59,77,3,Wednesday
6962181067,2016-05-11 04:00:00,0,54,65.35,60,78,4,Wednesday
6962181067,2016-05-11 05:00:00,22,57,63.66875,57,95,5,Wednesday
6962181067,2016-05-11 06:00:00,0,54,62.26706231454006,55,78,6,Wednesday
6962181067,2016-05-11 07:00:00,50,60,65.98546511627907,59,82,7,Wednesday
6962181067,2016-05-11 08:00:00,713,125,87.78301886792453,61,115,8,Wednesday
6962181067,2016-05-11 09:00:00,2873,230,117.005631536605,69,145,9,Wednesday
6962181067,2016-05-11 10:00:00,481,100,86.04947916666667,71,106,10,Wednesday
6962181067,2016-05-11 11:00:00,403,85,84.8078947368421,71,108,11,Wednesday
6962181067,2016-05-11 12:00:00,394,96,79.37984496124031,61,98,12,Wednesday
6962181067,2016-05-11 13:00:00,0,56,71.72622478386167,64,82,13,Wednesday
6962181067,2016-05-11 14:00:00,31,59,73.27485380116958,65,80,14,Wednesday
6962181067,2016-05-11 15:00:00,421,87,75.47969543147208,65,94,15,Wednesday
6962181067,2016-05-11 16:00:00,440,94,81.28361858190709,63,106,16,Wednesday
6962181067,2016-05-11 17:00:00,152,73,73.1432584269663,63,87,17,Wednesday
6962181067,2016-05-11 18:00:00,79,63,71.95,53,86,18,Wednesday
6962181067,2016-05-11 19:00:00,265,73,81.25,71,114,19,Wednesday
6962181067,2016-05-11 20:00:00,134,76,77.23869346733669,68,91,20,Wednesday
6962181067,2016-05-11 21:00:00,156,74,77.30827067669173,69,88,21,Wednesday
6962181067,2016-05-11 22:00:00,99,67,72.11936339522546,62,85,22,Wednesday
6962181067,2016-05-11 23:00:00,9,56,69.21913580246914,64,85,23,Wednesday
6962181067,2016-05-12 00:00:00,0,54,68.12,63,82,0,Thursday
6962181067,2016-05-12 01:00:00,41,57,67.17549668874172,62,92,1,Thursday
6962181067,2016-05-12 02:00:00,0,54,69.28013029315962,66,78,2,Thursday
6962181067,2016-05-12 03:00:00,0,54,67.78846153846153,63,85,3,Thursday
6962181067,2016-05-12 04:00:00,0,55,64.76623376623377,60,78,4,Thursday
6962181067,2016-05-12 05:00:00,0,54,65.69811320754717,61,77,5,Thursday
6962181067,2016-05-12 06:00:00,0,54,66.49679487179488,62,78,6,Thursday
6962181067,2016-05-12 07:00:00,0,54,64.73700305810398,60,77,7,Thursday
6962181067,2016-05-12 08:00:00,644,112,84.8337531486146,62,117,8,Thursday
6962181067,2016-05-12 09:00:00,585,116,87.635103926097,71,116,9,Thursday
6962181067,2016-05-12 10:00:00,1599,149,91.64102564102564,74,112,10,Thursday
6962181067,2016-05-12 11:00:00,700,112,89.91581632653062,72,116,11,Thursday
7007744171,2016-04-12 05:00:00,0,65,101.0,101,101,5,Tuesday
7007744171,2016-04-12 06:00:00,881,154,100.86466165413533,70,125,6,Tuesday
7007744171,2016-04-12 07:00:00,3855,292,105.93723849372385,79,128,7,Tuesday
7007744171,2016-04-12 08:00:00,3383,300,105.70479704797047,82,131,8,Tuesday
7007744171,2016-04-12 09:00:00,706,159,95.3407960199005,79,112,9,Tuesday
7007744171,2016-04-12 10:00:00,972,175,97.55803571428571,77,114,10,Tuesday
7007744171,2016-04-12 11:00:00,491,175,103.5778364116095,93,116,11,Tuesday
7007744171,2016-04-12 12:00:00,153,115,90.50833333333334,78,118,12,Tuesday
7007744171,2016-04-12 13:00:00,375,118,89.98092643051771,79,113,13,Tuesday
7007744171,2016-04-12 14:00:00,123,93,86.53866666666667,74,97,14,Tuesday
7007744171,2016-04-12 15:00:00,397,131,94.87660668380462,82,113,15,Tuesday
7007744171,2016-04-12 16:00:00,1363,217,102.00688073394495,79,151,16,Tuesday
7007744171,2016-04-12 17:00:00,914,146,93.48522167487685,79,124,17,Tuesday
7007744171,2016-04-12 18:00:00,268,109,89.11538461538461,78,107,18,Tuesday
7007744171,2016-04-12 19:00:00,291,106,85.93491124260355,73,100,19,Tuesday
7007744171,2016-04-12 20:00:00,0,65,74.0,74,74,20,Tuesday
7007744171,2016-04-12 21:00:00,0,65,70.0,70,70,21,Tuesday
7007744171,2016-04-13 05:00:00,7,67,76.0,76,76,5,Wednesday
7007744171,2016-04-13 06:00:00,1329,171,99.70897832817337,70,115,6,Wednesday
7007744171,2016-04-13 07:00:00,448,123,91.07379134860051,75,117,7,Wednesday
7007744171,2016-04-13 08:00:00,5806,426,121.34892086330935,82,144,8,Wednesday
7007744171,2016-04-13 09:00:00,1169,232,107.76645435244161,88,144,9,Wednesday
7007744171,2016-04-13 10:00:00,281,100,85.85911602209944,70,104,10,Wednesday
7007744171,2016-04-13 11:00:00,693,147,93.40972222222223,74,114,11,Wednesday
7007744171,2016-04-13 12:00:00,332,108,86.16897506925208,70,109,12,Wednesday
7007744171,2016-04-13 13:00:00,283,104,87.6711956521739,72,109,13,Wednesday
7007744171,2016-04-13 14:00:00,163,94,86.4178674351585,79,103,14,Wednesday
7007744171,2016-04-13 15:00:00,352,110,84.1620253164557,70,100,15,Wednesday
7007744171,2016-04-13 16:00:00,1391,179,90.37129840546697,71,114,16,Wednesday
7007744171,2016-04-13 17:00:00,229,110,93.16138328530259,82,122,17,Wednesday
7007744171,2016-04-13 18:00:00,233,96,86.58376963350786,75,112,18,Wednesday
7007744171,2016-04-13 19:00:00,89,84,86.31976744186046,77,108,19,Wednesday
7007744171,2016-04-13 20:00:00,57,73,80.59036144578313,70,90,20,Wednesday
7007744171,2016-04-13 21:00:00,0,65,74.95,70,86,21,Wednesday
7007744171,2016-04-14 06:00:00,1349,178,97.78333333333333,83,129,6,Thursday
7007744171,2016-04-14 07:00:00,427,110,82.55905511811024,66,116,7,Thursday
7007744171,2016-04-14 08:00:00,4014,317,108.590099009901,67,131,8,Thursday
7007744171,2016-04-14 09:00:00,627,144,95.28282828282828,77,118,9,Thursday
7007744171,2016-04-14 10:00:00,93,83,80.34153846153846,72,94,10,Thursday
7007744171,2016-04-14 11:00:00,772,146,90.02820512820513,69,111,11,Thursday
7007744171,2016-04-14 12:00:00,364,124,93.07336956521739,78,118,12,Thursday
7007744171,2016-04-14 13:00:00,25,78,88.78125,54,111,13,Thursday
7007744171,2016-04-14 14:00:00,24,78,84.38304093567251,75,131,14,Thursday
7007744171,2016-04-14 15:00:00,366,128,99.32682926829268,82,129,15,Thursday
7007744171,2016-04-14 16:00:00,276,109,91.68571428571428,78,107,16,Thursday
7007744171,2016-04-14 17:00:00,157,90,85.1432584269663,77,108,17,Thursday
7007744171,2016-04-14 18:00:00,952,165,97.14549653579677,75,132,18,Thursday
7007744171,2016-04-14 19:00:00,1452,219,102.45518867924528,90,114,19,Thursday
7007744171,2016-04-14 20:00:00,238,111,85.11048158640227,65,119,20,Thursday
7007744171,2016-04-14 21:00:00,43,70,77.83663366336634,68,87,21,Thursday
7007744171,2016-04-15 06:00:00,934,143,97.61423220973782,81,126,6,Friday
7007744171,2016-04-15 07:00:00,832,142,87.6919315403423,73,121,7,Friday
7007744171,2016-04-15 08:00:00,832,148,89.8951048951049,64,111,8,Friday
7007744171,2016-04-15 09:00:00,342,100,77.85326086956522,65,99,9,Friday
7007744171,2016-04-15 10:00:00,741,122,79.9695550351288,60,108,10,Friday
7007744171,2016-04-15 11:00:00,634,130,84.83937823834196,72,128,11,Friday
7007744171,2016-04-15 12:00:00,319,113,87.89182058047493,71,118,12,Friday
7007744171,2016-04-15 13:00:00,43,82,87.53954802259886,69,107,13,Friday
7007744171,2016-04-15 14:00:00,24,71,83.72058823529412,70,92,14,Friday
7007744171,2016-04-15 15:00:00,105,85,83.1846590909091,74,97,15,Friday
7007744171,2016-04-15 16:00:00,168,83,79.5126050420168,70,110,16,Friday
7007744171,2016-04-15 17:00:00,270,98,81.575,73,103,17,Friday
7007744171,2016-04-15 18:00:00,29,67,76.6923076923077,72,84,18,Friday
7007744171,2016-04-16 06:00:00,70,70,89.16,85,93,6,Saturday
7007744171,2016-04-16 07:00:00,662,135,87.71313672922253,66,118,7,Saturday
7007744171,2016-04-16 08:00:00,107,85,77.27225130890052,68,105,8,Saturday
7007744171,2016-04-16 09:00:00,350,98,79.67866323907455,62,96,9,Saturday
7007744171,2016-04-16 10:00:00,196,86,74.31930693069307,64,103,10,Saturday
7007744171,2016-04-16 11:00:00,254,96,78.325,67,113,11,Saturday
7007744171,2016-04-16 12:00:00,67,76,74.03305785123968,67,86,12,Saturday
7007744171,2016-04-16 13:00:00,165,87,77.51274787535411,65,100,13,Saturday
7007744171,2016-04-16 14:00:00,0,65,68.89117647058823,62,76,14,Saturday
7007744171,2016-04-16 15:00:00,164,85,72.13262599469496,61,104,15,Saturday
7007744171,2016-04-16 16:00:00,590,126,83.67961165048544,65,114,16,Saturday
7007744171,2016-04-16 17:00:00,833,149,93.33838383838383,75,129,17,Saturday
7007744171,2016-04-16 18:00:00,592,129,89.21975308641976,74,111,18,Saturday
7007744171,2016-04-16 19:00:00,325,108,84.53727506426735,70,102,19,Saturday
7007744171,2016-04-16 20:00:00,231,90,78.34444444444445,66,98,20,Saturday
7007744171,2016-04-16 21:00:00,25,72,76.0801282051282,66,93,21,Saturday
7007744171,2016-04-17 06:00:00,422,99,91.30534351145039,70,108,6,Sunday
7007744171,2016-04-17 07:00:00,1818,205,94.03476482617587,70,127,7,Sunday
7007744171,2016-04-17 08:00:00,850,162,95.19832402234637,70,112,8,Sunday
7007744171,2016-04-17 09:00:00,1575,207,98.77701149425287,70,115,9,Sunday
7007744171,2016-04-17 10:00:00,618,131,87.6383495145631,67,121,10,Sunday
7007744171,2016-04-17 11:00:00,343,106,81.1064935064935,67,108,11,Sunday
7007744171,2016-04-17 12:00:00,112,82,77.8328530259366,68,104,12,Sunday
7007744171,2016-04-17 13:00:00,224,92,82.0,74,106,13,Sunday
7007744171,2016-04-17 14:00:00,0,65,71.0945558739255,63,84,14,Sunday
7007744171,2016-04-17 15:00:00,188,92,84.65202702702703,71,117,15,Sunday
7007744171,2016-04-17 16:00:00,608,139,90.0439024390244,74,107,16,Sunday
7007744171,2016-04-17 17:00:00,476,118,86.04935064935064,72,112,17,Sunday
7007744171,2016-04-17 18:00:00,410,119,85.3515625,67,120,18,Sunday
7007744171,2016-04-17 19:00:00,336,107,81.62702702702703,65,108,19,Sunday
7007744171,2016-04-17 20:00:00,79,74,76.82329317269077,70,97,20,Sunday
7007744171,2016-04-18 06:00:00,885,154,94.77181208053692,78,115,6,Monday
7007744171,2016-04-18 07:00:00,477,119,86.4088669950739,70,116,7,Monday
7007744171,2016-04-18 08:00:00,5974,389,110.27619047619048,95,116,8,Monday
7007744171,2016-04-18 09:00:00,1536,229,102.02714932126698,85,124,9,Monday
7007744171,2016-04-18 10:00:00,2724,279,106.48627450980392,86,139,10,Monday
7007744171,2016-04-18 11:00:00,261,105,90.21111111111111,73,105,11,Monday
7007744171,2016-04-18 12:00:00,215,98,82.72,69,111,12,Monday
7007744171,2016-04-18 13:00:00,147,87,81.6711956521739,69,107,13,Monday
7007744171,2016-04-18 14:00:00,234,100,88.06179775280899,65,101,14,Monday
7007744171,2016-04-18 15:00:00,832,160,95.57107843137256,78,108,15,Monday
7007744171,2016-04-18 16:00:00,1002,154,93.82629107981221,76,114,16,Monday
7007744171,2016-04-18 17:00:00,91,88,93.84636118598382,78,116,17,Monday
7007744171,2016-04-18 18:00:00,17,77,87.79829545454545,80,96,18,Monday
7007744171,2016-04-18 19:00:00,291,106,90.26737967914438,80,128,19,Monday
7007744171,2016-04-18 20:00:00,47,85,89.96393442622951,85,99,20,Monday
7007744171,2016-04-18 21:00:00,44,78,87.27433628318585,80,102,21,Monday
7007744171,2016-04-18 22:00:00,39,71,90.46153846153847,84,105,22,Monday
7007744171,2016-04-19 06:00:00,493,119,101.22905027932961,83,115,6,Tuesday
7007744171,2016-04-19 07:00:00,2076,226,99.72553191489362,86,130,7,Tuesday
7007744171,2016-04-19 08:00:00,5287,376,113.72782258064517,89,136,8,Tuesday
7007744171,2016-04-19 09:00:00,823,167,99.27529411764706,78,121,9,Tuesday
7007744171,2016-04-19 10:00:00,526,126,93.29362880886427,80,133,10,Tuesday
7007744171,2016-04-19 11:00:00,601,137,93.5452196382429,80,110,11,Tuesday
7007744171,2016-04-19 12:00:00,186,92,86.94428969359332,69,107,12,Tuesday
7007744171,2016-04-19 13:00:00,0,70,83.3914373088685,68,103,13,Tuesday
7007744171,2016-04-19 14:00:00,187,102,90.16623376623376,72,113,14,Tuesday
7007744171,2016-04-19 15:00:00,310,113,90.52356020942409,67,111,15,Tuesday
7007744171,2016-04-19 16:00:00,301,116,93.0253807106599,79,114,16,Tuesday
7007744171,2016-04-19 17:00:00,1127,176,98.0,69,138,17,Tuesday
7007744171,2016-04-19 18:00:00,678,149,94.88219178082191,79,112,18,Tuesday
7007744171,2016-04-19 19:00:00,1396,167,94.38701298701298,73,112,19,Tuesday
7007744171,2016-04-19 20:00:00,171,88,80.0056338028169,68,103,20,Tuesday
7007744171,2016-04-19 21:00:00,32,68,74.06896551724138,70,84,21,Tuesday
7007744171,2016-04-20 05:00:00,0,65,84.0,84,84,5,Wednesday
7007744171,2016-04-20 06:00:00,819,142,92.64820846905538,70,108,6,Wednesday
7007744171,2016-04-20 07:00:00,591,124,89.37623762376238,78,108,7,Wednesday
7007744171,2016-04-20 08:00:00,6017,493,132.06262626262625,93,151,8,Wednesday
7007744171,2016-04-20 09:00:00,1066,261,111.92258064516129,87,138,9,Wednesday
7007744171,2016-04-20 10:00:00,77,79,83.36417910447761,76,108,10,Wednesday
7007744171,2016-04-20 11:00:00,707,140,90.03007518796993,79,112,11,Wednesday
7007744171,2016-04-20 12:00:00,473,122,90.72592592592592,77,119,12,Wednesday
7007744171,2016-04-20 13:00:00,885,134,92.51295336787565,70,115,13,Wednesday
7007744171,2016-04-20 14:00:00,502,136,92.24473684210527,78,105,14,Wednesday
7007744171,2016-04-20 15:00:00,101,75,82.8271954674221,76,106,15,Wednesday
7007744171,2016-04-20 16:00:00,435,130,94.75260416666667,80,114,16,Wednesday
7007744171,2016-04-20 17:00:00,434,137,97.40862944162437,85,115,17,Wednesday
7007744171,2016-04-20 18:00:00,1025,190,98.64390243902439,81,111,18,Wednesday
7007744171,2016-04-20 19:00:00,1301,196,96.44341801385681,77,121,19,Wednesday
7007744171,2016-04-20 20:00:00,1133,154,90.29141104294479,70,115,20,Wednesday
7007744171,2016-04-20 21:00:00,0,65,70.0,70,70,21,Wednesday
7007744171,2016-04-21 06:00:00,1097,166,98.46525679758308,70,118,6,Thursday
7007744171,2016-04-21 07:00:00,701,136,94.81592039800995,77,118,7,Thursday
7007744171,2016-04-21 08:00:00,5377,361,109.82988505747126,78,136,8,Thursday
7007744171,2016-04-21 09:00:00,1512,233,106.99556541019956,87,124,9,Thursday
7007744171,2016-04-21 10:00:00,915,142,92.49226804123711,78,116,10,Thursday
7007744171,2016-04-21 11:00:00,187,97,86.3917808219178,75,100,11,Thursday
7007744171,2016-04-21 12:00:00,364,115,86.22666666666667,72,119,12,Thursday
7007744171,2016-04-21 13:00:00,1038,181,99.53349282296651,87,121,13,Thursday
7007744171,2016-04-21 14:00:00,413,120,94.04132231404958,70,118,14,Thursday
7007744171,2016-04-21 15:00:00,570,111,88.608,79,104,15,Thursday
7007744171,2016-04-21 16:00:00,555,137,92.86889460154242,77,131,16,Thursday
7007744171,2016-04-21 17:00:00,411,108,84.06896551724138,71,103,17,Thursday
7007744171,2016-04-21 18:00:00,252,95,85.89250814332247,70,102,18,Thursday
7007744171,2016-04-21 19:00:00,246,95,85.93406593406593,74,115,19,Thursday
7007744171,2016-04-21 20:00:00,36,74,75.36079545454545,67,91,20,Thursday
7007744171,2016-04-21 21:00:00,70,74,73.56687898089172,64,91,21,Thursday
7007744171,2016-04-22 06:00:00,424,103,89.48876404494382,70,102,6,Friday
7007744171,2016-04-22 07:00:00,390,102,81.92151898734177,70,115,7,Friday
7007744171,2016-04-22 08:00:00,5545,383,115.06849315068493,75,135,8,Friday
7007744171,2016-04-22 09:00:00,1489,178,97.35678391959799,70,134,9,Friday
7007744171,2016-04-22 10:00:00,62,74,80.20648967551622,68,92,10,Friday
7007744171,2016-04-22 11:00:00,367,110,88.06486486486486,76,107,11,Friday
7007744171,2016-04-22 12:00:00,301,106,85.07387862796834,71,98,12,Friday
7007744171,2016-04-22 13:00:00,236,114,92.47492625368731,87,102,13,Friday
7007744171,2016-04-22 14:00:00,190,97,93.2289156626506,86,100,14,Friday
7007744171,2016-04-22 15:00:00,266,94,85.40356083086053,69,112,15,Friday
7007744171,2016-04-22 16:00:00,1780,233,106.86538461538461,89,140,16,Friday
7007744171,2016-04-22 17:00:00,1623,224,103.25379609544468,78,128,17,Friday
7007744171,2016-04-22 18:00:00,383,103,82.24734042553192,68,106,18,Friday
7007744171,2016-04-22 19:00:00,1624,267,112.3076923076923,72,156,19,Friday
7007744171,2016-04-22 20:00:00,619,118,89.49723756906077,64,121,20,Friday
7007744171,2016-04-22 21:00:00,0,65,68.48809523809524,57,80,21,Friday
7007744171,2016-04-23 06:00:00,465,118,88.58974358974359,72,107,6,Saturday
7007744171,2016-04-23 07:00:00,813,141,91.95959595959596,75,118,7,Saturday
7007744171,2016-04-23 08:00:00,1600,211,100.55604395604395,66,135,8,Saturday
7007744171,2016-04-23 09:00:00,124,84,82.6178861788618,73,108,9,Saturday
7007744171,2016-04-23 10:00:00,281,99,81.83589743589744,69,110,10,Saturday
7007744171,2016-04-23 11:00:00,2567,248,100.22718052738337,72,117,11,Saturday
7007744171,2016-04-23 12:00:00,695,147,91.35135135135135,74,113,12,Saturday
7007744171,2016-04-23 13:00:00,1548,198,101.3913043478261,82,119,13,Saturday
7007744171,2016-04-23 17:00:00,0,65,90.0,70,100,17,Saturday
7007744171,2016-04-24 06:00:00,472,113,95.8170731707317,84,122,6,Sunday
7007744171,2016-04-24 07:00:00,784,140,87.29722921914357,73,103,7,Sunday
7007744171,2016-04-24 08:00:00,757,144,90.83990719257541,66,111,8,Sunday
7007744171,2016-04-24 09:00:00,1425,202,98.09628008752735,78,118,9,Sunday
7007744171,2016-04-24 10:00:00,1487,213,99.16166281755196,70,116,10,Sunday
7007744171,2016-04-24 11:00:00,451,121,86.37209302325581,70,110,11,Sunday
7007744171,2016-04-24 12:00:00,825,167,97.5093896713615,77,118,12,Sunday
7007744171,2016-04-24 13:00:00,1831,223,100.27232142857143,84,120,13,Sunday
7007744171,2016-04-24 14:00:00,1364,188,97.11244019138756,85,110,14,Sunday
7007744171,2016-04-24 15:00:00,1349,194,95.63915094339623,83,110,15,Sunday
7007744171,2016-04-24 16:00:00,340,117,101.66887417218543,89,121,16,Sunday
7007744171,2016-04-24 17:00:00,0,65,121.0,121,121,17,Sunday
7007744171,2016-04-25 06:00:00,1036,152,95.26959247648902,60,113,6,Monday
7007744171,2016-04-25 07:00:00,2993,270,106.03991596638656,83,130,7,Monday
7007744171,2016-04-25 08:00:00,3802,313,111.42885375494072,94,137,8,Monday
7007744171,2016-04-25 09:00:00,2186,259,106.07188160676533,83,133,9,Monday
7007744171,2016-04-25 10:00:00,1929,240,105.23779193205945,89,124,10,Monday
7007744171,2016-04-25 11:00:00,163,95,86.80113636363636,76,108,11,Monday
7007744171,2016-04-25 12:00:00,1430,192,97.49677419354839,78,116,12,Monday
7007744171,2016-04-25 13:00:00,2023,201,97.06852248394004,70,123,13,Monday
7007744171,2016-04-25 14:00:00,319,105,85.84615384615384,70,108,14,Monday
7007744171,2016-04-25 15:00:00,301,104,88.19896640826873,68,105,15,Monday
7007744171,2016-04-25 16:00:00,58,74,75.87222222222222,64,97,16,Monday
7007744171,2016-04-25 17:00:00,453,108,82.49024390243902,68,114,17,Monday
7007744171,2016-04-25 18:00:00,784,143,92.34192037470726,79,114,18,Monday
7007744171,2016-04-25 19:00:00,73,78,82.11111111111111,73,99,19,Monday
7007744171,2016-04-25 20:00:00,679,136,91.5119760479042,72,111,20,Monday
7007744171,2016-04-26 05:00:00,0,65,76.5,70,83,5,Tuesday
7007744171,2016-04-26 06:00:00,923,156,97.66865671641791,70,131,6,Tuesday
7007744171,2016-04-26 07:00:00,844,143,92.13397129186603,75,119,7,Tuesday
7007744171,2016-04-26 08:00:00,153,82,78.37413394919169,68,103,8,Tuesday
7007744171,2016-04-26 09:00:00,1635,187,93.89978213507625,65,137,9,Tuesday
7007744171,2016-04-26 10:00:00,2111,233,100.20038535645472,74,143,10,Tuesday
7007744171,2016-04-26 11:00:00,1750,200,98.43711340206185,77,130,11,Tuesday
7007744171,2016-04-26 12:00:00,2674,276,107.51171875,77,140,12,Tuesday
7007744171,2016-04-26 13:00:00,321,108,86.39904988123516,75,109,13,Tuesday
7007744171,2016-04-26 14:00:00,190,87,79.25661375661376,69,99,14,Tuesday
7007744171,2016-04-26 15:00:00,1000,149,90.0794701986755,70,120,15,Tuesday
7007744171,2016-04-26 16:00:00,1180,175,97.65555555555555,77,116,16,Tuesday
7007744171,2016-04-26 17:00:00,640,150,91.54702970297029,75,112,17,Tuesday
7007744171,2016-04-26 18:00:00,629,134,89.70023980815348,70,117,18,Tuesday
7007744171,2016-04-26 19:00:00,97,79,82.54022988505747,74,102,19,Tuesday
7007744171,2016-04-26 20:00:00,37,76,79.43582089552238,71,92,20,Tuesday
7007744171,2016-04-26 21:00:00,160,90,77.92997198879551,63,92,21,Tuesday
7007744171,2016-04-26 22:00:00,733,155,91.41523341523342,73,116,22,Tuesday
7007744171,2016-04-26 23:00:00,13,69,69.60714285714286,63,81,23,Tuesday
7007744171,2016-04-27 06:00:00,1021,152,94.15290519877676,77,122,6,Wednesday
7007744171,2016-04-27 07:00:00,591,132,88.82638888888889,71,109,7,Wednesday
7007744171,2016-04-27 08:00:00,5165,363,113.23168316831683,77,137,8,Wednesday
7007744171,2016-04-27 09:00:00,1518,205,102.98765432098766,82,129,9,Wednesday
7007744171,2016-04-27 10:00:00,280,94,84.13841807909604,71,106,10,Wednesday
7007744171,2016-04-27 11:00:00,386,123,85.75128205128205,72,111,11,Wednesday
7007744171,2016-04-27 12:00:00,578,139,95.40796019900498,74,117,12,Wednesday
7007744171,2016-04-27 13:00:00,692,147,96.58612440191388,76,121,13,Wednesday
7007744171,2016-04-27 14:00:00,239,100,89.3717277486911,78,111,14,Wednesday
7007744171,2016-04-27 15:00:00,912,188,102.30310262529832,83,130,15,Wednesday
7007744171,2016-04-27 16:00:00,562,131,93.22418136020151,77,122,16,Wednesday
7007744171,2016-04-27 17:00:00,1067,194,103.36363636363636,85,130,17,Wednesday
7007744171,2016-04-27 18:00:00,297,108,95.63578274760384,84,114,18,Wednesday
7007744171,2016-04-27 19:00:00,143,91,87.44761904761904,76,113,19,Wednesday
7007744171,2016-04-27 20:00:00,90,79,81.62213740458016,72,101,20,Wednesday
7007744171,2016-04-28 06:00:00,805,136,94.49375,70,142,6,Thursday
7007744171,2016-04-28 07:00:00,715,142,90.99308755760369,70,133,7,Thursday
7007744171,2016-04-28 08:00:00,1156,170,92.35407725321889,64,117,8,Thursday
7007744171,2016-04-28 09:00:00,1921,233,103.006,93,118,9,Thursday
7007744171,2016-04-28 10:00:00,3163,293,111.2011385199241,89,152,10,Thursday
7007744171,2016-04-28 11:00:00,2669,237,101.90928725701944,74,125,11,Thursday
7007744171,2016-04-28 12:00:00,482,126,96.52466367713005,80,113,12,Thursday
7007744171,2016-04-28 13:00:00,897,161,100.49859154929578,87,119,13,Thursday
7007744171,2016-04-28 14:00:00,249,105,85.75515463917526,69,118,14,Thursday
7007744171,2016-04-28 15:00:00,152,85,76.62933333333334,66,93,15,Thursday
7007744171,2016-04-28 16:00:00,358,103,75.52956989247312,62,115,16,Thursday
7007744171,2016-04-28 17:00:00,203,88,79.60830860534125,69,99,17,Thursday
7007744171,2016-04-28 18:00:00,363,104,81.27540106951872,67,105,18,Thursday
7007744171,2016-04-28 19:00:00,1134,144,83.06,67,115,19,Thursday
7007744171,2016-04-28 20:00:00,803,121,78.57462686567165,60,132,20,Thursday
7007744171,2016-04-28 21:00:00,58,71,64.46604938271605,58,76,21,Thursday
7007744171,2016-04-29 06:00:00,637,121,89.85039370078741,67,108,6,Friday
7007744171,2016-04-29 07:00:00,3274,270,101.77696078431373,79,116,7,Friday
7007744171,2016-04-29 08:00:00,3939,325,109.39310344827587,92,123,8,Friday
7007744171,2016-04-29 09:00:00,642,143,92.1990407673861,69,120,9,Friday
7007744171,2016-04-29 10:00:00,399,101,84.31062670299727,70,145,10,Friday
7007744171,2016-04-29 11:00:00,274,104,80.95952380952382,63,120,11,Friday
7007744171,2016-04-29 12:00:00,630,143,90.155,71,111,12,Friday
7007744171,2016-04-29 13:00:00,193,96,86.9079283887468,74,111,13,Friday
7007744171,2016-04-29 14:00:00,2050,212,97.2064128256513,84,125,14,Friday
7007744171,2016-04-29 15:00:00,616,127,92.74807197943444,79,114,15,Friday
7007744171,2016-04-29 16:00:00,547,133,94.9501312335958,79,117,16,Friday
7007744171,2016-04-29 17:00:00,1857,223,105.06639004149378,78,142,17,Friday
7007744171,2016-04-29 18:00:00,1051,164,94.16666666666667,66,132,18,Friday
7007744171,2016-04-29 19:00:00,2151,228,100.10288065843622,75,137,19,Friday
7007744171,2016-04-29 20:00:00,1094,143,87.2014742014742,71,111,20,Friday
7007744171,2016-04-29 21:00:00,713,130,87.86834733893558,71,108,21,Friday
7007744171,2016-04-30 07:00:00,197,92,89.92857142857143,82,103,7,Saturday
7007744171,2016-04-30 08:00:00,802,143,89.22195704057279,68,110,8,Saturday
7007744171,2016-04-30 09:00:00,485,169,100.73809523809524,73,124,9,Saturday
7007744171,2016-04-30 10:00:00,417,108,78.39841688654353,62,114,10,Saturday
7007744171,2016-04-30 11:00:00,298,100,74.633423180593,63,96,11,Saturday
7007744171,2016-04-30 12:00:00,190,90,76.39071038251366,66,97,12,Saturday
7007744171,2016-04-30 13:00:00,513,112,86.81972789115646,67,120,13,Saturday
7007744171,2016-04-30 14:00:00,75,77,80.57062146892656,70,102,14,Saturday
7007744171,2016-04-30 15:00:00,21,70,74.30144927536232,64,99,15,Saturday
7007744171,2016-04-30 16:00:00,26,72,76.65406976744185,67,98,16,Saturday
7007744171,2016-04-30 17:00:00,339,111,87.18518518518519,68,110,17,Saturday
7007744171,2016-04-30 18:00:00,85,80,75.4016620498615,61,113,18,Saturday
7007744171,2016-04-30 19:00:00,82,78,74.21676300578035,62,92,19,Saturday
7007744171,2016-04-30 20:00:00,78,78,72.05,64,88,20,Saturday
7007744171,2016-04-30 21:00:00,130,82,74.16666666666667,64,101,21,Saturday
7007744171,2016-04-30 22:00:00,23,69,77.37373737373737,70,92,22,Saturday
7007744171,2016-04-30 23:00:00,0,65,70.0,70,70,23,Saturday
7007744171,2016-05-01 06:00:00,0,65,70.0,70,70,6,Sunday
7007744171,2016-05-01 07:00:00,649,120,86.95219123505976,57,104,7,Sunday
7007744171,2016-05-01 08:00:00,452,112,81.84498480243161,64,109,8,Sunday
7007744171,2016-05-01 09:00:00,651,125,85.80253164556962,66,120,9,Sunday
7007744171,2016-05-01 10:00:00,247,89,73.55053191489361,59,99,10,Sunday
7007744171,2016-05-01 11:00:00,36,69,68.03625377643505,59,89,11,Sunday
7007744171,2016-05-01 12:00:00,189,94,76.84943181818181,60,106,12,Sunday
7007744171,2016-05-01 13:00:00,1186,251,110.85649202733485,96,128,13,Sunday
7007744171,2016-05-01 14:00:00,321,101,84.58900523560209,68,100,14,Sunday
7007744171,2016-05-01 15:00:00,613,117,84.45843828715365,69,110,15,Sunday
7007744171,2016-05-01 16:00:00,738,154,93.20142180094787,74,112,16,Sunday
7007744171,2016-05-01 17:00:00,231,96,82.14285714285714,70,106,17,Sunday
7007744171,2016-05-01 18:00:00,51,84,84.0210843373494,70,92,18,Sunday
7007744171,2016-05-01 19:00:00,236,101,83.83387622149837,74,102,19,Sunday
7007744171,2016-05-01 21:00:00,0,65,107.0,107,107,21,Sunday
7007744171,2016-05-02 06:00:00,823,149,92.05014749262537,70,112,6,Monday
7007744171,2016-05-02 07:00:00,485,112,80.52061855670104,69,102,7,Monday
7007744171,2016-05-02 08:00:00,4937,357,112.71489361702127,82,134,8,Monday
7007744171,2016-05-02 09:00:00,2409,263,106.28676470588235,86,123,9,Monday
7007744171,2016-05-02 10:00:00,2312,257,105.8936170212766,79,147,10,Monday
7007744171,2016-05-02 11:00:00,426,120,87.58445040214477,68,106,11,Monday
7007744171,2016-05-02 12:00:00,145,86,82.04065040650407,71,98,12,Monday
7007744171,2016-05-02 13:00:00,93,77,73.80112044817928,63,95,13,Monday
7007744171,2016-05-02 14:00:00,120,86,80.49584487534626,64,98,14,Monday
7007744171,2016-05-02 15:00:00,180,87,80.75211267605634,71,99,15,Monday
7007744171,2016-05-02 16:00:00,122,87,75.54,64,92,16,Monday
7007744171,2016-05-02 17:00:00,693,139,85.46475195822454,69,104,17,Monday
7007744171,2016-05-02 18:00:00,114,79,74.13467048710602,64,93,18,Monday
7007744171,2016-05-02 19:00:00,152,85,69.41666666666667,58,96,19,Monday
7007744171,2016-05-02 20:00:00,6,69,68.15902140672783,60,79,20,Monday
7007744171,2016-05-02 21:00:00,24,69,81.4,70,94,21,Monday
7007744171,2016-05-03 06:00:00,1050,160,100.61278195488721,79,121,6,Tuesday
7007744171,2016-05-03 07:00:00,3671,306,107.52183406113537,79,138,7,Tuesday
7007744171,2016-05-03 08:00:00,2965,287,107.84708737864078,85,130,8,Tuesday
7007744171,2016-05-03 09:00:00,650,157,94.49019607843137,72,122,9,Tuesday
7007744171,2016-05-03 10:00:00,299,98,83.83286908077994,72,102,10,Tuesday
7007744171,2016-05-03 11:00:00,802,158,92.89810426540285,72,112,11,Tuesday
7007744171,2016-05-03 12:00:00,557,133,94.125,72,116,12,Tuesday
7007744171,2016-05-03 13:00:00,1509,223,103.91121495327103,83,138,13,Tuesday
7007744171,2016-05-03 14:00:00,384,112,86.45384615384616,65,122,14,Tuesday
7007744171,2016-05-03 15:00:00,718,126,86.5241935483871,70,106,15,Tuesday
7007744171,2016-05-03 16:00:00,406,119,84.2984693877551,66,109,16,Tuesday
7007744171,2016-05-03 17:00:00,1016,178,94.72251308900523,72,112,17,Tuesday
7007744171,2016-05-03 18:00:00,232,99,89.475,75,106,18,Tuesday
7007744171,2016-05-03 19:00:00,84,77,81.21428571428571,70,108,19,Tuesday
7007744171,2016-05-03 20:00:00,73,142,95.44327176781003,73,131,20,Tuesday
7007744171,2016-05-03 21:00:00,94,85,82.8703071672355,68,106,21,Tuesday
7007744171,2016-05-05 06:00:00,752,147,94.94982078853046,70,113,6,Thursday
7007744171,2016-05-05 07:00:00,2793,258,103.24619289340102,76,130,7,Thursday
7007744171,2016-05-05 08:00:00,4094,327,107.2903981264637,81,125,8,Thursday
7007744171,2016-05-05 09:00:00,2361,282,109.63452914798206,85,133,9,Thursday
7007744171,2016-05-05 10:00:00,1294,211,103.67375886524823,75,125,10,Thursday
7007744171,2016-05-05 11:00:00,130,96,90.09428571428572,78,102,11,Thursday
7007744171,2016-05-05 12:00:00,192,97,94.68681318681318,73,113,12,Thursday
7007744171,2016-05-05 13:00:00,562,118,101.8984771573604,70,121,13,Thursday
7007744171,2016-05-05 14:00:00,326,138,97.41902313624679,82,118,14,Thursday
7007744171,2016-05-05 15:00:00,662,157,96.13915094339623,83,122,15,Thursday
7007744171,2016-05-05 16:00:00,781,141,93.94484412470024,78,113,16,Thursday
7007744171,2016-05-05 17:00:00,385,110,88.7012658227848,76,110,17,Thursday
7007744171,2016-05-05 18:00:00,595,123,90.10831234256926,79,115,18,Thursday
7007744171,2016-05-05 19:00:00,83,80,86.97142857142858,75,110,19,Thursday
7007744171,2016-05-06 05:00:00,43,68,96.52631578947368,89,110,5,Friday
7007744171,2016-05-06 06:00:00,5742,408,116.42996742671009,88,166,6,Friday
7007744171,2016-05-06 07:00:00,1164,182,97.21581196581197,70,121,7,Friday
7007744171,2016-05-06 08:00:00,907,177,103.94082840236686,80,135,8,Friday
7007744171,2016-05-06 09:00:00,806,156,94.4431554524362,77,120,9,Friday
7007744171,2016-05-06 10:00:00,90,78,77.72155688622755,69,96,10,Friday
7007744171,2016-05-06 11:00:00,441,110,82.82077922077922,67,109,11,Friday
7007744171,2016-05-06 12:00:00,301,98,82.11167512690355,69,102,12,Friday
7007744171,2016-05-06 13:00:00,324,110,87.78061224489795,72,112,13,Friday
7007744171,2016-05-06 14:00:00,37,71,76.05555555555556,67,99,14,Friday
7007744171,2016-05-06 15:00:00,361,111,79.72397094430993,66,107,15,Friday
7007744171,2016-05-06 16:00:00,69,80,72.99140401146131,63,96,16,Friday
7007744171,2016-05-06 17:00:00,135,85,73.84770114942529,62,97,17,Friday
7007744171,2016-05-06 18:00:00,453,107,80.01408450704226,62,102,18,Friday
7007744171,2016-05-06 19:00:00,374,105,81.84939759036145,68,130,19,Friday
7007744171,2016-05-06 20:00:00,212,89,75.10928961748634,64,97,20,Friday
8792009665,2016-04-12 00:00:00,0,70,70.0,70,70,0,Tuesday
8792009665,2016-04-12 01:00:00,0,70,70.0,70,70,1,Tuesday
8792009665,2016-04-12 02:00:00,7,81,65.06611570247934,59,128,2,Tuesday
8792009665,2016-04-12 03:00:00,0,70,58.889240506329116,54,64,3,Tuesday
8792009665,2016-04-12 04:00:00,0,70,60.66774193548387,56,107,4,Tuesday
8792009665,2016-04-12 05:00:00,0,70,59.204268292682926,52,81,5,Tuesday
8792009665,2016-04-12 06:00:00,0,70,58.403076923076924,54,92,6,Tuesday
8792009665,2016-04-12 07:00:00,0,70,58.32448377581121,48,81,7,Tuesday
8792009665,2016-04-12 08:00:00,13,77,58.97337278106509,51,106,8,Tuesday
8792009665,2016-04-12 09:00:00,0,71,57.969969969969966,53,118,9,Tuesday
8792009665,2016-04-12 10:00:00,69,84,71.12631578947368,54,102,10,Tuesday
8792009665,2016-04-12 11:00:00,81,78,66.01923076923077,59,88,11,Tuesday
8792009665,2016-04-12 12:00:00,291,130,83.78100263852242,59,123,12,Tuesday
8792009665,2016-04-12 13:00:00,7,76,78.69820971867007,71,92,13,Tuesday
8792009665,2016-04-12 14:00:00,7,73,75.86350974930362,71,84,14,Tuesday
8792009665,2016-04-12 15:00:00,83,90,77.53994490358127,64,111,15,Tuesday
8792009665,2016-04-12 16:00:00,135,90,69.95402298850574,58,100,16,Tuesday
8792009665,2016-04-12 17:00:00,23,74,71.17307692307692,70,84,17,Tuesday
8792009665,2016-04-12 18:00:00,781,144,86.7246835443038,62,135,18,Tuesday
8792009665,2016-04-12 19:00:00,700,150,81.77225672877847,60,117,19,Tuesday
8792009665,2016-04-12 20:00:00,119,83,67.0,56,89,20,Tuesday
8792009665,2016-04-12 21:00:00,16,74,62.18055555555556,53,98,21,Tuesday
8792009665,2016-04-12 22:00:00,32,78,66.54907161803713,57,91,22,Tuesday
8792009665,2016-04-12 23:00:00,192,97,70.21105527638191,54,97,23,Tuesday
8792009665,2016-04-13 00:00:00,162,101,70.43256997455471,56,108,0,Wednesday
8792009665,2016-04-13 01:00:00,19,77,66.6340206185567,59,98,1,Wednesday
8792009665,2016-04-13 02:00:00,9,72,65.42045454545455,60,74,2,Wednesday
8792009665,2016-04-13 03:00:00,0,70,65.48929663608563,53,76,3,Wednesday
8792009665,2016-04-13 04:00:00,0,71,63.11076923076923,54,76,4,Wednesday
8792009665,2016-04-13 05:00:00,0,71,63.135802469135804,56,91,5,Wednesday
8792009665,2016-04-13 06:00:00,8,73,59.411764705882355,53,104,6,Wednesday
8792009665,2016-04-13 07:00:00,62,78,57.97982708933718,50,99,7,Wednesday
8792009665,2016-04-13 08:00:00,0,71,54.96165191740413,45,86,8,Wednesday
8792009665,2016-04-13 09:00:00,0,70,57.04761904761905,51,78,9,Wednesday
8792009665,2016-04-13 10:00:00,91,81,63.08215297450425,43,96,10,Wednesday
8792009665,2016-04-13 11:00:00,113,91,70.88059701492537,58,105,11,Wednesday
8792009665,2016-04-13 12:00:00,10,77,74.056,62,86,12,Wednesday
8792009665,2016-04-13 13:00:00,187,97,77.22278481012658,65,119,13,Wednesday
8792009665,2016-04-13 14:00:00,0,71,67.48041775456919,59,80,14,Wednesday
8792009665,2016-04-13 15:00:00,49,80,68.26666666666667,60,111,15,Wednesday
8792009665,2016-04-13 16:00:00,15,73,62.07713498622589,56,75,16,Wednesday
8792009665,2016-04-13 17:00:00,96,82,68.7937062937063,59,97,17,Wednesday
8792009665,2016-04-13 18:00:00,83,88,81.28030303030303,64,101,18,Wednesday
8792009665,2016-04-13 19:00:00,206,114,84.63594470046083,71,121,19,Wednesday
8792009665,2016-04-13 20:00:00,64,91,78.36734693877551,68,104,20,Wednesday
8792009665,2016-04-13 21:00:00,74,77,73.01587301587301,63,82,21,Wednesday
8792009665,2016-04-13 22:00:00,72,85,71.91927083333333,65,105,22,Wednesday
8792009665,2016-04-13 23:00:00,0,75,73.05177111716621,64,87,23,Wednesday
8792009665,2016-04-14 00:00:00,279,131,81.21197007481297,59,124,0,Thursday
8792009665,2016-04-14 01:00:00,45,84,74.92329545454545,62,110,1,Thursday
8792009665,2016-04-14 02:00:00,13,75,63.06927710843374,54,82,2,Thursday
8792009665,2016-04-14 03:00:00,0,70,63.69155844155844,57,79,3,Thursday
8792009665,2016-04-14 04:00:00,0,71,61.738351254480285,54,85,4,Thursday
8792009665,2016-04-14 05:00:00,0,70,55.75073313782991,47,73,5,Thursday
8792009665,2016-04-14 06:00:00,7,72,60.14,51,106,6,Thursday
8792009665,2016-04-14 07:00:00,0,71,59.26979472140763,52,86,7,Thursday
8792009665,2016-04-14 08:00:00,7,72,55.83673469387755,49,75,8,Thursday
8792009665,2016-04-14 09:00:00,0,71,58.35423197492163,51,105,9,Thursday
8792009665,2016-04-14 10:00:00,0,71,57.32448377581121,46,78,10,Thursday
8792009665,2016-04-14 11:00:00,227,105,74.43170731707318,58,100,11,Thursday
8792009665,2016-04-14 12:00:00,148,98,75.95538057742782,65,101,12,Thursday
8792009665,2016-04-14 13:00:00,15,81,76.34688346883469,64,87,13,Thursday
8792009665,2016-04-14 14:00:00,0,72,74.17647058823529,58,83,14,Thursday
8792009665,2016-04-14 15:00:00,50,80,70.88888888888889,57,93,15,Thursday
8792009665,2016-04-14 16:00:00,25,77,70.41666666666667,64,83,16,Thursday
8792009665,2016-04-14 17:00:00,110,95,80.41176470588235,66,119,17,Thursday
8792009665,2016-04-14 18:00:00,165,110,81.40086206896552,63,110,18,Thursday
8792009665,2016-04-14 21:00:00,43,82,72.69076305220884,61,105,21,Thursday
8792009665,2016-04-14 22:00:00,5,74,71.9014423076923,62,89,22,Thursday
8792009665,2016-04-14 23:00:00,80,88,77.46153846153847,67,96,23,Thursday
8792009665,2016-04-15 00:00:00,227,105,76.10969387755102,60,116,0,Friday
8792009665,2016-04-15 01:00:00,43,77,64.36096256684492,56,83,1,Friday
8792009665,2016-04-15 02:00:00,49,77,68.49863760217984,59,98,2,Friday
8792009665,2016-04-15 03:00:00,29,78,66.00335570469798,61,83,3,Friday
8792009665,2016-04-15 04:00:00,7,72,64.653125,56,88,4,Friday
8792009665,2016-04-15 05:00:00,0,70,65.13920454545455,50,81,5,Friday
8792009665,2016-04-15 06:00:00,0,71,66.77439024390245,57,96,6,Friday
8792009665,2016-04-15 07:00:00,0,71,62.76142131979695,54,98,7,Friday
8792009665,2016-04-15 08:00:00,0,71,60.86970684039088,56,98,8,Friday
8792009665,2016-04-15 09:00:00,34,76,63.409893992932865,49,103,9,Friday
8792009665,2016-04-15 10:00:00,99,82,71.59345794392523,66,102,10,Friday
8792009665,2016-04-15 11:00:00,185,96,72.20809248554913,65,97,11,Friday
8792009665,2016-04-20 01:00:00,0,71,72.83333333333333,57,117,1,Wednesday
8792009665,2016-04-20 02:00:00,10,74,57.942424242424245,54,107,2,Wednesday
8792009665,2016-04-20 03:00:00,0,70,57.182724252491695,54,61,3,Wednesday
8792009665,2016-04-20 04:00:00,0,71,57.401162790697676,48,82,4,Wednesday
8792009665,2016-04-20 05:00:00,5,72,55.79032258064516,53,72,5,Wednesday
8792009665,2016-04-20 06:00:00,0,71,57.12738853503185,49,68,6,Wednesday
8792009665,2016-04-20 07:00:00,0,70,52.848942598187314,44,66,7,Wednesday
8792009665,2016-04-20 08:00:00,0,70,60.41580756013746,55,63,8,Wednesday
8792009665,2016-04-20 09:00:00,33,75,56.42901234567901,44,96,9,Wednesday
8792009665,2016-04-20 10:00:00,0,72,63.07949790794979,52,87,10,Wednesday
8792009665,2016-04-20 11:00:00,142,92,68.67397260273972,54,93,11,Wednesday
8792009665,2016-04-20 12:00:00,184,113,78.1321243523316,61,114,12,Wednesday
8792009665,2016-04-20 13:00:00,0,74,71.72560975609755,61,82,13,Wednesday
8792009665,2016-04-20 14:00:00,6,76,74.94586894586895,66,92,14,Wednesday
8792009665,2016-04-20 15:00:00,4,74,72.6969696969697,64,84,15,Wednesday
8792009665,2016-04-20 16:00:00,119,85,71.59947643979058,62,102,16,Wednesday
8792009665,2016-04-20 17:00:00,1125,221,96.72236503856041,70,120,17,Wednesday
8792009665,2016-04-20 18:00:00,116,101,78.24678663239075,68,97,18,Wednesday
8792009665,2016-04-20 19:00:00,220,110,79.60659898477158,70,112,19,Wednesday
8792009665,2016-04-20 20:00:00,698,170,84.90625,68,112,20,Wednesday
8792009665,2016-04-20 21:00:00,327,118,76.62745098039215,59,102,21,Wednesday
8792009665,2016-04-20 22:00:00,151,91,65.90452261306532,54,94,22,Wednesday
8792009665,2016-04-20 23:00:00,7,78,71.19337016574586,55,86,23,Wednesday
8792009665,2016-04-21 00:00:00,144,102,80.9888888888889,66,108,0,Thursday
8792009665,2016-04-21 10:00:00,0,70,70.0,70,70,10,Thursday
8792009665,2016-04-21 13:00:00,0,70,75.0,75,75,13,Thursday
8792009665,2016-04-22 00:00:00,17,78,70.82758620689656,46,123,0,Friday
8792009665,2016-04-22 01:00:00,16,89,76.88524590163935,68,123,1,Friday
8792009665,2016-04-22 02:00:00,18,76,67.55839416058394,64,98,2,Friday
8792009665,2016-04-22 03:00:00,0,71,65.70748299319727,59,79,3,Friday
8792009665,2016-04-22 04:00:00,0,70,65.5583596214511,63,68,4,Friday
8792009665,2016-04-22 05:00:00,0,71,59.32692307692308,49,93,5,Friday
8792009665,2016-04-22 06:00:00,0,70,60.090614886731395,55,78,6,Friday
8792009665,2016-04-22 07:00:00,7,72,57.111111111111114,45,80,7,Friday
8792009665,2016-04-22 08:00:00,32,85,62.09705882352941,44,107,8,Friday
8792009665,2016-04-22 09:00:00,117,86,63.22693266832918,54,108,9,Friday
8792009665,2016-04-22 10:00:00,88,85,65.32647814910025,56,81,10,Friday
8792009665,2016-04-22 11:00:00,257,112,68.24711316397229,56,116,11,Friday
8792009665,2016-04-22 12:00:00,165,96,66.47680412371135,55,113,12,Friday
8792009665,2016-04-22 13:00:00,23,78,68.7550505050505,59,85,13,Friday
8792009665,2016-04-22 14:00:00,0,71,67.06027397260274,53,75,14,Friday
8792009665,2016-04-22 15:00:00,16,74,68.88059701492537,56,100,15,Friday
8792009665,2016-04-22 16:00:00,1009,191,86.85301837270342,61,115,16,Friday
8792009665,2016-04-22 17:00:00,603,173,89.76674364896074,68,113,17,Friday
8792009665,2016-04-22 18:00:00,463,180,88.13197969543147,63,131,18,Friday
8792009665,2016-04-22 19:00:00,705,213,90.3768472906404,65,114,19,Friday
8792009665,2016-04-22 20:00:00,435,150,82.58418367346938,61,114,20,Friday
8792009665,2016-04-22 21:00:00,45,78,60.33038348082596,54,73,21,Friday
8792009665,2016-04-22 22:00:00,52,78,59.566757493188014,53,75,22,Friday
8792009665,2016-04-22 23:00:00,0,73,61.390243902439025,54,72,23,Friday
8792009665,2016-04-23 00:00:00,266,122,72.87598944591029,57,117,0,Saturday
8792009665,2016-04-23 01:00:00,121,118,76.58423913043478,61,119,1,Saturday
8792009665,2016-04-23 02:00:00,60,81,66.57142857142857,58,89,2,Saturday
8792009665,2016-04-23 03:00:00,17,74,61.56891495601173,56,74,3,Saturday
8792009665,2016-04-23 04:00:00,0,71,64.97923875432527,56,78,4,Saturday
8792009665,2016-04-23 05:00:00,0,71,66.99395770392749,51,81,5,Saturday
8792009665,2016-04-23 06:00:00,0,71,68.96142433234421,60,90,6,Saturday
8792009665,2016-04-23 07:00:00,0,71,61.34540389972145,48,93,7,Saturday
8792009665,2016-04-23 08:00:00,0,70,61.08408408408408,52,90,8,Saturday
8792009665,2016-04-23 09:00:00,276,109,75.36061381074168,55,115,9,Saturday
8792009665,2016-04-23 10:00:00,468,146,92.48868778280543,77,130,10,Saturday
8792009665,2016-04-23 11:00:00,794,173,86.90736842105264,68,112,11,Saturday
8792009665,2016-04-23 12:00:00,224,105,79.18274111675127,68,103,12,Saturday
8792009665,2016-04-23 13:00:00,565,304,106.78571428571429,81,141,13,Saturday
8792009665,2016-04-23 14:00:00,378,145,88.3731343283582,70,118,14,Saturday
8792009665,2016-04-23 15:00:00,433,153,86.71186440677967,69,123,15,Saturday
8792009665,2016-04-23 16:00:00,671,168,87.37316561844864,66,124,16,Saturday
8792009665,2016-04-23 17:00:00,263,127,89.12709832134293,75,112,17,Saturday
8792009665,2016-04-23 18:00:00,372,148,90.18735362997658,74,115,18,Saturday
8792009665,2016-04-23 19:00:00,26,82,78.56267409470752,70,91,19,Saturday
8792009665,2016-04-23 20:00:00,220,102,77.16389548693587,62,104,20,Saturday
8792009665,2016-04-23 21:00:00,38,79,70.65974025974026,61,103,21,Saturday
8792009665,2016-04-23 22:00:00,47,81,66.7237851662404,58,82,22,Saturday
8792009665,2016-04-23 23:00:00,6,75,70.27613941018767,60,84,23,Saturday
8792009665,2016-04-24 00:00:00,71,83,66.96712328767123,57,87,0,Sunday
8792009665,2016-04-24 01:00:00,329,169,86.78896103896103,55,120,1,Sunday
8792009665,2016-04-26 09:00:00,94,90,66.53456221198157,55,112,9,Tuesday
8792009665,2016-04-26 10:00:00,8,74,61.63025210084034,55,73,10,Tuesday
8792009665,2016-04-26 11:00:00,69,83,62.94492753623189,54,105,11,Tuesday
8792009665,2016-04-26 12:00:00,55,85,69.74074074074075,56,110,12,Tuesday
8792009665,2016-04-26 13:00:00,39,78,69.78571428571429,59,84,13,Tuesday
8792009665,2016-04-26 14:00:00,7,74,70.4366576819407,57,91,14,Tuesday
8792009665,2016-04-26 15:00:00,27,76,66.73961218836565,59,83,15,Tuesday
8792009665,2016-04-26 16:00:00,13,75,64.97422680412372,55,83,16,Tuesday
8792009665,2016-04-26 17:00:00,354,122,76.58588235294117,56,101,17,Tuesday
8792009665,2016-04-26 18:00:00,420,127,86.0,67,114,18,Tuesday
8792009665,2016-04-26 19:00:00,23,81,78.59663865546219,70,101,19,Tuesday
8792009665,2016-04-26 20:00:00,68,86,70.72,59,100,20,Tuesday
8792009665,2016-04-26 21:00:00,72,82,66.33416458852868,58,90,21,Tuesday
8792009665,2016-04-26 22:00:00,32,77,67.19946808510639,61,77,22,Tuesday
8792009665,2016-04-26 23:00:00,40,82,65.31675392670157,58,97,23,Tuesday
8792009665,2016-04-27 00:00:00,228,126,82.66748768472907,61,127,0,Wednesday
8792009665,2016-04-27 01:00:00,246,109,73.4707520891365,57,120,1,Wednesday
8792009665,2016-04-27 02:00:00,0,71,63.72352941176471,59,70,2,Wednesday
8792009665,2016-04-27 03:00:00,0,70,62.22186495176849,55,84,3,Wednesday
8792009665,2016-04-27 04:00:00,0,70,53.976401179941,43,63,4,Wednesday
8792009665,2016-04-27 05:00:00,0,70,55.69005847953216,44,75,5,Wednesday
8792009665,2016-04-27 06:00:00,0,71,57.351351351351354,53,75,6,Wednesday
8792009665,2016-04-27 07:00:00,0,71,55.4985835694051,45,82,7,Wednesday
8792009665,2016-04-27 08:00:00,0,70,53.982698961937714,46,58,8,Wednesday
8792009665,2016-04-27 09:00:00,150,97,69.29292929292929,51,125,9,Wednesday
8792009665,2016-04-27 10:00:00,0,72,62.05865921787709,55,77,10,Wednesday
8792009665,2016-04-27 11:00:00,288,102,68.01785714285714,55,107,11,Wednesday
8792009665,2016-04-27 12:00:00,13,78,69.9438775510204,60,83,12,Wednesday
8792009665,2016-04-27 13:00:00,55,93,70.50253807106598,59,124,13,Wednesday
8792009665,2016-04-27 14:00:00,15,78,69.17150395778364,61,81,14,Wednesday
8792009665,2016-04-27 15:00:00,27,80,68.76764705882353,59,83,15,Wednesday
8792009665,2016-04-27 16:00:00,102,87,77.1044776119403,67,98,16,Wednesday
8792009665,2016-04-27 17:00:00,75,123,97.95364238410596,70,132,17,Wednesday
8792009665,2016-04-27 18:00:00,211,115,87.0130548302872,66,104,18,Wednesday
8792009665,2016-04-27 19:00:00,90,87,75.73130193905817,62,103,19,Wednesday
8792009665,2016-04-27 20:00:00,139,93,71.17721518987342,56,97,20,Wednesday
8792009665,2016-04-27 21:00:00,75,80,71.90281329923273,62,97,21,Wednesday
8792009665,2016-04-27 22:00:00,16,75,72.16576086956522,65,81,22,Wednesday
8792009665,2016-04-27 23:00:00,28,78,70.10109289617486,63,92,23,Wednesday
8792009665,2016-04-28 00:00:00,172,99,73.43116883116883,61,107,0,Thursday
8792009665,2016-04-28 01:00:00,160,92,67.4030226700252,55,104,1,Thursday
8792009665,2016-04-28 02:00:00,211,104,68.9023746701847,53,121,2,Thursday
8792009665,2016-04-28 03:00:00,0,70,56.616129032258065,53,59,3,Thursday
8792009665,2016-04-28 04:00:00,0,71,52.559006211180126,46,60,4,Thursday
8792009665,2016-04-28 05:00:00,0,71,53.611275964391695,44,66,5,Thursday
8792009665,2016-04-28 06:00:00,0,71,59.649517684887456,52,81,6,Thursday
8792009665,2016-04-28 07:00:00,0,71,60.87966804979253,51,70,7,Thursday
8792009665,2016-04-28 08:00:00,25,78,56.72560975609756,50,104,8,Thursday
8792009665,2016-04-28 09:00:00,272,103,70.3547557840617,47,122,9,Thursday
8792009665,2016-04-28 10:00:00,405,135,80.59688195991092,62,114,10,Thursday
8792009665,2016-04-28 11:00:00,169,96,74.50872817955113,61,114,11,Thursday
8792009665,2016-04-28 12:00:00,0,74,74.01808785529715,63,87,12,Thursday
8792009665,2016-04-28 13:00:00,289,123,85.66832917705736,68,126,13,Thursday
8792009665,2016-04-28 14:00:00,653,171,91.2275,70,125,14,Thursday
8792009665,2016-04-28 15:00:00,951,194,87.66883116883118,63,110,15,Thursday
8792009665,2016-04-28 16:00:00,931,192,88.57668711656441,74,111,16,Thursday
8792009665,2016-04-28 17:00:00,695,222,94.34453781512605,68,134,17,Thursday
8792009665,2016-04-28 18:00:00,164,162,94.71645021645021,74,112,18,Thursday
8792009665,2016-04-28 19:00:00,496,185,97.17361111111111,72,120,19,Thursday
8792009665,2016-04-28 20:00:00,346,148,89.40094339622641,74,129,20,Thursday
8792009665,2016-04-28 21:00:00,26,79,74.92820512820512,62,85,21,Thursday
8792009665,2016-04-28 22:00:00,134,82,71.20918367346938,61,80,22,Thursday
8792009665,2016-04-28 23:00:00,58,87,75.75121951219512,65,114,23,Thursday
8792009665,2016-04-29 00:00:00,670,152,81.76036866359448,62,117,0,Friday
8792009665,2016-04-29 01:00:00,182,108,81.43152454780362,63,114,1,Friday
8792009665,2016-04-29 02:00:00,44,88,70.93162393162393,57,120,2,Friday
8792009665,2016-04-29 03:00:00,0,70,62.121580547112465,59,65,3,Friday
8792009665,2016-04-29 04:00:00,0,71,58.60422960725076,50,74,4,Friday
8792009665,2016-04-29 05:00:00,0,71,64.33232628398791,56,87,5,Friday
8792009665,2016-04-29 06:00:00,0,70,66.62691131498471,52,74,6,Friday
8792009665,2016-04-29 07:00:00,0,70,60.645714285714284,48,76,7,Friday
8792009665,2016-04-29 08:00:00,0,70,63.61363636363637,54,71,8,Friday
8792009665,2016-04-29 09:00:00,364,130,81.1514423076923,59,98,9,Friday
8792009665,2016-04-29 10:00:00,763,222,93.83572895277207,72,158,10,Friday
8792009665,2016-04-29 11:00:00,436,141,83.05339805825243,60,133,11,Friday
8792009665,2016-04-29 12:00:00,150,87,67.28092783505154,56,101,12,Friday
8792009665,2016-04-29 13:00:00,0,75,69.00804289544236,57,108,13,Friday
8792009665,2016-04-29 14:00:00,1332,277,100.1868787276342,79,133,14,Friday
8792009665,2016-04-29 15:00:00,675,182,94.12931034482759,75,120,15,Friday
8792009665,2016-04-29 16:00:00,407,198,95.45362903225806,73,118,16,Friday
8792009665,2016-04-29 17:00:00,678,202,91.7364185110664,72,112,17,Friday
8792009665,2016-04-29 18:00:00,690,178,89.54401805869074,60,111,18,Friday
8792009665,2016-04-29 19:00:00,637,161,88.81379310344828,74,118,19,Friday
8792009665,2016-04-29 20:00:00,1055,213,93.21961620469084,74,120,20,Friday
8792009665,2016-04-29 21:00:00,179,105,79.47,65,106,21,Friday
8792009665,2016-04-29 23:00:00,98,89,87.59210526315789,74,100,23,Friday
8792009665,2016-04-30 00:00:00,28,85,75.70054945054945,63,112,0,Saturday
8792009665,2016-04-30 01:00:00,32,79,75.46223564954683,66,94,1,Saturday
8792009665,2016-04-30 02:00:00,0,72,72.01027397260275,63,105,2,Saturday
8792009665,2016-04-30 03:00:00,0,71,63.50840336134454,56,97,3,Saturday
8792009665,2016-04-30 04:00:00,0,71,65.93065693430657,59,71,4,Saturday
8792009665,2016-04-30 05:00:00,0,70,65.86075949367088,60,72,5,Saturday
8792009665,2016-04-30 06:00:00,0,70,65.82153846153847,57,86,6,Saturday
8792009665,2016-04-30 07:00:00,41,79,60.61878453038674,48,106,7,Saturday
8792009665,2016-04-30 08:00:00,28,78,67.88141025641026,49,94,8,Saturday
8792009665,2016-04-30 09:00:00,518,166,89.94292803970224,59,132,9,Saturday
8792009665,2016-04-30 10:00:00,329,147,89.33975903614459,78,122,10,Saturday
8792009665,2016-04-30 11:00:00,537,141,85.09547738693468,72,107,11,Saturday
8792009665,2016-04-30 12:00:00,572,149,85.0953488372093,65,113,12,Saturday
8792009665,2016-04-30 13:00:00,769,179,88.14084507042253,64,111,13,Saturday
8792009665,2016-04-30 14:00:00,506,140,85.83140877598153,70,107,14,Saturday
8792009665,2016-04-30 15:00:00,809,197,96.55357142857143,79,127,15,Saturday
8792009665,2016-04-30 16:00:00,300,134,89.175,78,115,16,Saturday
8792009665,2016-04-30 17:00:00,159,116,93.23770491803279,84,116,17,Saturday
8792009665,2016-04-30 18:00:00,620,197,97.19088937093275,69,127,18,Saturday
8792009665,2016-04-30 19:00:00,789,210,96.76433121019109,73,130,19,Saturday
8792009665,2016-04-30 20:00:00,499,135,82.4186046511628,65,103,20,Saturday
8792009665,2016-04-30 21:00:00,387,128,83.25355450236967,69,115,21,Saturday
8792009665,2016-04-30 22:00:00,47,77,73.44623655913979,64,100,22,Saturday
8792009665,2016-04-30 23:00:00,204,106,73.24421593830334,58,96,23,Saturday
8792009665,2016-05-01 00:00:00,16,75,71.6281690140845,60,99,0,Sunday
8792009665,2016-05-01 01:00:00,0,71,63.21180555555556,60,72,1,Sunday
8792009665,2016-05-01 02:00:00,0,71,64.6066066066066,54,79,2,Sunday
8792009665,2016-05-01 03:00:00,0,71,62.73501577287066,58,69,3,Sunday
8792009665,2016-05-01 04:00:00,0,71,64.57142857142857,52,86,4,Sunday
8792009665,2016-05-01 05:00:00,0,70,62.77203647416413,54,70,5,Sunday
8792009665,2016-05-01 06:00:00,0,71,64.50773993808049,50,93,6,Sunday
8792009665,2016-05-01 07:00:00,0,70,57.74447949526814,50,76,7,Sunday
8792009665,2016-05-01 08:00:00,21,75,57.561764705882354,50,112,8,Sunday
8792009665,2016-05-01 09:00:00,0,71,55.19461077844311,43,90,9,Sunday
8792009665,2016-05-01 10:00:00,80,83,67.15441176470588,58,99,10,Sunday
8792009665,2016-05-01 11:00:00,133,107,76.62347188264059,58,123,11,Sunday
8792009665,2016-05-01 12:00:00,0,74,73.11023622047244,60,84,12,Sunday
8792009665,2016-05-01 13:00:00,44,85,73.00523560209425,60,117,13,Sunday
8792009665,2016-05-01 14:00:00,257,106,78.92170818505338,49,110,14,Sunday
8792009665,2016-05-01 15:00:00,216,95,69.83042394014963,61,103,15,Sunday
8792009665,2016-05-01 16:00:00,77,82,64.91959798994975,56,87,16,Sunday
8792009665,2016-05-01 17:00:00,99,84,62.530150753768844,54,103,17,Sunday
8792009665,2016-05-01 18:00:00,306,117,80.32418952618454,55,100,18,Sunday
8792009665,2016-05-01 19:00:00,94,86,75.76041666666667,66,101,19,Sunday
8792009665,2016-05-01 20:00:00,113,89,70.62694300518135,60,99,20,Sunday
8792009665,2016-05-01 21:00:00,116,84,66.07774798927613,56,87,21,Sunday
8792009665,2016-05-01 22:00:00,0,73,66.38190954773869,58,81,22,Sunday
8792009665,2016-05-01 23:00:00,47,82,71.06005221932115,61,106,23,Sunday
8792009665,2016-05-02 00:00:00,351,131,77.72330097087378,59,119,0,Monday
8792009665,2016-05-02 01:00:00,227,98,70.3567415730337,57,107,1,Monday
8792009665,2016-05-02 02:00:00,163,94,68.61797752808988,58,119,2,Monday
8792009665,2016-05-02 03:00:00,0,70,61.26258992805755,57,68,3,Monday
8792009665,2016-05-02 04:00:00,0,71,62.559485530546624,53,76,4,Monday
8792009665,2016-05-02 05:00:00,0,70,63.11875,58,74,5,Monday
8792009665,2016-05-02 06:00:00,0,70,55.13256484149856,45,74,6,Monday
8792009665,2016-05-02 07:00:00,4,72,58.51851851851852,49,74,7,Monday
8792009665,2016-05-02 08:00:00,0,71,58.43653250773994,48,89,8,Monday
8792009665,2016-05-02 09:00:00,83,82,64.58982035928143,52,111,9,Monday
8792009665,2016-05-02 10:00:00,0,72,62.24431818181818,56,74,10,Monday
8792009665,2016-05-02 11:00:00,311,121,75.57457212713936,56,129,11,Monday
8792009665,2016-05-02 12:00:00,79,94,78.87738419618529,70,101,12,Monday
8792009665,2016-05-02 13:00:00,8,77,73.84931506849315,67,87,13,Monday
8792009665,2016-05-02 14:00:00,6,75,72.37190082644628,65,84,14,Monday
8792009665,2016-05-02 15:00:00,59,83,68.38095238095238,58,90,15,Monday
8792009665,2016-05-02 16:00:00,142,90,71.73993808049535,59,87,16,Monday
8792009665,2016-05-02 17:00:00,0,70,70.0,70,70,17,Monday
8792009665,2016-05-02 18:00:00,102,89,65.23410404624278,55,108,18,Monday
8792009665,2016-05-02 19:00:00,8,74,59.983695652173914,55,67,19,Monday
8792009665,2016-05-02 20:00:00,122,89,62.46153846153846,53,95,20,Monday
8792009665,2016-05-02 21:00:00,71,81,59.81111111111111,50,80,21,Monday
8792009665,2016-05-02 22:00:00,37,82,74.96700507614213,63,91,22,Monday
8792009665,2016-05-02 23:00:00,58,87,75.4478021978022,62,90,23,Monday
8792009665,2016-05-03 00:00:00,130,113,76.86065573770492,64,113,0,Tuesday
8792009665,2016-05-03 01:00:00,171,116,78.11568123393316,63,106,1,Tuesday
8792009665,2016-05-03 02:00:00,0,71,64.19798657718121,57,70,2,Tuesday
8792009665,2016-05-03 03:00:00,0,70,68.203007518797,59,84,3,Tuesday
8792009665,2016-05-03 04:00:00,8,72,63.5635838150289,50,111,4,Tuesday
8792009665,2016-05-03 05:00:00,0,71,65.7760736196319,56,74,5,Tuesday
8792009665,2016-05-03 06:00:00,6,72,61.1242774566474,49,97,6,Tuesday
8792009665,2016-05-03 07:00:00,0,71,58.93538461538461,45,112,7,Tuesday
8792009665,2016-05-03 08:00:00,0,71,59.3187134502924,49,84,8,Tuesday
8792009665,2016-05-03 09:00:00,22,75,57.8280701754386,48,98,9,Tuesday
8792009665,2016-05-03 10:00:00,0,71,55.89344262295082,47,78,10,Tuesday
8792009665,2016-05-03 11:00:00,623,163,80.29611650485437,48,118,11,Tuesday
8792009665,2016-05-03 12:00:00,58,92,78.97720797720798,68,96,12,Tuesday
8792009665,2016-05-03 13:00:00,0,76,74.57938718662953,64,88,13,Tuesday
8792009665,2016-05-03 14:00:00,14,80,76.04815864022663,65,85,14,Tuesday
8792009665,2016-05-03 15:00:00,312,123,81.29946524064171,67,117,15,Tuesday
8792009665,2016-05-03 16:00:00,146,114,78.78861788617886,65,119,16,Tuesday
8792009665,2016-05-03 17:00:00,266,165,88.72055427251732,64,116,17,Tuesday
8792009665,2016-05-03 18:00:00,121,114,88.27570093457943,63,111,18,Tuesday
8792009665,2016-05-03 19:00:00,336,129,87.7917737789203,79,101,19,Tuesday
8792009665,2016-05-03 20:00:00,31,92,79.21989528795811,67,95,20,Tuesday
8792009665,2016-05-03 21:00:00,68,91,78.9641873278237,60,103,21,Tuesday
8792009665,2016-05-03 22:00:00,26,91,78.77088948787062,68,93,22,Tuesday
8792009665,2016-05-03 23:00:00,83,95,77.91029023746702,65,101,23,Tuesday
8792009665,2016-05-04 00:00:00,337,134,83.01873536299766,66,114,0,Wednesday
8792009665,2016-05-04 01:00:00,55,94,79.45013477088949,66,114,1,Wednesday
8792009665,2016-05-04 02:00:00,34,82,74.03012048192771,62,97,2,Wednesday
8792009665,2016-05-04 03:00:00,0,71,73.38940809968847,61,96,3,Wednesday
8792009665,2016-05-04 04:00:00,0,71,68.71757925072046,52,92,4,Wednesday
8792009665,2016-05-04 05:00:00,0,81,76.72100313479623,55,83,5,Wednesday
8792009665,2016-05-04 06:00:00,0,72,74.54968944099379,69,93,6,Wednesday
8792009665,2016-05-04 07:00:00,0,73,71.14912280701755,55,94,7,Wednesday
8792009665,2016-05-04 08:00:00,0,72,72.86094674556213,52,92,8,Wednesday
8792009665,2016-05-04 09:00:00,31,78,70.01639344262296,51,112,9,Wednesday
8792009665,2016-05-04 10:00:00,179,94,80.3455497382199,64,93,10,Wednesday
8877689391,2016-04-12 06:00:00,209,96,81.84415584415585,70,112,6,Tuesday
8877689391,2016-04-12 07:00:00,964,169,71.9608695652174,52,107,7,Tuesday
8877689391,2016-04-12 08:00:00,834,136,61.086021505376344,47,95,8,Tuesday
8877689391,2016-04-12 09:00:00,343,110,62.07654320987654,49,117,9,Tuesday
8877689391,2016-04-12 10:00:00,656,127,62.096926713947994,49,115,10,Tuesday
8877689391,2016-04-12 11:00:00,2546,292,106.90322580645162,49,161,11,Tuesday
8877689391,2016-04-12 12:00:00,8043,730,144.00313971742543,75,164,12,Tuesday
8877689391,2016-04-12 13:00:00,321,119,70.6288888888889,61,96,13,Tuesday
8877689391,2016-04-12 14:00:00,12,84,65.34862385321101,58,73,14,Tuesday
8877689391,2016-04-12 15:00:00,1024,190,77.52422907488987,57,113,15,Tuesday
8877689391,2016-04-12 16:00:00,649,160,76.48470588235294,58,102,16,Tuesday
8877689391,2016-04-12 17:00:00,1648,236,77.66194331983806,62,103,17,Tuesday
8877689391,2016-04-12 18:00:00,3476,353,91.73283858998144,58,126,18,Tuesday
8877689391,2016-04-12 19:00:00,815,166,72.85161290322581,54,94,19,Tuesday
8877689391,2016-04-12 20:00:00,600,149,73.35176991150442,59,93,20,Tuesday
8877689391,2016-04-12 21:00:00,745,165,76.0158371040724,64,108,21,Tuesday
8877689391,2016-04-12 22:00:00,301,123,73.03857566765579,62,93,22,Tuesday
8877689391,2016-04-13 06:00:00,0,73,79.5,69,91,6,Wednesday
8877689391,2016-04-13 07:00:00,1158,177,72.36382978723404,59,95,7,Wednesday
8877689391,2016-04-13 08:00:00,549,123,62.149882903981265,53,101,8,Wednesday
8877689391,2016-04-13 09:00:00,607,123,62.082742316784866,52,104,9,Wednesday
8877689391,2016-04-13 10:00:00,945,148,64.10698689956332,52,105,10,Wednesday
8877689391,2016-04-13 11:00:00,675,134,64.53047404063206,50,98,11,Wednesday
8877689391,2016-04-13 12:00:00,3922,378,94.8562874251497,54,160,12,Wednesday
8877689391,2016-04-13 13:00:00,270,98,60.86206896551724,54,86,13,Wednesday
8877689391,2016-04-13 14:00:00,392,114,60.91705069124424,54,80,14,Wednesday
8877689391,2016-04-13 15:00:00,341,112,65.03125,53,105,15,Wednesday
8877689391,2016-04-13 16:00:00,708,144,73.11933174224343,57,109,16,Wednesday
8877689391,2016-04-13 17:00:00,1168,344,111.28127939793039,69,143,17,Wednesday
8877689391,2016-04-13 18:00:00,2978,571,126.33719433719433,80,160,18,Wednesday
8877689391,2016-04-13 19:00:00,894,176,75.67561521252796,57,124,19,Wednesday
8877689391,2016-04-13 20:00:00,395,130,71.51869158878505,57,93,20,Wednesday
8877689391,2016-04-13 21:00:00,208,114,69.07565011820331,57,97,21,Wednesday
8877689391,2016-04-13 22:00:00,127,95,66.3080808080808,57,79,22,Wednesday
8877689391,2016-04-14 06:00:00,163,90,79.4,70,85,6,Thursday
8877689391,2016-04-14 07:00:00,1061,169,71.28787878787878,57,98,7,Thursday
8877689391,2016-04-14 08:00:00,929,143,65.41855203619909,53,105,8,Thursday
8877689391,2016-04-14 09:00:00,784,139,64.42669584245077,50,97,9,Thursday
8877689391,2016-04-14 10:00:00,432,122,60.19634703196347,52,93,10,Thursday
8877689391,2016-04-14 11:00:00,608,124,66.3849765258216,52,108,11,Thursday
8877689391,2016-04-14 12:00:00,345,127,69.06060606060606,57,94,12,Thursday
8877689391,2016-04-14 13:00:00,102,97,65.6029776674938,58,81,13,Thursday
8877689391,2016-04-14 14:00:00,497,119,63.723981900452486,52,91,14,Thursday
8877689391,2016-04-14 15:00:00,1303,189,74.04366812227074,52,111,15,Thursday
8877689391,2016-04-14 16:00:00,8318,741,150.68622656886717,70,169,16,Thursday
8877689391,2016-04-14 17:00:00,2041,321,110.33705772811918,66,169,17,Thursday
8877689391,2016-04-14 18:00:00,585,149,76.38041002277905,62,103,18,Thursday
8877689391,2016-04-14 19:00:00,745,163,80.74301675977654,66,100,19,Thursday
8877689391,2016-04-14 20:00:00,1079,215,81.80855397148676,59,107,20,Thursday
8877689391,2016-04-14 21:00:00,1089,178,73.31446540880503,57,105,21,Thursday
8877689391,2016-04-14 22:00:00,908,175,74.16743119266054,58,91,22,Thursday
8877689391,2016-04-14 23:00:00,82,91,69.50526315789473,61,83,23,Thursday
8877689391,2016-04-15 06:00:00,16,76,75.91304347826087,65,82,6,Friday
8877689391,2016-04-15 07:00:00,816,158,72.67351598173516,62,95,7,Friday
8877689391,2016-04-15 08:00:00,364,106,63.52719665271967,48,97,8,Friday
8877689391,2016-04-15 09:00:00,699,134,70.25647058823529,56,108,9,Friday
8877689391,2016-04-15 10:00:00,342,119,66.33920704845815,52,88,10,Friday
8877689391,2016-04-15 11:00:00,906,158,69.48299319727892,51,99,11,Friday
8877689391,2016-04-15 12:00:00,454,127,68.93348623853211,55,95,12,Friday
8877689391,2016-04-15 13:00:00,792,145,70.3542600896861,58,113,13,Friday
8877689391,2016-04-15 14:00:00,113,102,66.34114583333333,55,97,14,Friday
8877689391,2016-04-15 15:00:00,377,111,66.38875305623472,56,99,15,Friday
8877689391,2016-04-15 16:00:00,292,109,68.09326424870466,57,102,16,Friday
8877689391,2016-04-15 17:00:00,1103,213,91.81387478849408,57,139,17,Friday
8877689391,2016-04-15 18:00:00,2251,694,134.83166109253065,102,165,18,Friday
8877689391,2016-04-15 19:00:00,1646,497,125.49223946784923,70,158,19,Friday
8877689391,2016-04-15 20:00:00,328,133,77.62049861495845,65,97,20,Friday
8877689391,2016-04-15 21:00:00,955,186,80.3440366972477,62,104,21,Friday
8877689391,2016-04-15 22:00:00,1204,235,86.22350230414746,68,105,22,Friday
8877689391,2016-04-15 23:00:00,717,179,75.72026431718062,61,94,23,Friday
8877689391,2016-04-16 00:00:00,600,143,73.35190615835778,62,101,0,Saturday
8877689391,2016-04-16 08:00:00,1145,179,73.65587044534414,58,92,8,Saturday
8877689391,2016-04-16 09:00:00,2012,273,83.90295358649789,64,107,9,Saturday
8877689391,2016-04-16 10:00:00,1210,210,76.72291666666666,57,93,10,Saturday
8877689391,2016-04-16 11:00:00,963,169,71.90697674418605,54,100,11,Saturday
8877689391,2016-04-16 12:00:00,7973,707,148.07196029776674,57,172,12,Saturday
8877689391,2016-04-16 13:00:00,2993,390,129.01512287334594,67,170,13,Saturday
8877689391,2016-04-16 14:00:00,816,189,85.42247191011236,73,102,14,Saturday
8877689391,2016-04-16 15:00:00,722,187,83.59292035398231,68,104,15,Saturday
8877689391,2016-04-16 16:00:00,1086,177,79.6964705882353,66,103,16,Saturday
8877689391,2016-04-16 17:00:00,2525,264,79.81428571428572,57,103,17,Saturday
8877689391,2016-04-16 18:00:00,1771,226,82.69915254237289,63,128,18,Saturday
8877689391,2016-04-16 19:00:00,516,144,79.61415525114155,68,90,19,Saturday
8877689391,2016-04-16 20:00:00,490,149,77.72911392405064,64,99,20,Saturday
8877689391,2016-04-16 21:00:00,877,177,77.31683168316832,67,101,21,Saturday
8877689391,2016-04-16 22:00:00,477,130,71.91421568627452,62,96,22,Saturday
8877689391,2016-04-16 23:00:00,3028,309,85.43027888446215,64,117,23,Saturday
8877689391,2016-04-17 00:00:00,2128,244,79.59528907922912,61,114,0,Sunday
8877689391,2016-04-17 01:00:00,1887,234,77.24015748031496,57,115,1,Sunday
8877689391,2016-04-17 02:00:00,1983,236,76.31632653061224,59,112,2,Sunday
8877689391,2016-04-17 03:00:00,84,89,68.45695364238411,64,81,3,Sunday
8877689391,2016-04-17 10:00:00,125,95,76.3170731707317,67,84,10,Sunday
8877689391,2016-04-17 11:00:00,938,172,72.05109489051095,55,109,11,Sunday
8877689391,2016-04-17 12:00:00,334,100,60.675,51,95,12,Sunday
8877689391,2016-04-17 13:00:00,628,123,63.81038374717833,51,106,13,Sunday
8877689391,2016-04-17 14:00:00,228,103,63.76849642004773,51,82,14,Sunday
8877689391,2016-04-17 15:00:00,218,92,60.236486486486484,53,117,15,Sunday
8877689391,2016-04-17 16:00:00,420,129,67.5805785123967,56,93,16,Sunday
8877689391,2016-04-17 17:00:00,1591,305,103.52801724137932,64,154,17,Sunday
8877689391,2016-04-17 18:00:00,2851,612,133.31218416619876,78,167,18,Sunday
8877689391,2016-04-17 19:00:00,550,158,77.74407582938389,64,88,19,Sunday
8877689391,2016-04-17 20:00:00,836,160,69.89247311827957,56,99,20,Sunday
8877689391,2016-04-17 21:00:00,317,102,71.32291666666667,64,84,21,Sunday
8877689391,2016-04-18 06:00:00,105,87,81.45454545454545,71,87,6,Monday
8877689391,2016-04-18 07:00:00,805,151,68.48165137614679,54,92,7,Monday
8877689391,2016-04-18 08:00:00,610,126,60.9875,49,97,8,Monday
8877689391,2016-04-18 09:00:00,875,141,63.32196162046908,49,103,9,Monday
8877689391,2016-04-18 10:00:00,338,107,59.164351851851855,49,102,10,Monday
8877689391,2016-04-18 11:00:00,595,112,61.604026845637584,51,101,11,Monday
8877689391,2016-04-18 12:00:00,3721,358,91.30271398747391,64,139,12,Monday
8877689391,2016-04-18 13:00:00,647,132,69.16404494382023,57,110,13,Monday
8877689391,2016-04-18 14:00:00,380,103,61.5662100456621,50,99,14,Monday
8877689391,2016-04-18 15:00:00,730,134,63.797777777777775,53,101,15,Monday
8877689391,2016-04-18 16:00:00,1087,163,65.09345794392523,48,100,16,Monday
8877689391,2016-04-18 17:00:00,234,105,59.346055979643765,51,80,17,Monday
8877689391,2016-04-18 18:00:00,147,99,63.32876712328767,52,77,18,Monday
8877689391,2016-04-18 19:00:00,689,148,69.33188720173536,54,93,19,Monday
8877689391,2016-04-18 20:00:00,177,101,63.817047817047815,55,84,20,Monday
8877689391,2016-04-18 21:00:00,269,106,67.44827586206897,56,88,21,Monday
8877689391,2016-04-19 06:00:00,480,121,81.25974025974025,61,101,6,Tuesday
8877689391,2016-04-19 07:00:00,963,164,70.82165605095541,54,106,7,Tuesday
8877689391,2016-04-19 08:00:00,230,99,59.310722100656456,51,78,8,Tuesday
8877689391,2016-04-19 09:00:00,992,155,67.52212389380531,51,128,9,Tuesday
8877689391,2016-04-19 10:00:00,527,121,61.18535469107552,53,96,10,Tuesday
8877689391,2016-04-19 11:00:00,400,122,61.27146171693735,49,84,11,Tuesday
8877689391,2016-04-19 12:00:00,2753,319,97.04208416833667,53,168,12,Tuesday
8877689391,2016-04-19 13:00:00,443,123,66.23887587822014,55,103,13,Tuesday
8877689391,2016-04-19 14:00:00,52,87,58.5452380952381,52,77,14,Tuesday
8877689391,2016-04-19 15:00:00,358,111,64.40855106888361,53,110,15,Tuesday
8877689391,2016-04-19 16:00:00,9392,886,159.248,79,178,16,Tuesday
8877689391,2016-04-19 17:00:00,496,224,87.6531100478469,67,115,17,Tuesday
8877689391,2016-04-19 18:00:00,292,125,76.30526315789474,64,90,18,Tuesday
8877689391,2016-04-19 19:00:00,593,156,76.33949191685912,62,91,19,Tuesday
8877689391,2016-04-19 20:00:00,223,118,72.72747747747748,64,90,20,Tuesday
8877689391,2016-04-19 21:00:00,474,138,72.85274725274725,61,101,21,Tuesday
8877689391,2016-04-19 22:00:00,80,90,68.51724137931035,60,83,22,Tuesday
8877689391,2016-04-20 06:00:00,146,92,72.64044943820225,60,85,6,Wednesday
8877689391,2016-04-20 07:00:00,1029,170,74.12443438914028,58,131,7,Wednesday
8877689391,2016-04-20 08:00:00,1340,168,65.70370370370371,52,97,8,Wednesday
8877689391,2016-04-20 09:00:00,202,100,64.56732891832229,55,88,9,Wednesday
8877689391,2016-04-20 10:00:00,277,106,64.29186602870813,55,99,10,Wednesday
8877689391,2016-04-20 11:00:00,905,152,67.52892561983471,52,103,11,Wednesday
8877689391,2016-04-20 12:00:00,1512,198,73.01237113402063,52,158,12,Wednesday
8877689391,2016-04-20 13:00:00,246,101,63.78815489749431,55,86,13,Wednesday
8877689391,2016-04-20 14:00:00,295,102,61.03341288782816,51,92,14,Wednesday
8877689391,2016-04-20 15:00:00,779,138,63.759009009009006,53,104,15,Wednesday
8877689391,2016-04-20 16:00:00,590,138,69.29515418502203,51,107,16,Wednesday
8877689391,2016-04-20 17:00:00,2098,247,99.68404423380727,55,160,17,Wednesday
8877689391,2016-04-20 18:00:00,8361,834,157.68794326241135,64,173,18,Wednesday
8877689391,2016-04-20 19:00:00,991,220,90.36551724137931,74,113,19,Wednesday
8877689391,2016-04-20 20:00:00,619,170,81.09669811320755,69,100,20,Wednesday
8877689391,2016-04-20 21:00:00,371,134,78.59681093394077,65,101,21,Wednesday
8877689391,2016-04-20 22:00:00,120,90,70.82222222222222,61,83,22,Wednesday
8877689391,2016-04-21 06:00:00,108,85,80.575,68,98,6,Thursday
8877689391,2016-04-21 07:00:00,692,145,69.57834101382488,55,98,7,Thursday
8877689391,2016-04-21 08:00:00,154,95,62.9070351758794,53,77,8,Thursday
8877689391,2016-04-21 09:00:00,492,124,64.8265306122449,54,96,9,Thursday
8877689391,2016-04-21 10:00:00,194,102,62.30281690140845,53,83,10,Thursday
8877689391,2016-04-21 11:00:00,494,142,68.7248322147651,55,102,11,Thursday
8877689391,2016-04-21 12:00:00,479,137,67.74660633484163,54,89,12,Thursday
8877689391,2016-04-21 13:00:00,702,148,73.73696682464455,61,137,13,Thursday
8877689391,2016-04-21 14:00:00,203,110,67.72842639593908,59,95,14,Thursday
8877689391,2016-04-21 15:00:00,5123,489,132.25280898876406,63,166,15,Thursday
8877689391,2016-04-21 16:00:00,5301,561,143.15179606025492,75,170,16,Thursday
8877689391,2016-04-21 17:00:00,1962,253,86.49163179916317,61,116,17,Thursday
8877689391,2016-04-21 18:00:00,2166,265,86.57638888888889,63,117,18,Thursday
8877689391,2016-04-21 19:00:00,436,132,72.63761467889908,62,95,19,Thursday
8877689391,2016-04-21 20:00:00,156,110,69.96190476190476,61,89,20,Thursday
8877689391,2016-04-21 21:00:00,359,128,75.3757225433526,64,98,21,Thursday
8877689391,2016-04-21 22:00:00,356,124,76.5527950310559,64,107,22,Thursday
8877689391,2016-04-22 06:00:00,259,110,78.40714285714286,70,108,6,Friday
8877689391,2016-04-22 07:00:00,927,155,69.99521531100478,52,112,7,Friday
8877689391,2016-04-22 08:00:00,963,149,64.46908315565032,51,114,8,Friday
8877689391,2016-04-22 09:00:00,369,115,64.32535885167464,52,110,9,Friday
8877689391,2016-04-22 10:00:00,309,106,64.21678321678321,54,100,10,Friday
8877689391,2016-04-22 11:00:00,345,109,64.2128712871287,53,87,11,Friday
8877689391,2016-04-22 12:00:00,220,97,62.33256880733945,52,87,12,Friday
8877689391,2016-04-22 13:00:00,336,105,63.518348623853214,52,103,13,Friday
8877689391,2016-04-22 14:00:00,393,115,64.43589743589743,51,109,14,Friday
8877689391,2016-04-22 15:00:00,814,148,65.84175824175824,51,107,15,Friday
8877689391,2016-04-22 16:00:00,713,144,68.38799076212472,47,115,16,Friday
8877689391,2016-04-22 17:00:00,914,188,76.85321100917432,59,111,17,Friday
8877689391,2016-04-22 18:00:00,7409,635,140.21583986074847,63,163,18,Friday
8877689391,2016-04-22 19:00:00,3579,382,117.21028744326777,59,151,19,Friday
8877689391,2016-04-22 20:00:00,310,128,79.24942791762014,68,96,20,Friday
8877689391,2016-04-22 21:00:00,224,115,74.6945107398568,63,96,21,Friday
8877689391,2016-04-22 22:00:00,141,102,69.50632911392405,57,91,22,Friday
8877689391,2016-04-23 07:00:00,170,96,63.5448275862069,53,114,7,Saturday
8877689391,2016-04-23 08:00:00,951,179,71.65462753950338,54,103,8,Saturday
8877689391,2016-04-23 09:00:00,928,181,74.37831325301205,55,99,9,Saturday
8877689391,2016-04-23 10:00:00,842,166,72.99763593380615,58,89,10,Saturday
8877689391,2016-04-23 11:00:00,1032,191,76.96575342465754,58,99,11,Saturday
8877689391,2016-04-23 12:00:00,940,483,122.82986360373295,73,156,12,Saturday
8877689391,2016-04-23 13:00:00,847,647,130.85691489361702,99,165,13,Saturday
8877689391,2016-04-23 14:00:00,609,228,104.46071428571429,70,145,14,Saturday
8877689391,2016-04-23 15:00:00,984,188,82.58808933002481,71,108,15,Saturday
8877689391,2016-04-23 16:00:00,294,117,69.49217002237137,56,100,16,Saturday
8877689391,2016-04-23 17:00:00,304,128,70.16166281755196,57,95,17,Saturday
8877689391,2016-04-23 18:00:00,1367,197,75.15882352941176,60,108,18,Saturday
8877689391,2016-04-23 19:00:00,705,152,72.47537473233405,55,102,19,Saturday
8877689391,2016-04-23 20:00:00,472,128,71.48373101952278,56,93,20,Saturday
8877689391,2016-04-23 21:00:00,573,130,69.22291666666666,57,95,21,Saturday
8877689391,2016-04-23 22:00:00,173,91,67.62637362637362,60,85,22,Saturday
8877689391,2016-04-24 07:00:00,84,85,69.68181818181819,57,97,7,Sunday
8877689391,2016-04-24 08:00:00,472,127,67.86713286713287,51,100,8,Sunday
8877689391,2016-04-24 09:00:00,481,137,71.51973684210526,56,93,9,Sunday
8877689391,2016-04-24 10:00:00,699,136,66.90744920993228,54,99,10,Sunday
8877689391,2016-04-24 11:00:00,261,119,67.04026845637584,57,81,11,Sunday
8877689391,2016-04-24 12:00:00,1009,190,76.46420323325636,60,101,12,Sunday
8877689391,2016-04-24 13:00:00,640,146,69.36629213483145,58,89,13,Sunday
8877689391,2016-04-24 14:00:00,232,113,68.48214285714286,59,90,14,Sunday
8877689391,2016-04-24 15:00:00,432,137,73.61573033707865,58,104,15,Sunday
8877689391,2016-04-24 16:00:00,127,91,63.26326530612245,56,79,16,Sunday
8877689391,2016-04-24 17:00:00,9062,814,156.40390879478826,58,171,17,Sunday
8877689391,2016-04-24 18:00:00,2000,308,106.95238095238095,75,167,18,Sunday
8877689391,2016-04-24 19:00:00,300,127,75.78909952606635,63,96,19,Sunday
8877689391,2016-04-24 20:00:00,352,123,72.5916114790287,64,92,20,Sunday
8877689391,2016-04-24 21:00:00,509,139,70.62412993039443,58,92,21,Sunday
8877689391,2016-04-25 06:00:00,196,111,78.00709219858156,63,113,6,Monday
8877689391,2016-04-25 07:00:00,676,137,68.89767441860465,56,91,7,Monday
8877689391,2016-04-25 08:00:00,1051,155,65.96949891067538,51,98,8,Monday
8877689391,2016-04-25 09:00:00,734,147,66.34693877551021,50,102,9,Monday
8877689391,2016-04-25 10:00:00,1058,163,69.87556561085972,53,125,10,Monday
8877689391,2016-04-25 11:00:00,545,122,63.870535714285715,49,103,11,Monday
8877689391,2016-04-25 12:00:00,3025,367,105.21739130434783,54,176,12,Monday
8877689391,2016-04-25 13:00:00,1014,175,73.45243128964059,52,153,13,Monday
8877689391,2016-04-25 14:00:00,497,112,62.308411214953274,52,102,14,Monday
8877689391,2016-04-25 15:00:00,60,88,57.18501170960187,52,70,15,Monday
8877689391,2016-04-25 16:00:00,976,156,67.41517857142857,51,107,16,Monday
8877689391,2016-04-25 17:00:00,424,134,69.43023255813954,55,92,17,Monday
8877689391,2016-04-25 18:00:00,676,587,127.51472253680635,68,152,18,Monday
8877689391,2016-04-25 19:00:00,926,440,124.96472392638037,51,163,19,Monday
8877689391,2016-04-25 20:00:00,667,165,79.48689956331877,62,98,20,Monday
8877689391,2016-04-25 21:00:00,253,118,73.4890350877193,61,88,21,Monday
8877689391,2016-04-25 22:00:00,179,110,78.47122302158273,66,97,22,Monday
8877689391,2016-04-26 06:00:00,37,81,77.9,66,95,6,Tuesday
8877689391,2016-04-26 07:00:00,644,141,68.82682926829268,59,99,7,Tuesday
8877689391,2016-04-26 08:00:00,766,139,66.1258581235698,53,100,8,Tuesday
8877689391,2016-04-26 09:00:00,411,117,62.042986425339365,49,83,9,Tuesday
8877689391,2016-04-26 10:00:00,244,102,62.172413793103445,53,96,10,Tuesday
8877689391,2016-04-26 11:00:00,1036,168,70.54318181818182,53,102,11,Tuesday
8877689391,2016-04-26 12:00:00,2310,250,77.71428571428571,52,123,12,Tuesday
8877689391,2016-04-26 13:00:00,417,121,62.845208845208845,53,92,13,Tuesday
8877689391,2016-04-26 14:00:00,284,104,59.5743073047859,50,87,14,Tuesday
8877689391,2016-04-26 15:00:00,347,112,60.27142857142857,51,87,15,Tuesday
8877689391,2016-04-26 16:00:00,741,138,68.31501057082453,53,109,16,Tuesday
8877689391,2016-04-26 17:00:00,259,108,65.84538653366583,54,85,17,Tuesday
8877689391,2016-04-26 18:00:00,841,170,72.19473684210526,54,93,18,Tuesday
8877689391,2016-04-26 19:00:00,285,107,66.68168168168168,57,116,19,Tuesday
8877689391,2016-04-26 20:00:00,1236,189,76.03167420814479,54,125,20,Tuesday
8877689391,2016-04-26 21:00:00,313,116,71.85526315789474,59,89,21,Tuesday
8877689391,2016-04-26 22:00:00,494,141,68.31262939958592,51,95,22,Tuesday
8877689391,2016-04-26 23:00:00,405,112,65.4065934065934,53,84,23,Tuesday
8877689391,2016-04-27 06:00:00,7,78,79.16129032258064,70,99,6,Wednesday
8877689391,2016-04-27 07:00:00,1986,249,81.39958158995816,56,134,7,Wednesday
8877689391,2016-04-27 08:00:00,922,145,64.74776785714286,48,104,8,Wednesday
8877689391,2016-04-27 09:00:00,66,90,60.88009592326139,51,90,9,Wednesday
8877689391,2016-04-27 10:00:00,930,158,66.85421412300683,48,116,10,Wednesday
8877689391,2016-04-27 11:00:00,1184,173,70.57787810383748,51,99,11,Wednesday
8877689391,2016-04-27 12:00:00,2859,279,81.33730158730158,53,127,12,Wednesday
8877689391,2016-04-27 13:00:00,538,126,65.26206896551724,52,116,13,Wednesday
8877689391,2016-04-27 14:00:00,400,110,62.05145413870246,53,114,14,Wednesday
8877689391,2016-04-27 15:00:00,1474,187,70.08230452674897,48,110,15,Wednesday
8877689391,2016-04-27 16:00:00,197,105,63.21641791044776,48,102,16,Wednesday
8877689391,2016-04-27 17:00:00,2667,311,107.3529411764706,46,163,17,Wednesday
8877689391,2016-04-27 18:00:00,8586,728,143.57356608478804,71,162,18,Wednesday
8877689391,2016-04-27 19:00:00,663,151,77.46954314720813,58,106,19,Wednesday
8877689391,2016-04-27 20:00:00,392,146,76.3859649122807,66,109,20,Wednesday
8877689391,2016-04-27 21:00:00,182,110,73.33707865168539,58,96,21,Wednesday
8877689391,2016-04-27 22:00:00,550,143,72.24458204334366,57,105,22,Wednesday
8877689391,2016-04-28 06:00:00,131,92,84.79661016949153,65,96,6,Thursday
8877689391,2016-04-28 07:00:00,838,154,69.27251732101617,56,96,7,Thursday
8877689391,2016-04-28 08:00:00,397,102,58.63869463869464,50,94,8,Thursday
8877689391,2016-04-28 09:00:00,299,107,58.79383886255924,51,95,9,Thursday
8877689391,2016-04-28 10:00:00,345,107,59.16279069767442,47,91,10,Thursday
8877689391,2016-04-28 11:00:00,256,104,60.7073732718894,48,96,11,Thursday
8877689391,2016-04-28 12:00:00,4092,384,92.9089108910891,54,153,12,Thursday
8877689391,2016-04-28 13:00:00,41,84,58.105386416861826,51,71,13,Thursday
8877689391,2016-04-28 14:00:00,758,130,61.65296803652968,51,97,14,Thursday
8877689391,2016-04-28 15:00:00,963,157,64.6837416481069,52,97,15,Thursday
8877689391,2016-04-28 16:00:00,799,157,69.2654462242563,52,113,16,Thursday
8877689391,2016-04-28 17:00:00,887,159,67.01216545012166,48,90,17,Thursday
8877689391,2016-04-28 18:00:00,1921,235,75.57894736842105,47,110,18,Thursday
8877689391,2016-04-28 19:00:00,2123,235,73.1694214876033,52,111,19,Thursday
8877689391,2016-04-28 20:00:00,311,111,61.26376146788991,52,87,20,Thursday
8877689391,2016-04-28 21:00:00,516,134,65.39379474940334,53,90,21,Thursday
8877689391,2016-04-28 22:00:00,208,95,63.70558375634518,55,92,22,Thursday
8877689391,2016-04-29 06:00:00,174,85,78.9090909090909,67,96,6,Friday
8877689391,2016-04-29 07:00:00,818,155,66.38747099767981,55,101,7,Friday
8877689391,2016-04-29 08:00:00,508,121,59.68,52,78,8,Friday
8877689391,2016-04-29 09:00:00,385,113,60.13215859030837,49,115,9,Friday
8877689391,2016-04-29 10:00:00,414,112,59.53712871287129,51,86,10,Friday
8877689391,2016-04-29 11:00:00,886,137,62.785714285714285,53,95,11,Friday
8877689391,2016-04-29 12:00:00,1940,235,76.73560767590618,47,131,12,Friday
8877689391,2016-04-29 13:00:00,546,121,62.702947845804985,52,99,13,Friday
8877689391,2016-04-29 14:00:00,185,102,60.74821852731591,52,85,14,Friday
8877689391,2016-04-29 15:00:00,225,112,60.1571072319202,50,87,15,Friday
8877689391,2016-04-29 16:00:00,575,119,60.73182957393484,48,99,16,Friday
8877689391,2016-04-29 17:00:00,225,106,62.53431372549019,49,83,17,Friday
8877689391,2016-04-29 18:00:00,898,162,71.02184466019418,50,124,18,Friday
8877689391,2016-04-29 19:00:00,647,138,69.40686274509804,59,124,19,Friday
8877689391,2016-04-29 20:00:00,221,111,64.32425742574257,56,121,20,Friday
8877689391,2016-04-29 21:00:00,715,133,66.07785888077859,57,98,21,Friday
8877689391,2016-04-29 22:00:00,238,108,65.61731207289294,54,83,22,Friday
8877689391,2016-04-29 23:00:00,100,86,65.80434782608695,60,77,23,Friday
8877689391,2016-04-30 07:00:00,150,95,78.11111111111111,65,88,7,Saturday
8877689391,2016-04-30 08:00:00,157,98,62.321100917431195,49,76,8,Saturday
8877689391,2016-04-30 09:00:00,635,130,61.389978213507625,50,90,9,Saturday
8877689391,2016-04-30 10:00:00,903,161,65.21041214750542,49,99,10,Saturday
8877689391,2016-04-30 11:00:00,1369,212,75.29046563192905,59,118,11,Saturday
8877689391,2016-04-30 12:00:00,913,180,72.60714285714286,52,102,12,Saturday
8877689391,2016-04-30 13:00:00,6745,627,143.35838150289018,66,167,13,Saturday
8877689391,2016-04-30 14:00:00,10554,948,160.00282286520817,149,170,14,Saturday
8877689391,2016-04-30 15:00:00,4524,506,137.37605633802818,63,169,15,Saturday
8877689391,2016-04-30 16:00:00,0,101,81.80528846153847,72,91,16,Saturday
8877689391,2016-04-30 17:00:00,284,137,80.51742627345844,62,91,17,Saturday
8877689391,2016-04-30 18:00:00,417,141,77.99768518518519,54,94,18,Saturday
8877689391,2016-04-30 19:00:00,197,118,74.93765586034912,66,94,19,Saturday
8877689391,2016-04-30 20:00:00,269,126,70.04774535809018,60,83,20,Saturday
8877689391,2016-04-30 21:00:00,368,122,69.44222222222223,58,81,21,Saturday
8877689391,2016-04-30 22:00:00,225,102,66.43137254901961,58,85,22,Saturday
8877689391,2016-05-01 08:00:00,487,111,92.7,64,145,8,Sunday
8877689391,2016-05-01 09:00:00,2525,265,79.93650793650794,55,127,9,Sunday
8877689391,2016-05-01 10:00:00,2079,225,75.60587002096436,57,117,10,Sunday
8877689391,2016-05-01 11:00:00,657,151,70.07692307692308,54,89,11,Sunday
8877689391,2016-05-01 12:00:00,395,114,67.78260869565217,55,109,12,Sunday
8877689391,2016-05-01 13:00:00,405,130,71.80972515856237,57,92,13,Sunday
8877689391,2016-05-01 14:00:00,105,91,60.030092592592595,49,75,14,Sunday
8877689391,2016-05-01 15:00:00,345,105,61.495726495726494,48,92,15,Sunday
8877689391,2016-05-01 16:00:00,720,154,69.59645232815964,52,94,16,Sunday
8877689391,2016-05-01 17:00:00,547,131,70.43333333333334,59,93,17,Sunday
8877689391,2016-05-01 18:00:00,1004,177,77.97945205479452,62,108,18,Sunday
8877689391,2016-05-01 19:00:00,259,116,69.43191489361702,60,113,19,Sunday
8877689391,2016-05-01 20:00:00,1165,179,73.08154506437768,56,108,20,Sunday
8877689391,2016-05-01 21:00:00,197,101,65.27027027027027,55,87,21,Sunday
8877689391,2016-05-02 06:00:00,40,81,81.04761904761905,70,100,6,Monday
8877689391,2016-05-02 07:00:00,952,164,68.85526315789474,57,86,7,Monday
8877689391,2016-05-02 08:00:00,550,117,62.14004376367615,51,97,8,Monday
8877689391,2016-05-02 09:00:00,1219,164,63.7066974595843,52,100,9,Monday
8877689391,2016-05-02 10:00:00,864,140,64.22505307855626,53,108,10,Monday
8877689391,2016-05-02 11:00:00,498,113,60.96055684454756,47,92,11,Monday
8877689391,2016-05-02 12:00:00,72,84,62.318518518518516,56,81,12,Monday
8877689391,2016-05-02 19:00:00,256,98,76.26470588235294,66,90,19,Monday
8877689391,2016-05-02 20:00:00,224,118,73.1839378238342,64,91,20,Monday
8877689391,2016-05-02 21:00:00,24,80,73.0,70,77,21,Monday
8877689391,2016-05-03 06:00:00,178,91,83.57894736842105,69,102,6,Tuesday
8877689391,2016-05-03 07:00:00,629,142,71.73542600896862,56,110,7,Tuesday
8877689391,2016-05-03 08:00:00,443,119,65.28077753779698,55,98,8,Tuesday
8877689391,2016-05-03 09:00:00,361,124,67.69086651053864,54,118,9,Tuesday
8877689391,2016-05-03 10:00:00,545,117,62.9656652360515,50,108,10,Tuesday
8877689391,2016-05-03 11:00:00,789,141,67.98598130841121,53,150,11,Tuesday
8877689391,2016-05-03 12:00:00,1322,191,76.32754880694144,55,132,12,Tuesday
8877689391,2016-05-03 13:00:00,306,117,62.766439909297056,54,78,13,Tuesday
8877689391,2016-05-03 14:00:00,8,81,60.49753694581281,54,74,14,Tuesday
8877689391,2016-05-03 15:00:00,925,143,64.09153318077803,49,107,15,Tuesday
8877689391,2016-05-03 16:00:00,283,102,59.89702517162471,51,85,16,Tuesday
8877689391,2016-05-03 17:00:00,422,134,69.2576112412178,51,112,17,Tuesday
8877689391,2016-05-03 18:00:00,476,131,65.37352245862884,54,101,18,Tuesday
8877689391,2016-05-03 19:00:00,1074,170,70.62863070539419,48,101,19,Tuesday
8877689391,2016-05-03 20:00:00,618,138,65.93736501079914,54,96,20,Tuesday
8877689391,2016-05-03 21:00:00,1166,173,68.028,53,102,21,Tuesday
8877689391,2016-05-03 22:00:00,1246,188,79.98644986449864,57,128,22,Tuesday
8877689391,2016-05-04 06:00:00,231,101,78.56435643564356,65,122,6,Wednesday
8877689391,2016-05-04 07:00:00,232,116,71.4,61,93,7,Wednesday
8877689391,2016-05-04 08:00:00,883,144,67.55348837209303,57,95,8,Wednesday
8877689391,2016-05-04 09:00:00,692,144,69.69533169533169,61,94,9,Wednesday
8877689391,2016-05-04 10:00:00,840,152,69.68280871670702,59,91,10,Wednesday
8877689391,2016-05-04 11:00:00,249,113,70.72592592592592,58,84,11,Wednesday
8877689391,2016-05-04 12:00:00,270,122,69.57348703170028,61,84,12,Wednesday
8877689391,2016-05-04 13:00:00,136,111,67.09135802469136,60,78,13,Wednesday
8877689391,2016-05-04 14:00:00,400,138,67.26804123711341,57,79,14,Wednesday
8877689391,2016-05-04 15:00:00,134,98,63.78142076502732,56,81,15,Wednesday
8877689391,2016-05-04 16:00:00,2253,260,100.33670033670033,58,160,16,Wednesday
8877689391,2016-05-04 17:00:00,8741,789,146.8641141141141,76,168,17,Wednesday
8877689391,2016-05-04 18:00:00,797,156,83.25153374233129,68,112,18,Wednesday
8877689391,2016-05-04 19:00:00,1661,213,82.71138211382114,65,103,19,Wednesday
8877689391,2016-05-04 20:00:00,276,119,80.17731958762887,70,94,20,Wednesday
8877689391,2016-05-04 21:00:00,370,112,71.50526315789473,62,105,21,Wednesday
8877689391,2016-05-05 07:00:00,453,120,74.12109375,59,97,7,Thursday
8877689391,2016-05-05 08:00:00,390,119,67.17788461538461,54,87,8,Thursday
8877689391,2016-05-05 09:00:00,1022,175,71.27740492170022,53,105,9,Thursday
8877689391,2016-05-05 10:00:00,4870,398,89.82830188679246,60,127,10,Thursday
8877689391,2016-05-05 11:00:00,1948,237,77.51116071428571,54,142,11,Thursday
8877689391,2016-05-05 12:00:00,1747,222,78.41774891774892,58,121,12,Thursday
8877689391,2016-05-05 13:00:00,76,102,65.15980629539952,56,78,13,Thursday
8877689391,2016-05-05 14:00:00,310,121,67.60925449871465,57,93,14,Thursday
8877689391,2016-05-05 15:00:00,1182,170,75.6376811594203,61,110,15,Thursday
8877689391,2016-05-05 16:00:00,403,130,73.58908045977012,65,91,16,Thursday
8877689391,2016-05-05 17:00:00,131,109,72.37758112094396,64,84,17,Thursday
8877689391,2016-05-05 18:00:00,728,157,77.05109489051095,61,121,18,Thursday
8877689391,2016-05-05 19:00:00,309,116,69.2520325203252,56,107,19,Thursday
8877689391,2016-05-05 20:00:00,154,101,65.07552083333333,56,81,20,Thursday
8877689391,2016-05-05 21:00:00,243,106,63.40898345153664,53,91,21,Thursday
8877689391,2016-05-05 22:00:00,89,83,64.23255813953489,55,76,22,Thursday
8877689391,2016-05-06 06:00:00,137,90,80.77941176470588,66,96,6,Friday
8877689391,2016-05-06 07:00:00,937,173,76.40416666666667,59,108,7,Friday
8877689391,2016-05-06 08:00:00,929,158,70.1525054466231,52,111,8,Friday
8877689391,2016-05-06 09:00:00,524,130,67.5939675174014,51,116,9,Friday
8877689391,2016-05-06 10:00:00,291,104,61.443127962085306,53,89,10,Friday
8877689391,2016-05-06 11:00:00,786,155,69.13394919168591,47,118,11,Friday
8877689391,2016-05-06 12:00:00,1488,247,82.17006802721089,53,122,12,Friday
8877689391,2016-05-06 13:00:00,526,135,72.05109489051095,54,101,13,Friday
8877689391,2016-05-06 14:00:00,9769,843,151.3512767425811,93,177,14,Friday
8877689391,2016-05-06 15:00:00,588,253,93.2874109263658,66,128,15,Friday
8877689391,2016-05-06 16:00:00,3458,376,101.47311827956989,76,129,16,Friday
8877689391,2016-05-06 17:00:00,774,202,91.80048661800487,74,110,17,Friday
8877689391,2016-05-06 18:00:00,534,177,86.34368070953437,72,104,18,Friday
8877689391,2016-05-06 19:00:00,367,128,88.31111111111112,65,104,19,Friday
8877689391,2016-05-06 20:00:00,96,103,78.44547563805105,70,94,20,Friday
8877689391,2016-05-06 21:00:00,225,117,75.85150812064965,65,96,21,Friday
8877689391,2016-05-06 22:00:00,193,101,74.32188841201717,69,94,22,Friday
8877689391,2016-05-07 08:00:00,1042,165,78.63859649122807,58,93,8,Saturday
8877689391,2016-05-07 09:00:00,1427,233,80.74213836477988,57,105,9,Saturday
8877689391,2016-05-07 10:00:00,1311,217,79.3283261802575,56,104,10,Saturday
8877689391,2016-05-07 11:00:00,571,142,72.37820512820512,58,93,11,Saturday
8877689391,2016-05-07 12:00:00,1165,602,138.34195402298852,74,166,12,Saturday
8877689391,2016-05-07 13:00:00,869,705,137.3320895522388,109,164,13,Saturday
8877689391,2016-05-07 14:00:00,698,184,88.10483870967742,70,134,14,Saturday
8877689391,2016-05-07 15:00:00,916,180,82.35545023696683,70,104,15,Saturday
8877689391,2016-05-07 16:00:00,72,100,73.9933628318584,56,89,16,Saturday
8877689391,2016-05-07 17:00:00,740,151,75.0187891440501,59,113,17,Saturday
8877689391,2016-05-07 18:00:00,908,187,76.26116071428571,62,102,18,Saturday
8877689391,2016-05-07 19:00:00,321,145,79.84543325526933,69,97,19,Saturday
8877689391,2016-05-07 20:00:00,713,166,78.80561555075595,65,104,20,Saturday
8877689391,2016-05-07 21:00:00,250,119,78.20666666666666,66,96,21,Saturday
8877689391,2016-05-07 22:00:00,1209,172,88.98648648648648,64,121,22,Saturday
8877689391,2016-05-08 07:00:00,419,124,80.99358974358974,63,101,7,Sunday
8877689391,2016-05-08 08:00:00,657,141,71.95899772209567,60,103,8,Sunday
8877689391,2016-05-08 09:00:00,385,121,67.6798245614035,55,87,9,Sunday
8877689391,2016-05-08 10:00:00,128,105,64.97374179431073,54,74,10,Sunday
8877689391,2016-05-08 11:00:00,916,150,68.7590618336887,55,110,11,Sunday
8877689391,2016-05-08 12:00:00,663,142,70.29665071770334,57,109,12,Sunday
8877689391,2016-05-08 13:00:00,370,128,68.69094922737307,56,89,13,Sunday
8877689391,2016-05-08 14:00:00,317,113,73.1198347107438,64,101,14,Sunday
8877689391,2016-05-08 15:00:00,1024,181,76.56716417910448,62,112,15,Sunday
8877689391,2016-05-08 16:00:00,460,130,73.93896713615024,61,95,16,Sunday
8877689391,2016-05-08 17:00:00,1269,201,80.8409090909091,59,137,17,Sunday
8877689391,2016-05-08 18:00:00,1220,168,73.06553911205074,56,131,18,Sunday
8877689391,2016-05-08 19:00:00,243,116,68.20253164556962,58,84,19,Sunday
8877689391,2016-05-08 20:00:00,296,105,68.31308411214954,58,101,20,Sunday
8877689391,2016-05-08 21:00:00,2298,258,86.73989898989899,62,124,21,Sunday
8877689391,2016-05-09 06:00:00,582,132,88.14598540145985,68,124,6,Monday
8877689391,2016-05-09 07:00:00,773,145,71.01199040767386,58,96,7,Monday
8877689391,2016-05-09 08:00:00,830,149,65.15184381778742,52,96,8,Monday
8877689391,2016-05-09 09:00:00,496,116,63.80788177339902,51,113,9,Monday
8877689391,2016-05-09 10:00:00,537,118,64.02466367713005,51,91,10,Monday
8877689391,2016-05-09 11:00:00,1638,211,76.37319587628866,53,113,11,Monday
8877689391,2016-05-09 12:00:00,1892,215,79.38383838383838,55,136,12,Monday
8877689391,2016-05-09 13:00:00,503,120,67.61725663716814,54,109,13,Monday
8877689391,2016-05-09 14:00:00,739,134,68.14678899082568,55,97,14,Monday
8877689391,2016-05-09 15:00:00,821,143,71.01805869074492,55,105,15,Monday
8877689391,2016-05-09 16:00:00,7278,669,148.10036496350364,70,173,16,Monday
8877689391,2016-05-09 17:00:00,2793,403,134.3072,77,176,17,Monday
8877689391,2016-05-09 18:00:00,409,142,84.82776349614396,66,98,18,Monday
8877689391,2016-05-09 19:00:00,270,148,86.61336515513126,75,111,19,Monday
8877689391,2016-05-09 20:00:00,134,120,83.37220843672456,73,101,20,Monday
8877689391,2016-05-09 21:00:00,352,128,76.43809523809524,64,93,21,Monday
8877689391,2016-05-09 22:00:00,109,91,81.0609756097561,68,88,22,Monday
8877689391,2016-05-10 06:00:00,44,80,79.62162162162163,70,87,6,Tuesday
8877689391,2016-05-10 07:00:00,1030,167,72.13755458515284,59,90,7,Tuesday
8877689391,2016-05-10 08:00:00,614,126,67.49213483146067,53,105,8,Tuesday
8877689391,2016-05-10 09:00:00,542,116,65.30864197530865,50,99,9,Tuesday
8877689391,2016-05-10 10:00:00,1014,165,74.06911447084234,58,131,10,Tuesday
8877689391,2016-05-10 11:00:00,567,132,68.35523114355232,57,103,11,Tuesday
8877689391,2016-05-10 12:00:00,2508,279,86.00435729847494,55,141,12,Tuesday
8877689391,2016-05-10 13:00:00,578,116,66.2234762979684,56,102,13,Tuesday
8877689391,2016-05-10 14:00:00,105,88,63.45727482678984,53,87,14,Tuesday
8877689391,2016-05-10 15:00:00,707,132,62.75524475524475,53,95,15,Tuesday
8877689391,2016-05-10 16:00:00,463,125,70.004914004914,54,91,16,Tuesday
8877689391,2016-05-10 17:00:00,564,149,72.61139896373057,63,88,17,Tuesday
8877689391,2016-05-10 18:00:00,460,151,72.65753424657534,57,99,18,Tuesday
8877689391,2016-05-10 19:00:00,182,104,70.34074074074074,60,80,19,Tuesday
8877689391,2016-05-10 20:00:00,963,193,83.34261241970022,61,141,20,Tuesday
8877689391,2016-05-10 21:00:00,352,119,78.87336244541484,64,112,21,Tuesday
8877689391,2016-05-11 06:00:00,37,79,77.12,63,85,6,Wednesday
8877689391,2016-05-11 07:00:00,422,115,69.1941309255079,57,95,7,Wednesday
8877689391,2016-05-11 08:00:00,938,146,66.79961832061069,53,105,8,Wednesday
8877689391,2016-05-11 09:00:00,338,113,67.2247191011236,53,102,9,Wednesday
8877689391,2016-05-11 10:00:00,295,107,64.63963963963964,55,85,10,Wednesday
8877689391,2016-05-11 11:00:00,974,168,72.22374429223744,50,104,11,Wednesday
8877689391,2016-05-11 12:00:00,3929,402,103.73831775700934,58,169,12,Wednesday
8877689391,2016-05-11 13:00:00,481,120,64.06293706293707,52,114,13,Wednesday
8877689391,2016-05-11 14:00:00,37,82,57.51776649746193,53,73,14,Wednesday
8877689391,2016-05-11 15:00:00,416,108,61.43990384615385,48,98,15,Wednesday
8877689391,2016-05-11 16:00:00,2869,310,110.47698744769875,50,163,16,Wednesday
8877689391,2016-05-11 17:00:00,8357,835,161.50727272727272,90,180,17,Wednesday
8877689391,2016-05-11 18:00:00,920,197,85.59808612440192,65,108,18,Wednesday
8877689391,2016-05-11 19:00:00,408,144,83.68181818181819,72,102,19,Wednesday
8877689391,2016-05-11 20:00:00,633,174,80.31130063965885,69,101,20,Wednesday
8877689391,2016-05-11 21:00:00,228,123,74.81165919282512,66,90,21,Wednesday
8877689391,2016-05-11 22:00:00,109,93,69.12173913043478,59,83,22,Wednesday
8877689391,2016-05-12 06:00:00,254,107,88.6,68,99,6,Thursday
8877689391,2016-05-12 07:00:00,574,148,74.83870967741936,60,95,7,Thursday
8877689391,2016-05-12 08:00:00,765,137,65.86175115207374,53,103,8,Thursday
8877689391,2016-05-12 09:00:00,164,88,63.48373101952278,56,101,9,Thursday
8877689391,2016-05-12 10:00:00,514,126,68.73350253807106,58,119,10,Thursday
8877689391,2016-05-12 11:00:00,1407,192,72.03010752688172,54,102,11,Thursday
8877689391,2016-05-12 12:00:00,3135,321,87.61471861471861,60,122,12,Thursday
8877689391,2016-05-12 13:00:00,307,101,64.73770491803279,54,99,13,Thursday
8877689391,2016-05-12 14:00:00,457,113,64.61702127659575,53,115,14,Thursday
